# Aspose.3D Wavefront OBJ Exporter
# Copyright 2004-2025 Aspose Pty Ltd.
# File created: 03/21/2025 18:50:38

mtllib material.lib
g root_01

#
# object root_01
#

v 11.929681 -21.769657 -18.48771
v 11.174048 -27.720531 -17.763132
v 12.39036 -22.49153 -15.289034
v 10.551135 -27.768118 -20.733149
v 5.5357203 63.442806 -71.60374
v -7.4897755E-16 55.51028 -70.16296
v 3.1729407 67.924866 -72.67799
v 7.672831 61.784267 -71.90852
v 5.7571564 63.506653 -72.19406
v 7.547202 61.68088 -71.64973
v 3.264315 67.50546 -73.16105
v 10.234834 59.33231 -72.05302
v -8.0024756E-16 68.45634 -74.96514
v -7.791339E-16 68.69038 -72.98644
v 17.987474 32.0979 -15.076344
v 19.345964 28.064089 -14.062289
v 19.863733 27.666119 -16.921083
v 21.034191 -24.109207 -15.768905
v 20.379374 -28.281172 -14.930481
v 20.689487 -28.512617 -17.916094
v 18.416979 32.000416 -18.958637
v 8.630577 27.791582 -16.676308
v 9.1564455 33.0968 -18.665504
v 8.509598 27.90061 -19.345638
v 8.652376 28.100447 -13.963796
v 9.276515 33.039303 -14.840229
v 20.21463 27.349571 -19.73268
v 11.4913 -27.56756 -14.7732935
v 21.830557 -23.192863 -19.562948
v 21.44481 -28.105837 -21.391455
v -11.929681 -21.769657 -18.48771
v -12.39036 -22.49153 -15.289034
v -11.174048 -27.720531 -17.763132
v -10.551135 -27.768118 -20.733149
v -5.5357203 63.44285 -71.71374
v -3.1729407 67.92491 -72.787994
v -7.672831 61.784267 -71.90852
v -5.7571564 63.506546 -71.920845
v -7.547202 61.68088 -71.64973
v -3.264315 67.505356 -72.88783
v -10.234834 59.33231 -72.05302
v -17.987474 32.0979 -15.076344
v -19.863733 27.666119 -16.921083
v -19.345964 28.064089 -14.062289
v -21.034191 -24.109207 -15.768905
v -20.689487 -28.512617 -17.916094
v -20.379374 -28.281172 -14.930481
v -18.416979 32.000416 -18.958637
v -8.630577 27.791582 -16.676308
v -8.509598 27.90061 -19.345638
v -9.1564455 33.0968 -18.665504
v -9.276515 33.039303 -14.840229
v -8.652376 28.100447 -13.963796
v -20.21463 27.349571 -19.73268
v -11.4913 -27.56756 -14.7732935
v -21.830557 -23.192863 -19.562948
v -21.44481 -28.105837 -21.391455
v 22.453861 -5.9498224 -41.594654
v 21.779106 2.832098 -41.455887
v 20.40504 2.6233218 -30.442505
v 19.927212 -4.492133 -30.581526
v 10.344591 8.528757 -62.831406
v 14.746502 9.784679 -57.297203
v 15.609785 2.3515859 -57.33338
v 10.081235 2.1839635 -62.826904
v 5.1673155 -7.1501484 -66.38775
v -7.276923E-16 -6.8473234 -68.18048
v -7.174335E-16 2.207393 -67.21731
v 4.883065 2.075332 -65.42099
v 21.532331 11.545215 -41.532658
v 20.17038 10.705803 -30.998318
v 19.846817 14.902413 -32.55452
v 14.613178 16.049593 -28.268915
v 14.352175 11.339395 -26.31578
v 6.046384 12.8323145 -23.643652
v 4.645891 22.053865 -24.52256
v -2.5402068E-16 22.73129 -23.784866
v -2.3527965E-16 13.215264 -22.030432
v 18.582163 30.076918 -48.273228
v 19.893824 30.45167 -41.694305
v 20.711624 21.913338 -41.767693
v 18.57427 20.889492 -50.046574
v 7.845381 27.7258 -26.439823
v 8.2389145 33.46683 -29.12227
v 8.2739 33.464085 -31.256348
v 7.728495 27.828531 -28.04084
v 4.5349684 28.525248 -28.152632
v -3.017649E-16 29.211054 -28.257906
v 13.058042 35.731243 -46.36385
v 13.38327 34.668137 -39.136005
v 7.2146807 -28.189917 -26.886305
v 8.257633 -18.965042 -23.56875
v 6.05546 -17.783752 -24.191435
v 5.4274683 -29.01892 -27.414228
v 6.3793707 37.626076 -44.883762
v 6.806689 35.558838 -36.491108
v -3.7617882E-16 35.824265 -35.230255
v 8.739794 29.260633 -5.69493
v 9.027758 32.686356 -5.582144
v 19.38562 23.601255 -16.702702
v 19.644308 22.947401 -19.482107
v 13.942614 33.412548 -30.058538
v 20.217438 31.15012 -30.951973
v 20.083908 30.639114 -33.33584
v 13.911571 33.153877 -32.331093
v 16.918083 -21.71956 -15.574518
v 16.504148 -23.421625 -7.2271047
v 19.907482 -25.212938 -7.2717214
v 14.637089 20.644976 -19.22263
v 14.541915 21.71157 -16.574112
v 9.546268 22.993929 -16.506748
v 9.473971 22.402664 -19.002365
v 8.189342 29.70669 -2.8552966
v 8.648016 30.287771 -0.02811415
v 8.845973 32.525 -0.053636845
v 8.402241 32.52549 -2.8366485
v 16.45081 -16.826208 -1.9929595
v 19.10703 -18.72102 -1.9606462
v 18.95518 -18.9535 -4.0584955
v 16.409225 -17.170359 -4.068383
v 15.482845 -35.448833 -22.01336
v 15.412242 -34.70227 -18.02437
v 11.246386 -33.57811 -18.252306
v 10.365692 -34.556023 -21.9234
v 18.880222 24.176737 -13.990479
v 13.482779 33.11588 -14.974634
v 13.009502 33.365414 -5.967325
v 16.906147 32.049053 -5.371875
v 14.295119 22.384447 -13.90069
v 9.6441 23.48513 -13.905938
v 19.377495 -32.30426 -15.080035
v 19.578096 -32.745605 -18.147762
v 12.93237 -21.341326 -2.7627618
v 13.669705 -17.661097 -1.9939691
v 13.863273 -18.055244 -4.079319
v 13.178021 -21.267393 -5.6303263
v 15.444034 -34.01416 -14.938752
v 11.510572 -32.879097 -15.090628
v 12.361247 -27.82623 -7.0271893
v 13.100815 -23.806686 -7.1809745
v 4.641458 -39.242138 -38.445267
v 4.1041374 -39.510616 -43.58737
v 10.722018 -38.952778 -47.153748
v 11.989017 -39.1179 -41.68205
v 15.189094 45.645336 -95.141106
v 14.908028 51.041595 -93.09186
v 18.540028 50.34955 -89.06762
v 19.937542 44.93005 -90.71365
v 4.332053 -35.246506 -64.633415
v 3.1134942 -40.707134 -61.544743
v -6.679764E-16 -41.241325 -62.591003
v -7.0144334E-16 -35.055553 -65.72612
v 6.2778373 -44.349 -51.123417
v 5.396657 -52.223705 -50.143707
v 7.336815 -52.602375 -54.70845
v 7.180976 -44.691883 -55.470356
v 3.3181746 -44.12328 -48.632153
v 2.700051 -51.89298 -48.56239
v 3.2161827 -58.544224 -60.09512
v -6.472514E-16 -58.26728 -60.652122
v -6.5160413E-16 -52.041565 -61.058815
v 3.151813 -52.172092 -60.52634
v 5.2065806 -58.739094 -49.760445
v 5.0985765 -65.25138 -49.300323
v 7.4022164 -65.837074 -53.29218
v 7.3640776 -59.219677 -53.99964
v 2.6413121 -58.38567 -48.23486
v 2.6396322 -64.87109 -47.78208
v 6.1162333 -58.882305 -57.786705
v 6.0476 -52.31924 -58.49295
v 3.1881976 -73.38204 -58.38165
v -0.019868601 -72.95865 -59.072727
v -6.426191E-16 -64.491234 -60.21924
v 3.2542436 -64.912575 -59.60845
v 5.236288 -73.83705 -48.28292
v 5.386344 -81.823395 -47.31783
v 7.2420006 -82.05242 -51.36032
v 7.3293266 -74.237366 -52.289917
v 2.7950716 -73.42162 -46.95797
v 2.98752 -81.36143 -46.06878
v 5.984718 -73.86413 -55.905025
v 6.120262 -65.44061 -57.03454
v 2.935079 -88.03615 -56.188908
v -0.09023307 -88.106575 -56.919807
v -6.18192E-16 -80.82264 -57.933273
v 3.1186395 -81.25396 -57.21476
v 15.536085 25.459724 -91.72152
v 9.789772 23.968954 -95.28077
v 10.00455 30.23134 -99.59509
v 13.81539 27.938711 -96.29498
v 13.305419 31.173145 -105.451004
v 17.190317 30.158676 -104.22373
v 15.108118 29.314352 -99.44505
v 11.3257675 31.020687 -101.95213
v 3.3255892 35.25686 -102.4247
v 4.0465817 30.744198 -101.315346
v -1.0840076E-15 30.709076 -101.56493
v -1.0951873E-15 35.232815 -102.61175
v 16.923075 23.938154 -85.402306
v 17.667593 22.841711 -80.0456
v 11.242949 19.162893 -80.66001
v 11.182391 20.222078 -88.326004
v 5.507818 19.097279 -90.76815
v 5.543505 17.785492 -80.9158
v -8.60768E-16 16.890345 -80.646904
v -9.746585E-16 18.761972 -91.3197
v 17.35445 23.768898 -72.93488
v 12.767383 21.803383 -70.11447
v 6.253365 18.908699 -71.967545
v -7.741502E-16 18.278881 -72.529305
v -9.301535E-16 63.24388 -87.140205
v -8.8636217E-16 66.861565 -83.03562
v 4.1840873 66.119965 -82.37488
v 2.9927263 62.674587 -86.96897
v 15.677022 29.667147 -61.33671
v 12.523851 20.963453 -67.635704
v 15.415557 29.767433 -65.05127
v 21.302458 42.581615 -65.10761
v 19.048859 48.178593 -64.5155
v 15.039309 48.551426 -63.258736
v 16.936237 40.70469 -63.186687
v 20.12704 53.256607 -72.825966
v 18.733747 55.20865 -77.57244
v 14.676627 59.14409 -74.180275
v 15.2802725 57.85645 -71.79936
v 20.913273 19.466898 -30.672626
v 15.024729 17.812504 -28.682068
v 13.408791 56.704624 -89.95343
v 17.087452 55.592213 -85.85995
v 4.2905946 45.93356 -99.98177
v -1.0736163E-15 46.106472 -100.5881
v -1.0425243E-15 52.6761 -97.67304
v 4.749345 52.3371 -97.25152
v 20.843811 28.070454 -83.782684
v 23.985453 33.06324 -83.02369
v 24.860435 32.831367 -79.52916
v 21.89113 27.579477 -79.53067
v 25.780704 43.373898 -73.74668
v 23.426096 48.678055 -73.319336
v 22.292923 48.12708 -68.13436
v 24.428051 43.119717 -68.489235
v 18.923315 52.384655 -68.60724
v 21.977016 31.667505 -68.82169
v 25.706087 34.213017 -70.281235
v 26.02268 38.087894 -69.07149
v 22.441582 37.332565 -66.19697
v 21.676846 27.228373 -73.656235
v 25.447823 32.46545 -74.40613
v 25.144703 43.59701 -78.54666
v 22.640507 49.14849 -77.998116
v 24.121752 43.89287 -81.97901
v 25.899393 39.19121 -79.06451
v 25.060354 39.2508 -82.54432
v 15.944231 -27.972967 0.012423635
v 16.356134 -24.575146 0.013759083
v 13.66811 -24.100796 0.013945502
v 13.173238 -27.57329 0.012580702
v 6.3889694 -3.8492882 -23.536806
v 14.281922 -3.8760557 -26.001919
v 14.163628 2.6817029 -25.817879
v 6.323163 3.0733519 -23.416399
v 19.621855 -28.237526 -3.532447
v 18.889614 -31.600964 -3.461759
v 18.827415 -31.772165 -7.120354
v 19.528994 -28.324656 -7.195972
v 15.578458 -32.300335 -3.386836
v 12.257202 -31.29044 -3.3239193
v 12.23501 -31.640427 -6.8733234
v 15.531213 -32.629036 -6.9972014
v 12.263871 -27.649141 -3.453738
v 13.173238 -27.57329 0.012580702
v 13.66811 -24.100796 0.013945502
v 12.879396 -23.913513 -3.5376422
v 12.432048 30.565002 0.124581434
v 12.42646 32.85536 6.986963E-05
v 8.845973 32.525 -0.053636845
v 8.648016 30.287771 -0.02811415
v 17.347067 29.96082 -2.5083597
v 16.74166 27.4307 -2.247652
v 16.751211 27.016115 -4.984499
v 17.430407 29.38145 -5.3063736
v 16.663832 34.251404 -1.9455934
v 16.092674 36.645805 -1.3992444
v 15.529205 36.37984 0.017747961
v 15.846902 34.298786 0.067361996
v 13.098454 26.17804 -2.2784677
v 9.33444 26.48059 -2.4329581
v 9.6367235 26.080786 -5.225801
v 13.215395 25.711931 -5.069111
v 12.470894 38.30314 -1.5294471
v 12.352728 37.86389 -0.057648882
v 8.483712 34.307434 -2.1761217
v 9.045978 34.217495 -4.269865
v 12.3884735 35.001774 0.17415994
v 12.352728 37.86389 -0.057648882
v 9.161794 36.506287 -0.073245265
v 8.935488 34.31863 -0.05382975
v 12.749583 34.755825 -5.028039
v 16.483719 34.05478 -4.0978193
v 2.2494574 -94.10385 -45.397354
v 2.1400476 -98.60663 -46.6425
v 4.201062 -96.99105 -47.546085
v 4.4319773 -93.75325 -46.423725
v 5.918544 -93.6606 -49.706352
v 4.807742 -97.2074 -49.677044
v 4.03104 -96.31238 -52.310154
v 4.976906 -93.25339 -53.327065
v 21.16295 35.308376 -107.73977
v 20.010656 32.150806 -107.00341
v 18.473524 32.4997 -109.08673
v 18.734621 35.15069 -110.26529
v 15.520691 56.90496 -70.00293
v 19.859447 -22.150694 -2.7582023
v 18.404154 -19.02704 0.015939375
v 18.966793 -22.267794 0.01466576
v 18.57508 11.000627 -50.42745
v 21.885307 -17.806664 -50.06122
v 21.686295 -27.02859 -48.73983
v 17.41955 -27.972744 -57.103043
v 17.595491 -17.863192 -57.78562
v 16.331982 -21.369928 0.015018621
v 16.32019 -17.482685 0.016546307
v 14.236226 -17.939184 0.016366903
v 13.69717 -21.493824 0.01496993
v 16.462866 -20.730787 -5.7258315
v 16.409225 -17.170359 -4.068383
v 18.95518 -18.9535 -4.0584955
v 19.747713 -22.12569 -5.6651254
v 8.212365 67.73267 -74.85874
v 4.1233764 69.89459 -75.32828
v 4.059868 69.03558 -72.847466
v 7.202304 66.0759 -72.036896
v 4.9886737 44.486664 -61.777473
v -6.581632E-16 45.01986 -61.65441
v -6.2778387E-16 42.03438 -58.808025
v 5.4365706 40.785122 -59.62731
v 10.327094 51.7964 -95.44359
v 8.279827 59.246845 -90.011604
v 9.968246 64.57858 -75.00992
v 10.246868 64.13477 -77.80517
v 8.168086 67.87777 -78.06849
v 1.6206845 69.780075 -78.54533
v 12.741678 60.78183 -79.346596
v 12.596835 61.271255 -77.39427
v 17.20488 56.032433 -80.43454
v 9.632941 59.897938 -67.00284
v 12.55799 58.29662 -68.50724
v 10.832178 61.01218 -72.450066
v 8.76866 63.83797 -71.95217
v 13.169966 -35.900944 -55.604816
v 6.837711 -39.818794 -51.374344
v 7.023756 -40.151882 -55.726223
v 3.1348052 -44.894855 -61.18322
v -6.620044E-16 -45.188545 -62.03212
v 18.253046 30.63787 -66.815254
v 18.158157 37.33037 -63.712772
v 11.052011 35.330402 -106.586
v 14.691057 35.58101 -109.517685
v 15.584735 32.940502 -108.73041
v 14.217868 37.37796 -109.65926
v 17.996561 36.990402 -110.45691
v 22.416494 35.25911 -100.21327
v 20.216484 30.854937 -101.33795
v 21.130795 39.454212 -92.345856
v 21.228388 35.371563 -91.88313
v 21.647457 35.217407 -95.32595
v 21.613237 38.664097 -95.18725
v 6.1242228 62.878063 -67.24361
v 3.2646656 68.677765 -70.47299
v 2.8169749 67.37942 -68.178375
v 3.0834634 61.073235 -65.914185
v 11.324653 55.32291 -64.7001
v 7.9170876 55.609966 -64.24971
v 4.279136 55.01912 -65.20165
v 2.800121 69.187805 -80.57958
v 11.679155 61.38628 -74.647606
v 8.973807 64.21124 -72.14048
v 6.949509 65.717995 -71.88646
v 3.8200254 68.97667 -72.825775
v -7.013016E-16 60.713276 -65.694016
v -6.9261286E-16 54.869076 -64.880905
v 6.949509 65.717995 -71.88646
v 3.8200254 68.97667 -72.825775
v 9.56944 45.98604 -98.280045
v 7.8877687 39.468937 -101.39793
v 2.9803612 39.576668 -101.83515
v 17.91833 30.286198 -93.39474
v 19.365175 28.300695 -88.856476
v 5.4763274 -87.78233 -54.09639
v 5.825008 -81.69476 -54.831867
v 5.7575183 -40.4297 -59.470833
v 8.47166 -35.816677 -62.002396
v 10.516316 -7.496641 -63.8158
v -7.1935475E-16 7.619183 -67.396286
v 4.902894 7.720925 -65.652115
v 5.033214 62.61656 -83.88047
v 5.13262 61.089085 -86.9145
v 2.1780052 -97.62193 -53.077053
v 2.216601 -99.53939 -49.6247
v -5.305536E-16 -100.60933 -49.72419
v -5.727015E-16 -98.55894 -53.67365
v -4.7714155E-16 -94.534935 -44.717525
v -4.9176637E-16 -99.23837 -46.089005
v -2.312707E-16 -3.829772 -21.658087
v -2.30266E-16 3.234931 -21.562546
v 12.865491 36.313446 -57.074444
v 12.61978 37.802723 -60.80594
v -4.9549114E-16 -73.15043 -46.43294
v -4.8761114E-16 -81.05278 -45.696026
v -0.016101308 -58.110546 -47.376045
v -5.0220663E-16 -64.63783 -47.060608
v -5.1121334E-16 -43.903023 -47.90059
v -5.0777206E-16 -51.57881 -47.5796
v -4.062354E-16 -39.200737 -38.06173
v -4.6367113E-16 -39.241013 -43.44429
v 9.200263 21.020485 -24.459396
v -4.607314E-16 38.362442 -43.15354
v -2.6485074E-16 -28.852505 -24.809935
v -2.3530618E-16 -19.662216 -22.03938
v 4.367341 49.10719 -64.388054
v -6.8698327E-16 49.550137 -64.35438
v 7.8684783 35.18293 -102.47126
v 23.890041 39.315315 -86.23378
v 22.731127 33.301216 -86.53553
v 4.5811386 24.037733 -96.93154
v 21.385237 49.572628 -81.28899
v -9.866935E-16 58.959892 -92.43967
v 3.8092947 58.848873 -92.13071
v 16.469973 56.670795 -82.22527
v 20.410917 49.987133 -84.26292
v 15.764129 52.724022 -66.08729
v 9.130611 48.980656 -62.664112
v 9.727848 63.1953 -80.083954
v 12.91411 60.61411 -81.07971
v 9.210373 62.157387 -81.69292
v 9.075126 35.220085 -104.093605
v 18.67006 30.98529 -96.60955
v 22.761238 44.420113 -85.51239
v 5.033214 62.61656 -83.88047
v 10.863727 41.491356 -62.40804
v 8.6949 58.63577 -87.54585
v 7.178754 59.31889 -85.97781
v 10.443877 58.49351 -84.57475
v 11.605526 57.238472 -87.17764
v 6.902949 60.171276 -86.64698
v 8.868089 59.442772 -88.603615
v 12.79594 57.74193 -88.4265
v 12.39429 60.23941 -82.04689
v 9.625587 61.33329 -82.338745
v 15.980791 57.68101 -85.417496
v 14.385959 58.259087 -82.86432
v 6.21821 61.426544 -84.50239
v 6.21821 61.426544 -84.50239
v 12.804752 57.507435 -83.117714
v 14.309473 57.216015 -84.98512
v 9.35224 60.276054 -82.66013
v 11.723162 59.469852 -82.42048
v 7.108729 60.16084 -84.23276
v -1.0528335E-15 24.120886 -98.64477
v 9.093684 38.47476 -103.36448
v 26.801693 38.964596 -74.23347
v 22.48569 37.800995 -99.63508
v 20.808178 37.64599 -107.36791
v 11.116143 37.60531 -106.31262
v -1.0902434E-15 39.56068 -102.147575
v 15.191789 39.924767 -97.54387
v 17.154833 36.927017 -107.71994
v 14.55084 37.181934 -107.16814
v 12.263201 37.32892 -104.69807
v 16.251926 37.76574 -103.44861
v -8.681301E-16 69.86968 -81.32642
v 2.800121 69.187805 -80.57958
v -8.17446E-16 71.01207 -76.57638
v -7.9860246E-16 70.043015 -74.81066
v 1.6206845 69.780075 -78.54533
v 2.800121 69.187805 -80.57958
v 3.0426621 69.83609 -80.8353
v 2.441185 70.5981 -79.84893
v -8.3111376E-16 71.102806 -77.85723
v -7.9829997E-16 69.90478 -74.78234
v -7.618398E-16 69.62721 -71.365555
v -7.236017E-16 67.59132 -67.7825
v 7.202304 66.0759 -72.036896
v 4.059868 69.03558 -72.847466
v 8.76866 63.83797 -71.95217
v 10.832178 61.01218 -72.450066
v -7.9860246E-16 70.043015 -74.81066
v -7.9829997E-16 69.90478 -74.78234
v 8.973807 64.21124 -72.14048
v 12.128688 18.621794 -64.41311
v 15.868303 28.198954 -57.566605
v 15.362535 18.356289 -57.262657
v 11.043364 14.525396 -62.812527
v 5.6321163 38.727943 -55.530018
v 5.9447246 -44.771194 -59.199955
v -5.090721E-16 -39.468914 -47.69905
v 3.6496155 -39.644066 -48.314053
v -0.086367466 -88.07283 -44.941547
v 2.7039692 -88.02833 -45.51079
v 2.584783 -94.16223 -54.93458
v 6.708145 -88.16817 -50.491646
v 5.0337067 -88.092606 -46.72196
v -5.929846E-16 -94.729965 -55.57371
v 16.31867 -7.925444 -58.21975
v 17.447548 -36.111496 -46.077785
v 20.287989 -35.153202 -36.976658
v 13.788722 -37.923782 -35.509373
v -5.3972463E-16 39.581184 -50.556095
v 5.8276615 38.241936 -51.432106
v -3.4888422E-16 -38.067204 -32.686882
v 4.7994766 -38.573696 -34.70423
v 24.00005 -16.18603 -40.98267
v 24.640766 -25.9477 -39.549603
v 13.111202 36.00247 -53.118034
v 24.195862 -26.174278 -34.44163
v 20.435541 -34.520103 -33.513474
v 14.547594 -37.496597 -32.461544
v 6.528429 -37.34825 -31.767889
v 14.917642 18.167055 -26.900154
v 14.900574 19.271572 -22.65886
v 9.284034 21.582445 -21.875637
v 9.100419 21.19297 -23.898954
v 13.619859 33.086407 -18.828915
v 19.520727 31.581442 -25.539377
v 13.842712 33.07759 -24.854856
v 21.380888 25.19034 -30.753284
v 21.104149 26.291891 -25.188509
v 20.292368 21.221552 -24.222988
v 20.923967 19.866144 -28.68317
v 19.897898 -33.261852 -22.213684
v 20.443203 -33.92439 -28.274298
v 22.732754 -26.921787 -26.663054
v 8.495204 33.225487 -24.170462
v 8.213069 28.060465 -22.479456
v 16.498604 -15.262758 -24.386293
v 23.411507 -16.630175 -28.257065
v 23.816313 -15.686221 -31.748873
v 16.04597 -13.906309 -27.503912
v 19.709919 2.7245994 -50.299774
v 20.482912 -7.3455534 -50.95412
v 5.1766586 11.772319 -67.09124
v 11.535189 -17.153465 -64.06705
v -2.3237894E-16 -11.19714 -21.763393
v 6.3270617 -11.178502 -24.053204
v -7.312058E-16 11.381738 -68.50616
v 5.7971582 -16.4587 -66.73228
v 20.163746 -11.293943 -31.411388
v 14.8469715 -10.995527 -27.132154
v -7.27878E-16 -16.07137 -68.19969
v 9.35224 60.276054 -82.66013
v 7.108729 60.16084 -84.23276
v 6.21821 61.426544 -84.50239
v 9.625587 61.33329 -82.338745
v 7.178754 59.31889 -85.97781
v 6.902949 60.171276 -86.64698
v 12.804752 57.507435 -83.117714
v 11.723162 59.469852 -82.42048
v 12.39429 60.23941 -82.04689
v 14.385959 58.259087 -82.86432
v 11.605526 57.238472 -87.17764
v 14.309473 57.216015 -84.98512
v 15.980791 57.68101 -85.417496
v 12.79594 57.74193 -88.4265
v 8.6949 58.63577 -87.54585
v 8.868089 59.442772 -88.603615
v -8.7086004E-16 70.51797 -81.58214
v -8.455604E-16 71.52436 -79.211
v -8.3111376E-16 71.102806 -77.85723
v -8.681301E-16 69.86968 -81.32642
v 9.045978 34.217495 -4.269865
v 15.846902 34.298786 0.067361996
v 15.529205 36.37984 0.017747961
v 8.800647 36.737347 -1.5524578
v 9.161794 36.506287 -0.073245265
v 16.263817 30.578072 0.09574314
v 16.019388 32.24431 0.08113516
v 16.027527 28.51723 0.18489206
v 12.851782 27.601782 0.19296633
v 16.9961 32.105087 -2.5544994
v 9.604766 27.69143 0.119177416
v 9.604766 27.69143 0.119177416
v 9.211622 36.295906 -2.9689062
v 12.573096 37.725765 -2.9590185
v 15.890697 36.235188 -2.8799434
v 9.211622 36.295906 -2.9689062
v 16.019388 32.24431 0.08113516
v 22.847637 -18.961824 -23.124363
v 13.083546 -30.354954 0.0114875715
v 19.979992 -25.004011 -3.5663853
v 15.662024 -30.977213 0.011242959
v 13.083546 -30.354954 0.0114875715
v 18.240501 -30.726284 0.011341451
v 18.715221 -28.001453 0.012412426
v 13.178021 -21.267393 -5.6303263
v 13.863273 -18.055244 -4.079319
v 18.966793 -22.267794 0.01466576
v 18.404154 -19.02704 0.015939375
v 19.044157 -24.74207 0.013693593
v 5.8189735 -27.043983 -67.14772
v 11.4039135 -27.930326 -64.44264
v -7.2902336E-16 -26.645544 -68.30911
v 19.044157 -24.74207 0.013693593
v 20.911211 24.668009 -33.217167
v 10.976269 -19.364143 -21.346394
v 16.98863 -21.150396 -19.174877
v 16.750635 -17.372965 -21.240602
v 15.603234 -36.6229 -28.12031
v 8.863972 -35.73309 -27.528753
v 9.488973 -27.358837 -25.143051
v 13.69717 -21.493824 0.01496993
v 19.747713 -22.12569 -5.6651254
v 14.236226 -17.939184 0.016366903
v 16.32019 -17.482685 0.016546307
v 18.240501 -30.726284 0.011341451
v 15.662024 -30.977213 0.011242959
v 18.715221 -28.001453 0.012412426
v 16.483719 34.05478 -4.0978193
v 8.935488 34.31863 -0.05382975
v 16.263817 30.578072 0.09574314
v 16.027527 28.51723 0.18489206
v 12.851782 27.601782 0.19296633
v 12.573096 37.725765 -2.9590185
v 15.890697 36.235188 -2.8799434
v -7.444139E-16 14.40077 -69.743355
v 5.245514 15.008141 -68.33585
v 5.757424 17.589796 -70.39981
v -5.837559E-16 40.022198 -54.68237
v -7.619726E-16 16.92701 -71.38835
v 15.13729 38.801144 -98.17567
v 9.810627 38.45341 -100.98243
v 19.266691 38.415367 -94.54459
v 19.12442 37.406464 -105.562546
v 20.373001 37.49966 -99.79173
v 17.154833 36.927017 -107.71994
v 14.55084 37.181934 -107.16814
v 10.732894 37.98738 -102.46737
v 19.714956 38.149323 -96.43736
v 12.263201 37.32892 -104.69807
v 15.13729 38.801144 -98.17567
v 19.266691 38.415367 -94.54459
v 19.714956 38.149323 -96.43736
v 15.601483 38.369946 -100.3716
v 20.373001 37.49966 -99.79173
v 19.12442 37.406464 -105.562546
v 10.732894 37.98738 -102.46737
v 9.810627 38.45341 -100.98243
v 4.957943 65.71489 -71.58002
v 4.562114 65.7144 -70.34228
v 4.5254445 65.3379 -70.42945
v 4.7704043 65.17499 -71.55464
v 4.234726 64.98981 -71.63248
v 4.1438265 65.29504 -70.37263
v 3.7743242 65.33792 -70.48365
v 3.6934302 65.17502 -71.632355
v 3.511509 65.71493 -71.68438
v 3.7255414 65.714424 -70.40264
v 3.7743244 66.09101 -70.48335
v 3.6934323 66.2548 -71.63193
v 4.234726 66.44 -71.631905
v 4.1438274 66.1338 -70.37229
v 4.5254445 66.09097 -70.42915
v 4.7704053 66.25477 -71.55422
v 4.432032 65.71598 -74.36659
v 3.702288 65.71592 -74.19846
v 3.772686 66.35472 -74.10509
v 4.4161844 66.43166 -74.146675
v 4.1282725 65.714325 -70.1569
v 5.130079 65.71587 -74.09544
v 5.04704 66.35469 -74.01313
v 5.047039 65.07701 -74.013626
v 5.08227 64.98207 -73.18724
v 4.3517776 64.75876 -73.25475
v 4.416183 65.000145 -74.14724
v 3.6191745 66.44901 -73.29224
v 4.3517795 66.67233 -73.254005
v 5.0822716 66.448975 -73.18666
v 3.3974714 65.715576 -73.32324
v 3.619172 64.98211 -73.292816
v 3.772686 65.07705 -74.10558
v 5.3060856 65.71552 -73.18552
v 1.9434162 66.81806 -73.321785
v 2.2763731 66.8185 -74.430664
v 2.31352 66.470474 -74.35005
v 2.1158235 66.32423 -73.34795
v 2.6072161 66.153366 -73.28784
v 2.6651003 66.429245 -74.41078
v 3.0085762 66.47046 -74.314224
v 3.102193 66.32421 -73.29711
v 3.2710164 66.81804 -73.25337
v 3.0538263 66.81848 -74.39059
v 3.0085754 67.16645 -74.31396
v 3.1021914 67.3119 -73.29673
v 2.6072154 67.482735 -73.287315
v 2.6650996 67.20774 -74.41048
v 2.31352 67.16646 -74.34978
v 2.1158226 67.31192 -73.347565
v 2.4813995 66.81709 -70.84651
v 3.1400957 66.817154 -71.01475
v 3.073222 67.39521 -71.09918
v 2.4917912 67.46634 -71.047905
v 2.6753552 66.81857 -74.609604
v 1.8434894 66.817184 -71.08157
v 1.9187125 67.39524 -71.15868
v 1.9187131 66.2392 -71.15914
v 1.8702681 66.15298 -71.89981
v 2.5332496 65.94851 -71.85284
v 2.4917924 66.16801 -71.048416
v 3.1975546 67.482 -71.83088
v 2.5332477 67.68646 -71.85215
v 1.870267 67.48203 -71.899284
v 3.401071 66.81747 -71.80777
v 3.197556 66.152954 -71.831406
v 3.073222 66.239174 -71.09964
v 1.6654269 66.817505 -71.897224
v 8.452 66.86438 -76.10061
v 8.67662 66.82241 -76.62107
v 8.399348 66.338554 -76.707
v 8.171186 66.36498 -76.17697
v 16.073153 63.721043 -75.033066
v 16.36727 63.660736 -75.44739
v 20.100971 62.325882 -74.45607
v 19.79668 62.370182 -73.97712
v 19.79668 62.370182 -73.97712
v 20.100971 62.325882 -74.45607
v 20.364113 62.827126 -74.34017
v 20.056084 62.8555 -73.852585
v 12.369887 65.50627 -75.705734
v 12.652162 65.45396 -76.132866
v 8.67662 66.82241 -76.62107
v 8.452 66.86438 -76.10061
v 16.073153 63.721043 -75.033066
v 19.79668 62.370182 -73.97712
v 20.056084 62.8555 -73.852585
v 16.342754 64.12783 -74.92713
v 12.376611 65.03754 -76.22644
v 8.399348 66.338554 -76.707
v 8.67662 66.82241 -76.62107
v 12.652162 65.45396 -76.132866
v 20.100971 62.325882 -74.45607
v 16.36727 63.660736 -75.44739
v 16.637108 64.077835 -75.34095
v 20.364113 62.827126 -74.34017
v 16.36727 63.660736 -75.44739
v 12.376611 65.03754 -76.22644
v 12.652162 65.45396 -76.132866
v 16.637108 64.077835 -75.34095
v 8.171186 66.36498 -76.17697
v 12.094543 65.09991 -75.798836
v 12.369887 65.50627 -75.705734
v 8.452 66.86438 -76.10061
v 12.094543 65.09991 -75.798836
v 16.073153 63.721043 -75.033066
v 16.342754 64.12783 -74.92713
v 12.369887 65.50627 -75.705734
v 20.056084 62.8555 -73.852585
v 20.364113 62.827126 -74.34017
v 16.637108 64.077835 -75.34095
v 16.342754 64.12783 -74.92713
v 16.342754 64.12783 -74.92713
v 16.637108 64.077835 -75.34095
v 12.652162 65.45396 -76.132866
v 12.369887 65.50627 -75.705734
v 8.171186 66.36498 -76.17697
v 8.399348 66.338554 -76.707
v 12.376611 65.03754 -76.22644
v 12.094543 65.09991 -75.798836
v 12.094543 65.09991 -75.798836
v 12.376611 65.03754 -76.22644
v 16.36727 63.660736 -75.44739
v 16.073153 63.721043 -75.033066
v 8.750809 66.86167 -74.91437
v 9.01784 66.79755 -75.41204
v 8.73208 66.32087 -75.50948
v 8.460147 66.36986 -75.0022
v 15.205993 63.500034 -73.16406
v 15.600877 63.418278 -73.479004
v 18.856945 61.989296 -71.46378
v 18.433727 62.057243 -71.089325
v 18.433727 62.057243 -71.089325
v 18.856945 61.989296 -71.46378
v 19.097275 62.484653 -71.28832
v 18.667444 62.53704 -70.90632
v 12.400694 65.38679 -74.31697
v 12.725206 65.31306 -74.70134
v 9.01784 66.79755 -75.41204
v 8.750809 66.86167 -74.91437
v 15.205993 63.500034 -73.16406
v 18.433727 62.057243 -71.089325
v 18.667444 62.53704 -70.90632
v 15.451541 63.900524 -72.99467
v 12.449498 64.90348 -74.82211
v 8.73208 66.32087 -75.50948
v 9.01784 66.79755 -75.41204
v 12.725206 65.31306 -74.70134
v 18.856945 61.989296 -71.46378
v 15.600877 63.418278 -73.479004
v 15.846924 63.829075 -73.30925
v 19.097275 62.484653 -71.28832
v 15.600877 63.418278 -73.479004
v 12.449498 64.90348 -74.82211
v 12.725206 65.31306 -74.70134
v 15.846924 63.829075 -73.30925
v 8.460147 66.36986 -75.0022
v 12.140952 64.98724 -74.41536
v 12.400694 65.38679 -74.31697
v 8.750809 66.86167 -74.91437
v 12.140952 64.98724 -74.41536
v 15.205993 63.500034 -73.16406
v 15.451541 63.900524 -72.99467
v 12.400694 65.38679 -74.31697
v 18.667444 62.53704 -70.90632
v 19.097275 62.484653 -71.28832
v 15.846924 63.829075 -73.30925
v 15.451541 63.900524 -72.99467
v 15.451541 63.900524 -72.99467
v 15.846924 63.829075 -73.30925
v 12.725206 65.31306 -74.70134
v 12.400694 65.38679 -74.31697
v 8.460147 66.36986 -75.0022
v 8.73208 66.32087 -75.50948
v 12.449498 64.90348 -74.82211
v 12.140952 64.98724 -74.41536
v 12.140952 64.98724 -74.41536
v 12.449498 64.90348 -74.82211
v 15.600877 63.418278 -73.479004
v 15.205993 63.500034 -73.16406
v 8.776567 66.49159 -77.19926
v 8.872208 66.43152 -77.7543
v 8.565989 65.97178 -77.771996
v 8.467912 66.01665 -77.20659
v 15.708611 62.73981 -77.69757
v 15.887867 62.655823 -78.16312
v 19.394596 61.022205 -77.95297
v 19.218033 61.09107 -77.42187
v 19.218033 61.09107 -77.42187
v 19.394596 61.022205 -77.95297
v 19.69533 61.500427 -77.90333
v 19.515938 61.55372 -77.36272
v 12.327986 64.81984 -77.61028
v 12.494434 64.74478 -78.086
v 8.872208 66.43152 -77.7543
v 8.776567 66.49159 -77.19926
v 15.708611 62.73981 -77.69757
v 19.218033 61.09107 -77.42187
v 19.515938 61.55372 -77.36272
v 16.006187 63.123363 -77.65741
v 12.193232 64.352104 -78.112686
v 8.565989 65.97178 -77.771996
v 8.872208 66.43152 -77.7543
v 12.494434 64.74478 -78.086
v 19.394596 61.022205 -77.95297
v 15.887867 62.655823 -78.16312
v 16.186533 63.049625 -78.12267
v 19.69533 61.500427 -77.90333
v 15.887867 62.655823 -78.16312
v 12.193232 64.352104 -78.112686
v 12.494434 64.74478 -78.086
v 16.186533 63.049625 -78.12267
v 8.467912 66.01665 -77.20659
v 12.027816 64.43717 -77.63672
v 12.327986 64.81984 -77.61028
v 8.776567 66.49159 -77.19926
v 12.027816 64.43717 -77.63672
v 15.708611 62.73981 -77.69757
v 16.006187 63.123363 -77.65741
v 12.327986 64.81984 -77.61028
v 19.515938 61.55372 -77.36272
v 19.69533 61.500427 -77.90333
v 16.186533 63.049625 -78.12267
v 16.006187 63.123363 -77.65741
v 16.006187 63.123363 -77.65741
v 16.186533 63.049625 -78.12267
v 12.494434 64.74478 -78.086
v 12.327986 64.81984 -77.61028
v 8.467912 66.01665 -77.20659
v 8.565989 65.97178 -77.771996
v 12.193232 64.352104 -78.112686
v 12.027816 64.43717 -77.63672
v 12.027816 64.43717 -77.63672
v 12.193232 64.352104 -78.112686
v 15.887867 62.655823 -78.16312
v 15.708611 62.73981 -77.69757
v 9.455137 60.649803 -84.19845
v 9.321485 60.45125 -85.536316
v 7.4754953 60.44914 -85.517784
v 7.656445 60.746025 -84.27099
v 4.982803 60.165295 -83.194534
v 7.1026316 60.853256 -84.17327
v 6.8513527 60.491653 -85.49038
v 4.562254 59.657288 -85.180595
v 5.184376 58.789284 -86.9879
v 7.1249204 59.874268 -86.94571
v 7.9331694 59.4023 -87.80832
v 6.4229198 57.992195 -88.2764
v 7.7436914 57.28029 -89.08964
v 8.869168 58.889812 -88.40643
v 10.266508 58.406918 -88.660416
v 9.468294 56.594284 -89.60164
v 11.495413 56.005173 -89.19958
v 11.601992 58.0278 -88.400696
v 12.744392 58.01801 -87.5673
v 13.3535185 55.739353 -88.29536
v 14.430019 55.962803 -86.40607
v 13.580156 58.13218 -86.36499
v 13.818405 58.48579 -85.08611
v 14.983491 56.39585 -84.44974
v 14.614953 57.267284 -82.39928
v 13.738805 59.029026 -83.62076
v 12.87675 59.52745 -82.72896
v 13.561499 58.09949 -80.85087
v 11.861994 59.042477 -80.02802
v 11.812095 60.10618 -82.07333
v 10.471043 60.532784 -81.87661
v 9.920548 59.85229 -79.606865
v 9.371616 59.860493 -86.701996
v 9.215191 58.989365 -88.19952
v 8.420157 59.319637 -87.826126
v 7.6460223 59.89326 -86.844025
v 11.579939 59.219784 -86.59521
v 13.15807 58.40641 -86.35151
v 12.277441 58.20522 -87.6459
v 11.425316 58.328346 -88.12855
v 11.667172 60.021515 -84.064964
v 11.624628 60.16015 -82.3474
v 12.416876 59.730255 -82.760284
v 13.252173 59.242176 -83.75572
v 7.9746094 60.25226 -80.23195
v 9.184899 60.89399 -82.165634
v 8.010541 60.912914 -83.028336
v 6.126523 60.352604 -81.35921
v 7.656445 60.746025 -84.27099
v 7.4754953 60.44914 -85.517784
v 6.8513527 60.491653 -85.49038
v 7.1026316 60.853256 -84.17327
v 9.406021 60.7928 -82.479355
v 8.514173 60.838104 -82.98603
v 8.010541 60.912914 -83.028336
v 9.184899 60.89399 -82.165634
v 7.6460223 59.89326 -86.844025
v 8.420157 59.319637 -87.826126
v 7.9331694 59.4023 -87.80832
v 7.1249204 59.874268 -86.94571
v 9.215191 58.989365 -88.19952
v 10.34353 58.710926 -88.26698
v 10.266508 58.406918 -88.660416
v 8.869168 58.889812 -88.40643
v 11.425316 58.328346 -88.12855
v 12.277441 58.20522 -87.6459
v 12.744392 58.01801 -87.5673
v 11.601992 58.0278 -88.400696
v 13.15807 58.40641 -86.35151
v 13.349729 58.77577 -85.17176
v 13.818405 58.48579 -85.08611
v 13.580156 58.13218 -86.36499
v 13.252173 59.242176 -83.75572
v 12.416876 59.730255 -82.760284
v 12.87675 59.52745 -82.72896
v 13.738805 59.029026 -83.62076
v 11.624628 60.16015 -82.3474
v 10.499077 60.538197 -82.24042
v 10.471043 60.532784 -81.87661
v 11.812095 60.10618 -82.07333
v 10.532264 59.705276 -86.739555
v 10.34353 58.710926 -88.26698
v 10.600343 60.505016 -84.101906
v 10.607613 60.21097 -85.55244
v 10.499077 60.538197 -82.24042
v 11.8035145 59.74845 -85.38486
v 9.406021 60.7928 -82.479355
v 13.349729 58.77577 -85.17176
v 8.514173 60.838104 -82.98603
v -22.453861 -5.9498224 -41.594654
v -19.927212 -4.492133 -30.581526
v -20.40504 2.6233218 -30.442505
v -21.779106 2.832098 -41.455887
v -10.344591 8.528757 -62.831406
v -10.081235 2.1839635 -62.826904
v -15.609785 2.3515859 -57.33338
v -14.746502 9.784679 -57.297203
v -5.1673155 -7.1501484 -66.38775
v -4.883065 2.075332 -65.42099
v -21.532331 11.545215 -41.532658
v -20.17038 10.705803 -30.998318
v -14.352175 11.339395 -26.31578
v -14.613178 16.049593 -28.268915
v -19.846817 14.902413 -32.55452
v -6.046384 12.8323145 -23.643652
v -4.645891 22.053865 -24.52256
v -18.582163 30.076918 -48.273228
v -18.57427 20.889492 -50.046574
v -20.711624 21.913338 -41.767693
v -19.893824 30.45167 -41.694305
v -7.845381 27.7258 -26.439823
v -7.728495 27.828531 -28.04084
v -8.2739 33.464085 -31.256348
v -8.2389145 33.46683 -29.12227
v -4.5349684 28.525248 -28.152632
v -13.38327 34.668137 -39.136005
v -13.058042 35.731243 -46.36385
v -7.2146807 -28.189917 -26.886305
v -5.4274683 -29.01892 -27.414228
v -6.05546 -17.783752 -24.191435
v -8.257633 -18.965042 -23.56875
v -6.3793707 37.626076 -44.883762
v -6.806689 35.558838 -36.491108
v -9.027758 32.686356 -5.582144
v -8.739794 29.260633 -5.69493
v -19.644308 22.947401 -19.482107
v -19.38562 23.601255 -16.702702
v -13.942614 33.412548 -30.058538
v -13.911571 33.153877 -32.331093
v -20.083908 30.639114 -33.33584
v -20.217438 31.15012 -30.951973
v -16.918083 -21.71956 -15.574518
v -19.907482 -25.212938 -7.2717214
v -16.504148 -23.421625 -7.2271047
v -14.637089 20.644976 -19.22263
v -9.473971 22.402664 -19.002365
v -9.546268 22.993929 -16.506748
v -14.541915 21.71157 -16.574112
v -8.189342 29.70669 -2.8552966
v -8.402241 32.52549 -2.8366485
v -8.845973 32.525 -0.053636845
v -8.648016 30.287771 -0.02811415
v -16.45081 -16.826208 -1.9929595
v -16.409225 -17.170359 -4.068383
v -18.95518 -18.9535 -4.0584955
v -19.10703 -18.72102 -1.9606462
v -15.482845 -35.448833 -22.01336
v -10.365692 -34.556023 -21.9234
v -11.246386 -33.57811 -18.252306
v -15.412242 -34.70227 -18.02437
v -18.880222 24.176737 -13.990479
v -13.482779 33.11588 -14.974634
v -16.906147 32.049053 -5.371875
v -13.009502 33.365414 -5.967325
v -14.295119 22.384447 -13.90069
v -9.6441 23.48513 -13.905938
v -19.578096 -32.745605 -18.147762
v -19.377495 -32.30426 -15.080035
v -12.93237 -21.341326 -2.7627618
v -13.178021 -21.267393 -5.6303263
v -13.863273 -18.055244 -4.079319
v -13.669705 -17.661097 -1.9939691
v -15.444034 -34.01416 -14.938752
v -11.510572 -32.879097 -15.090628
v -13.100815 -23.806686 -7.1809745
v -12.361247 -27.82623 -7.0271893
v -4.641458 -39.242138 -38.445267
v -11.989017 -39.1179 -41.68205
v -10.722018 -38.952778 -47.153748
v -4.1041374 -39.510616 -43.58737
v -15.189094 45.645336 -95.141106
v -19.937542 44.93005 -90.71365
v -18.540028 50.34955 -89.06762
v -14.908028 51.041595 -93.09186
v -4.332053 -35.246506 -64.633415
v -3.1134942 -40.707134 -61.544743
v -6.2778373 -44.349 -51.123417
v -7.180976 -44.691883 -55.470356
v -7.336815 -52.602375 -54.70845
v -5.396657 -52.223705 -50.143707
v -3.3181746 -44.12328 -48.632153
v -2.700051 -51.89298 -48.56239
v -3.2161827 -58.544224 -60.09512
v -3.151813 -52.172092 -60.52634
v -5.2065806 -58.739094 -49.760445
v -7.3640776 -59.219677 -53.99964
v -7.4022164 -65.837074 -53.29218
v -5.0985765 -65.25138 -49.300323
v -2.6413121 -58.38567 -48.23486
v -2.6396322 -64.87109 -47.78208
v -6.0476 -52.31924 -58.49295
v -6.1162333 -58.882305 -57.786705
v -3.1881976 -73.38204 -58.38165
v -3.2542436 -64.912575 -59.60845
v -5.236288 -73.83705 -48.28292
v -7.3293266 -74.237366 -52.289917
v -7.2420006 -82.05242 -51.36032
v -5.386344 -81.823395 -47.31783
v -2.7950716 -73.42162 -46.95797
v -2.98752 -81.36143 -46.06878
v -6.120262 -65.44061 -57.03454
v -5.984718 -73.86413 -55.905025
v -2.935079 -88.03615 -56.188908
v -3.1186395 -81.25396 -57.21476
v -15.536085 25.459724 -91.72152
v -13.81539 27.938711 -96.29498
v -10.00455 30.23134 -99.59509
v -9.789772 23.968954 -95.28077
v -13.305419 31.173145 -105.451004
v -11.3257675 31.020687 -101.95213
v -15.108118 29.314352 -99.44505
v -17.190317 30.158676 -104.22373
v -3.3255892 35.25686 -102.4247
v -4.0465817 30.744198 -101.315346
v -16.923075 23.938154 -85.402306
v -11.182391 20.222078 -88.326004
v -11.242949 19.162893 -80.66001
v -17.667593 22.841711 -80.0456
v -5.507818 19.097279 -90.76815
v -5.543505 17.785492 -80.9158
v -17.35445 23.768898 -72.93488
v -12.767383 21.803383 -70.11447
v -6.253365 18.908699 -71.967545
v -2.9927263 62.674587 -86.96897
v -4.1840873 66.119965 -82.37488
v -15.677022 29.667147 -61.33671
v -15.415557 29.767433 -65.05127
v -12.523851 20.963453 -67.635704
v -21.302458 42.581615 -65.10761
v -16.936237 40.70469 -63.186687
v -15.039309 48.551426 -63.258736
v -19.048859 48.178593 -64.5155
v -20.12704 53.256607 -72.825966
v -15.2802725 57.85645 -71.79936
v -14.676627 59.14409 -74.180275
v -18.733747 55.20865 -77.57244
v -20.913273 19.466898 -30.672626
v -15.024729 17.812504 -28.682068
v -17.087452 55.592213 -85.85995
v -13.408791 56.704624 -89.95343
v -4.2905946 45.93356 -99.98177
v -4.749345 52.3371 -97.25152
v -20.843811 28.070454 -83.782684
v -21.89113 27.579477 -79.53067
v -24.860435 32.831367 -79.52916
v -23.985453 33.06324 -83.02369
v -25.780704 43.373898 -73.74668
v -24.428051 43.119717 -68.489235
v -22.292923 48.12708 -68.13436
v -23.426096 48.678055 -73.319336
v -18.923315 52.384655 -68.60724
v -21.977016 31.667505 -68.82169
v -22.441582 37.332565 -66.19697
v -26.02268 38.087894 -69.07149
v -25.706087 34.213017 -70.281235
v -21.676846 27.228373 -73.656235
v -25.447823 32.46545 -74.40613
v -25.144703 43.59701 -78.54666
v -22.640507 49.14849 -77.998116
v -24.121752 43.89287 -81.97901
v -25.060354 39.2508 -82.54432
v -25.899393 39.19121 -79.06451
v -15.944231 -27.972967 0.012423635
v -13.173238 -27.57329 0.012580702
v -13.66811 -24.100796 0.013945502
v -16.356134 -24.575146 0.013759083
v -6.3889694 -3.8492882 -23.536806
v -6.323163 3.0733519 -23.416399
v -14.163628 2.6817029 -25.817879
v -14.281922 -3.8760557 -26.001919
v -19.621855 -28.237526 -3.532447
v -19.528994 -28.324656 -7.195972
v -18.827415 -31.772165 -7.120354
v -18.889614 -31.600964 -3.461759
v -15.578458 -32.300335 -3.386836
v -15.531213 -32.629036 -6.9972014
v -12.23501 -31.640427 -6.8733234
v -12.257202 -31.29044 -3.3239193
v -12.263871 -27.649141 -3.453738
v -12.879396 -23.913513 -3.5376422
v -13.66811 -24.100796 0.013945502
v -13.173238 -27.57329 0.012580702
v -12.432048 30.565002 0.124581434
v -8.648016 30.287771 -0.02811415
v -8.845973 32.525 -0.053636845
v -12.42646 32.85536 6.986963E-05
v -17.347067 29.96082 -2.5083597
v -17.430407 29.38145 -5.3063736
v -16.751211 27.016115 -4.984499
v -16.74166 27.4307 -2.247652
v -16.663832 34.251404 -1.9455934
v -15.846902 34.298786 0.067361996
v -15.529205 36.37984 0.017747961
v -16.092674 36.645805 -1.3992444
v -13.098454 26.17804 -2.2784677
v -13.215395 25.711931 -5.069111
v -9.6367235 26.080786 -5.225801
v -9.33444 26.48059 -2.4329581
v -12.470894 38.30314 -1.5294471
v -12.352728 37.86389 -0.057648882
v -8.483712 34.307434 -2.1761217
v -9.045978 34.217495 -4.269865
v -12.3884735 35.001774 0.17415994
v -8.935488 34.31863 -0.05382975
v -9.161794 36.506287 -0.073245265
v -12.352728 37.86389 -0.057648882
v -12.749583 34.755825 -5.028039
v -16.483719 34.05478 -4.0978193
v -2.2494574 -94.10385 -45.397354
v -4.4319773 -93.75325 -46.423725
v -4.201062 -96.99105 -47.546085
v -2.1400476 -98.60663 -46.6425
v -5.918544 -93.6606 -49.706352
v -4.976906 -93.25339 -53.327065
v -4.03104 -96.31238 -52.310154
v -4.807742 -97.2074 -49.677044
v -21.16295 35.308376 -107.73977
v -18.734621 35.15069 -110.26529
v -18.473524 32.4997 -109.08673
v -20.010656 32.150806 -107.00341
v -15.520691 56.90496 -70.00293
v -19.859447 -22.150694 -2.7582023
v -18.966793 -22.267794 0.01466576
v -18.404154 -19.02704 0.015939375
v -18.57508 11.000627 -50.42745
v -21.885307 -17.806664 -50.06122
v -17.595491 -17.863192 -57.78562
v -17.41955 -27.972744 -57.103043
v -21.686295 -27.02859 -48.73983
v -16.331982 -21.369928 0.015018621
v -13.69717 -21.493824 0.01496993
v -14.236226 -17.939184 0.016366903
v -16.32019 -17.482685 0.016546307
v -16.462866 -20.730787 -5.7258315
v -19.747713 -22.12569 -5.6651254
v -18.95518 -18.9535 -4.0584955
v -16.409225 -17.170359 -4.068383
v -8.212365 67.73267 -74.85874
v -7.202304 66.0759 -72.03699
v -4.059868 69.0355 -72.652336
v -4.1233764 69.89459 -75.32828
v -4.9886737 44.486664 -61.777473
v -5.4365706 40.785122 -59.62731
v -8.279827 59.246845 -90.011604
v -10.327094 51.7964 -95.44359
v -9.968246 64.57858 -75.00992
v -8.168086 67.87777 -78.06849
v -10.246868 64.13477 -77.80517
v -1.6206845 69.780075 -78.54533
v -12.741678 60.78183 -79.346596
v -17.20488 56.032433 -80.43454
v -12.596835 61.271255 -77.39427
v -9.632941 59.897938 -67.00284
v -8.76866 63.83797 -71.95217
v -10.832178 61.01218 -72.450066
v -12.55799 58.29662 -68.50724
v -13.169966 -35.900944 -55.604816
v -7.023756 -40.151882 -55.726223
v -6.837711 -39.818794 -51.374344
v -3.1348052 -44.894855 -61.18322
v -18.253046 30.63787 -66.815254
v -18.158157 37.33037 -63.712772
v -11.052011 35.330402 -106.586
v -15.584735 32.940502 -108.73041
v -14.691057 35.58101 -109.517685
v -17.996561 36.990402 -110.45691
v -14.217868 37.37796 -109.65926
v -22.416494 35.25911 -100.21327
v -20.216484 30.854937 -101.33795
v -21.130795 39.454212 -92.345856
v -21.613237 38.664097 -95.18725
v -21.647457 35.217407 -95.32595
v -21.228388 35.371563 -91.88313
v -6.1242228 62.878063 -67.24361
v -3.0834634 61.073235 -65.914185
v -2.8169749 67.37942 -68.178375
v -3.2646656 68.677765 -70.47299
v -11.324653 55.32291 -64.7001
v -7.9170876 55.609966 -64.24971
v -4.279136 55.01912 -65.20165
v -2.800121 69.187805 -80.57958
v -11.679155 61.38628 -74.647606
v -8.973807 64.21124 -72.14048
v -6.4624157 65.19842 -71.86631
v -3.8200254 68.976555 -72.531525
v -6.4624157 65.19842 -71.86631
v -3.8200254 68.976555 -72.531525
v -2.9803612 39.576668 -101.83515
v -7.8877687 39.468937 -101.39793
v -9.56944 45.98604 -98.280045
v -19.365175 28.300695 -88.856476
v -17.91833 30.286198 -93.39474
v -5.4763274 -87.78233 -54.09639
v -5.825008 -81.69476 -54.831867
v -8.47166 -35.816677 -62.002396
v -5.7575183 -40.4297 -59.470833
v -10.516316 -7.496641 -63.8158
v -4.902894 7.720925 -65.652115
v -5.13262 61.089085 -86.9145
v -5.033214 62.61656 -83.88047
v -2.1780052 -97.62193 -53.077053
v -2.216601 -99.53939 -49.6247
v -12.865491 36.313446 -57.074444
v -12.61978 37.802723 -60.80594
v -9.200263 21.020485 -24.459396
v -4.367341 49.10719 -64.388054
v -7.8684783 35.18293 -102.47126
v -22.731127 33.301216 -86.53553
v -23.890041 39.315315 -86.23378
v -4.5811386 24.037733 -96.93154
v -21.385237 49.572628 -81.28899
v -3.8092947 58.848873 -92.13071
v -20.410917 49.987133 -84.26292
v -16.469973 56.670795 -82.22527
v -15.764129 52.724022 -66.08729
v -9.130611 48.980656 -62.664112
v -9.727848 63.1953 -80.083954
v -9.210373 62.157387 -81.69292
v -12.91411 60.61411 -81.07971
v -9.075126 35.220085 -104.093605
v -18.67006 30.98529 -96.60955
v -22.761238 44.420113 -85.51239
v -5.033214 62.61656 -83.88047
v -10.863727 41.491356 -62.40804
v -8.6949 58.63577 -87.54585
v -11.605526 57.238472 -87.17764
v -10.443877 58.49351 -84.57475
v -7.178754 59.31889 -85.97781
v -6.902949 60.171276 -86.64698
v -8.868089 59.442772 -88.603615
v -12.79594 57.74193 -88.4265
v -12.39429 60.23941 -82.04689
v -9.625587 61.33329 -82.338745
v -15.980791 57.68101 -85.417496
v -14.385959 58.259087 -82.86432
v -6.21821 61.426544 -84.50239
v -6.21821 61.426544 -84.50239
v -14.309473 57.216015 -84.98512
v -12.804752 57.507435 -83.117714
v -11.723162 59.469852 -82.42048
v -9.35224 60.276054 -82.66013
v -7.108729 60.16084 -84.23276
v -9.093684 38.47476 -103.36448
v -26.801693 38.964596 -74.23347
v -22.48569 37.800995 -99.63508
v -20.808178 37.64599 -107.36791
v -11.116143 37.60531 -106.31262
v -15.191789 39.924767 -97.54387
v -17.154833 36.927017 -107.71994
v -16.251926 37.76574 -103.44861
v -12.263201 37.32892 -104.69807
v -14.55084 37.181934 -107.16814
v -2.800121 69.187805 -80.57958
v -1.6206845 69.780075 -78.54533
v -2.441185 70.5981 -79.84893
v -3.0426621 69.83609 -80.8353
v -2.800121 69.187805 -80.57958
v -7.202304 66.0759 -72.03699
v -4.059868 69.0355 -72.652336
v -8.76866 63.83797 -71.95217
v -10.832178 61.01218 -72.450066
v -8.973807 64.21124 -72.14048
v -12.128688 18.621794 -64.41311
v -11.043364 14.525396 -62.812527
v -15.362535 18.356289 -57.262657
v -15.868303 28.198954 -57.566605
v -5.6321163 38.727943 -55.530018
v -5.9447246 -44.771194 -59.199955
v -3.6496155 -39.644066 -48.314053
v -2.7039692 -88.02833 -45.51079
v -2.584783 -94.16223 -54.93458
v -6.708145 -88.16817 -50.491646
v -5.0337067 -88.092606 -46.72196
v -16.31867 -7.925444 -58.21975
v -13.788722 -37.923782 -35.509373
v -20.287989 -35.153202 -36.976658
v -17.447548 -36.111496 -46.077785
v -5.8276615 38.241936 -51.432106
v -4.7994766 -38.573696 -34.70423
v -24.00005 -16.18603 -40.98267
v -24.640766 -25.9477 -39.549603
v -13.111202 36.00247 -53.118034
v -24.195862 -26.174278 -34.44163
v -20.435541 -34.520103 -33.513474
v -14.547594 -37.496597 -32.461544
v -6.528429 -37.34825 -31.767889
v -14.917642 18.167055 -26.900154
v -9.100419 21.19297 -23.898954
v -9.284034 21.582445 -21.875637
v -14.900574 19.271572 -22.65886
v -13.619859 33.086407 -18.828915
v -13.842712 33.07759 -24.854856
v -19.520727 31.581442 -25.539377
v -21.380888 25.19034 -30.753284
v -20.923967 19.866144 -28.68317
v -20.292368 21.221552 -24.222988
v -21.104149 26.291891 -25.188509
v -22.732754 -26.921787 -26.663054
v -20.443203 -33.92439 -28.274298
v -19.897898 -33.261852 -22.213684
v -8.213069 28.060465 -22.479456
v -8.495204 33.225487 -24.170462
v -16.498604 -15.262758 -24.386293
v -16.04597 -13.906309 -27.503912
v -23.816313 -15.686221 -31.748873
v -23.411507 -16.630175 -28.257065
v -19.709919 2.7245994 -50.299774
v -20.482912 -7.3455534 -50.95412
v -5.1766586 11.772319 -67.09124
v -11.535189 -17.153465 -64.06705
v -6.3270617 -11.178502 -24.053204
v -5.7971582 -16.4587 -66.73228
v -20.163746 -11.293943 -31.411388
v -14.8469715 -10.995527 -27.132154
v -9.35224 60.276054 -82.66013
v -9.625587 61.33329 -82.338745
v -6.21821 61.426544 -84.50239
v -7.108729 60.16084 -84.23276
v -6.902949 60.171276 -86.64698
v -7.178754 59.31889 -85.97781
v -12.804752 57.507435 -83.117714
v -14.385959 58.259087 -82.86432
v -12.39429 60.23941 -82.04689
v -11.723162 59.469852 -82.42048
v -11.605526 57.238472 -87.17764
v -12.79594 57.74193 -88.4265
v -15.980791 57.68101 -85.417496
v -14.309473 57.216015 -84.98512
v -8.6949 58.63577 -87.54585
v -8.868089 59.442772 -88.603615
v -9.045978 34.217495 -4.269865
v -15.846902 34.298786 0.067361996
v -15.529205 36.37984 0.017747961
v -8.800647 36.737347 -1.5524578
v -9.161794 36.506287 -0.073245265
v -16.263817 30.578072 0.09574314
v -16.019388 32.24431 0.08113516
v -16.027527 28.51723 0.18489206
v -12.851782 27.601782 0.19296633
v -16.9961 32.105087 -2.5544994
v -9.604766 27.69143 0.119177416
v -9.604766 27.69143 0.119177416
v -9.211622 36.295906 -2.9689062
v -12.573096 37.725765 -2.9590185
v -15.890697 36.235188 -2.8799434
v -9.211622 36.295906 -2.9689062
v -16.019388 32.24431 0.08113516
v -22.847637 -18.961824 -23.124363
v -13.083546 -30.354954 0.0114875715
v -19.979992 -25.004011 -3.5663853
v -15.662024 -30.977213 0.011242959
v -13.083546 -30.354954 0.0114875715
v -18.240501 -30.726284 0.011341451
v -18.715221 -28.001453 0.012412426
v -13.178021 -21.267393 -5.6303263
v -13.863273 -18.055244 -4.079319
v -18.966793 -22.267794 0.01466576
v -18.404154 -19.02704 0.015939375
v -19.044157 -24.74207 0.013693593
v -11.4039135 -27.930326 -64.44264
v -5.8189735 -27.043983 -67.14772
v -19.044157 -24.74207 0.013693593
v -20.911211 24.668009 -33.217167
v -10.976269 -19.364143 -21.346394
v -16.750635 -17.372965 -21.240602
v -16.98863 -21.150396 -19.174877
v -15.603234 -36.6229 -28.12031
v -8.863972 -35.73309 -27.528753
v -9.488973 -27.358837 -25.143051
v -13.69717 -21.493824 0.01496993
v -19.747713 -22.12569 -5.6651254
v -14.236226 -17.939184 0.016366903
v -16.32019 -17.482685 0.016546307
v -18.240501 -30.726284 0.011341451
v -15.662024 -30.977213 0.011242959
v -18.715221 -28.001453 0.012412426
v -16.483719 34.05478 -4.0978193
v -8.935488 34.31863 -0.05382975
v -16.263817 30.578072 0.09574314
v -16.027527 28.51723 0.18489206
v -12.851782 27.601782 0.19296633
v -12.573096 37.725765 -2.9590185
v -15.890697 36.235188 -2.8799434
v -5.245514 15.008141 -68.33585
v -5.757424 17.589796 -70.39981
v -15.13729 38.801144 -98.17567
v -9.810627 38.45341 -100.98243
v -19.266691 38.415367 -94.54459
v -19.12442 37.406464 -105.562546
v -20.373001 37.49966 -99.79173
v -17.154833 36.927017 -107.71994
v -14.55084 37.181934 -107.16814
v -10.732894 37.98738 -102.46737
v -19.714956 38.149323 -96.43736
v -12.263201 37.32892 -104.69807
v -15.13729 38.801144 -98.17567
v -15.601483 38.369946 -100.3716
v -19.714956 38.149323 -96.43736
v -19.266691 38.415367 -94.54459
v -19.12442 37.406464 -105.562546
v -20.373001 37.49966 -99.79173
v -10.732894 37.98738 -102.46737
v -9.810627 38.45341 -100.98243
v -4.957943 65.71489 -71.58002
v -4.7704043 65.17499 -71.55464
v -4.5254445 65.3379 -70.42945
v -4.562114 65.7144 -70.34228
v -4.234726 64.98981 -71.63248
v -3.6934302 65.17502 -71.632355
v -3.7743242 65.33792 -70.48365
v -4.1438265 65.29504 -70.37263
v -3.511509 65.71493 -71.68438
v -3.6934323 66.2548 -71.63193
v -3.7743244 66.09101 -70.48335
v -3.7255414 65.714424 -70.40264
v -4.234726 66.44 -71.631905
v -4.7704053 66.25477 -71.55422
v -4.5254445 66.09097 -70.42915
v -4.1438274 66.1338 -70.37229
v -4.432032 65.71598 -74.36659
v -4.4161844 66.43166 -74.146675
v -3.772686 66.35472 -74.10509
v -3.702288 65.71592 -74.19846
v -4.1282725 65.714325 -70.1569
v -5.130079 65.71587 -74.09544
v -5.04704 66.35469 -74.01313
v -5.047039 65.07701 -74.013626
v -4.416183 65.000145 -74.14724
v -4.3517776 64.75876 -73.25475
v -5.08227 64.98207 -73.18724
v -4.3517795 66.67233 -73.254005
v -3.6191745 66.44901 -73.29224
v -5.0822716 66.448975 -73.18666
v -3.3974714 65.715576 -73.32324
v -3.772686 65.07705 -74.10558
v -3.619172 64.98211 -73.292816
v -5.3060856 65.71552 -73.18552
v -1.9434162 66.81806 -73.321785
v -2.1158235 66.32423 -73.34795
v -2.31352 66.470474 -74.35005
v -2.2763731 66.8185 -74.430664
v -2.6072161 66.153366 -73.28784
v -3.102193 66.32421 -73.29711
v -3.0085762 66.47046 -74.314224
v -2.6651003 66.429245 -74.41078
v -3.2710164 66.81804 -73.25337
v -3.1021914 67.3119 -73.29673
v -3.0085754 67.16645 -74.31396
v -3.0538263 66.81848 -74.39059
v -2.6072154 67.482735 -73.287315
v -2.1158226 67.31192 -73.347565
v -2.31352 67.16646 -74.34978
v -2.6650996 67.20774 -74.41048
v -2.4813995 66.81709 -70.84651
v -2.4917912 67.46634 -71.047905
v -3.073222 67.39521 -71.09918
v -3.1400957 66.817154 -71.01475
v -2.6753552 66.81857 -74.609604
v -1.8434894 66.817184 -71.08157
v -1.9187125 67.39524 -71.15868
v -1.9187131 66.2392 -71.15914
v -2.4917924 66.16801 -71.048416
v -2.5332496 65.94851 -71.85284
v -1.8702681 66.15298 -71.89981
v -2.5332477 67.68646 -71.85215
v -3.1975546 67.482 -71.83088
v -1.870267 67.48203 -71.899284
v -3.401071 66.81747 -71.80777
v -3.073222 66.239174 -71.09964
v -3.197556 66.152954 -71.831406
v -1.6654269 66.817505 -71.897224
v -8.452 66.86438 -76.10061
v -8.171186 66.36498 -76.17697
v -8.399348 66.338554 -76.707
v -8.67662 66.82241 -76.62107
v -16.073153 63.721043 -75.033066
v -19.79668 62.370182 -73.97712
v -20.100971 62.325882 -74.45607
v -16.36727 63.660736 -75.44739
v -19.79668 62.370182 -73.97712
v -20.056084 62.8555 -73.852585
v -20.364113 62.827126 -74.34017
v -20.100971 62.325882 -74.45607
v -12.369887 65.50627 -75.705734
v -8.452 66.86438 -76.10061
v -8.67662 66.82241 -76.62107
v -12.652162 65.45396 -76.132866
v -16.073153 63.721043 -75.033066
v -16.342754 64.12783 -74.92713
v -20.056084 62.8555 -73.852585
v -19.79668 62.370182 -73.97712
v -12.376611 65.03754 -76.22644
v -12.652162 65.45396 -76.132866
v -8.67662 66.82241 -76.62107
v -8.399348 66.338554 -76.707
v -20.100971 62.325882 -74.45607
v -20.364113 62.827126 -74.34017
v -16.637108 64.077835 -75.34095
v -16.36727 63.660736 -75.44739
v -16.36727 63.660736 -75.44739
v -16.637108 64.077835 -75.34095
v -12.652162 65.45396 -76.132866
v -12.376611 65.03754 -76.22644
v -8.171186 66.36498 -76.17697
v -8.452 66.86438 -76.10061
v -12.369887 65.50627 -75.705734
v -12.094543 65.09991 -75.798836
v -12.094543 65.09991 -75.798836
v -12.369887 65.50627 -75.705734
v -16.342754 64.12783 -74.92713
v -16.073153 63.721043 -75.033066
v -20.056084 62.8555 -73.852585
v -16.342754 64.12783 -74.92713
v -16.637108 64.077835 -75.34095
v -20.364113 62.827126 -74.34017
v -16.342754 64.12783 -74.92713
v -12.369887 65.50627 -75.705734
v -12.652162 65.45396 -76.132866
v -16.637108 64.077835 -75.34095
v -8.171186 66.36498 -76.17697
v -12.094543 65.09991 -75.798836
v -12.376611 65.03754 -76.22644
v -8.399348 66.338554 -76.707
v -12.094543 65.09991 -75.798836
v -16.073153 63.721043 -75.033066
v -16.36727 63.660736 -75.44739
v -12.376611 65.03754 -76.22644
v -8.750809 66.86167 -74.91437
v -8.460147 66.36986 -75.0022
v -8.73208 66.32087 -75.50948
v -9.01784 66.79755 -75.41204
v -15.205993 63.500034 -73.16406
v -18.433727 62.057243 -71.089325
v -18.856945 61.989296 -71.46378
v -15.600877 63.418278 -73.479004
v -18.433727 62.057243 -71.089325
v -18.667444 62.53704 -70.90632
v -19.097275 62.484653 -71.28832
v -18.856945 61.989296 -71.46378
v -12.400694 65.38679 -74.31697
v -8.750809 66.86167 -74.91437
v -9.01784 66.79755 -75.41204
v -12.725206 65.31306 -74.70134
v -15.205993 63.500034 -73.16406
v -15.451541 63.900524 -72.99467
v -18.667444 62.53704 -70.90632
v -18.433727 62.057243 -71.089325
v -12.449498 64.90348 -74.82211
v -12.725206 65.31306 -74.70134
v -9.01784 66.79755 -75.41204
v -8.73208 66.32087 -75.50948
v -18.856945 61.989296 -71.46378
v -19.097275 62.484653 -71.28832
v -15.846924 63.829075 -73.30925
v -15.600877 63.418278 -73.479004
v -15.600877 63.418278 -73.479004
v -15.846924 63.829075 -73.30925
v -12.725206 65.31306 -74.70134
v -12.449498 64.90348 -74.82211
v -8.460147 66.36986 -75.0022
v -8.750809 66.86167 -74.91437
v -12.400694 65.38679 -74.31697
v -12.140952 64.98724 -74.41536
v -12.140952 64.98724 -74.41536
v -12.400694 65.38679 -74.31697
v -15.451541 63.900524 -72.99467
v -15.205993 63.500034 -73.16406
v -18.667444 62.53704 -70.90632
v -15.451541 63.900524 -72.99467
v -15.846924 63.829075 -73.30925
v -19.097275 62.484653 -71.28832
v -15.451541 63.900524 -72.99467
v -12.400694 65.38679 -74.31697
v -12.725206 65.31306 -74.70134
v -15.846924 63.829075 -73.30925
v -8.460147 66.36986 -75.0022
v -12.140952 64.98724 -74.41536
v -12.449498 64.90348 -74.82211
v -8.73208 66.32087 -75.50948
v -12.140952 64.98724 -74.41536
v -15.205993 63.500034 -73.16406
v -15.600877 63.418278 -73.479004
v -12.449498 64.90348 -74.82211
v -8.776567 66.49159 -77.19926
v -8.467912 66.01665 -77.20659
v -8.565989 65.97178 -77.771996
v -8.872208 66.43152 -77.7543
v -15.708611 62.73981 -77.69757
v -19.218033 61.09107 -77.42187
v -19.394596 61.022205 -77.95297
v -15.887867 62.655823 -78.16312
v -19.218033 61.09107 -77.42187
v -19.515938 61.55372 -77.36272
v -19.69533 61.500427 -77.90333
v -19.394596 61.022205 -77.95297
v -12.327986 64.81984 -77.61028
v -8.776567 66.49159 -77.19926
v -8.872208 66.43152 -77.7543
v -12.494434 64.74478 -78.086
v -15.708611 62.73981 -77.69757
v -16.006187 63.123363 -77.65741
v -19.515938 61.55372 -77.36272
v -19.218033 61.09107 -77.42187
v -12.193232 64.352104 -78.112686
v -12.494434 64.74478 -78.086
v -8.872208 66.43152 -77.7543
v -8.565989 65.97178 -77.771996
v -19.394596 61.022205 -77.95297
v -19.69533 61.500427 -77.90333
v -16.186533 63.049625 -78.12267
v -15.887867 62.655823 -78.16312
v -15.887867 62.655823 -78.16312
v -16.186533 63.049625 -78.12267
v -12.494434 64.74478 -78.086
v -12.193232 64.352104 -78.112686
v -8.467912 66.01665 -77.20659
v -8.776567 66.49159 -77.19926
v -12.327986 64.81984 -77.61028
v -12.027816 64.43717 -77.63672
v -12.027816 64.43717 -77.63672
v -12.327986 64.81984 -77.61028
v -16.006187 63.123363 -77.65741
v -15.708611 62.73981 -77.69757
v -19.515938 61.55372 -77.36272
v -16.006187 63.123363 -77.65741
v -16.186533 63.049625 -78.12267
v -19.69533 61.500427 -77.90333
v -16.006187 63.123363 -77.65741
v -12.327986 64.81984 -77.61028
v -12.494434 64.74478 -78.086
v -16.186533 63.049625 -78.12267
v -8.467912 66.01665 -77.20659
v -12.027816 64.43717 -77.63672
v -12.193232 64.352104 -78.112686
v -8.565989 65.97178 -77.771996
v -12.027816 64.43717 -77.63672
v -15.708611 62.73981 -77.69757
v -15.887867 62.655823 -78.16312
v -12.193232 64.352104 -78.112686
v -9.455137 60.649803 -84.19845
v -7.656445 60.746025 -84.27099
v -7.4754953 60.44914 -85.517784
v -9.321485 60.45125 -85.536316
v -4.982803 60.165295 -83.194534
v -4.562254 59.657288 -85.180595
v -6.8513527 60.491653 -85.49038
v -7.1026316 60.853256 -84.17327
v -5.184376 58.789284 -86.9879
v -6.4229198 57.992195 -88.2764
v -7.9331694 59.4023 -87.80832
v -7.1249204 59.874268 -86.94571
v -7.7436914 57.28029 -89.08964
v -9.468294 56.594284 -89.60164
v -10.266508 58.406918 -88.660416
v -8.869168 58.889812 -88.40643
v -11.495413 56.005173 -89.19958
v -13.3535185 55.739353 -88.29536
v -12.744392 58.01801 -87.5673
v -11.601992 58.0278 -88.400696
v -14.430019 55.962803 -86.40607
v -14.983491 56.39585 -84.44974
v -13.818405 58.48579 -85.08611
v -13.580156 58.13218 -86.36499
v -14.614953 57.267284 -82.39928
v -13.561499 58.09949 -80.85087
v -12.87675 59.52745 -82.72896
v -13.738805 59.029026 -83.62076
v -11.861994 59.042477 -80.02802
v -9.920548 59.85229 -79.606865
v -10.471043 60.532784 -81.87661
v -11.812095 60.10618 -82.07333
v -9.371616 59.860493 -86.701996
v -7.6460223 59.89326 -86.844025
v -8.420157 59.319637 -87.826126
v -9.215191 58.989365 -88.19952
v -11.579939 59.219784 -86.59521
v -11.425316 58.328346 -88.12855
v -12.277441 58.20522 -87.6459
v -13.15807 58.40641 -86.35151
v -11.667172 60.021515 -84.064964
v -13.252173 59.242176 -83.75572
v -12.416876 59.730255 -82.760284
v -11.624628 60.16015 -82.3474
v -7.9746094 60.25226 -80.23195
v -6.126523 60.352604 -81.35921
v -8.010541 60.912914 -83.028336
v -9.184899 60.89399 -82.165634
v -7.656445 60.746025 -84.27099
v -7.1026316 60.853256 -84.17327
v -6.8513527 60.491653 -85.49038
v -7.4754953 60.44914 -85.517784
v -9.406021 60.7928 -82.479355
v -9.184899 60.89399 -82.165634
v -8.010541 60.912914 -83.028336
v -8.514173 60.838104 -82.98603
v -7.6460223 59.89326 -86.844025
v -7.1249204 59.874268 -86.94571
v -7.9331694 59.4023 -87.80832
v -8.420157 59.319637 -87.826126
v -9.215191 58.989365 -88.19952
v -8.869168 58.889812 -88.40643
v -10.266508 58.406918 -88.660416
v -10.34353 58.710926 -88.26698
v -11.425316 58.328346 -88.12855
v -11.601992 58.0278 -88.400696
v -12.744392 58.01801 -87.5673
v -12.277441 58.20522 -87.6459
v -13.15807 58.40641 -86.35151
v -13.580156 58.13218 -86.36499
v -13.818405 58.48579 -85.08611
v -13.349729 58.77577 -85.17176
v -13.252173 59.242176 -83.75572
v -13.738805 59.029026 -83.62076
v -12.87675 59.52745 -82.72896
v -12.416876 59.730255 -82.760284
v -11.624628 60.16015 -82.3474
v -11.812095 60.10618 -82.07333
v -10.471043 60.532784 -81.87661
v -10.499077 60.538197 -82.24042
v -10.532264 59.705276 -86.739555
v -10.34353 58.710926 -88.26698
v -10.600343 60.505016 -84.101906
v -10.607613 60.21097 -85.55244
v -10.499077 60.538197 -82.24042
v -11.8035145 59.74845 -85.38486
v -9.406021 60.7928 -82.479355
v -13.349729 58.77577 -85.17176
v -8.514173 60.838104 -82.98603
# 1810 vertices

vn -0.7063969 0.54287976 0.4541861
vn -0.9848927 0.07019354 0.1583014
vn -0.68174946 0.7040118 0.19896004
vn -0.96836954 0.040676706 0.24618268
vn -0.022126405 -0.14375328 -0.9893663
vn 0.10657249 0.96449673 -0.24163698
vn 0.075107045 -0.34629688 -0.9351136
vn 0.09964358 0.09980386 0.99000525
vn -0.038941745 0.13963054 0.9894377
vn -0.16376376 -0.062786974 -0.9844995
vn -0.32512197 0.12466912 0.9374185
vn -0.7998195 0.5955243 0.07509791
vn 0.023591142 0.14378269 0.9893281
vn -0.009155798 -0.46018776 -0.88777447
vn 0.6702961 0.73884577 0.06935562
vn 0.97882515 0.09166719 0.18302597
vn 0.98376054 0.1195527 0.13387431
vn 0.8799743 0.42759115 0.20690845
vn 0.97761613 -0.18132499 0.10671483
vn 0.9674277 -0.21085109 0.14009176
vn 0.6565206 0.75238955 0.05376464
vn -0.9983121 -0.04228468 0.039810885
vn -0.6547626 0.7539909 0.052759122
vn -0.99626344 -0.0305813 0.08077188
vn -0.9983886 -0.05213474 0.022410754
vn -0.6766179 0.7363119 0.0057523665
vn 0.9849662 0.114150696 0.12965855
vn -0.99036 0.093652084 0.10206059
vn 0.8760138 0.27365932 0.39712766
vn 0.961572 -0.22090183 0.16303891
vn 0.7063969 0.54287976 0.4541861
vn 0.68174946 0.7040118 0.19896004
vn 0.9848927 0.07019354 0.1583014
vn 0.96836954 0.040676706 0.24618268
vn -0.005401896 -0.1378932 -0.9904324
vn -0.12015269 -0.2897695 -0.9495247
vn -0.13205503 0.08283671 0.9877751
vn -0.0071109137 0.12574492 0.99203724
vn 0.15055245 -0.07182154 -0.98598975
vn 0.32948205 0.1438351 0.9331416
vn 0.7998195 0.5955243 0.07509791
vn -0.6702961 0.73884577 0.06935562
vn -0.98376054 0.1195527 0.13387431
vn -0.97882515 0.09166719 0.18302597
vn -0.8799743 0.42759115 0.20690845
vn -0.9674277 -0.21085109 0.14009176
vn -0.97761613 -0.18132499 0.10671483
vn -0.6565206 0.75238955 0.05376464
vn 0.9983121 -0.04228468 0.039810885
vn 0.99626344 -0.0305813 0.08077188
vn 0.6547626 0.7539909 0.052759122
vn 0.6766179 0.7363119 0.0057523665
vn 0.9983886 -0.05213474 0.022410754
vn -0.9849662 0.114150696 0.12965855
vn 0.99036 0.093652084 0.10206059
vn -0.8760138 0.27365932 0.39712766
vn -0.961572 -0.22090183 0.16303891
vn 0.99663323 0.08167207 -0.0072009414
vn 0.99750704 0.051138103 -0.04862687
vn 0.8599658 0.01597463 0.51010174
vn 0.83880603 -0.0066533876 0.5443897
vn 0.6497566 -0.060924012 -0.7576969
vn 0.82880676 0.011817101 -0.5594102
vn 0.79654187 0.08806831 -0.59813476
vn 0.5917575 0.05589059 -0.8041762
vn 0.37325022 0.07638677 -0.9245807
vn -1.0644102E-17 0.07079969 -0.99749064
vn -1.06639215E-17 0.035916638 -0.99935484
vn 0.39525586 0.038540367 -0.9177623
vn 0.99542946 0.06326293 -0.07154156
vn 0.8546984 0.12749581 0.5032251
vn 0.9044691 0.023790257 0.42587528
vn 0.45724356 -0.03868171 0.8884999
vn 0.48694095 0.14459927 0.8613823
vn 0.30845445 0.11593645 0.9441475
vn 0.19563171 0.30565554 0.93182766
vn 9.949244E-18 0.36128002 0.9324574
vn 1.0617734E-17 0.09934534 0.99505305
vn 0.8966509 0.3902078 -0.20917712
vn 0.8636916 0.49837664 -0.07521694
vn 0.99101025 0.047719672 -0.124986745
vn 0.9457563 0.021490768 -0.32416543
vn -0.9974113 -0.049521785 0.052136954
vn -0.66708195 0.74437445 0.030140018
vn -0.27558798 0.8993578 0.3394213
vn -0.7193974 0.40162295 0.5667154
vn 0.0063479855 0.6260383 0.77976644
vn 8.123286E-18 0.64828783 0.76139545
vn 0.50485563 0.8631844 0.005802245
vn 0.3890618 0.91379786 0.1166382
vn -0.5316798 -0.28210023 0.7985839
vn -0.3965957 0.26452982 0.87905407
vn 0.17630892 -0.0023400658 0.98433214
vn -0.03125125 -0.4679867 0.88318276
vn 0.2204973 0.9633223 0.15294135
vn 0.12958466 0.91884875 0.3727263
vn 5.3741697E-18 0.8638166 0.50380635
vn -0.9937557 -0.09269194 -0.06211183
vn -0.80357516 0.5046703 -0.31555513
vn 0.78538316 -0.5653162 0.2521723
vn 0.7903958 -0.5462567 0.27726924
vn 0.1719732 0.984367 -0.038036264
vn 0.7491759 0.65798515 -0.07609949
vn 0.8110851 0.57871294 -0.085043944
vn 0.26624972 0.96363556 0.022749301
vn 0.17752992 0.96221846 0.20644349
vn 0.15757088 0.87147665 -0.46443516
vn 0.95613503 0.27937657 -0.08806008
vn 0.051332455 -0.9394074 0.33893776
vn 0.06885199 -0.9571411 0.28131884
vn -0.73216933 -0.65786207 0.17648147
vn -0.74512804 -0.6289978 0.22168897
vn -0.99272144 -0.11994387 0.010848139
vn -0.6957789 -0.050455306 0.71648175
vn -0.6544213 0.02979492 0.755543
vn -0.99409646 0.09557528 -0.05135649
vn 0.165414 0.9844035 0.059899297
vn 0.8327761 0.5387045 0.12759866
vn 0.6937988 0.5559698 -0.4577565
vn 0.11783625 0.8318728 -0.54231197
vn 0.14752814 -0.9684727 0.20073867
vn 0.093539834 -0.97314113 0.21034925
vn -0.7534314 -0.607861 0.2506913
vn -0.71927273 -0.62938774 0.29413933
vn 0.7485206 -0.58929795 0.3040476
vn 0.1006208 0.99491423 0.004602609
vn 0.092473954 0.8911596 -0.44416568
vn 0.8314695 0.53792787 -0.13889587
vn 0.07339798 -0.953739 0.29153857
vn -0.68925107 -0.6998539 0.18745005
vn 0.75665075 -0.63853765 0.14053196
vn 0.7530965 -0.63791853 0.16095273
vn -0.99058914 0.10382148 0.08918712
vn -0.740145 0.66723305 0.08357889
vn -0.60459274 0.61916447 -0.5011018
vn -0.7209211 0.3692364 -0.58646166
vn 0.052980967 -0.9818371 0.18217875
vn -0.7952352 -0.5787125 0.18081166
vn -0.9947592 0.09425691 0.03961989
vn -0.8290288 0.5350689 -0.16251914
vn 0.026978968 -0.9938693 0.1072201
vn 0.009918617 -0.999443 0.03186562
vn 0.2856613 -0.9555942 -0.07237075
vn 0.24464116 -0.9695945 0.0061195195
vn 0.5756505 0.3265434 -0.74966395
vn 0.5774341 0.43594107 -0.69030803
vn 0.78757876 0.42286727 -0.4482221
vn 0.77832514 0.3314929 -0.53321916
vn 0.3289997 -0.42697188 -0.84229106
vn 0.4205839 -0.32054445 -0.84874046
vn -1.01686355E-17 -0.30295134 -0.9530061
vn -9.803802E-18 -0.39464453 -0.9188339
vn 0.8519375 -0.032647077 0.52262485
vn 0.7702283 0.013269152 0.6376303
vn 0.99973834 -0.008034891 0.021421116
vn 0.99833554 -0.011452907 -0.056525577
vn 0.44209856 -0.03209207 0.89639217
vn 0.42849153 0.021527374 0.9032894
vn 0.40324274 -0.06998689 -0.91241276
vn -1.0645374E-17 -0.0687033 -0.99763715
vn -1.062655E-17 -0.090708464 -0.9958775
vn 0.3959553 -0.0792649 -0.9148424
vn 0.7351052 0.040049303 0.67676914
vn 0.7243146 0.06589612 0.68631345
vn 0.9971253 0.0017708672 0.07574951
vn 0.997669 0.00012577685 0.06824074
vn 0.41563967 0.04673401 0.90832794
vn 0.39214623 0.07465682 0.91686845
vn 0.8166016 -0.05104627 -0.57494026
vn 0.804194 -0.045943417 -0.59258854
vn 0.4327636 -0.13176756 -0.8918257
vn -0.0008545308 -0.14234817 -0.9898163
vn -0.00012207442 -0.102792494 -0.9947028
vn 0.42226732 -0.10185572 -0.9007306
vn 0.72169036 0.08561142 0.68690157
vn 0.72857964 0.052529447 0.68294394
vn 0.99878794 -0.03831321 0.030900462
vn 0.9984982 -0.00044879876 0.05478188
vn 0.3509404 0.101263136 0.93090636
vn 0.32621577 0.091980256 0.94080967
vn 0.8164328 -0.08919854 -0.5705095
vn 0.8226782 -0.07101037 -0.56405514
vn 0.4437174 -0.16677664 -0.8805115
vn -0.00567651 -0.17622589 -0.98433346
vn -0.00076297455 -0.14610234 -0.98926926
vn 0.4405723 -0.13713945 -0.8871803
vn 0.62134033 -0.6338859 -0.46057022
vn 0.36360818 -0.6810961 -0.6355291
vn -0.013794571 -0.69313824 -0.72067267
vn 0.42763355 -0.7560685 -0.4954695
vn -0.42074367 -0.7690583 -0.4811696
vn 0.097874366 -0.9608493 -0.25920913
vn 0.11804937 -0.9736476 -0.19512749
vn -0.45299876 -0.7787139 -0.43404713
vn 0.07705953 -0.062202636 -0.99508435
vn 0.14993867 -0.39684585 -0.90555614
vn -9.9844745E-18 -0.35264465 -0.9357573
vn -1.0655544E-17 -0.053138696 -0.99858725
vn 0.65042526 -0.71282554 -0.26234856
vn 0.626163 -0.77800655 -0.051242348
vn 0.39341787 -0.9193465 -0.0049391235
vn 0.4177842 -0.85409427 -0.30980545
vn 0.20771652 -0.8969098 -0.39039323
vn 0.1945595 -0.9808837 -0.0037120734
vn -1.9682171E-20 -0.999998 -0.0020410467
vn -4.3266447E-18 -0.9140294 -0.4056481
vn 0.58633494 -0.74299484 0.32275382
vn 0.63485044 -0.7679455 0.08499803
vn 0.31398305 -0.9334576 -0.17341155
vn -3.086708E-18 -0.9571911 -0.28945678
vn -6.7066117E-18 0.7779288 -0.62835246
vn -8.023167E-18 0.6594416 -0.75175583
vn 0.43065783 0.6338637 -0.6424569
vn 0.35017905 0.7486473 -0.5629404
vn 0.99695647 0.069627084 -0.03506922
vn 0.81291497 -0.52294093 -0.25632438
vn 0.85435957 -0.31027135 0.41689494
vn 0.56452054 0.091144755 0.82037145
vn 0.5224233 0.33051652 0.7860234
vn 0.26939327 0.23231135 0.9345903
vn 0.32561108 0.10647909 0.93948907
vn 0.7706412 0.61899257 0.15152712
vn 0.7680142 0.63480103 -0.084746346
vn 0.6388635 0.7521187 0.16177398
vn 0.6253051 0.73662907 0.2576263
vn 0.9145945 -0.35989192 0.18437667
vn 0.26771548 -0.7107455 0.6505147
vn 0.5277746 0.6284696 -0.57138425
vn 0.78156406 0.55708426 -0.28074008
vn 0.1863213 0.33232355 -0.92457855
vn -1.01099975E-17 0.32008627 -0.9473884
vn -9.111591E-18 0.52062714 -0.8537841
vn 0.21177638 0.50549126 -0.8364386
vn 0.79328954 -0.54722923 -0.26689318
vn 0.90754795 -0.31228372 -0.28077683
vn 0.9225999 -0.3399139 -0.18239515
vn 0.79096895 -0.5993815 -0.12292319
vn 0.94836736 0.31242856 0.054659627
vn 0.8689358 0.48646694 0.09110717
vn 0.7725822 0.4360842 0.46146232
vn 0.84102166 0.23352538 0.48800462
vn 0.66071284 0.60175633 0.448718
vn 0.60071945 -0.50900584 0.61648124
vn 0.8346725 -0.36877295 0.40905795
vn 0.87508506 -0.057534963 0.48053715
vn 0.572022 -0.18446717 0.7992263
vn 0.7120357 -0.65293056 0.25823823
vn 0.9074103 -0.4149574 0.06645909
vn 0.93050885 0.31564462 -0.18580073
vn 0.8566606 0.49001104 -0.16131254
vn 0.9075248 0.3269359 -0.2636507
vn 0.97940946 0.026996214 -0.20007068
vn 0.9586425 0.037924305 -0.28207523
vn 1.0670731E-17 -0.00039299985 0.99999994
vn 1.0670731E-17 -0.00039299985 0.99999994
vn -0.5996095 0.041405573 0.79922104
vn -0.6267457 0.056155387 0.7771977
vn 0.30198342 -0.042093474 0.95238346
vn 0.46379876 -0.05635002 0.8841467
vn 0.4591285 0.009264389 0.8883215
vn 0.2881615 0.011617712 0.9575114
vn 0.98124 -0.15361631 0.11649088
vn 0.6993709 -0.69357926 0.17270851
vn 0.7266539 -0.6824935 0.0785925
vn 0.98470706 -0.16872808 0.043393258
vn -0.03796593 -0.97809994 0.20464386
vn -0.79196984 -0.5770719 0.19942898
vn -0.8013214 -0.58794165 0.1104939
vn 0.00061038585 -0.99308294 0.11741419
vn -0.99028146 0.090752706 0.10538737
vn -0.6267457 0.056155387 0.7771977
vn -0.5996095 0.041405573 0.79922104
vn -0.99266446 0.09403003 0.075999014
vn -0.017457085 0.03281236 0.99930906
vn -0.018036501 -0.006221984 0.99981797
vn -0.6544213 0.02979492 0.755543
vn -0.6957789 -0.050455306 0.71648175
vn 0.9825956 -0.012921403 0.18530743
vn 0.717358 -0.6288782 0.2998499
vn 0.7344768 -0.63455975 0.24057823
vn 0.9932089 0.014329054 0.11545885
vn 0.9742598 0.18211602 0.13285999
vn 0.7722647 0.62973636 0.083901376
vn 0.51489985 0.4290306 0.74216646
vn 0.5687568 0.062364247 0.820138
vn 0.11258631 -0.94198555 0.31620824
vn -0.61315876 -0.76004016 0.21534912
vn -0.66021466 -0.7406505 0.124714226
vn 0.09696005 -0.962589 0.25302407
vn 0.014099847 0.9991513 -0.03870237
vn -0.013367324 0.6966807 0.7172568
vn -0.9919708 0.123217866 -0.028487183
vn -0.6899553 0.42112643 -0.58873963
vn -0.016022613 0.013096601 0.9997859
vn -0.013367324 0.6966807 0.7172568
vn -0.58322847 0.43289378 0.6873482
vn -0.6520446 0.029092332 0.7576223
vn 0.027619839 0.5784144 -0.8152753
vn 0.7401403 0.45477125 -0.495354
vn 0.37605482 -0.13015775 0.9174104
vn 0.4933774 -0.60593426 0.62403727
vn 0.735246 -0.44017217 0.515424
vn 0.71179813 -0.14767738 0.68668395
vn 0.9764411 -0.20861599 0.055156596
vn 0.8420375 -0.53875315 -0.02679436
vn 0.7270322 -0.4852501 -0.48575374
vn 0.7977212 -0.26155308 -0.54335165
vn 0.88488644 -0.11253141 -0.45200962
vn 0.6785132 -0.6516448 -0.33908546
vn 0.25148112 -0.65357035 -0.713865
vn 0.35139656 -0.16911052 -0.9208269
vn 0.6072422 0.6717153 0.42432946
vn 0.9849219 0.1149768 0.12926431
vn 0.5531934 0.3489049 0.7564672
vn 0.6054104 0.043788 0.7947081
vn 0.9233107 0.04818766 -0.3810188
vn 0.92961764 0.026604682 -0.3675639
vn 0.90361285 -0.26370597 -0.33755463
vn 0.8098943 -0.2689461 -0.5212862
vn 0.81187314 0.017137015 -0.58358246
vn 1.0670731E-17 -0.00039299985 0.99999994
vn 0.1212237 0.665098 0.7368511
vn -0.50922203 0.48257294 0.7126123
vn -0.6244214 0.037109837 0.7802057
vn 0.070652984 0.46790725 -0.88094896
vn 0.11783625 0.8318728 -0.54231197
vn 0.6937988 0.5559698 -0.4577565
vn 0.7667034 0.35472134 -0.53510636
vn 0.6588446 0.7235556 0.205891
vn 0.32011643 0.93456054 0.15531354
vn 0.010590119 0.5582036 0.8296364
vn 0.27357656 0.39109746 0.8787484
vn 0.11542201 0.45032284 0.8853741
vn 8.8811E-18 0.554183 0.832395
vn 6.7998027E-18 0.77054137 0.63739014
vn 0.30757436 0.7216619 0.6201629
vn 0.3717517 0.47744665 -0.7961441
vn 0.35688883 0.79374796 -0.49253896
vn 0.829959 0.50975823 0.22652784
vn 0.7909121 0.57263005 -0.21576124
vn 0.6252751 0.7113735 -0.32090333
vn 0.57012796 0.82006025 0.04954965
vn 0.6715392 0.7119964 -0.20517385
vn 0.73081636 0.6794475 -0.065258026
vn 0.7666811 0.62329984 -0.15393971
vn 0.49779952 0.5888935 0.63671046
vn 0.5888071 0.6587868 0.46830153
vn 0.65744716 0.66728944 0.34998313
vn 0.5165104 0.6439067 -0.5644476
vn 0.6599159 -0.66475296 -0.3501635
vn 0.69387937 -0.6856952 0.21989438
vn 0.86143774 -0.47160172 -0.1884589
vn 0.43083897 -0.08458174 -0.8984564
vn -1.0602125E-17 -0.1130184 -0.993593
vn 0.5283203 -0.47900194 0.7010242
vn 0.45910078 -0.14323561 0.8767612
vn -0.71772707 -0.24594483 -0.65144384
vn -0.42757565 -0.2589823 -0.8660874
vn -0.3073588 -0.60423535 -0.73513967
vn -0.3324738 0.6553566 -0.6782101
vn 0.13403884 0.57791644 -0.8050131
vn 0.9741447 -0.22563352 0.011478132
vn 0.6559539 -0.75467885 -0.013572537
vn 0.8610643 0.2896069 -0.4179666
vn 0.94963294 -0.2602901 -0.17448857
vn 0.9405907 -0.30106905 0.15699267
vn 0.6604034 0.74847484 -0.060438912
vn 0.41472462 0.5356271 0.7355998
vn 0.38573438 0.81054354 0.44071317
vn 0.24326761 0.5742146 0.7817279
vn 0.09628657 0.2788403 0.95549834
vn 0.3444403 0.44159326 0.82846624
vn 0.008056945 0.29702982 0.9548342
vn -0.06781329 0.16871953 0.9833286
vn 0.64142084 0.43487158 -0.6320332
vn 0.7260485 0.6501818 0.22386871
vn 0.50234413 0.3170213 0.8044551
vn 0.6716686 0.5294693 -0.5181926
vn 0.593661 0.5841733 -0.5534512
vn 1.0414267E-17 0.21773268 0.9760085
vn 1.0585521E-17 0.12592831 0.99203944
vn 0.6716686 0.5294693 -0.5181926
vn 0.593661 0.5841733 -0.5534512
vn 0.36501294 0.33730662 -0.86774987
vn 0.1430753 0.43470266 -0.88913625
vn 0.11026581 0.21557207 -0.97024226
vn 0.7554067 -0.59721226 -0.26962608
vn 0.7767377 -0.5174602 -0.35904512
vn 0.81017846 -0.14770652 -0.5672685
vn 0.81111044 -0.10747654 -0.57493365
vn 0.71314776 -0.37729335 -0.5908215
vn 0.5614689 -0.53689736 -0.6296776
vn 0.57281256 0.090259895 -0.81470186
vn -1.0486608E-17 -0.18477198 -0.9827814
vn 0.4200372 -0.13335231 -0.89765584
vn 0.5781859 0.6096812 -0.54220843
vn 0.46258318 0.7998817 -0.38236895
vn 0.504336 -0.6119528 -0.60922813
vn 0.5447647 -0.83622724 -0.06289265
vn -8.0483304E-19 -0.99713665 -0.075620346
vn -7.425892E-18 -0.71799016 -0.6960534
vn -0.00088505336 -0.14330982 0.98967755
vn 7.712454E-18 -0.6912337 0.72263134
vn 1.0666391E-17 -0.028714757 0.99958766
vn 1.0669814E-17 0.012913145 0.9999167
vn 0.7325911 0.6683579 0.12887202
vn 0.60999227 0.4457844 0.6551227
vn 1.06221364E-17 0.0951322 0.99546474
vn -0.0005188275 0.09836926 0.9951499
vn -0.0013733638 0.048529737 0.9988208
vn -0.00018311154 0.07239488 0.9973761
vn 1.0666684E-17 -0.027738063 0.9996153
vn -0.00018311621 0.025609633 0.99967206
vn 1.2530132E-18 -0.9931049 0.117230065
vn 3.9488217E-19 -0.9993223 0.03680969
vn -0.40874085 -0.60939556 0.6793879
vn 2.2084238E-18 0.9783085 0.20715316
vn 9.529467E-18 -0.45013857 0.8929588
vn 1.0490713E-17 -0.1831029 0.9830938
vn -0.06158716 0.26623514 0.9619386
vn 1.0154016E-17 0.3072253 0.95163685
vn -0.37673023 -0.20021741 -0.9044266
vn 0.93158203 0.06627441 -0.35743904
vn 0.89023167 -0.2980735 -0.34444138
vn 0.21037096 -0.6570753 -0.72387576
vn 0.83992404 0.49008042 -0.23312813
vn -7.439572E-18 0.7170193 -0.6970533
vn 0.20508704 0.7214523 -0.661397
vn 0.7780677 0.6228769 -0.0814563
vn 0.85466176 0.46050802 -0.23976156
vn 0.50816935 0.5364397 0.6737924
vn -0.013581122 0.18645357 0.98236996
vn 0.60773367 0.61906886 -0.4974068
vn 0.5947065 0.74050003 -0.31302407
vn 0.4659683 0.66887444 -0.57920676
vn -0.7785812 -0.23574768 -0.5815794
vn 0.65729487 -0.7516213 0.055036165
vn 0.8802603 0.3374579 -0.33356246
vn 0.5781859 0.6096812 -0.54220843
vn 0.22270025 0.29353675 0.92964554
vn 0.5050347 0.8113031 0.29449517
vn 0.68551207 0.7266691 -0.04500424
vn 0.38662 0.85193586 -0.35317168
vn 0.2060634 0.9567776 0.20521869
vn 0.64777756 0.7618294 -0.00058566825
vn 0.46059042 0.88382417 0.08192422
vn 0.35258842 0.929353 -0.1094734
vn 0.3397759 0.5874573 -0.73447007
vn 0.39156362 0.5316376 -0.7510256
vn 0.45231915 0.8775087 -0.15932952
vn 0.31880257 0.8010511 -0.5066381
vn 0.5900993 0.653431 -0.4741422
vn 0.5900993 0.653431 -0.4741422
vn 0.12711337 0.80487233 -0.5796748
vn -0.13361199 0.98318666 -0.12446667
vn 0.42055225 0.4623039 -0.78064775
vn 0.24702433 0.46877617 -0.84807307
vn 0.6531994 0.53508765 -0.5357349
vn -8.352205E-18 -0.62221897 -0.7828433
vn -0.34587467 0.7790569 -0.5229159
vn 0.9993702 0.035281286 -0.003800991
vn 0.7189163 0.6932389 -0.050786607
vn 0.5559983 0.7603951 -0.33565626
vn -0.43755487 0.73840207 -0.5131357
vn -1.0490713E-17 0.1831029 -0.9830938
vn 0.5444864 0.3497402 -0.7623755
vn -0.02011201 0.99917495 -0.035284016
vn 0.07232915 0.9971138 -0.023076959
vn 0.12494628 0.98688394 -0.10221826
vn 0.04837257 0.9868611 -0.15416025
vn -1.066845E-17 0.020870918 -0.9997822
vn 0.64142084 0.43487158 -0.6320332
vn 0.00033571388 0.9999032 0.013913077
vn 0.009796615 0.6854464 0.72805715
vn 0.57012796 0.82006025 0.04954965
vn 0.64142084 0.43487158 -0.6320332
vn 0.8759026 0.16290717 -0.45415407
vn 0.7267243 0.6696848 0.152951
vn 1.158163E-18 0.9940712 0.108731814
vn -0.02304227 0.49427018 -0.869003
vn 0.002227899 0.96038973 0.2786512
vn 8.321253E-18 0.6258502 0.7799434
vn 0.27357656 0.39109746 0.8787484
vn 0.010590119 0.5582036 0.8296364
vn 0.5165104 0.6439067 -0.5644476
vn 0.65744716 0.66728944 0.34998313
vn 0.009796615 0.6854464 0.72805715
vn -0.02304227 0.49427018 -0.869003
vn 0.50234413 0.3170213 0.8044551
vn 0.8264622 -0.35724038 -0.4351318
vn 0.9740137 0.116384245 -0.19429922
vn 0.89560145 -0.07020346 -0.4392831
vn 0.7430796 -0.19632228 -0.63975805
vn 0.30721116 0.9201036 0.2429626
vn 0.80516434 -0.029187974 -0.59233314
vn 6.9200003E-18 -0.7613397 0.64835334
vn 0.28037736 -0.77369493 0.56814146
vn -0.005096623 0.05448022 0.9985019
vn 0.33094832 0.03979252 0.9428095
vn 0.46017087 -0.31860164 -0.8286953
vn 0.99433744 -0.09615244 0.045252316
vn 0.72491455 -0.011349024 0.6887453
vn -0.00082401343 -0.35279834 -0.9356991
vn 0.7863558 0.09152281 -0.6109569
vn 0.6574805 -0.72466433 -0.20635211
vn 0.7118687 -0.7019101 -0.023775917
vn 0.2587123 -0.9576849 0.12612621
vn 1.2268865E-18 0.9933456 0.115172036
vn 0.2606607 0.96142846 0.087814085
vn 6.1826473E-18 -0.81515545 0.5792422
vn 0.039919663 -0.9197097 0.39056438
vn 0.98720986 0.13758245 -0.08054758
vn 0.97881716 -0.17779647 -0.10151626
vn 0.63158983 0.7748564 -0.026308017
vn 0.97509646 -0.20003162 0.09578299
vn 0.73429674 -0.67359626 0.08412143
vn 0.23283051 -0.9549247 0.18414344
vn -0.29680246 -0.77181584 0.5623243
vn -0.018402936 -0.97279125 0.23095146
vn 0.03683656 -0.948261 0.3153475
vn -0.75092345 -0.6229209 0.21927941
vn -0.793777 -0.5890825 0.15132743
vn 0.118048735 0.9930066 0.001580505
vn 0.7056049 0.7066832 0.052160446
vn 0.14713342 0.98893934 0.01873074
vn 0.99795306 0.055893198 -0.03107728
vn 0.9894946 0.0864765 0.11585449
vn 0.78215295 -0.5642868 0.26422945
vn 0.7928652 -0.591403 0.1469935
vn 0.7501325 -0.64163846 0.16000439
vn 0.7511482 -0.6482852 0.124509335
vn 0.96815497 -0.20608978 0.14213765
vn -0.6726789 0.73545605 0.08128762
vn -0.9947349 -0.024240667 0.09957384
vn 0.08319598 0.8529683 0.5152897
vn 0.8007955 0.5222529 0.29322094
vn 0.9175145 0.3406416 0.20525695
vn 0.3618063 0.53815293 0.76124096
vn 0.92242384 0.0919198 -0.3750801
vn 0.92233366 0.09814216 -0.37372297
vn 0.44939527 -0.29909316 -0.84177625
vn 0.5946914 0.039196666 -0.80299807
vn 1.0662745E-17 -0.038877398 0.99924403
vn 0.32572916 -0.04688205 0.94430006
vn -1.000977E-17 -0.3462926 -0.93812656
vn 0.3455079 0.038486972 -0.9376263
vn 0.81946373 0.1642202 0.5491001
vn 0.4605013 0.0045952345 0.88764715
vn -1.0666764E-17 0.027463593 -0.9996228
vn 0.42055225 0.4623039 -0.78064775
vn 0.6531994 0.53508765 -0.5357349
vn 0.5900993 0.653431 -0.4741422
vn 0.39156362 0.5316376 -0.7510256
vn 0.68551207 0.7266691 -0.04500424
vn 0.64777756 0.7618294 -0.00058566825
vn 0.12711337 0.80487233 -0.5796748
vn 0.24702433 0.46877617 -0.84807307
vn 0.3397759 0.5874573 -0.73447007
vn 0.31880257 0.8010511 -0.5066381
vn 0.2060634 0.9567776 0.20521869
vn -0.13361199 0.98318666 -0.12446667
vn 0.45231915 0.8775087 -0.15932952
vn 0.35258842 0.929353 -0.1094734
vn 0.5050347 0.8113031 0.29449517
vn 0.46059042 0.88382417 0.08192422
vn -9.800877E-18 0.3956427 -0.9184045
vn 1.5532136E-18 0.9893211 0.14575277
vn 1.158163E-18 0.9940712 0.108731814
vn -1.066845E-17 0.020870918 -0.9997822
vn -0.6899553 0.42112643 -0.58873963
vn 0.5687568 0.062364247 0.820138
vn 0.51489985 0.4290306 0.74216646
vn -0.7898953 0.6124998 -0.030156313
vn -0.58322847 0.43289378 0.6873482
vn 0.59695494 0.03365282 0.8015687
vn 0.55710775 0.0652311 0.8278743
vn 0.49450344 -0.36831057 0.7872825
vn 0.053805225 -0.5284665 0.8472475
vn 0.9774635 0.16014035 0.13755117
vn -0.45651093 -0.4773762 0.75080615
vn -0.45651093 -0.4773762 0.75080615
vn -0.61349595 0.57049555 -0.54603815
vn 0.02624624 0.80638856 -0.59080344
vn 0.6375387 0.6069927 -0.4744516
vn -0.61349595 0.57049555 -0.54603815
vn 0.55710775 0.0652311 0.8278743
vn 0.77741265 0.4079436 0.47876063
vn -0.5687879 -0.39508098 0.72138166
vn 0.9934499 -0.037702665 0.107869364
vn -0.030915968 -0.6138684 0.78880274
vn -0.5687879 -0.39508098 0.72138166
vn 0.49791625 -0.49450347 0.71242255
vn 0.6147202 -0.09171326 0.78339505
vn -0.7209211 0.3692364 -0.58646166
vn -0.60459274 0.61916447 -0.5011018
vn 0.6054104 0.043788 0.7947081
vn 0.5531934 0.3489049 0.7564672
vn 0.62024486 -0.033482533 0.7836934
vn 0.32243928 -0.1509488 -0.93447715
vn 0.60089195 -0.21674995 -0.7693819
vn -1.0573614E-17 -0.13441463 -0.99092525
vn 0.62024486 -0.033482533 0.7836934
vn 0.99670446 0.021180758 -0.07830461
vn -0.5324142 0.47338825 0.7017398
vn 0.16892289 0.79696006 0.5799309
vn 0.07754922 0.73610246 0.67241305
vn 0.22215016 -0.95691544 0.18698208
vn -0.543946 -0.6908702 0.47625738
vn -0.83392215 -0.113985755 0.53998274
vn -0.6244214 0.037109837 0.7802057
vn 0.7667034 0.35472134 -0.53510636
vn -0.50922203 0.48257294 0.7126123
vn 0.1212237 0.665098 0.7368511
vn 0.49791625 -0.49450347 0.71242255
vn -0.030915968 -0.6138684 0.78880274
vn 0.6147202 -0.09171326 0.78339505
vn 0.7401403 0.45477125 -0.495354
vn -0.6520446 0.029092332 0.7576223
vn 0.59695494 0.03365282 0.8015687
vn 0.49450344 -0.36831057 0.7872825
vn 0.053805225 -0.5284665 0.8472475
vn 0.02624624 0.80638856 -0.59080344
vn 0.6375387 0.6069927 -0.4744516
vn -9.276529E-18 -0.49403793 -0.86944044
vn 0.44567686 -0.49830553 -0.74368256
vn 0.3810651 -0.7075108 -0.5951621
vn 2.8557753E-18 0.96347 0.26781633
vn -7.934982E-18 -0.66845495 -0.74375266
vn 0.34721503 0.784297 -0.5141205
vn 0.35180044 0.80108804 -0.48424628
vn 0.3052186 0.808885 -0.50254047
vn -0.07028479 0.9965174 -0.04486775
vn -0.002655164 0.99344265 -0.114300475
vn -0.02011201 0.99917495 -0.035284016
vn 0.07232915 0.9971138 -0.023076959
vn 0.19828126 0.96699315 -0.1600273
vn 0.022766853 0.9830137 -0.18211474
vn 0.12494628 0.98688394 -0.10221826
vn 0.34721503 0.784297 -0.5141205
vn 0.3052186 0.808885 -0.50254047
vn 0.022766853 0.9830137 -0.18211474
vn 0.10666377 0.97692364 -0.18504928
vn -0.002655164 0.99344265 -0.114300475
vn -0.07028479 0.9965174 -0.04486775
vn 0.19828126 0.96699315 -0.1600273
vn 0.35180044 0.80108804 -0.48424628
vn 0.96935844 -9.6540796E-05 0.24565096
vn 0.69846344 -0.00028124868 0.7156457
vn 0.580134 -0.61711824 0.53161055
vn 0.6778273 -0.69370145 0.24357432
vn -0.012604522 -0.9845947 0.17439781
vn -0.047732167 -0.7484098 0.66151667
vn -0.65048385 -0.61708695 0.4428031
vn -0.7058154 -0.6936643 0.14371656
vn -0.99458593 -4.083954E-05 0.10391743
vn -0.7939575 -0.00023893344 0.6079733
vn -0.65048385 0.6167387 0.44328803
vn -0.70581543 0.6935511 0.14426173
vn -0.012604522 0.98445725 0.17517164
vn -0.047732167 0.7478897 0.6621047
vn 0.580134 0.6167002 0.53209543
vn 0.6778273 0.6935098 0.24411948
vn 0.07196275 0.00039198095 -0.9974073
vn -0.6620838 0.00029452582 -0.74942976
vn -0.5450694 0.58699363 -0.5986133
vn 0.050357353 0.71458566 -0.69773316
vn -0.07196275 -0.00039198095 0.9974073
vn 0.76282346 0.00025411643 -0.64660686
vn 0.62540215 0.58696675 -0.5141422
vn 0.6254022 -0.58656245 -0.51460344
vn 0.7072231 -0.7067423 0.01873576
vn 0.0022278624 -0.99950445 -0.031399768
vn 0.050357353 -0.71403706 -0.69829464
vn -0.70262283 0.7067754 -0.08239991
vn 0.0022278624 0.9995288 -0.030614147
vn 0.70722264 0.7067268 0.019321758
vn -0.99468744 4.0456136E-05 -0.10294185
vn -0.70262283 -0.70671046 -0.08295542
vn -0.5450694 -0.586523 -0.5990745
vn 0.9991635 -1.6071941E-05 0.040895537
vn -0.9739734 8.907825E-05 -0.22666228
vn -0.7126244 0.00027570743 -0.7015458
vn -0.5904452 -0.6162729 -0.5211354
vn -0.6825688 -0.6934347 -0.23075587
vn 0.009064037 -0.9842791 -0.17638785
vn 0.034150343 -0.74753726 -0.66334146
vn 0.64086956 -0.61630505 -0.4576618
vn 0.70265144 -0.6934635 -0.1593404
vn 0.9921137 4.9259306E-05 -0.12534177
vn 0.7809879 0.00024544657 -0.6245462
vn 0.64086956 0.6166646 -0.45717722
vn 0.70265144 0.69358855 -0.1587953
vn 0.009064036 0.9844174 -0.17561413
vn 0.034150343 0.74805844 -0.6627537
vn -0.5904452 0.6166824 -0.52065086
vn -0.6825688 0.6936158 -0.23021077
vn -0.051455148 -0.0003924793 0.99867535
vn 0.67740756 -0.00028909382 0.7356079
vn 0.5572491 0.58653027 0.5877547
vn -0.036013145 0.7140979 0.69911885
vn 0.051455148 0.0003924793 -0.99867535
vn -0.7494298 -0.00026019884 0.66208375
vn -0.61468923 0.58655673 0.5273599
vn -0.6147082 -0.5869601 0.5268888
vn -0.7075009 -0.7067063 -0.0029634435
vn -0.0016785424 -0.999478 0.032262493
vn -0.036013145 -0.71464723 0.6985574
vn 0.70404136 0.706669 0.07031869
vn -0.0016785426 0.9994524 0.033048075
vn -0.7075009 0.70670843 -0.002407972
vn 0.9964564 -3.3055727E-05 0.08411129
vn 0.70404136 -0.70672405 0.06976322
vn 0.5572492 -0.5869921 0.5872936
vn -0.9998238 7.3762203E-06 -0.018769013
vn -0.7807074 0.50408214 -0.36931974
vn -0.7807074 0.50408214 -0.36931974
vn -0.7807074 0.50408214 -0.36931974
vn -0.7807074 0.50408214 -0.36931974
vn -0.31298786 -0.94457704 -0.09905999
vn -0.31298786 -0.94457704 -0.09905999
vn -0.31298786 -0.94457704 -0.09905999
vn -0.31298786 -0.94457704 -0.09905999
vn 0.71500444 -0.4982408 0.4904333
vn 0.71500444 -0.4982408 0.4904333
vn 0.71500444 -0.4982408 0.4904333
vn 0.71500444 -0.4982408 0.4904333
vn 0.31793672 0.94505847 0.07603209
vn 0.31793672 0.94505847 0.07603209
vn 0.31793672 0.94505847 0.07603209
vn 0.31793672 0.94505847 0.07603209
vn -0.2973635 -0.0696645 0.95221955
vn -0.2973635 -0.0696645 0.95221955
vn -0.2973635 -0.0696645 0.95221955
vn -0.2973635 -0.0696645 0.95221955
vn 0.15381132 0.101533495 -0.9828699
vn 0.15381132 0.101533495 -0.9828699
vn 0.15381132 0.101533495 -0.9828699
vn 0.15381132 0.101533495 -0.9828699
vn 0.2797482 0.06946646 -0.95755696
vn 0.2797482 0.06946646 -0.95755696
vn 0.2797482 0.06946646 -0.95755696
vn 0.2797482 0.06946646 -0.95755696
vn 0.22166628 0.08800032 -0.97114366
vn 0.22166628 0.08800032 -0.97114366
vn 0.22166628 0.08800032 -0.97114366
vn 0.22166628 0.08800032 -0.97114366
vn -0.13182048 -0.10351693 0.98585373
vn -0.13182048 -0.10351693 0.98585373
vn -0.13182048 -0.10351693 0.98585373
vn -0.13182048 -0.10351693 0.98585373
vn -0.21997322 -0.09032305 0.97131544
vn -0.21997322 -0.09032305 0.97131544
vn -0.21997322 -0.09032305 0.97131544
vn -0.21997322 -0.09032305 0.97131544
vn 0.29099917 0.9501623 0.11185261
vn 0.29099917 0.9501623 0.11185261
vn 0.29099917 0.9501623 0.11185261
vn 0.29099917 0.9501623 0.11185261
vn 0.3085326 0.946315 0.0964135
vn 0.3085326 0.946315 0.0964135
vn 0.3085326 0.946315 0.0964135
vn 0.3085326 0.946315 0.0964135
vn -0.30099916 -0.95088756 -0.07219705
vn -0.30099916 -0.95088756 -0.07219705
vn -0.30099916 -0.95088756 -0.07219705
vn -0.30099916 -0.95088756 -0.07219705
vn -0.3126639 -0.9468173 -0.07601527
vn -0.3126639 -0.9468173 -0.07601527
vn -0.3126639 -0.9468173 -0.07601527
vn -0.3126639 -0.9468173 -0.07601527
vn -0.7276408 0.5189068 -0.44863644
vn -0.7276408 0.5189068 -0.44863644
vn -0.7276408 0.5189068 -0.44863644
vn -0.7276408 0.5189068 -0.44863644
vn -0.31045842 -0.93613136 -0.16514777
vn -0.31045842 -0.93613136 -0.16514777
vn -0.31045842 -0.93613136 -0.16514777
vn -0.31045842 -0.93613136 -0.16514777
vn 0.5305086 -0.5074873 0.6789826
vn 0.5305086 -0.5074873 0.6789826
vn 0.5305086 -0.5074873 0.6789826
vn 0.5305086 -0.5074873 0.6789826
vn 0.35705444 0.9293196 0.094219886
vn 0.35705444 0.9293196 0.094219886
vn 0.35705444 0.9293196 0.094219886
vn 0.35705444 0.9293196 0.094219886
vn -0.5523848 -0.032704834 0.83294743
vn -0.5523848 -0.032704834 0.83294743
vn -0.5523848 -0.032704834 0.83294743
vn -0.5523848 -0.032704834 0.83294743
vn 0.22126304 0.09870848 -0.97020584
vn 0.22126304 0.09870848 -0.97020584
vn 0.22126304 0.09870848 -0.97020584
vn 0.22126304 0.09870848 -0.97020584
vn 0.53695613 0.032931685 -0.8429672
vn 0.53695613 0.032931685 -0.8429672
vn 0.53695613 0.032931685 -0.8429672
vn 0.53695613 0.032931685 -0.8429672
vn 0.42027283 0.053496122 -0.90581954
vn 0.42027283 0.053496122 -0.90581954
vn 0.42027283 0.053496122 -0.90581954
vn 0.42027283 0.053496122 -0.90581954
vn -0.19147998 -0.08602234 0.97771966
vn -0.19147998 -0.08602234 0.97771966
vn -0.19147998 -0.08602234 0.97771966
vn -0.19147998 -0.08602234 0.97771966
vn -0.40719068 -0.04810952 0.9120753
vn -0.40719068 -0.04810952 0.9120753
vn -0.40719068 -0.04810952 0.9120753
vn -0.40719068 -0.04810952 0.9120753
vn 0.28601456 0.94280446 0.17121801
vn 0.28601456 0.94280446 0.17121801
vn 0.28601456 0.94280446 0.17121801
vn 0.28601456 0.94280446 0.17121801
vn 0.36054656 0.9149535 0.18129085
vn 0.36054656 0.9149535 0.18129085
vn 0.36054656 0.9149535 0.18129085
vn 0.36054656 0.9149535 0.18129085
vn -0.34068778 -0.93673915 -0.08032267
vn -0.34068778 -0.93673915 -0.08032267
vn -0.34068778 -0.93673915 -0.08032267
vn -0.34068778 -0.93673915 -0.08032267
vn -0.3732021 -0.914888 -0.1539491
vn -0.3732021 -0.914888 -0.1539491
vn -0.3732021 -0.914888 -0.1539491
vn -0.3732021 -0.914888 -0.1539491
vn -0.8174955 0.5429235 -0.19218515
vn -0.8174955 0.5429235 -0.19218515
vn -0.8174955 0.5429235 -0.19218515
vn -0.8174955 0.5429235 -0.19218515
vn -0.42303407 -0.9060335 -0.012064984
vn -0.42303407 -0.9060335 -0.012064984
vn -0.42303407 -0.9060335 -0.012064984
vn -0.42303407 -0.9060335 -0.012064984
vn 0.7819272 -0.5345838 0.32063994
vn 0.7819272 -0.5345838 0.32063994
vn 0.7819272 -0.5345838 0.32063994
vn 0.7819272 -0.5345838 0.32063994
vn 0.42302182 0.9060501 -0.0112117985
vn 0.42302182 0.9060501 -0.0112117985
vn 0.42302182 0.9060501 -0.0112117985
vn 0.42302182 0.9060501 -0.0112117985
vn -0.101492986 -0.045213178 0.9938084
vn -0.101492986 -0.045213178 0.9938084
vn -0.101492986 -0.045213178 0.9938084
vn -0.101492986 -0.045213178 0.9938084
vn -0.051802665 0.088697515 -0.9947106
vn -0.051802665 0.088697515 -0.9947106
vn -0.051802665 0.088697515 -0.9947106
vn -0.051802665 0.088697515 -0.9947106
vn 0.08202674 0.04646642 -0.99554634
vn 0.08202674 0.04646642 -0.99554634
vn 0.08202674 0.04646642 -0.99554634
vn 0.08202674 0.04646642 -0.99554634
vn 0.02023938 0.06969128 -0.9973634
vn 0.02023938 0.06969128 -0.9973634
vn 0.02023938 0.06969128 -0.9973634
vn 0.02023938 0.06969128 -0.9973634
vn 0.07517327 -0.09245433 0.9928752
vn 0.07517327 -0.09245433 0.9928752
vn 0.07517327 -0.09245433 0.9928752
vn 0.07517327 -0.09245433 0.9928752
vn -0.018629842 -0.072133146 0.997221
vn -0.018629842 -0.072133146 0.997221
vn -0.018629842 -0.072133146 0.997221
vn -0.018629842 -0.072133146 0.997221
vn 0.40413257 0.9142386 0.029065432
vn 0.40413257 0.9142386 0.029065432
vn 0.40413257 0.9142386 0.029065432
vn 0.40413257 0.9142386 0.029065432
vn 0.41811487 0.9083339 0.010464015
vn 0.41811487 0.9083339 0.010464015
vn 0.41811487 0.9083339 0.010464015
vn 0.41811487 0.9083339 0.010464015
vn -0.4056101 -0.9139749 0.011410624
vn -0.4056101 -0.9139749 0.011410624
vn -0.4056101 -0.9139749 0.011410624
vn -0.4056101 -0.9139749 0.011410624
vn -0.41785908 -0.90845513 0.010158393
vn -0.41785908 -0.90845513 0.010158393
vn -0.41785908 -0.90845513 0.010158393
vn -0.41785908 -0.90845513 0.010158393
vn 0.11347085 0.9852447 -0.12812968
vn 0.08420262 0.9494812 -0.3023168
vn 0.048708625 0.94734854 -0.31647792
vn 0.09295996 0.9771009 -0.1913955
vn -0.30744687 0.9507086 -0.040369038
vn -0.12619588 0.98452836 -0.12156685
vn -0.18305334 0.9260171 -0.33012703
vn -0.38194606 0.86833066 -0.3164161
vn -0.37548065 0.7278396 -0.5738152
vn -0.19214822 0.823615 -0.5336079
vn -0.110906534 0.75465673 -0.64667857
vn -0.29619363 0.57751805 -0.76075125
vn -0.14444862 0.4877037 -0.86097604
vn -0.022980772 0.6555386 -0.7548119
vn 0.18415621 0.57600725 -0.79643095
vn 0.10782323 0.40494573 -0.90796095
vn 0.38976216 0.34453246 -0.85403925
vn 0.39443767 0.52810466 -0.7520136
vn 0.57635605 0.5745702 -0.581105
vn 0.64955086 0.35084495 -0.67453074
vn 0.8337801 0.3614179 -0.41735843
vn 0.71189857 0.5736213 -0.40516555
vn 0.7435475 0.6219626 -0.24555992
vn 0.8926223 0.4110428 -0.18511985
vn 0.83688813 0.5386196 0.0975058
vn 0.7116442 0.7019505 -0.02877831
vn 0.57385063 0.8104189 0.11796963
vn 0.67239994 0.6745387 0.3047556
vn 0.48815188 0.79005307 0.37084207
vn 0.4558063 0.8726315 0.17537132
vn 0.2794037 0.9391207 0.19996496
vn 0.24949628 0.89639467 0.36637175
vn 0.09427248 0.88132 -0.46302018
vn 0.12650232 0.81828916 -0.56071395
vn 0.092931286 0.86013955 -0.5015214
vn 0.059695832 0.90381384 -0.4237416
vn 0.42952785 0.78796667 -0.44115123
vn 0.47979242 0.7877 -0.3864298
vn 0.42308602 0.76563954 -0.48455575
vn 0.378709 0.7499709 -0.5423313
vn 0.42854786 0.8964486 -0.11281218
vn 0.37425405 0.9263286 -0.043003403
vn 0.431573 0.8972422 -0.09328052
vn 0.46581322 0.8708027 -0.157228
vn -0.0017701302 0.95868856 0.2844522
vn 0.097814575 0.9893039 0.10821373
vn -0.022309406 0.9997404 0.004635042
vn -0.18146747 0.97118396 0.1545039
vn 0.09295996 0.9771009 -0.1913955
vn 0.048708625 0.94734854 -0.31647792
vn -0.18305334 0.9260171 -0.33012703
vn -0.12619588 0.98452836 -0.12156685
vn 0.18338737 0.979138 -0.08750929
vn 0.12354223 0.9806152 -0.15208918
vn -0.022309406 0.9997404 0.004635042
vn 0.097814575 0.9893039 0.10821373
vn 0.059695832 0.90381384 -0.4237416
vn 0.092931286 0.86013955 -0.5015214
vn -0.110906534 0.75465673 -0.64667857
vn -0.19214822 0.823615 -0.5336079
vn 0.12650232 0.81828916 -0.56071395
vn 0.25169083 0.778493 -0.5749787
vn 0.18415621 0.57600725 -0.79643095
vn -0.022980772 0.6555386 -0.7548119
vn 0.378709 0.7499709 -0.5423313
vn 0.42308602 0.76563954 -0.48455575
vn 0.57635605 0.5745702 -0.581105
vn 0.39443767 0.52810466 -0.7520136
vn 0.47979242 0.7877 -0.3864298
vn 0.50805527 0.8115003 -0.28869912
vn 0.7435475 0.6219626 -0.24555992
vn 0.71189857 0.5736213 -0.40516555
vn 0.46581322 0.8708027 -0.157228
vn 0.431573 0.8972422 -0.09328052
vn 0.57385063 0.8104189 0.11796963
vn 0.7116442 0.7019505 -0.02877831
vn 0.37425405 0.9263286 -0.043003403
vn 0.28053337 0.9595364 -0.024313016
vn 0.2794037 0.9391207 0.19996496
vn 0.4558063 0.8726315 0.17537132
vn 0.26643133 0.8398871 -0.47286788
vn 0.25169083 0.778493 -0.5749787
vn 0.27689692 0.95540035 -0.10265595
vn 0.27766362 0.91261137 -0.3000723
vn 0.28053337 0.9595364 -0.024313016
vn 0.45604554 0.8436568 -0.2833121
vn 0.18338737 0.979138 -0.08750929
vn 0.50805527 0.8115003 -0.28869912
vn 0.12354223 0.9806152 -0.15208918
vn -0.99663323 0.08167207 -0.0072009414
vn -0.83880603 -0.0066533876 0.5443897
vn -0.8599658 0.01597463 0.51010174
vn -0.99750704 0.051138103 -0.04862687
vn -0.6497566 -0.060924012 -0.7576969
vn -0.5917575 0.05589059 -0.8041762
vn -0.79654187 0.08806831 -0.59813476
vn -0.82880676 0.011817101 -0.5594102
vn -0.37325022 0.07638677 -0.9245807
vn -0.39525586 0.038540367 -0.9177623
vn -0.99542946 0.06326293 -0.07154156
vn -0.8546984 0.12749581 0.5032251
vn -0.48694095 0.14459927 0.8613823
vn -0.45724356 -0.03868171 0.8884999
vn -0.9044691 0.023790257 0.42587528
vn -0.30845445 0.11593645 0.9441475
vn -0.19563171 0.30565554 0.93182766
vn -0.8966509 0.3902078 -0.20917712
vn -0.9457563 0.021490768 -0.32416543
vn -0.99101025 0.047719672 -0.124986745
vn -0.8636916 0.49837664 -0.07521694
vn 0.9974113 -0.049521785 0.052136954
vn 0.7193974 0.40162295 0.5667154
vn 0.27558798 0.8993578 0.3394213
vn 0.66708195 0.74437445 0.030140018
vn -0.0063479855 0.6260383 0.77976644
vn -0.3890618 0.91379786 0.1166382
vn -0.50485563 0.8631844 0.005802245
vn 0.5316798 -0.28210023 0.7985839
vn 0.03125125 -0.4679867 0.88318276
vn -0.17630892 -0.0023400658 0.98433214
vn 0.3965957 0.26452982 0.87905407
vn -0.2204973 0.9633223 0.15294135
vn -0.12958466 0.91884875 0.3727263
vn 0.80357516 0.5046703 -0.31555513
vn 0.9937557 -0.09269194 -0.06211183
vn -0.7903958 -0.5462567 0.27726924
vn -0.78538316 -0.5653162 0.2521723
vn -0.1719732 0.984367 -0.038036264
vn -0.26624972 0.96363556 0.022749301
vn -0.8110851 0.57871294 -0.085043944
vn -0.7491759 0.65798515 -0.07609949
vn -0.17752992 0.96221846 0.20644349
vn -0.95613503 0.27937657 -0.08806008
vn -0.15757088 0.87147665 -0.46443516
vn -0.051332455 -0.9394074 0.33893776
vn 0.74512804 -0.6289978 0.22168897
vn 0.73216933 -0.65786207 0.17648147
vn -0.06885199 -0.9571411 0.28131884
vn 0.99272144 -0.11994387 0.010848139
vn 0.99409646 0.09557528 -0.05135649
vn 0.6544213 0.02979492 0.755543
vn 0.6957789 -0.050455306 0.71648175
vn -0.165414 0.9844035 0.059899297
vn -0.11783625 0.8318728 -0.54231197
vn -0.6937988 0.5559698 -0.4577565
vn -0.8327761 0.5387045 0.12759866
vn -0.14752814 -0.9684727 0.20073867
vn 0.71927273 -0.62938774 0.29413933
vn 0.7534314 -0.607861 0.2506913
vn -0.093539834 -0.97314113 0.21034925
vn -0.7485206 -0.58929795 0.3040476
vn -0.1006208 0.99491423 0.004602609
vn -0.8314695 0.53792787 -0.13889587
vn -0.092473954 0.8911596 -0.44416568
vn -0.07339798 -0.953739 0.29153857
vn 0.68925107 -0.6998539 0.18745005
vn -0.7530965 -0.63791853 0.16095273
vn -0.75665075 -0.63853765 0.14053196
vn 0.99058914 0.10382148 0.08918712
vn 0.7209211 0.3692364 -0.58646166
vn 0.60459274 0.61916447 -0.5011018
vn 0.740145 0.66723305 0.08357889
vn -0.052980967 -0.9818371 0.18217875
vn 0.7952352 -0.5787125 0.18081166
vn 0.8290288 0.5350689 -0.16251914
vn 0.9947592 0.09425691 0.03961989
vn -0.026978968 -0.9938693 0.1072201
vn -0.24464116 -0.9695945 0.0061195195
vn -0.2856613 -0.9555942 -0.07237075
vn -0.009918617 -0.999443 0.03186562
vn -0.5756505 0.3265434 -0.74966395
vn -0.77832514 0.3314929 -0.53321916
vn -0.78757876 0.42286727 -0.4482221
vn -0.5774341 0.43594107 -0.69030803
vn -0.3289997 -0.42697188 -0.84229106
vn -0.4205839 -0.32054445 -0.84874046
vn -0.8519375 -0.032647077 0.52262485
vn -0.99833554 -0.011452907 -0.056525577
vn -0.99973834 -0.008034891 0.021421116
vn -0.7702283 0.013269152 0.6376303
vn -0.44209856 -0.03209207 0.89639217
vn -0.42894614 0.021710414 0.90306914
vn -0.40324274 -0.06998689 -0.91241276
vn -0.3959553 -0.0792649 -0.9148424
vn -0.7351052 0.040049303 0.67676914
vn -0.997669 0.00012577685 0.06824074
vn -0.9971253 0.0017708672 0.07574951
vn -0.7243146 0.06589612 0.68631345
vn -0.41645938 0.046733674 0.9079524
vn -0.39250538 0.07447241 0.91672975
vn -0.804194 -0.045943417 -0.59258854
vn -0.8166016 -0.05104627 -0.57494026
vn -0.4332777 -0.13179673 -0.89157176
vn -0.4225698 -0.10173303 -0.90060264
vn -0.72169036 0.08561142 0.68690157
vn -0.9984982 -0.00044879876 0.05478188
vn -0.99878794 -0.03831321 0.030900462
vn -0.72857964 0.052529447 0.68294394
vn -0.3509404 0.101263136 0.93090636
vn -0.32746875 0.09246922 0.94032645
vn -0.8226782 -0.07101037 -0.56405514
vn -0.8164328 -0.08919854 -0.5705095
vn -0.44710705 -0.16671704 -0.8788065
vn -0.4424662 -0.13634682 -0.8863595
vn -0.62134033 -0.6338859 -0.46057022
vn -0.42763355 -0.7560685 -0.4954695
vn 0.013794571 -0.69313824 -0.72067267
vn -0.36360818 -0.6810961 -0.6355291
vn 0.42074367 -0.7690583 -0.4811696
vn 0.45299876 -0.7787139 -0.43404713
vn -0.11804937 -0.9736476 -0.19512749
vn -0.097874366 -0.9608493 -0.25920913
vn -0.07705953 -0.062202636 -0.99508435
vn -0.14993867 -0.39684585 -0.90555614
vn -0.65042526 -0.71282554 -0.26234856
vn -0.4177842 -0.85409427 -0.30980545
vn -0.39341787 -0.9193465 -0.0049391235
vn -0.626163 -0.77800655 -0.051242348
vn -0.20771652 -0.8969098 -0.39039323
vn -0.1945595 -0.9808837 -0.0037120734
vn -0.58633494 -0.74299484 0.32275382
vn -0.63485044 -0.7679455 0.08499803
vn -0.31398305 -0.9334576 -0.17341155
vn -0.35017905 0.7486473 -0.5629404
vn -0.43065783 0.6338637 -0.6424569
vn -0.99695647 0.069627084 -0.03506922
vn -0.85435957 -0.31027135 0.41689494
vn -0.81291497 -0.52294093 -0.25632438
vn -0.56452054 0.091144755 0.82037145
vn -0.32561108 0.10647909 0.93948907
vn -0.26939327 0.23231135 0.9345903
vn -0.5224233 0.33051652 0.7860234
vn -0.7706412 0.61899257 0.15152712
vn -0.6253051 0.73662907 0.2576263
vn -0.6388635 0.7521187 0.16177398
vn -0.7680142 0.63480103 -0.084746346
vn -0.9145945 -0.35989192 0.18437667
vn -0.26771548 -0.7107455 0.6505147
vn -0.78156406 0.55708426 -0.28074008
vn -0.5277746 0.6284696 -0.57138425
vn -0.1863213 0.33232355 -0.92457855
vn -0.21177638 0.50549126 -0.8364386
vn -0.79328954 -0.54722923 -0.26689318
vn -0.79096895 -0.5993815 -0.12292319
vn -0.9225999 -0.3399139 -0.18239515
vn -0.90754795 -0.31228372 -0.28077683
vn -0.94836587 0.31242806 0.054690063
vn -0.84102166 0.23352538 0.48800462
vn -0.7725822 0.4360842 0.46146232
vn -0.8689358 0.48646694 0.09110717
vn -0.66071284 0.60175633 0.448718
vn -0.60071945 -0.50900584 0.61648124
vn -0.572022 -0.18446717 0.7992263
vn -0.87508506 -0.057534963 0.48053715
vn -0.8346725 -0.36877295 0.40905795
vn -0.7120357 -0.65293056 0.25823823
vn -0.9074103 -0.4149574 0.06645909
vn -0.93050885 0.31564462 -0.18580073
vn -0.8566606 0.49001104 -0.16131254
vn -0.9075248 0.3269359 -0.2636507
vn -0.9586425 0.037924305 -0.28207523
vn -0.97940946 0.026996214 -0.20007068
vn 1.0670731E-17 -0.00039299985 0.99999994
vn 0.6267457 0.056155387 0.7771977
vn 0.5996095 0.041405573 0.79922104
vn 1.0670731E-17 -0.00039299985 0.99999994
vn -0.30198342 -0.042093474 0.95238346
vn -0.2881615 0.011617712 0.9575114
vn -0.4591285 0.009264389 0.8883215
vn -0.46379876 -0.05635002 0.8841467
vn -0.98124 -0.15361631 0.11649088
vn -0.98470706 -0.16872808 0.043393258
vn -0.7266539 -0.6824935 0.0785925
vn -0.6993709 -0.69357926 0.17270851
vn 0.03796593 -0.97809994 0.20464386
vn -0.00061038585 -0.99308294 0.11741419
vn 0.8013214 -0.58794165 0.1104939
vn 0.79196984 -0.5770719 0.19942898
vn 0.99028146 0.090752706 0.10538737
vn 0.99266446 0.09403003 0.075999014
vn 0.5996095 0.041405573 0.79922104
vn 0.6267457 0.056155387 0.7771977
vn 0.017457085 0.03281236 0.99930906
vn 0.6957789 -0.050455306 0.71648175
vn 0.6544213 0.02979492 0.755543
vn 0.018036501 -0.006221984 0.99981797
vn -0.9825956 -0.012921403 0.18530743
vn -0.9932089 0.014329054 0.11545885
vn -0.7344768 -0.63455975 0.24057823
vn -0.717358 -0.6288782 0.2998499
vn -0.9742598 0.18211602 0.13285999
vn -0.5687568 0.062364247 0.820138
vn -0.51489985 0.4290306 0.74216646
vn -0.7722647 0.62973636 0.083901376
vn -0.11258631 -0.94198555 0.31620824
vn -0.09696005 -0.962589 0.25302407
vn 0.66021466 -0.7406505 0.124714226
vn 0.61315876 -0.76004016 0.21534912
vn -0.014099847 0.9991513 -0.03870237
vn 0.013367324 0.6966807 0.7172568
vn 0.9919708 0.123217866 -0.028487183
vn 0.6899553 0.42112643 -0.58873963
vn 0.016022613 0.013096601 0.9997859
vn 0.6520446 0.029092332 0.7576223
vn 0.58322847 0.43289378 0.6873482
vn 0.013367324 0.6966807 0.7172568
vn -0.027619839 0.5784144 -0.8152753
vn -0.7401403 0.45477125 -0.495354
vn -0.37834707 -0.13119611 0.9163193
vn -0.71179813 -0.14767738 0.68668395
vn -0.735246 -0.44017217 0.515424
vn -0.4933774 -0.60593426 0.62403727
vn -0.9764411 -0.20861599 0.055156596
vn -0.7977212 -0.26155308 -0.54335165
vn -0.7270322 -0.4852501 -0.48575374
vn -0.8420375 -0.53875315 -0.02679436
vn -0.88488644 -0.11253141 -0.45200962
vn -0.35139656 -0.16911052 -0.9208269
vn -0.25148112 -0.65357035 -0.713865
vn -0.6785132 -0.6516448 -0.33908546
vn -0.6072422 0.6717153 0.42432946
vn -0.9849219 0.1149768 0.12926431
vn -0.6054104 0.043788 0.7947081
vn -0.5531934 0.3489049 0.7564672
vn -0.9233107 0.04818766 -0.3810188
vn -0.92961764 0.026604682 -0.3675639
vn -0.81187314 0.017137015 -0.58358246
vn -0.8098943 -0.2689461 -0.5212862
vn -0.90361285 -0.26370597 -0.33755463
vn 1.0670731E-17 -0.00039299985 0.99999994
vn 0.6244214 0.037109837 0.7802057
vn 0.50922203 0.48257294 0.7126123
vn -0.1212237 0.665098 0.7368511
vn -0.070652984 0.46790725 -0.88094896
vn -0.7667034 0.35472134 -0.53510636
vn -0.6937988 0.5559698 -0.4577565
vn -0.11783625 0.8318728 -0.54231197
vn -0.66175073 0.7221305 0.2015283
vn -0.3190772 0.40013403 0.8591173
vn -0.02169905 0.57129955 0.82045466
vn -0.32265225 0.93496835 0.14741045
vn -0.11542201 0.45032284 0.8853741
vn -0.30757436 0.7216619 0.6201629
vn -0.35686222 0.79375654 -0.49254432
vn -0.3717517 0.47744665 -0.7961441
vn -0.829959 0.50975823 0.22652784
vn -0.6252751 0.7113735 -0.32090333
vn -0.7909121 0.57263005 -0.21576124
vn -0.57012796 0.82006025 0.04954965
vn -0.6715392 0.7119964 -0.20517385
vn -0.7666811 0.62329984 -0.15393971
vn -0.73081636 0.6794475 -0.065258026
vn -0.4881912 0.599949 0.63382226
vn -0.49776715 0.6859432 -0.5307635
vn -0.65744716 0.66728944 0.34998313
vn -0.5888071 0.6587868 0.46830153
vn -0.6599159 -0.66475296 -0.3501635
vn -0.86143774 -0.47160172 -0.1884589
vn -0.69387937 -0.6856952 0.21989438
vn -0.43083897 -0.08458174 -0.8984564
vn -0.5283203 -0.47900194 0.7010242
vn -0.45910078 -0.14323561 0.8767612
vn 0.71772707 -0.24594483 -0.65144384
vn 0.3073588 -0.60423535 -0.73513967
vn 0.42757565 -0.2589823 -0.8660874
vn -0.13403884 0.57791644 -0.8050131
vn 0.3324738 0.6553566 -0.6782101
vn -0.9741447 -0.22563352 0.011478132
vn -0.6559539 -0.75467885 -0.013572537
vn -0.8610643 0.2896069 -0.4179666
vn -0.6604034 0.74847484 -0.060438912
vn -0.9405907 -0.30106905 0.15699267
vn -0.94963294 -0.2602901 -0.17448857
vn -0.41262254 0.55339897 0.7235277
vn -0.09628657 0.2788403 0.95549834
vn -0.24326761 0.5742146 0.7817279
vn -0.42416003 0.80405575 0.41663256
vn -0.3444403 0.44159326 0.82846624
vn -0.008056945 0.29702982 0.9548342
vn 0.06781329 0.16871953 0.9833286
vn -0.64142084 0.43487158 -0.6320332
vn -0.7260485 0.6501818 0.22386871
vn -0.52401084 0.31528583 0.7912064
vn -0.66821367 0.48373482 -0.56523556
vn -0.6324201 0.6116097 -0.4753718
vn -0.66821367 0.48373482 -0.56523556
vn -0.6324201 0.6116097 -0.4753718
vn -0.11026581 0.21557207 -0.97024226
vn -0.1430753 0.43470266 -0.88913625
vn -0.36501294 0.33730662 -0.86774987
vn -0.7767377 -0.5174602 -0.35904512
vn -0.7554067 -0.59721226 -0.26962608
vn -0.81017846 -0.14770652 -0.5672685
vn -0.81111044 -0.10747654 -0.57493365
vn -0.5614689 -0.53689736 -0.6296776
vn -0.71314776 -0.37729335 -0.5908215
vn -0.57281256 0.090259895 -0.81470186
vn -0.4200372 -0.13335231 -0.89765584
vn -0.46258318 0.7998817 -0.38236895
vn -0.5781859 0.6096812 -0.54220843
vn -0.504336 -0.6119528 -0.60922813
vn -0.5447647 -0.83622724 -0.06289265
vn -0.7325911 0.6683579 0.12887202
vn -0.60999227 0.4457844 0.6551227
vn 0.40874085 -0.60939556 0.6793879
vn 0.06158716 0.26623514 0.9619386
vn 0.37673023 -0.20021741 -0.9044266
vn -0.89023167 -0.2980735 -0.34444138
vn -0.93158203 0.06627441 -0.35743904
vn -0.21037096 -0.6570753 -0.72387576
vn -0.83992404 0.49008042 -0.23312813
vn -0.20508704 0.7214523 -0.661397
vn -0.85466176 0.46050802 -0.23976156
vn -0.7780677 0.6228769 -0.0814563
vn -0.50816935 0.5364397 0.6737924
vn 0.013581122 0.18645357 0.98236996
vn -0.60773367 0.61906886 -0.4974068
vn -0.4659683 0.66887444 -0.57920676
vn -0.5947065 0.74050003 -0.31302407
vn 0.7785812 -0.23574768 -0.5815794
vn -0.65729487 -0.7516213 0.055036165
vn -0.8802603 0.3374579 -0.33356246
vn -0.5781859 0.6096812 -0.54220843
vn -0.22270025 0.29353675 0.92964554
vn -0.5050347 0.8113031 0.29449517
vn -0.2060634 0.9567776 0.20521869
vn -0.38662 0.85193586 -0.35317168
vn -0.68551207 0.7266691 -0.04500424
vn -0.64777756 0.7618294 -0.00058566825
vn -0.46059042 0.88382417 0.08192422
vn -0.35258842 0.929353 -0.1094734
vn -0.3397759 0.5874573 -0.73447007
vn -0.39156362 0.5316376 -0.7510256
vn -0.45231915 0.8775087 -0.15932952
vn -0.31880257 0.8010511 -0.5066381
vn -0.5900993 0.653431 -0.4741422
vn -0.5900993 0.653431 -0.4741422
vn 0.13361199 0.98318666 -0.12446667
vn -0.12711337 0.80487233 -0.5796748
vn -0.24702433 0.46877617 -0.84807307
vn -0.42055225 0.4623039 -0.78064775
vn -0.6531994 0.53508765 -0.5357349
vn 0.34587467 0.7790569 -0.5229159
vn -0.9993702 0.035281286 -0.003800991
vn -0.7189163 0.6932389 -0.050786607
vn -0.5559983 0.7603951 -0.33565626
vn 0.43755487 0.73840207 -0.5131357
vn -0.5444864 0.3497402 -0.7623755
vn 0.02011201 0.99917495 -0.035284016
vn -0.04837257 0.9868611 -0.15416025
vn -0.12494628 0.98688394 -0.10221826
vn -0.07232915 0.9971138 -0.023076959
vn -0.64142084 0.43487158 -0.6320332
vn -0.57012796 0.82006025 0.04954965
vn -0.7267243 0.6696848 0.152951
vn -0.8759026 0.16290717 -0.45415407
vn -0.64142084 0.43487158 -0.6320332
vn -0.3190772 0.40013403 0.8591173
vn -0.02169905 0.57129955 0.82045466
vn -0.49776715 0.6859432 -0.5307635
vn -0.65744716 0.66728944 0.34998313
vn -0.52401084 0.31528583 0.7912064
vn -0.8264622 -0.35724038 -0.4351318
vn -0.7430796 -0.19632228 -0.63975805
vn -0.89560145 -0.07020346 -0.4392831
vn -0.9740137 0.116384245 -0.19429922
vn -0.30721116 0.9201036 0.2429626
vn -0.80516434 -0.029187974 -0.59233314
vn -0.28037736 -0.77369493 0.56814146
vn -0.33409333 0.0394269 0.941715
vn -0.46221605 -0.31936544 -0.82726187
vn -0.99433744 -0.09615244 0.045252316
vn -0.72491455 -0.011349024 0.6887453
vn -0.7863558 0.09152281 -0.6109569
vn -0.2587123 -0.9576849 0.12612621
vn -0.7118687 -0.7019101 -0.023775917
vn -0.6574805 -0.72466433 -0.20635211
vn -0.2606607 0.96142846 0.087814085
vn -0.039919663 -0.9197097 0.39056438
vn -0.98720986 0.13758245 -0.08054758
vn -0.97881716 -0.17779647 -0.10151626
vn -0.63158983 0.7748564 -0.026308017
vn -0.97509646 -0.20003162 0.09578299
vn -0.73429674 -0.67359626 0.08412143
vn -0.23283051 -0.9549247 0.18414344
vn 0.29680246 -0.77181584 0.5623243
vn 0.018402936 -0.97279125 0.23095146
vn 0.793777 -0.5890825 0.15132743
vn 0.75092345 -0.6229209 0.21927941
vn -0.03683656 -0.948261 0.3153475
vn -0.118048735 0.9930066 0.001580505
vn -0.14713342 0.98893934 0.01873074
vn -0.7056049 0.7066832 0.052160446
vn -0.99795306 0.055893198 -0.03107728
vn -0.7928652 -0.591403 0.1469935
vn -0.78215295 -0.5642868 0.26422945
vn -0.9894946 0.0864765 0.11585449
vn -0.96815497 -0.20608978 0.14213765
vn -0.7511482 -0.6482852 0.124509335
vn -0.7501325 -0.64163846 0.16000439
vn 0.9947349 -0.024240667 0.09957384
vn 0.6726789 0.73545605 0.08128762
vn -0.08319598 0.8529683 0.5152897
vn -0.3618063 0.53815293 0.76124096
vn -0.9175145 0.3406416 0.20525695
vn -0.8007955 0.5222529 0.29322094
vn -0.92242384 0.0919198 -0.3750801
vn -0.92234415 0.098143265 -0.3736967
vn -0.44939527 -0.29909316 -0.84177625
vn -0.5946914 0.039196666 -0.80299807
vn -0.32572916 -0.04688205 0.94430006
vn -0.3455079 0.038486972 -0.9376263
vn -0.81946373 0.1642202 0.5491001
vn -0.4605013 0.0045952345 0.88764715
vn -0.42055225 0.4623039 -0.78064775
vn -0.39156362 0.5316376 -0.7510256
vn -0.5900993 0.653431 -0.4741422
vn -0.6531994 0.53508765 -0.5357349
vn -0.64777756 0.7618294 -0.00058566825
vn -0.68551207 0.7266691 -0.04500424
vn -0.12711337 0.80487233 -0.5796748
vn -0.31880257 0.8010511 -0.5066381
vn -0.3397759 0.5874573 -0.73447007
vn -0.24702433 0.46877617 -0.84807307
vn -0.2060634 0.9567776 0.20521869
vn -0.35258842 0.929353 -0.1094734
vn -0.45231915 0.8775087 -0.15932952
vn 0.13361199 0.98318666 -0.12446667
vn -0.5050347 0.8113031 0.29449517
vn -0.46059042 0.88382417 0.08192422
vn 0.6899553 0.42112643 -0.58873963
vn -0.5687568 0.062364247 0.820138
vn -0.51489985 0.4290306 0.74216646
vn 0.7898953 0.6124998 -0.030156313
vn 0.58322847 0.43289378 0.6873482
vn -0.59695494 0.03365282 0.8015687
vn -0.55710775 0.0652311 0.8278743
vn -0.49450344 -0.36831057 0.7872825
vn -0.053805225 -0.5284665 0.8472475
vn -0.9774635 0.16014035 0.13755117
vn 0.45651093 -0.4773762 0.75080615
vn 0.45651093 -0.4773762 0.75080615
vn 0.61349595 0.57049555 -0.54603815
vn -0.02624624 0.80638856 -0.59080344
vn -0.6375387 0.6069927 -0.4744516
vn 0.61349595 0.57049555 -0.54603815
vn -0.55710775 0.0652311 0.8278743
vn -0.77741265 0.4079436 0.47876063
vn 0.5687879 -0.39508098 0.72138166
vn -0.9934499 -0.037702665 0.107869364
vn 0.030915968 -0.6138684 0.78880274
vn 0.5687879 -0.39508098 0.72138166
vn -0.49791625 -0.49450347 0.71242255
vn -0.6147202 -0.09171326 0.78339505
vn 0.7209211 0.3692364 -0.58646166
vn 0.60459274 0.61916447 -0.5011018
vn -0.6054104 0.043788 0.7947081
vn -0.5531934 0.3489049 0.7564672
vn -0.62024486 -0.033482533 0.7836934
vn -0.60089195 -0.21674995 -0.7693819
vn -0.32243928 -0.1509488 -0.93447715
vn -0.62024486 -0.033482533 0.7836934
vn -0.99670446 0.021180758 -0.07830461
vn 0.5324142 0.47338825 0.7017398
vn -0.07754922 0.73610246 0.67241305
vn -0.16892289 0.79696006 0.5799309
vn -0.22215016 -0.95691544 0.18698208
vn 0.543946 -0.6908702 0.47625738
vn 0.83392215 -0.113985755 0.53998274
vn 0.6244214 0.037109837 0.7802057
vn -0.7667034 0.35472134 -0.53510636
vn 0.50922203 0.48257294 0.7126123
vn -0.1212237 0.665098 0.7368511
vn -0.49791625 -0.49450347 0.71242255
vn 0.030915968 -0.6138684 0.78880274
vn -0.6147202 -0.09171326 0.78339505
vn -0.7401403 0.45477125 -0.495354
vn 0.6520446 0.029092332 0.7576223
vn -0.59695494 0.03365282 0.8015687
vn -0.49450344 -0.36831057 0.7872825
vn -0.053805225 -0.5284665 0.8472475
vn -0.02624624 0.80638856 -0.59080344
vn -0.6375387 0.6069927 -0.4744516
vn -0.44567686 -0.49830553 -0.74368256
vn -0.3810651 -0.7075108 -0.5951621
vn -0.34721503 0.784297 -0.5141205
vn -0.35180044 0.80108804 -0.48424628
vn -0.3052186 0.808885 -0.50254047
vn 0.07028479 0.9965174 -0.04486775
vn 0.002655164 0.99344265 -0.114300475
vn 0.02011201 0.99917495 -0.035284016
vn -0.07232915 0.9971138 -0.023076959
vn -0.19828126 0.96699315 -0.1600273
vn -0.022766853 0.9830137 -0.18211474
vn -0.12494628 0.98688394 -0.10221826
vn -0.34721503 0.784297 -0.5141205
vn -0.10666377 0.97692364 -0.18504928
vn -0.022766853 0.9830137 -0.18211474
vn -0.3052186 0.808885 -0.50254047
vn 0.07028479 0.9965174 -0.04486775
vn 0.002655164 0.99344265 -0.114300475
vn -0.19828126 0.96699315 -0.1600273
vn -0.35180044 0.80108804 -0.48424628
vn -0.96935844 -9.6540796E-05 0.24565096
vn -0.6778273 -0.69370145 0.24357432
vn -0.580134 -0.61711824 0.53161055
vn -0.69846344 -0.00028124868 0.7156457
vn 0.012604522 -0.9845947 0.17439781
vn 0.7058154 -0.6936643 0.14371656
vn 0.65048385 -0.61708695 0.4428031
vn 0.047732167 -0.7484098 0.66151667
vn 0.99458593 -4.083954E-05 0.10391743
vn 0.70581543 0.6935511 0.14426173
vn 0.65048385 0.6167387 0.44328803
vn 0.7939575 -0.00023893344 0.6079733
vn 0.012604522 0.98445725 0.17517164
vn -0.6778273 0.6935098 0.24411948
vn -0.580134 0.6167002 0.53209543
vn 0.047732167 0.7478897 0.6621047
vn -0.07196275 0.00039198095 -0.9974073
vn -0.050357353 0.71458566 -0.69773316
vn 0.5450694 0.58699363 -0.5986133
vn 0.6620838 0.00029452582 -0.74942976
vn 0.07196275 -0.00039198095 0.9974073
vn -0.76282346 0.00025411643 -0.64660686
vn -0.62540215 0.58696675 -0.5141422
vn -0.6254022 -0.58656245 -0.51460344
vn -0.050357353 -0.71403706 -0.69829464
vn -0.0022278624 -0.99950445 -0.031399768
vn -0.7072231 -0.7067423 0.01873576
vn -0.0022278624 0.9995288 -0.030614147
vn 0.70262283 0.7067754 -0.08239991
vn -0.7072231 0.7067273 0.019291254
vn 0.99468744 4.0456136E-05 -0.10294185
vn 0.5450694 -0.586523 -0.5990745
vn 0.70262283 -0.70671046 -0.08295542
vn -0.9991635 -1.6071941E-05 0.040895537
vn 0.9739734 8.907825E-05 -0.22666228
vn 0.6825688 -0.6934347 -0.23075587
vn 0.5904452 -0.6162729 -0.5211354
vn 0.7126244 0.00027570743 -0.7015458
vn -0.009064037 -0.9842791 -0.17638785
vn -0.70265144 -0.6934635 -0.1593404
vn -0.64086956 -0.61630505 -0.4576618
vn -0.034151122 -0.7475238 -0.6633566
vn -0.9921137 4.9259306E-05 -0.12534177
vn -0.70265144 0.69358855 -0.1587953
vn -0.64086956 0.6166646 -0.45717722
vn -0.7809879 0.00024544657 -0.6245462
vn -0.009064036 0.9844174 -0.17561413
vn 0.6825688 0.6936158 -0.23021077
vn 0.5904546 0.6166922 -0.52062863
vn -0.034150343 0.74805844 -0.6627537
vn 0.051455148 -0.0003924793 0.99867535
vn 0.036013145 0.7140979 0.69911885
vn -0.5572491 0.58653027 0.5877547
vn -0.67740756 -0.00028909382 0.7356079
vn -0.051455148 0.0003924793 -0.99867535
vn 0.7494298 -0.00026019884 0.66208375
vn 0.61468923 0.58655673 0.5273599
vn 0.6147082 -0.5869601 0.5268888
vn 0.036013145 -0.71464723 0.6985574
vn 0.0016785424 -0.999478 0.032262493
vn 0.7075009 -0.7067063 -0.0029634435
vn 0.0016785426 0.9994524 0.033048075
vn -0.70404136 0.706669 0.07031869
vn 0.7075009 0.70670843 -0.002407972
vn -0.9964564 -3.3055727E-05 0.08411129
vn -0.5572492 -0.5869921 0.5872936
vn -0.70404136 -0.70672405 0.06976322
vn 0.9998238 7.3762203E-06 -0.018769013
vn 0.78070664 0.5040829 -0.36932057
vn 0.78070664 0.5040829 -0.36932057
vn 0.78070664 0.5040829 -0.36932057
vn 0.78070664 0.5040829 -0.36932057
vn 0.31298774 -0.94457746 -0.099056065
vn 0.31298774 -0.94457746 -0.099056065
vn 0.31298774 -0.94457746 -0.099056065
vn 0.31298774 -0.94457746 -0.099056065
vn -0.7150067 -0.49823844 0.49043226
vn -0.7150067 -0.49823844 0.49043226
vn -0.7150067 -0.49823844 0.49043226
vn -0.7150067 -0.49823844 0.49043226
vn -0.31793573 0.9450585 0.07603526
vn -0.31793573 0.9450585 0.07603526
vn -0.31793573 0.9450585 0.07603526
vn -0.31793573 0.9450585 0.07603526
vn 0.29736358 -0.06966435 0.9522195
vn 0.29736358 -0.06966435 0.9522195
vn 0.29736358 -0.06966435 0.9522195
vn 0.29736358 -0.06966435 0.9522195
vn -0.1538111 0.10153339 -0.9828699
vn -0.1538111 0.10153339 -0.9828699
vn -0.1538111 0.10153339 -0.9828699
vn -0.1538111 0.10153339 -0.9828699
vn -0.2797478 0.069466166 -0.9575572
vn -0.2797478 0.069466166 -0.9575572
vn -0.2797478 0.069466166 -0.9575572
vn -0.2797478 0.069466166 -0.9575572
vn -0.22166727 0.08800008 -0.9711434
vn -0.22166727 0.08800008 -0.9711434
vn -0.22166727 0.08800008 -0.9711434
vn -0.22166727 0.08800008 -0.9711434
vn 0.13181978 -0.10351749 0.9858538
vn 0.13181978 -0.10351749 0.9858538
vn 0.13181978 -0.10351749 0.9858538
vn 0.13181978 -0.10351749 0.9858538
vn 0.21997441 -0.09032349 0.971315
vn 0.21997441 -0.09032349 0.971315
vn 0.21997441 -0.09032349 0.971315
vn 0.21997441 -0.09032349 0.971315
vn -0.2909989 0.9501619 0.11185735
vn -0.2909989 0.9501619 0.11185735
vn -0.2909989 0.9501619 0.11185735
vn -0.2909989 0.9501619 0.11185735
vn -0.30853206 0.9463148 0.0964176
vn -0.30853206 0.9463148 0.0964176
vn -0.30853206 0.9463148 0.0964176
vn -0.30853206 0.9463148 0.0964176
vn 0.3009994 -0.9508871 -0.07220253
vn 0.3009994 -0.9508871 -0.07220253
vn 0.3009994 -0.9508871 -0.07220253
vn 0.3009994 -0.9508871 -0.07220253
vn 0.31266364 -0.9468173 -0.07601691
vn 0.31266364 -0.9468173 -0.07601691
vn 0.31266364 -0.9468173 -0.07601691
vn 0.31266364 -0.9468173 -0.07601691
vn 0.72764045 0.5189068 -0.44863698
vn 0.72764045 0.5189068 -0.44863698
vn 0.72764045 0.5189068 -0.44863698
vn 0.72764045 0.5189068 -0.44863698
vn 0.3104595 -0.93613076 -0.16514917
vn 0.3104595 -0.93613076 -0.16514917
vn 0.3104595 -0.93613076 -0.16514917
vn 0.3104595 -0.93613076 -0.16514917
vn -0.5305077 -0.50748765 0.67898303
vn -0.5305077 -0.50748765 0.67898303
vn -0.5305077 -0.50748765 0.67898303
vn -0.5305077 -0.50748765 0.67898303
vn -0.3570541 0.92931986 0.09421736
vn -0.3570541 0.92931986 0.09421736
vn -0.3570541 0.92931986 0.09421736
vn -0.3570541 0.92931986 0.09421736
vn 0.5523859 -0.032704316 0.8329468
vn 0.5523859 -0.032704316 0.8329468
vn 0.5523859 -0.032704316 0.8329468
vn 0.5523859 -0.032704316 0.8329468
vn -0.22126356 0.098708615 -0.9702058
vn -0.22126356 0.098708615 -0.9702058
vn -0.22126356 0.098708615 -0.9702058
vn -0.22126356 0.098708615 -0.9702058
vn -0.5369575 0.03293235 -0.8429664
vn -0.5369575 0.03293235 -0.8429664
vn -0.5369575 0.03293235 -0.8429664
vn -0.5369575 0.03293235 -0.8429664
vn -0.42027417 0.053496458 -0.9058188
vn -0.42027417 0.053496458 -0.9058188
vn -0.42027417 0.053496458 -0.9058188
vn -0.42027417 0.053496458 -0.9058188
vn 0.19148104 -0.086022206 0.9777194
vn 0.19148104 -0.086022206 0.9777194
vn 0.19148104 -0.086022206 0.9777194
vn 0.19148104 -0.086022206 0.9777194
vn 0.40719137 -0.048109602 0.9120749
vn 0.40719137 -0.048109602 0.9120749
vn 0.40719137 -0.048109602 0.9120749
vn 0.40719137 -0.048109602 0.9120749
vn -0.28601375 0.94280463 0.17121811
vn -0.28601375 0.94280463 0.17121811
vn -0.28601375 0.94280463 0.17121811
vn -0.28601375 0.94280463 0.17121811
vn -0.36054784 0.91495293 0.18129075
vn -0.36054784 0.91495293 0.18129075
vn -0.36054784 0.91495293 0.18129075
vn -0.36054784 0.91495293 0.18129075
vn 0.34068888 -0.9367387 -0.08032263
vn 0.34068888 -0.9367387 -0.08032263
vn 0.34068888 -0.9367387 -0.08032263
vn 0.34068888 -0.9367387 -0.08032263
vn 0.37320346 -0.91488785 -0.15394618
vn 0.37320346 -0.91488785 -0.15394618
vn 0.37320346 -0.91488785 -0.15394618
vn 0.37320346 -0.91488785 -0.15394618
vn 0.81749696 0.5429209 -0.19218686
vn 0.81749696 0.5429209 -0.19218686
vn 0.81749696 0.5429209 -0.19218686
vn 0.81749696 0.5429209 -0.19218686
vn 0.42303398 -0.9060336 -0.012065402
vn 0.42303398 -0.9060336 -0.012065402
vn 0.42303398 -0.9060336 -0.012065402
vn 0.42303398 -0.9060336 -0.012065402
vn -0.781925 -0.5345849 0.32064375
vn -0.781925 -0.5345849 0.32064375
vn -0.781925 -0.5345849 0.32064375
vn -0.781925 -0.5345849 0.32064375
vn -0.42301983 0.9060511 -0.011210976
vn -0.42301983 0.9060511 -0.011210976
vn -0.42301983 0.9060511 -0.011210976
vn -0.42301983 0.9060511 -0.011210976
vn 0.1014914 -0.045213275 0.99380845
vn 0.1014914 -0.045213275 0.99380845
vn 0.1014914 -0.045213275 0.99380845
vn 0.1014914 -0.045213275 0.99380845
vn 0.051802542 0.08869733 -0.9947106
vn 0.051802542 0.08869733 -0.9947106
vn 0.051802542 0.08869733 -0.9947106
vn 0.051802542 0.08869733 -0.9947106
vn -0.08202518 0.046466466 -0.9955465
vn -0.08202518 0.046466466 -0.9955465
vn -0.08202518 0.046466466 -0.9955465
vn -0.08202518 0.046466466 -0.9955465
vn -0.02023931 0.06969104 -0.9973633
vn -0.02023931 0.06969104 -0.9973633
vn -0.02023931 0.06969104 -0.9973633
vn -0.02023931 0.06969104 -0.9973633
vn -0.07517532 -0.09245477 0.992875
vn -0.07517532 -0.09245477 0.992875
vn -0.07517532 -0.09245477 0.992875
vn -0.07517532 -0.09245477 0.992875
vn 0.01862981 -0.07213302 0.997221
vn 0.01862981 -0.07213302 0.997221
vn 0.01862981 -0.07213302 0.997221
vn 0.01862981 -0.07213302 0.997221
vn -0.40413204 0.9142388 0.029062089
vn -0.40413204 0.9142388 0.029062089
vn -0.40413204 0.9142388 0.029062089
vn -0.40413204 0.9142388 0.029062089
vn -0.41811708 0.90833294 0.0104613835
vn -0.41811708 0.90833294 0.0104613835
vn -0.41811708 0.90833294 0.0104613835
vn -0.41811708 0.90833294 0.0104613835
vn 0.4056105 -0.9139748 0.011404787
vn 0.4056105 -0.9139748 0.011404787
vn 0.4056105 -0.9139748 0.011404787
vn 0.4056105 -0.9139748 0.011404787
vn 0.4178564 -0.9084564 0.010154912
vn 0.4178564 -0.9084564 0.010154912
vn 0.4178564 -0.9084564 0.010154912
vn 0.4178564 -0.9084564 0.010154912
vn -0.11347085 0.9852447 -0.12812968
vn -0.09295996 0.9771009 -0.1913955
vn -0.048708625 0.94734854 -0.31647792
vn -0.08420262 0.9494812 -0.3023168
vn 0.30744687 0.9507086 -0.040369038
vn 0.38194606 0.86833066 -0.3164161
vn 0.18305334 0.9260171 -0.33012703
vn 0.12619588 0.98452836 -0.12156685
vn 0.37548065 0.7278396 -0.5738152
vn 0.29619363 0.57751805 -0.76075125
vn 0.110906534 0.75465673 -0.64667857
vn 0.19214822 0.823615 -0.5336079
vn 0.14444862 0.4877037 -0.86097604
vn -0.10782323 0.40494573 -0.90796095
vn -0.18415621 0.57600725 -0.79643095
vn 0.022980772 0.6555386 -0.7548119
vn -0.38976216 0.34453246 -0.85403925
vn -0.64955086 0.35084495 -0.67453074
vn -0.57635605 0.5745702 -0.581105
vn -0.39443767 0.52810466 -0.7520136
vn -0.8337801 0.3614179 -0.41735843
vn -0.8926223 0.4110428 -0.18511985
vn -0.7435475 0.6219626 -0.24555992
vn -0.71189857 0.5736213 -0.40516555
vn -0.83688813 0.5386196 0.0975058
vn -0.67239994 0.6745387 0.3047556
vn -0.57385063 0.8104189 0.11796963
vn -0.7116442 0.7019505 -0.02877831
vn -0.48815188 0.79005307 0.37084207
vn -0.24949628 0.89639467 0.36637175
vn -0.2794037 0.9391207 0.19996496
vn -0.4558063 0.8726315 0.17537132
vn -0.09427248 0.88132 -0.46302018
vn -0.059695832 0.90381384 -0.4237416
vn -0.092931286 0.86013955 -0.5015214
vn -0.12650232 0.81828916 -0.56071395
vn -0.42952785 0.78796667 -0.44115123
vn -0.378709 0.7499709 -0.5423313
vn -0.42308602 0.76563954 -0.48455575
vn -0.47979242 0.7877 -0.3864298
vn -0.42854786 0.8964486 -0.11281218
vn -0.46578932 0.87081504 -0.15723023
vn -0.431573 0.8972422 -0.09328052
vn -0.37425455 0.9263298 -0.042972945
vn 0.0017701302 0.95868856 0.2844522
vn 0.18146747 0.97118396 0.1545039
vn 0.022309406 0.9997404 0.004635042
vn -0.097814575 0.9893039 0.10821373
vn -0.09295996 0.9771009 -0.1913955
vn 0.12619588 0.98452836 -0.12156685
vn 0.18305334 0.9260171 -0.33012703
vn -0.048708625 0.94734854 -0.31647792
vn -0.18338737 0.979138 -0.08750929
vn -0.097814575 0.9893039 0.10821373
vn 0.022309406 0.9997404 0.004635042
vn -0.12354223 0.9806152 -0.15208918
vn -0.059695832 0.90381384 -0.4237416
vn 0.19214822 0.823615 -0.5336079
vn 0.110906534 0.75465673 -0.64667857
vn -0.092931286 0.86013955 -0.5015214
vn -0.12650232 0.81828916 -0.56071395
vn 0.022980772 0.6555386 -0.7548119
vn -0.18415621 0.57600725 -0.79643095
vn -0.25169083 0.778493 -0.5749787
vn -0.378709 0.7499709 -0.5423313
vn -0.39443767 0.52810466 -0.7520136
vn -0.57635605 0.5745702 -0.581105
vn -0.42308602 0.76563954 -0.48455575
vn -0.47979242 0.7877 -0.3864298
vn -0.71189857 0.5736213 -0.40516555
vn -0.7435475 0.6219626 -0.24555992
vn -0.50805527 0.8115003 -0.28869912
vn -0.46578932 0.87081504 -0.15723023
vn -0.7116442 0.7019505 -0.02877831
vn -0.57385063 0.8104189 0.11796963
vn -0.431573 0.8972422 -0.09328052
vn -0.37425455 0.9263298 -0.042972945
vn -0.4558063 0.8726315 0.17537132
vn -0.2794037 0.9391207 0.19996496
vn -0.28053337 0.9595364 -0.024313016
vn -0.26643133 0.8398871 -0.47286788
vn -0.25169083 0.778493 -0.5749787
vn -0.27689692 0.95540035 -0.10265595
vn -0.27766362 0.91261137 -0.3000723
vn -0.28053337 0.9595364 -0.024313016
vn -0.45604554 0.8436568 -0.2833121
vn -0.18338737 0.979138 -0.08750929
vn -0.50805527 0.8115003 -0.28869912
vn -0.12354223 0.9806152 -0.15208918
# 1810 vertex normals

vt 0.15883465 0.6874269 0
vt 0.16633496 0.6895534 0
vt 0.15974295 0.6967851 0
vt 0.16639636 0.680865 0
vt 0.81513387 0.32190794 0
vt 0.8289278 0.46091282 0
vt 0.80734 0.22565341 0
vt 0.8180183 0.30454272 0
vt 0.8150231 0.30338007 0
vt 0.8181979 0.32769912 0
vt 0.80806977 0.21673876 0
vt 0.82228243 0.29170376 0
vt 0.8064174 0.030876994 0
vt 0.80600905 0.20787382 0
vt 0.0909369 0.69734454 0
vt 0.09602071 0.7003157 0
vt 0.09652376 0.691953 0
vt 0.16178213 0.6953832 0
vt 0.16704015 0.6978407 0
vt 0.16733338 0.6891069 0
vt 0.0910617 0.68598735 0
vt 0.09636551 0.692669 0
vt 0.08967964 0.68684363 0
vt 0.09622936 0.68486 0
vt 0.09597488 0.70060384 0
vt 0.08975023 0.6980342 0
vt 0.09692411 0.68372834 0
vt 0.16614065 0.69829977 0
vt 0.160629 0.684283 0
vt 0.16682236 0.6789396 0
vt 0.15883465 0.6874269 0
vt 0.15974295 0.6967851 0
vt 0.16633496 0.6895534 0
vt 0.16639636 0.680865 0
vt 0.81513387 0.32190794 0
vt 0.80734 0.22565341 0
vt 0.8180183 0.30454272 0
vt 0.8150231 0.30338007 0
vt 0.8181979 0.32769912 0
vt 0.80806977 0.21673876 0
vt 0.82228243 0.29170376 0
vt 0.0909369 0.69734454 0
vt 0.09652376 0.691953 0
vt 0.09602071 0.7003157 0
vt 0.16178213 0.6953832 0
vt 0.16733338 0.6891069 0
vt 0.16704015 0.6978407 0
vt 0.0910617 0.68598735 0
vt 0.09636551 0.692669 0
vt 0.09622936 0.68486 0
vt 0.08967964 0.68684363 0
vt 0.08975023 0.6980342 0
vt 0.09597488 0.70060384 0
vt 0.09692411 0.68372834 0
vt 0.16614065 0.69829977 0
vt 0.160629 0.684283 0
vt 0.16682236 0.6789396 0
vt 0.13982916 0.5398706 0
vt 0.12876014 0.5404817 0
vt 0.12809505 0.6121351 0
vt 0.1370636 0.61152005 0
vt 0.12347049 0.47269624 0
vt 0.12065438 0.4951524 0
vt 0.13125363 0.49065936 0
vt 0.13208285 0.46965963 0
vt 0.14384954 0.44968754 0
vt 0.14285354 0.44300532 0
vt 0.13205546 0.44500953 0
vt 0.13283622 0.4541723 0
vt 0.117777936 0.5401195 0
vt 0.117907956 0.6096111 0
vt 0.1092012 0.62564075 0
vt 0.110194564 0.6214282 0
vt 0.117107034 0.5971093 0
vt 0.115223974 0.58542347 0
vt 0.10360136 0.5814384 0
vt 0.10274714 0.5847683 0
vt 0.11474052 0.5927073 0
vt 0.093500674 0.5805547 0
vt 0.09302505 0.61026096 0
vt 0.1034794 0.5711875 0
vt 0.106004395 0.51987344 0
vt 0.09645322 0.66410685 0
vt 0.089218415 0.656253 0
vt 0.08922292 0.6500099 0
vt 0.09632452 0.6594231 0
vt 0.09544643 0.6169865 0
vt 0.09458208 0.6165099 0
vt 0.08637285 0.5891664 0
vt 0.08770923 0.6218054 0
vt 0.16693108 0.662865 0
vt 0.15530218 0.6725596 0
vt 0.15137213 0.6006299 0
vt 0.160652 0.6147646 0
vt 0.08450934 0.56179583 0
vt 0.08443778 0.6126183 0
vt 0.08174054 0.6087916 0
vt 0.09450841 0.72479224 0
vt 0.0901905 0.7251183 0
vt 0.10164711 0.6925966 0
vt 0.10247259 0.6844665 0
vt 0.08928731 0.653514 0
vt 0.09213938 0.650903 0
vt 0.09278464 0.64392984 0
vt 0.08961447 0.6468662 0
vt 0.15877004 0.6959491 0
vt 0.16091123 0.72037065 0
vt 0.16316909 0.72024214 0
vt 0.10537453 0.68522817 0
vt 0.104028836 0.6929749 0
vt 0.10241249 0.69317055 0
vt 0.10315898 0.6858705 0
vt 0.09394479 0.73309886 0
vt 0.093210995 0.74136883 0
vt 0.09039113 0.74129164 0
vt 0.090391904 0.7331501 0
vt 0.15259562 0.73567504 0
vt 0.15498391 0.7357718 0
vt 0.15527795 0.72963494 0
vt 0.15303043 0.72960395 0
vt 0.17607798 0.6771287 0
vt 0.17513502 0.68879724 0
vt 0.17371821 0.6881291 0
vt 0.1749526 0.6773908 0
vt 0.10092042 0.7005303 0
vt 0.089653775 0.6976409 0
vt 0.08933476 0.7239907 0
vt 0.090993665 0.7257341 0
vt 0.10317939 0.700795 0
vt 0.1017921 0.70077837 0
vt 0.17211106 0.69740784 0
vt 0.17266887 0.688434 0
vt 0.15828697 0.73342824 0
vt 0.15364791 0.73567307 0
vt 0.15414576 0.729573 0
vt 0.15819524 0.72503936 0
vt 0.1742662 0.6978231 0
vt 0.17283557 0.69737744 0
vt 0.16646284 0.7209605 0
vt 0.16139661 0.7205061 0
vt 0.17702726 0.60659873 0
vt 0.18071997 0.59044874 0
vt 0.18050691 0.5857322 0
vt 0.18071231 0.6104398 0
vt 0.07390105 0.39843267 0
vt 0.06709844 0.40235484 0
vt 0.06796873 0.4100654 0
vt 0.07480042 0.40691584 0
vt 0.17028815 0.46055275 0
vt 0.17745791 0.47942245 0
vt 0.17668664 0.47353125 0
vt 0.17030448 0.45359218 0
vt 0.19353302 0.5170678 0
vt 0.2044061 0.5194211 0
vt 0.19941197 0.5013598 0
vt 0.18875532 0.49987173 0
vt 0.19428204 0.5655142 0
vt 0.20472845 0.55690503 0
vt 0.200288 0.47899437 0
vt 0.19928055 0.4768523 0
vt 0.1911243 0.4764415 0
vt 0.19192214 0.4785149 0
vt 0.21289109 0.51968396 0
vt 0.22146417 0.5202503 0
vt 0.21741043 0.50440717 0
vt 0.20841187 0.50288606 0
vt 0.21256931 0.554759 0
vt 0.22079167 0.55303717 0
vt 0.20346598 0.48802662 0
vt 0.19453587 0.4864999 0
vt 0.2206169 0.48290598 0
vt 0.2192686 0.4802636 0
vt 0.20746583 0.4773667 0
vt 0.20871557 0.47969294 0
vt 0.23325822 0.522616 0
vt 0.24425136 0.5248902 0
vt 0.23969762 0.50891566 0
vt 0.22895797 0.50674856 0
vt 0.23233841 0.55153024 0
vt 0.24344549 0.55054724 0
vt 0.22417355 0.49257362 0
vt 0.21244514 0.48973525 0
vt 0.24129286 0.48874152 0
vt 0.2405053 0.48584783 0
vt 0.23031962 0.48324847 0
vt 0.23171048 0.48599732 0
vt 0.097342424 0.4385277 0
vt 0.09953079 0.4287874 0
vt 0.092843175 0.42799687 0
vt 0.0957312 0.43432128 0
vt 0.09008709 0.46773666 0
vt 0.09079768 0.47031754 0
vt 0.08975273 0.47947562 0
vt 0.0887504 0.47430843 0
vt 0.086383335 0.42324317 0
vt 0.09207069 0.42537194 0
vt 0.09211507 0.42388338 0
vt 0.086413756 0.42288476 0
vt 0.101256505 0.41710776 0
vt 0.10263582 0.4273715 0
vt 0.10727301 0.4261971 0
vt 0.10425001 0.42965734 0
vt 0.10520753 0.44651103 0
vt 0.109009266 0.42570812 0
vt 0.11013739 0.42622393 0
vt 0.10563046 0.44545454 0
vt 0.101463675 0.44606358 0
vt 0.103939615 0.46190315 0
vt 0.10758908 0.45150542 0
vt 0.10838324 0.44835287 0
vt 0.05171538 0.41374844 0
vt 0.04715354 0.4216097 0
vt 0.047843784 0.4382571 0
vt 0.05256457 0.41413724 0
vt 0.09402361 0.5111687 0
vt 0.1049971 0.4758221 0
vt 0.09389903 0.49031305 0
vt 0.07744223 0.49178308 0
vt 0.070692874 0.49328047 0
vt 0.067496344 0.5459049 0
vt 0.074942224 0.5461695 0
vt 0.064296514 0.4466101 0
vt 0.06183847 0.4320855 0
vt 0.05687646 0.4385816 0
vt 0.05849827 0.4523638 0
vt 0.10686508 0.65173364 0
vt 0.10894933 0.65755874 0
vt 0.061041705 0.4456647 0
vt 0.060913756 0.41592723 0
vt 0.074462965 0.39961654 0
vt 0.074245304 0.3984548 0
vt 0.065040536 0.39357644 0
vt 0.06552105 0.39448535 0
vt 0.09604724 0.42020762 0
vt 0.08975384 0.42165804 0
vt 0.090044335 0.4283535 0
vt 0.09666399 0.42835444 0
vt 0.076753415 0.44146252 0
vt 0.070067674 0.4438501 0
vt 0.07075961 0.4729625 0
vt 0.07707117 0.470981 0
vt 0.06539348 0.47029805 0
vt 0.09150603 0.46913987 0
vt 0.08829829 0.46093947 0
vt 0.08341371 0.46772307 0
vt 0.0843643 0.48386377 0
vt 0.097103596 0.44200605 0
vt 0.09050305 0.43778408 0
vt 0.07647457 0.4302277 0
vt 0.06947705 0.43127453 0
vt 0.07610338 0.4236514 0
vt 0.082028024 0.42923892 0
vt 0.08195462 0.42257184 0
vt 0.16273803 0.776155 0
vt 0.15845531 0.776155 0
vt 0.15785748 0.776155 0
vt 0.16223425 0.776155 0
vt 0.13624986 0.5859356 0
vt 0.13628481 0.59855354 0
vt 0.12801912 0.59937286 0
vt 0.12752432 0.586467 0
vt 0.16697949 0.73118454 0
vt 0.17121884 0.73139524 0
vt 0.17143646 0.7206925 0
vt 0.16709116 0.7204673 0
vt 0.1721003 0.7316152 0
vt 0.17082737 0.7317981 0
vt 0.17127028 0.72141504 0
vt 0.17251644 0.7210538 0
vt 0.16623785 0.7314141 0
vt 0.16614053 0.74155444 0
vt 0.16176371 0.74155444 0
vt 0.16152942 0.7311644 0
vt 0.08895522 0.77641577 0
vt 0.08606845 0.7760489 0
vt 0.08648485 0.7758922 0
vt 0.089304745 0.77596945 0
vt 0.093624294 0.73411345 0
vt 0.09681323 0.734879 0
vt 0.09733712 0.72687316 0
vt 0.09435597 0.7259288 0
vt 0.08821605 0.73575485 0
vt 0.08519784 0.73735034 0
vt 0.085532375 0.74149597 0
vt 0.08815534 0.74164355 0
vt 0.09839209 0.7347903 0
vt 0.09801085 0.73433805 0
vt 0.09851615 0.7261683 0
vt 0.09898098 0.7266271 0
vt 0.083108954 0.7369676 0
vt 0.08366184 0.74127364 0
vt 0.08814554 0.7350805 0
vt 0.08825994 0.72895545 0
vt 0.083363 0.7765557 0
vt 0.079755604 0.77587426 0
vt 0.081466734 0.77583027 0
vt 0.084224105 0.7758895 0
vt 0.083144575 0.65021753 0
vt 0.08402774 0.65293956 0
vt 0.26118916 0.5406306 0
vt 0.265735 0.52433825 0
vt 0.2626638 0.5210868 0
vt 0.26001766 0.5261297 0
vt 0.25597665 0.51321125 0
vt 0.26038116 0.51264775 0
vt 0.25612864 0.5024425 0
vt 0.2511437 0.49902058 0
vt 0.086936265 0.37430257 0
vt 0.0895633 0.46455967 0
vt 0.09004243 0.46057272 0
vt 0.08713624 0.3694641 0
vt 0.059696674 0.46245193 0
vt 0.1593071 0.73344254 0
vt 0.15536861 0.74155444 0
vt 0.15945336 0.74155444 0
vt 0.11846875 0.4999563 0
vt 0.15477802 0.519876 0
vt 0.16640094 0.5591705 0
vt 0.16643186 0.5136546 0
vt 0.15696596 0.5009803 0
vt 0.15441543 0.776155 0
vt 0.14951581 0.776155 0
vt 0.15009123 0.776155 0
vt 0.1545716 0.776155 0
vt 0.1530817 0.64824 0
vt 0.14895347 0.5908256 0
vt 0.151201 0.5908566 0
vt 0.15483983 0.64841914 0
vt 0.046051554 0.43727523 0
vt 0.046233423 0.36622763 0
vt 0.04008362 0.38276142 0
vt 0.044262875 0.3854999 0
vt 0.07290352 0.59239167 0
vt 0.07223139 0.59308153 0
vt 0.07602018 0.5792937 0
vt 0.07759519 0.57469666 0
vt 0.066148244 0.39784855 0
vt 0.058233537 0.44516146 0
vt 0.050027102 0.436988 0
vt 0.050587863 0.43163288 0
vt 0.045870252 0.43112552 0
vt 0.05345109 0.37029356 0
vt 0.054814786 0.42868215 0
vt 0.054196946 0.43242228 0
vt 0.06080161 0.42660135 0
vt 0.055922754 0.49393785 0
vt 0.05794184 0.47084647 0
vt 0.05452103 0.44870353 0
vt 0.051736742 0.4514926 0
vt 0.17561477 0.49304038 0
vt 0.18765193 0.5169463 0
vt 0.18285628 0.4997326 0
vt 0.1822715 0.47933447 0
vt 0.18175228 0.47863972 0
vt 0.0928028 0.48040724 0
vt 0.085002415 0.4974962 0
vt 0.086600326 0.38789427 0
vt 0.0865935 0.37089604 0
vt 0.089346245 0.46111095 0
vt 0.08432864 0.37062347 0
vt 0.084817514 0.36909556 0
vt 0.086687036 0.40010387 0
vt 0.0886863 0.47550195 0
vt 0.08170312 0.40379286 0
vt 0.08636045 0.42958486 0
vt 0.08612198 0.4140815 0
vt 0.08270042 0.39834958 0
vt 0.052054703 0.5377776 0
vt 0.04283981 0.45634347 0
vt 0.041157536 0.4918695 0
vt 0.05112586 0.5637434 0
vt 0.060182787 0.537673 0
vt 0.05910484 0.5652321 0
vt 0.056456022 0.5883337 0
vt 0.054296553 0.36546832 0
vt 0.054050572 0.43768454 0
vt 0.05048868 0.45043463 0
vt 0.81208086 0.30819905 0
vt 0.8048335 0.22405714 0
vt 0.051579468 0.56498045 0
vt 0.056644954 0.59013474 0
vt 0.0492443 0.4519717 0
vt 0.043991394 0.44669068 0
vt 0.07347318 0.39241856 0
vt 0.08168904 0.38644987 0
vt 0.082476236 0.4105276 0
vt 0.092770934 0.43987614 0
vt 0.095759556 0.41048658 0
vt 0.24348342 0.49703646 0
vt 0.2351041 0.4953035 0
vt 0.17880723 0.48546124 0
vt 0.17087406 0.4731627 0
vt 0.144285 0.46412855 0
vt 0.12523438 0.44706857 0
vt 0.1251053 0.45563072 0
vt 0.05099062 0.45788544 0
vt 0.05397842 0.41446942 0
vt 0.25682446 0.49916947 0
vt 0.2633166 0.5124074 0
vt 0.26451564 0.51181054 0
vt 0.2572651 0.496639 0
vt 0.26253346 0.5432271 0
vt 0.26717538 0.52639854 0
vt 0.13622433 0.5944189 0
vt 0.12731974 0.5948377 0
vt 0.08564434 0.5350845 0
vt 0.08452189 0.5209273 0
vt 0.23368517 0.5534295 0
vt 0.24427974 0.5519537 0
vt 0.2149494 0.55778134 0
vt 0.22278896 0.5555774 0
vt 0.19488585 0.56843936 0
vt 0.20745288 0.5603634 0
vt 0.1765957 0.6083305 0
vt 0.18038008 0.5910944 0
vt 0.1049038 0.6699081 0
vt 0.083276965 0.5685296 0
vt 0.16044097 0.6265239 0
vt 0.15373874 0.6103508 0
vt 0.06586027 0.59877396 0
vt 0.06530197 0.59896207 0
vt 0.086603455 0.40929908 0
vt 0.081875145 0.41550314 0
vt 0.08945562 0.4149295 0
vt 0.098983504 0.43469882 0
vt 0.068944104 0.42496914 0
vt 0.057117693 0.40359843 0
vt 0.05728314 0.40429908 0
vt 0.05974131 0.4226454 0
vt 0.068423115 0.4192711 0
vt 0.06496449 0.48444563 0
vt 0.06596199 0.5727985 0
vt 0.05177314 0.4272676 0
vt 0.05518411 0.42472214 0
vt 0.053400412 0.4236436 0
vt 0.08612293 0.39728343 0
vt 0.086467 0.4842865 0
vt 0.07544056 0.41688138 0
vt 0.05099062 0.4803633 0
vt 0.07468272 0.56299067 0
vt 0.05762265 0.44757587 0
vt 0.055871494 0.45742154 0
vt 0.05770164 0.41866726 0
vt 0.059501894 0.44890893 0
vt 0.054592878 0.453974 0
vt 0.05668831 0.44211525 0
vt 0.058804326 0.4434513 0
vt 0.055586584 0.47667247 0
vt 0.05431819 0.47514284 0
vt 0.05975513 0.4573565 0
vt 0.05899083 0.4714641 0
vt 0.05335959 0.46583706 0
vt 0.05335959 0.5181562 0
vt 0.059755735 0.47167712 0
vt 0.060388997 0.4605226 0
vt 0.055540472 0.47579837 0
vt 0.05650744 0.47674787 0
vt 0.05511616 0.46722788 0
vt 0.098879546 0.43141633 0
vt 0.08294308 0.38268292 0
vt 0.08231125 0.43873912 0
vt 0.08379049 0.38982862 0
vt 0.083989695 0.3750133 0
vt 0.08404043 0.37703514 0
vt 0.08249656 0.40992898 0
vt 0.08111258 0.39383352 0
vt 0.6464803 0.6934649 0
vt 0.6453303 0.70453763 0
vt 0.64466393 0.7541095 0
vt 0.64269364 0.7791827 0
vt 0.04336121 0.4248821 0
vt 0.044220276 0.42631358 0
vt 0.0455606 0.3631528 0
vt 0.039264027 0.36838394 0
vt 0.6332185 0.8078072 0
vt 0.63406396 0.7936672 0
vt 0.63324696 0.79223 0
vt 0.632286 0.7977663 0
vt 0.0518815 0.37068266 0
vt 0.043068103 0.4355892 0
vt 0.03926736 0.42791796 0
vt 0.038644888 0.47881347 0
vt 0.81055516 0.31734848 0
vt 0.8047888 0.27371716 0
vt 0.8155198 0.30056596 0
vt 0.8193613 0.2561282 0
vt 0.8036581 0.04464096 0
vt 0.8035596 0.047178984 0
vt 0.81379783 0.28370875 0
vt 0.10990009 0.47829556 0
vt 0.099290274 0.5059719 0
vt 0.111696035 0.50086427 0
vt 0.11652736 0.4765489 0
vt 0.08260027 0.5526639 0
vt 0.18439145 0.4851588 0
vt 0.18771127 0.5820314 0
vt 0.18719137 0.5786112 0
vt 0.25400165 0.550978 0
vt 0.2521857 0.54908824 0
vt 0.2503403 0.49251175 0
vt 0.24827093 0.5111681 0
vt 0.2526874 0.52603817 0
vt 0.25027514 0.48988438 0
vt 0.14725073 0.49193257 0
vt 0.17692518 0.5905857 0
vt 0.17571278 0.63167983 0
vt 0.17920417 0.6383102 0
vt 0.082297474 0.5495843 0
vt 0.08398589 0.5446689 0
vt 0.17330594 0.62479746 0
vt 0.17356616 0.6167079 0
vt 0.15396124 0.5858733 0
vt 0.16411121 0.6200454 0
vt 0.08874718 0.5507102 0
vt 0.16439426 0.6407603 0
vt 0.17491308 0.6434852 0
vt 0.17866424 0.6465658 0
vt 0.17847691 0.6485949 0
vt 0.10850158 0.6627712 0
vt 0.10710727 0.6751774 0
vt 0.10419424 0.6774659 0
vt 0.104686104 0.6715474 0
vt 0.089692816 0.68636566 0
vt 0.09159304 0.66673654 0
vt 0.0897069 0.6687373 0
vt 0.09965112 0.6514911 0
vt 0.09825997 0.6677691 0
vt 0.104650274 0.67059946 0
vt 0.10636087 0.65755314 0
vt 0.17332155 0.67654014 0
vt 0.1741596 0.6588111 0
vt 0.16533259 0.66351664 0
vt 0.089520186 0.6707393 0
vt 0.09602943 0.67569214 0
vt 0.15063614 0.67016363 0
vt 0.15236154 0.6588416 0
vt 0.1511735 0.6486257 0
vt 0.14892796 0.6610418 0
vt 0.13006267 0.4951219 0
vt 0.14159304 0.4976107 0
vt 0.11999956 0.45683843 0
vt 0.15645684 0.46273935 0
vt 0.1455104 0.5939565 0
vt 0.14548805 0.58361685 0
vt 0.12049255 0.4476648 0
vt 0.15558107 0.44776815 0
vt 0.1462524 0.60593927 0
vt 0.14525895 0.5934626 0
vt 0.15508893 0.4395091 0
vt 0.03715933 0.50218165 0
vt 0.03682954 0.4936111 0
vt 0.035464294 0.49222028 0
vt 0.036209352 0.5015261 0
vt 0.037416644 0.48380482 0
vt 0.036422797 0.4803573 0
vt 0.04043556 0.49806035 0
vt 0.037910946 0.50313115 0
vt 0.037195154 0.5030557 0
vt 0.039841063 0.49784732 0
vt 0.04023827 0.4752922 0
vt 0.040927775 0.4869058 0
vt 0.040435143 0.48373973 0
vt 0.039696105 0.46983457 0
vt 0.038777716 0.4739591 0
vt 0.038051493 0.46849847 0
vt 0.6323879 0.7880354 0
vt 0.63111824 0.80134594 0
vt 0.6316489 0.8089475 0
vt 0.6332049 0.78947246 0
vt 0.083822735 0.652436 0
vt 0.08424908 0.7762441 0
vt 0.08162612 0.7760966 0
vt 0.08508249 0.7369021 0
vt 0.085373 0.74122965 0
vt 0.08893877 0.7763314 0
vt 0.0868386 0.7762868 0
vt 0.091536224 0.7765946 0
vt 0.09269011 0.7766192 0
vt 0.09092164 0.733976 0
vt 0.09257716 0.7764033 0
vt 0.09648338 0.7418027 0
vt 0.08156266 0.59398055 0
vt 0.07976042 0.59400785 0
vt 0.08163915 0.5942409 0
vt 0.08563962 0.7327589 0
vt 0.09074485 0.74168617 0
vt 0.15529789 0.6738596 0
vt 0.1696466 0.74155444 0
vt 0.16290393 0.7310816 0
vt 0.16652471 0.776155 0
vt 0.16574037 0.776155 0
vt 0.16620839 0.776155 0
vt 0.1627739 0.776155 0
vt 0.15375803 0.64852 0
vt 0.1500688 0.5907947 0
vt 0.15554708 0.776155 0
vt 0.15146238 0.776155 0
vt 0.15866572 0.776155 0
vt 0.16340901 0.4477427 0
vt 0.16390967 0.4601639 0
vt 0.16383019 0.44214392 0
vt 0.162572 0.74155444 0
vt 0.10031073 0.6442839 0
vt 0.1558041 0.67906135 0
vt 0.1580545 0.685416 0
vt 0.15329432 0.6793685 0
vt 0.17756082 0.65926474 0
vt 0.17643903 0.6609943 0
vt 0.16588269 0.66796374 0
vt 0.15847781 0.74155444 0
vt 0.15927704 0.7249386 0
vt 0.15399748 0.74155444 0
vt 0.15342207 0.74155444 0
vt 0.17011464 0.74155444 0
vt 0.17043093 0.74155444 0
vt 0.16668019 0.74155444 0
vt 0.088464946 0.729459 0
vt 0.08813038 0.7412889 0
vt 0.09284501 0.7417308 0
vt 0.09544249 0.74199396 0
vt 0.096596345 0.74201864 0
vt 0.083837375 0.7327862 0
vt 0.085716106 0.73301923 0
vt 0.114607826 0.4496085 0
vt 0.11445677 0.4584325 0
vt 0.10925071 0.46031046 0
vt 0.080968544 0.5574203 0
vt 0.1100866 0.4547618 0
vt 0.086220294 0.42092288 0
vt 0.08665999 0.4155457 0
vt 0.08670475 0.42788005 0
vt 0.084290676 0.37847233 0
vt 0.08417034 0.3895287 0
vt 0.08489608 0.3743394 0
vt 0.08457446 0.37539643 0
vt 0.08355693 0.38440204 0
vt 0.08334984 0.3959549 0
vt 0.084388 0.38012862 0
vt 0.6380191 0.8850019 0
vt 0.6397509 0.95788044 0
vt 0.6409529 0.919895 0
vt 0.6399659 0.84093326 0
vt 0.643886 0.8525785 0
vt 0.6443161 0.736759 0
vt 0.6416933 0.7988746 0
vt 0.63959104 0.82867336 0
vt 0.81341696 0.6538179 0
vt 0.81341696 0.5694489 0
vt 0.81149 0.575381 0
vt 0.81065387 0.6520734 0
vt 0.80970615 0.6573742 0
vt 0.8112708 0.5715069 0
vt 0.81149 0.5790762 0
vt 0.81065387 0.65737 0
vt 0.81341696 0.6609326 0
vt 0.81341696 0.57356495 0
vt 0.8153444 0.5790762 0
vt 0.8161801 0.65737 0
vt 0.8171278 0.6573742 0
vt 0.81556326 0.5715069 0
vt 0.81534404 0.575381 0
vt 0.8161801 0.6520734 0
vt 0.81341696 0.8437591 0
vt 0.81341696 0.832299 0
vt 0.8166866 0.8259523 0
vt 0.8170803 0.82878894 0
vt 0.81341696 0.55681235 0
vt 0.81341696 0.8252768 0
vt 0.8166866 0.81968343 0
vt 0.81014746 0.81968343 0
vt 0.80966324 0.7633526 0
vt 0.80852026 0.76794636 0
vt 0.809754 0.82878894 0
vt 0.81717074 0.7705473 0
vt 0.8183137 0.76794636 0
vt 0.81717074 0.7633526 0
vt 0.81341696 0.7726411 0
vt 0.80966324 0.7705473 0
vt 0.81014746 0.8259523 0
vt 0.81341696 0.7632537 0
vt 0.8077745 0.6279998 0
vt 0.8077745 0.55241424 0
vt 0.8095555 0.5579171 0
vt 0.81030184 0.62623006 0
vt 0.81117636 0.6303314 0
vt 0.80976665 0.55377996 0
vt 0.8095555 0.5603602 0
vt 0.81030184 0.62969375 0
vt 0.8077745 0.632663 0
vt 0.8077745 0.55514574 0
vt 0.8059935 0.5603602 0
vt 0.8052468 0.62969375 0
vt 0.80437267 0.6303314 0
vt 0.8057824 0.55377996 0
vt 0.8059935 0.5579171 0
vt 0.8052468 0.62623006 0
vt 0.8077745 0.796721 0
vt 0.8077745 0.7852545 0
vt 0.80481607 0.7794844 0
vt 0.8044518 0.7829776 0
vt 0.8077745 0.5402176 0
vt 0.8077745 0.7807007 0
vt 0.80481607 0.77542937 0
vt 0.8107326 0.77542937 0
vt 0.81117564 0.7249443 0
vt 0.8122218 0.7281513 0
vt 0.81109685 0.7829776 0
vt 0.8043734 0.72960746 0
vt 0.8033268 0.7281513 0
vt 0.8043734 0.7249443 0
vt 0.8077745 0.73120046 0
vt 0.81117564 0.72960746 0
vt 0.8107326 0.7794844 0
vt 0.8077745 0.72510207 0
vt 0.78049314 0.77257544 0
vt 0.78095436 0.7699707 0
vt 0.7862464 0.76954156 0
vt 0.78595513 0.77219427 0
vt 0.8148658 0.7779245 0
vt 0.8155271 0.77585095 0
vt 0.83012164 0.78081495 0
vt 0.829635 0.78321195 0
vt 0.829635 0.78321195 0
vt 0.83012164 0.78081495 0
vt 0.8246392 0.781394 0
vt 0.8243268 0.7838343 0
vt 0.7953444 0.7745544 0
vt 0.7959184 0.7724168 0
vt 0.78095436 0.7699707 0
vt 0.78049314 0.77257544 0
vt 0.8148658 0.7779245 0
vt 0.829635 0.78321195 0
vt 0.8243268 0.7838343 0
vt 0.81041646 0.7784538 0
vt 0.8004731 0.77194923 0
vt 0.7862464 0.76954156 0
vt 0.78095436 0.7699707 0
vt 0.7959184 0.7724168 0
vt 0.83012164 0.78081495 0
vt 0.8155271 0.77585095 0
vt 0.81096506 0.77638286 0
vt 0.8246392 0.781394 0
vt 0.8155271 0.77585095 0
vt 0.8004731 0.77194923 0
vt 0.7959184 0.7724168 0
vt 0.81096506 0.77638286 0
vt 0.78595513 0.77219427 0
vt 0.7997891 0.7740892 0
vt 0.7953444 0.7745544 0
vt 0.78049314 0.77257544 0
vt 0.7997891 0.7740892 0
vt 0.8148658 0.7779245 0
vt 0.81041646 0.7784538 0
vt 0.7953444 0.7745544 0
vt 0.8243268 0.7838343 0
vt 0.8246392 0.781394 0
vt 0.81096506 0.77638286 0
vt 0.81041646 0.7784538 0
vt 0.81041646 0.7784538 0
vt 0.81096506 0.77638286 0
vt 0.7959184 0.7724168 0
vt 0.7953444 0.7745544 0
vt 0.78595513 0.77219427 0
vt 0.7862464 0.76954156 0
vt 0.8004731 0.77194923 0
vt 0.7997891 0.7740892 0
vt 0.7997891 0.7740892 0
vt 0.8004731 0.77194923 0
vt 0.8155271 0.77585095 0
vt 0.8148658 0.7779245 0
vt 0.78051764 0.77851236 0
vt 0.7812211 0.7760217 0
vt 0.78643465 0.775535 0
vt 0.7858968 0.7780738 0
vt 0.8172748 0.7872789 0
vt 0.8181703 0.7857028 0
vt 0.8337898 0.7957915 0
vt 0.8330451 0.7976655 0
vt 0.8330451 0.7976655 0
vt 0.8337898 0.7957915 0
vt 0.8283715 0.79666865 0
vt 0.82779694 0.7985804 0
vt 0.7966453 0.7815051 0
vt 0.7974533 0.77958155 0
vt 0.7812211 0.7760217 0
vt 0.78051764 0.77851236 0
vt 0.8172748 0.7872789 0
vt 0.8330451 0.7976655 0
vt 0.82779694 0.7985804 0
vt 0.8128941 0.78812593 0
vt 0.8019331 0.77897793 0
vt 0.78643465 0.775535 0
vt 0.7812211 0.7760217 0
vt 0.7974533 0.77958155 0
vt 0.8337898 0.7957915 0
vt 0.8181703 0.7857028 0
vt 0.81367695 0.78655165 0
vt 0.8283715 0.79666865 0
vt 0.8181703 0.7857028 0
vt 0.8019331 0.77897793 0
vt 0.7974533 0.77958155 0
vt 0.81367695 0.78655165 0
vt 0.7858968 0.7780738 0
vt 0.8010153 0.7810135 0
vt 0.7966453 0.7815051 0
vt 0.78051764 0.77851236 0
vt 0.8010153 0.7810135 0
vt 0.8172748 0.7872789 0
vt 0.8128941 0.78812593 0
vt 0.7966453 0.7815051 0
vt 0.82779694 0.7985804 0
vt 0.8283715 0.79666865 0
vt 0.81367695 0.78655165 0
vt 0.8128941 0.78812593 0
vt 0.8128941 0.78812593 0
vt 0.81367695 0.78655165 0
vt 0.7974533 0.77958155 0
vt 0.7966453 0.7815051 0
vt 0.7858968 0.7780738 0
vt 0.78643465 0.775535 0
vt 0.8019331 0.77897793 0
vt 0.8010153 0.7810135 0
vt 0.8010153 0.7810135 0
vt 0.8019331 0.77897793 0
vt 0.8181703 0.7857028 0
vt 0.8172748 0.7872789 0
vt 0.78457487 0.7670776 0
vt 0.7852343 0.7642998 0
vt 0.79026234 0.7642122 0
vt 0.7897692 0.76704186 0
vt 0.8256086 0.764591 0
vt 0.82652915 0.7622612 0
vt 0.84439445 0.76331615 0
vt 0.84363896 0.7659741 0
vt 0.84363896 0.7659741 0
vt 0.84439445 0.76331615 0
vt 0.839164 0.76356363 0
vt 0.8385789 0.7662692 0
vt 0.80285984 0.76502377 0
vt 0.8036828 0.76264304 0
vt 0.7852343 0.7642998 0
vt 0.78457487 0.7670776 0
vt 0.8256086 0.764591 0
vt 0.84363896 0.7659741 0
vt 0.8385789 0.7662692 0
vt 0.82141364 0.76479125 0
vt 0.80797744 0.7625103 0
vt 0.79026234 0.7642122 0
vt 0.7852343 0.7642998 0
vt 0.8036828 0.76264304 0
vt 0.84439445 0.76331615 0
vt 0.82652915 0.7622612 0
vt 0.8222221 0.76246285 0
vt 0.839164 0.76356363 0
vt 0.82652915 0.7622612 0
vt 0.80797744 0.7625103 0
vt 0.8036828 0.76264304 0
vt 0.8222221 0.76246285 0
vt 0.7897692 0.76704186 0
vt 0.807045 0.7648922 0
vt 0.80285984 0.76502377 0
vt 0.78457487 0.7670776 0
vt 0.807045 0.7648922 0
vt 0.8256086 0.764591 0
vt 0.82141364 0.76479125 0
vt 0.80285984 0.76502377 0
vt 0.8385789 0.7662692 0
vt 0.839164 0.76356363 0
vt 0.8222221 0.76246285 0
vt 0.82141364 0.76479125 0
vt 0.82141364 0.76479125 0
vt 0.8222221 0.76246285 0
vt 0.8036828 0.76264304 0
vt 0.80285984 0.76502377 0
vt 0.7897692 0.76704186 0
vt 0.79026234 0.7642122 0
vt 0.80797744 0.7625103 0
vt 0.807045 0.7648922 0
vt 0.807045 0.7648922 0
vt 0.80797744 0.7625103 0
vt 0.82652915 0.7622612 0
vt 0.8256086 0.764591 0
vt 0.9277668 0.6349845 0
vt 0.9298738 0.51108015 0
vt 0.9284049 0.45431048 0
vt 0.9267025 0.5647786 0
vt 0.04314848 0.34714174 0
vt 0.043038897 0.181014 0
vt 0.043330096 0.17719746 0
vt 0.04368659 0.34008974 0
vt 0.04465156 0.33671206 0
vt 0.04386776 0.17473888 0
vt 0.044405423 0.17228031 0
vt 0.04561653 0.3333344 0
vt 0.046432994 0.33355498 0
vt 0.04487463 0.1726197 0
vt 0.04534384 0.17295909 0
vt 0.04724946 0.33377558 0
vt 0.047560982 0.3384468 0
vt 0.045469664 0.17589778 0
vt 0.04559549 0.17883646 0
vt 0.047872506 0.343118 0
vt 0.047334455 0.35017002 0
vt 0.04530432 0.18265295 0
vt 0.045013152 0.18646944 0
vt 0.046796404 0.35722202 0
vt 0.045802914 0.36176503 0
vt 0.04447546 0.18892813 0
vt 0.043937765 0.19138682 0
vt 0.044809423 0.36630803 0
vt 0.043942474 0.36568087 0
vt 0.043468557 0.19104737 0
vt 0.04299935 0.19070792 0
vt 0.043075524 0.3650537 0
vt 0.9340663 0.41767454 0
vt 0.93825877 0.324269 0
vt 0.9354135 0.31601846 0
vt 0.9319092 0.3851645 0
vt 0.9385886 0.531195 0
vt 0.94095385 0.6122053 0
vt 0.9428891 0.50367284 0
vt 0.9419966 0.41809618 0
vt 0.93228924 0.7485065 0
vt 0.9293978 0.8527191 0
vt 0.9324761 0.86290747 0
vt 0.9357474 0.7918226 0
vt 0.042842947 0.35962373 0
vt 0.042873524 0.18776923 0
vt 0.0427477 0.18483055 0
vt 0.04261037 0.35419375 0
vt 0.4012737 0.2428652 0
vt 0.40748987 0.24281526 0
vt 0.40730807 0.24276745 0
vt 0.4006813 0.24275488 0
vt 0.39281765 0.24345338 0
vt 0.3951356 0.24320745 0
vt 0.3952401 0.24309033 0
vt 0.39122036 0.24342996 0
vt 0.41440293 0.24308872 0
vt 0.4197254 0.24351156 0
vt 0.41953835 0.24340564 0
vt 0.41490343 0.24307758 0
vt 0.42188963 0.2438249 0
vt 0.422555 0.24417901 0
vt 0.42478022 0.24444938 0
vt 0.4229844 0.24388504 0
vt 0.4223859 0.24474978 0
vt 0.42027798 0.24509281 0
vt 0.4201444 0.24537599 0
vt 0.42403832 0.24505949 0
vt 0.41395894 0.24529016 0
vt 0.40796623 0.24521708 0
vt 0.40792844 0.2456426 0
vt 0.41436598 0.24565822 0
vt 0.40074435 0.24509794 0
vt 0.39546666 0.24479634 0
vt 0.39557418 0.24508357 0
vt 0.4003791 0.24543697 0
vt 0.3929924 0.24436188 0
vt 0.39201698 0.24388665 0
vt 0.3903186 0.24402636 0
vt 0.39177558 0.24453497 0
vt 0.9362234 0.4501847 0
vt 0.94110405 0.33251953 0
vt 0.9288311 0.7051903 0
vt 0.9313427 0.5678499 0
vt 0.9263195 0.84253085 0
vt 0.93518066 0.6442938 0
vt 0.9256598 0.7588888 0
vt 0.9390186 0.7207378 0
vt 0.9250001 0.6752468 0
vt 0.13982916 0.5398706 0
vt 0.1370636 0.61152005 0
vt 0.12809505 0.6121351 0
vt 0.12876014 0.5404817 0
vt 0.12347049 0.47269624 0
vt 0.13208285 0.46965963 0
vt 0.13125363 0.49065936 0
vt 0.12065438 0.4951524 0
vt 0.14384954 0.44968754 0
vt 0.13283622 0.4541723 0
vt 0.117777936 0.5401195 0
vt 0.117907956 0.6096111 0
vt 0.117107034 0.5971093 0
vt 0.110194564 0.6214282 0
vt 0.1092012 0.62564075 0
vt 0.115223974 0.58542347 0
vt 0.10360136 0.5814384 0
vt 0.093500674 0.5805547 0
vt 0.106004395 0.51987344 0
vt 0.1034794 0.5711875 0
vt 0.09302505 0.61026096 0
vt 0.09645322 0.66410685 0
vt 0.09632452 0.6594231 0
vt 0.08922292 0.6500099 0
vt 0.089218415 0.656253 0
vt 0.09544643 0.6169865 0
vt 0.08770923 0.6218054 0
vt 0.08637285 0.5891664 0
vt 0.16693108 0.662865 0
vt 0.160652 0.6147646 0
vt 0.15137213 0.6006299 0
vt 0.15530218 0.6725596 0
vt 0.08450934 0.56179583 0
vt 0.08443778 0.6126183 0
vt 0.0901905 0.7251183 0
vt 0.09450841 0.72479224 0
vt 0.10247259 0.6844665 0
vt 0.10164711 0.6925966 0
vt 0.08928731 0.653514 0
vt 0.08961447 0.6468662 0
vt 0.09278464 0.64392984 0
vt 0.09213938 0.650903 0
vt 0.15877004 0.6959491 0
vt 0.16316909 0.72024214 0
vt 0.16091123 0.72037065 0
vt 0.10537453 0.68522817 0
vt 0.10315898 0.6858705 0
vt 0.10241249 0.69317055 0
vt 0.104028836 0.6929749 0
vt 0.09394479 0.73309886 0
vt 0.090391904 0.7331501 0
vt 0.09039113 0.74129164 0
vt 0.093210995 0.74136883 0
vt 0.15259562 0.73567504 0
vt 0.15303043 0.72960395 0
vt 0.15527795 0.72963494 0
vt 0.15498391 0.7357718 0
vt 0.17607798 0.6771287 0
vt 0.1749526 0.6773908 0
vt 0.17371821 0.6881291 0
vt 0.17513502 0.68879724 0
vt 0.10092042 0.7005303 0
vt 0.089653775 0.6976409 0
vt 0.090993665 0.7257341 0
vt 0.08933476 0.7239907 0
vt 0.10317939 0.700795 0
vt 0.1017921 0.70077837 0
vt 0.17266887 0.688434 0
vt 0.17211106 0.69740784 0
vt 0.15828697 0.73342824 0
vt 0.15819524 0.72503936 0
vt 0.15414576 0.729573 0
vt 0.15364791 0.73567307 0
vt 0.1742662 0.6978231 0
vt 0.17283557 0.69737744 0
vt 0.16139661 0.7205061 0
vt 0.16646284 0.7209605 0
vt 0.17702726 0.60659873 0
vt 0.18071231 0.6104398 0
vt 0.18050691 0.5857322 0
vt 0.18071997 0.59044874 0
vt 0.07390105 0.39843267 0
vt 0.07480042 0.40691584 0
vt 0.06796873 0.4100654 0
vt 0.06709844 0.40235484 0
vt 0.17028815 0.46055275 0
vt 0.17745791 0.47942245 0
vt 0.19353302 0.5170678 0
vt 0.18875532 0.49987173 0
vt 0.19941197 0.5013598 0
vt 0.2044061 0.5194211 0
vt 0.19428204 0.5655142 0
vt 0.20472845 0.55690503 0
vt 0.200288 0.47899437 0
vt 0.19192214 0.4785149 0
vt 0.21289109 0.51968396 0
vt 0.20841187 0.50288606 0
vt 0.21741043 0.50440717 0
vt 0.22146417 0.5202503 0
vt 0.21256931 0.554759 0
vt 0.22079167 0.55303717 0
vt 0.19453587 0.4864999 0
vt 0.20346598 0.48802662 0
vt 0.2206169 0.48290598 0
vt 0.20871557 0.47969294 0
vt 0.23325822 0.522616 0
vt 0.22895797 0.50674856 0
vt 0.23969762 0.50891566 0
vt 0.24425136 0.5248902 0
vt 0.23233841 0.55153024 0
vt 0.24344549 0.55054724 0
vt 0.21244514 0.48973525 0
vt 0.22417355 0.49257362 0
vt 0.24129286 0.48874152 0
vt 0.23171048 0.48599732 0
vt 0.097342424 0.4385277 0
vt 0.0957312 0.43432128 0
vt 0.092843175 0.42799687 0
vt 0.09953079 0.4287874 0
vt 0.09008709 0.46773666 0
vt 0.0887504 0.47430843 0
vt 0.08975273 0.47947562 0
vt 0.09079768 0.47031754 0
vt 0.086383335 0.42324317 0
vt 0.09207069 0.42537194 0
vt 0.101256505 0.41710776 0
vt 0.10425001 0.42965734 0
vt 0.10727301 0.4261971 0
vt 0.10263582 0.4273715 0
vt 0.10520753 0.44651103 0
vt 0.109009266 0.42570812 0
vt 0.101463675 0.44606358 0
vt 0.103939615 0.46190315 0
vt 0.10758908 0.45150542 0
vt 0.05256457 0.41413724 0
vt 0.047843784 0.4382571 0
vt 0.09402361 0.5111687 0
vt 0.09389903 0.49031305 0
vt 0.1049971 0.4758221 0
vt 0.07744223 0.49178308 0
vt 0.074942224 0.5461695 0
vt 0.067496344 0.5459049 0
vt 0.070692874 0.49328047 0
vt 0.064296514 0.4466101 0
vt 0.05849827 0.4523638 0
vt 0.05687646 0.4385816 0
vt 0.06183847 0.4320855 0
vt 0.10686508 0.65173364 0
vt 0.10894933 0.65755874 0
vt 0.060913756 0.41592723 0
vt 0.061041705 0.4456647 0
vt 0.074462965 0.39961654 0
vt 0.06552105 0.39448535 0
vt 0.09604724 0.42020762 0
vt 0.09666399 0.42835444 0
vt 0.090044335 0.4283535 0
vt 0.08975384 0.42165804 0
vt 0.076753415 0.44146252 0
vt 0.07707117 0.470981 0
vt 0.07075961 0.4729625 0
vt 0.070067674 0.4438501 0
vt 0.06539348 0.47029805 0
vt 0.09150603 0.46913987 0
vt 0.0843643 0.48386377 0
vt 0.08341371 0.46772307 0
vt 0.08829829 0.46093947 0
vt 0.097103596 0.44200605 0
vt 0.09050305 0.43778408 0
vt 0.07647457 0.4302277 0
vt 0.06947705 0.43127453 0
vt 0.07610338 0.4236514 0
vt 0.08195462 0.42257184 0
vt 0.082028024 0.42923892 0
vt 0.16273803 0.776155 0
vt 0.16223425 0.776155 0
vt 0.15785748 0.776155 0
vt 0.15845531 0.776155 0
vt 0.13624986 0.5859356 0
vt 0.12752432 0.586467 0
vt 0.12801912 0.59937286 0
vt 0.13628481 0.59855354 0
vt 0.16697949 0.73118454 0
vt 0.16709116 0.7204673 0
vt 0.17143646 0.7206925 0
vt 0.17121884 0.73139524 0
vt 0.1721003 0.7316152 0
vt 0.17251644 0.7210538 0
vt 0.17127028 0.72141504 0
vt 0.17082737 0.7317981 0
vt 0.16623785 0.7314141 0
vt 0.16152942 0.7311644 0
vt 0.16176371 0.74155444 0
vt 0.16614053 0.74155444 0
vt 0.08895522 0.77641577 0
vt 0.089304745 0.77596945 0
vt 0.08648485 0.7758922 0
vt 0.08606845 0.7760489 0
vt 0.093624294 0.73411345 0
vt 0.09435597 0.7259288 0
vt 0.09733712 0.72687316 0
vt 0.09681323 0.734879 0
vt 0.08821605 0.73575485 0
vt 0.08815534 0.74164355 0
vt 0.085532375 0.74149597 0
vt 0.08519784 0.73735034 0
vt 0.09839209 0.7347903 0
vt 0.09898098 0.7266271 0
vt 0.09851615 0.7261683 0
vt 0.09801085 0.73433805 0
vt 0.083108954 0.7369676 0
vt 0.08366184 0.74127364 0
vt 0.08814554 0.7350805 0
vt 0.08825994 0.72895545 0
vt 0.083363 0.7765557 0
vt 0.084224105 0.7758895 0
vt 0.081466734 0.77583027 0
vt 0.079755604 0.77587426 0
vt 0.083144575 0.65021753 0
vt 0.08402774 0.65293956 0
vt 0.26118916 0.5406306 0
vt 0.26001766 0.5261297 0
vt 0.2626638 0.5210868 0
vt 0.265735 0.52433825 0
vt 0.25597665 0.51321125 0
vt 0.2511437 0.49902058 0
vt 0.25612864 0.5024425 0
vt 0.26038116 0.51264775 0
vt 0.086936265 0.37430257 0
vt 0.08713624 0.3694641 0
vt 0.09004243 0.46057272 0
vt 0.0895633 0.46455967 0
vt 0.059696674 0.46245193 0
vt 0.1593071 0.73344254 0
vt 0.15945336 0.74155444 0
vt 0.15536861 0.74155444 0
vt 0.11846875 0.4999563 0
vt 0.15477802 0.519876 0
vt 0.15696596 0.5009803 0
vt 0.16643186 0.5136546 0
vt 0.16640094 0.5591705 0
vt 0.15441543 0.776155 0
vt 0.1545716 0.776155 0
vt 0.15009123 0.776155 0
vt 0.14951581 0.776155 0
vt 0.1530817 0.64824 0
vt 0.15483983 0.64841914 0
vt 0.151201 0.5908566 0
vt 0.14895347 0.5908256 0
vt 0.046051554 0.43727523 0
vt 0.044262875 0.3854999 0
vt 0.04008362 0.38276142 0
vt 0.046233423 0.36622763 0
vt 0.07290352 0.59239167 0
vt 0.07759519 0.57469666 0
vt 0.058233537 0.44516146 0
vt 0.066148244 0.39784855 0
vt 0.050027102 0.436988 0
vt 0.045870252 0.43112552 0
vt 0.050587863 0.43163288 0
vt 0.05345109 0.37029356 0
vt 0.054814786 0.42868215 0
vt 0.06080161 0.42660135 0
vt 0.054196946 0.43242228 0
vt 0.055922754 0.49393785 0
vt 0.051736742 0.4514926 0
vt 0.05452103 0.44870353 0
vt 0.05794184 0.47084647 0
vt 0.17561477 0.49304038 0
vt 0.18285628 0.4997326 0
vt 0.18765193 0.5169463 0
vt 0.1822715 0.47933447 0
vt 0.0928028 0.48040724 0
vt 0.085002415 0.4974962 0
vt 0.086600326 0.38789427 0
vt 0.089346245 0.46111095 0
vt 0.0865935 0.37089604 0
vt 0.084817514 0.36909556 0
vt 0.08432864 0.37062347 0
vt 0.086687036 0.40010387 0
vt 0.0886863 0.47550195 0
vt 0.08170312 0.40379286 0
vt 0.08270042 0.39834958 0
vt 0.08612198 0.4140815 0
vt 0.08636045 0.42958486 0
vt 0.052054703 0.5377776 0
vt 0.05112586 0.5637434 0
vt 0.041157536 0.4918695 0
vt 0.04283981 0.45634347 0
vt 0.060182787 0.537673 0
vt 0.05910484 0.5652321 0
vt 0.056456022 0.5883337 0
vt 0.054296553 0.36546832 0
vt 0.054050572 0.43768454 0
vt 0.05048868 0.45043463 0
vt 0.81208086 0.30819905 0
vt 0.8048335 0.22405714 0
vt 0.0492443 0.4519717 0
vt 0.043991394 0.44669068 0
vt 0.082476236 0.4105276 0
vt 0.08168904 0.38644987 0
vt 0.07347318 0.39241856 0
vt 0.095759556 0.41048658 0
vt 0.092770934 0.43987614 0
vt 0.24348342 0.49703646 0
vt 0.2351041 0.4953035 0
vt 0.17087406 0.4731627 0
vt 0.17880723 0.48546124 0
vt 0.144285 0.46412855 0
vt 0.1251053 0.45563072 0
vt 0.05397842 0.41446942 0
vt 0.05099062 0.45788544 0
vt 0.25682446 0.49916947 0
vt 0.2633166 0.5124074 0
vt 0.08564434 0.5350845 0
vt 0.08452189 0.5209273 0
vt 0.1049038 0.6699081 0
vt 0.06586027 0.59877396 0
vt 0.086603455 0.40929908 0
vt 0.08945562 0.4149295 0
vt 0.081875145 0.41550314 0
vt 0.098983504 0.43469882 0
vt 0.068944104 0.42496914 0
vt 0.05728314 0.40429908 0
vt 0.068423115 0.4192711 0
vt 0.05974131 0.4226454 0
vt 0.06496449 0.48444563 0
vt 0.06596199 0.5727985 0
vt 0.05177314 0.4272676 0
vt 0.053400412 0.4236436 0
vt 0.05518411 0.42472214 0
vt 0.08612293 0.39728343 0
vt 0.086467 0.4842865 0
vt 0.07544056 0.41688138 0
vt 0.05099062 0.4803633 0
vt 0.07468272 0.56299067 0
vt 0.05762265 0.44757587 0
vt 0.059501894 0.44890893 0
vt 0.05770164 0.41866726 0
vt 0.055871494 0.45742154 0
vt 0.054592878 0.453974 0
vt 0.05668831 0.44211525 0
vt 0.058804326 0.4434513 0
vt 0.055586584 0.47667247 0
vt 0.05431819 0.47514284 0
vt 0.05975513 0.4573565 0
vt 0.05899083 0.4714641 0
vt 0.05335959 0.46583706 0
vt 0.05335959 0.5181562 0
vt 0.060388997 0.4605226 0
vt 0.059755735 0.47167712 0
vt 0.05650744 0.47674787 0
vt 0.055540472 0.47579837 0
vt 0.05511616 0.46722788 0
vt 0.08294308 0.38268292 0
vt 0.08231125 0.43873912 0
vt 0.08379049 0.38982862 0
vt 0.083989695 0.3750133 0
vt 0.08404043 0.37703514 0
vt 0.08111258 0.39383352 0
vt 0.6464803 0.6934649 0
vt 0.64269364 0.7791827 0
vt 0.64466393 0.7541095 0
vt 0.6453303 0.70453763 0
vt 0.044220276 0.42631358 0
vt 0.6332185 0.8078072 0
vt 0.632286 0.7977663 0
vt 0.63324696 0.79223 0
vt 0.63406396 0.7936672 0
vt 0.81055516 0.31734848 0
vt 0.8047888 0.27371716 0
vt 0.8155198 0.30056596 0
vt 0.8193613 0.2561282 0
vt 0.81379783 0.28370875 0
vt 0.10990009 0.47829556 0
vt 0.11652736 0.4765489 0
vt 0.111696035 0.50086427 0
vt 0.099290274 0.5059719 0
vt 0.08260027 0.5526639 0
vt 0.18439145 0.4851588 0
vt 0.18719137 0.5786112 0
vt 0.2521857 0.54908824 0
vt 0.2503403 0.49251175 0
vt 0.24827093 0.5111681 0
vt 0.2526874 0.52603817 0
vt 0.14725073 0.49193257 0
vt 0.17920417 0.6383102 0
vt 0.17571278 0.63167983 0
vt 0.17692518 0.5905857 0
vt 0.08398589 0.5446689 0
vt 0.17356616 0.6167079 0
vt 0.15396124 0.5858733 0
vt 0.16411121 0.6200454 0
vt 0.08874718 0.5507102 0
vt 0.16439426 0.6407603 0
vt 0.17491308 0.6434852 0
vt 0.17866424 0.6465658 0
vt 0.17847691 0.6485949 0
vt 0.10850158 0.6627712 0
vt 0.104686104 0.6715474 0
vt 0.10419424 0.6774659 0
vt 0.10710727 0.6751774 0
vt 0.089692816 0.68636566 0
vt 0.0897069 0.6687373 0
vt 0.09159304 0.66673654 0
vt 0.09965112 0.6514911 0
vt 0.10636087 0.65755314 0
vt 0.104650274 0.67059946 0
vt 0.09825997 0.6677691 0
vt 0.16533259 0.66351664 0
vt 0.1741596 0.6588111 0
vt 0.17332155 0.67654014 0
vt 0.09602943 0.67569214 0
vt 0.089520186 0.6707393 0
vt 0.15063614 0.67016363 0
vt 0.14892796 0.6610418 0
vt 0.1511735 0.6486257 0
vt 0.15236154 0.6588416 0
vt 0.13006267 0.4951219 0
vt 0.14159304 0.4976107 0
vt 0.11999956 0.45683843 0
vt 0.15645684 0.46273935 0
vt 0.14548805 0.58361685 0
vt 0.15558107 0.44776815 0
vt 0.1462524 0.60593927 0
vt 0.14525895 0.5934626 0
vt 0.03715933 0.50218165 0
vt 0.036209352 0.5015261 0
vt 0.035464294 0.49222028 0
vt 0.03682954 0.4936111 0
vt 0.036422797 0.4803573 0
vt 0.037416644 0.48380482 0
vt 0.04043556 0.49806035 0
vt 0.039841063 0.49784732 0
vt 0.037195154 0.5030557 0
vt 0.037910946 0.50313115 0
vt 0.04023827 0.4752922 0
vt 0.039696105 0.46983457 0
vt 0.040435143 0.48373973 0
vt 0.040927775 0.4869058 0
vt 0.038777716 0.4739591 0
vt 0.038051493 0.46849847 0
vt 0.083822735 0.652436 0
vt 0.08424908 0.7762441 0
vt 0.08162612 0.7760966 0
vt 0.08508249 0.7369021 0
vt 0.085373 0.74122965 0
vt 0.08893877 0.7763314 0
vt 0.0868386 0.7762868 0
vt 0.091536224 0.7765946 0
vt 0.09269011 0.7766192 0
vt 0.09092164 0.733976 0
vt 0.09257716 0.7764033 0
vt 0.09648338 0.7418027 0
vt 0.08156266 0.59398055 0
vt 0.07976042 0.59400785 0
vt 0.08163915 0.5942409 0
vt 0.08563962 0.7327589 0
vt 0.09074485 0.74168617 0
vt 0.15529789 0.6738596 0
vt 0.1696466 0.74155444 0
vt 0.16290393 0.7310816 0
vt 0.16652471 0.776155 0
vt 0.16574037 0.776155 0
vt 0.16620839 0.776155 0
vt 0.1627739 0.776155 0
vt 0.15375803 0.64852 0
vt 0.1500688 0.5907947 0
vt 0.15554708 0.776155 0
vt 0.15146238 0.776155 0
vt 0.15866572 0.776155 0
vt 0.16390967 0.4601639 0
vt 0.16340901 0.4477427 0
vt 0.162572 0.74155444 0
vt 0.10031073 0.6442839 0
vt 0.1558041 0.67906135 0
vt 0.15329432 0.6793685 0
vt 0.1580545 0.685416 0
vt 0.17756082 0.65926474 0
vt 0.17643903 0.6609943 0
vt 0.16588269 0.66796374 0
vt 0.15847781 0.74155444 0
vt 0.15927704 0.7249386 0
vt 0.15399748 0.74155444 0
vt 0.15342207 0.74155444 0
vt 0.17011464 0.74155444 0
vt 0.17043093 0.74155444 0
vt 0.16668019 0.74155444 0
vt 0.088464946 0.729459 0
vt 0.08813038 0.7412889 0
vt 0.09284501 0.7417308 0
vt 0.09544249 0.74199396 0
vt 0.096596345 0.74201864 0
vt 0.083837375 0.7327862 0
vt 0.085716106 0.73301923 0
vt 0.11445677 0.4584325 0
vt 0.10925071 0.46031046 0
vt 0.086220294 0.42092288 0
vt 0.08665999 0.4155457 0
vt 0.08670475 0.42788005 0
vt 0.084290676 0.37847233 0
vt 0.08417034 0.3895287 0
vt 0.08489608 0.3743394 0
vt 0.08457446 0.37539643 0
vt 0.08355693 0.38440204 0
vt 0.08334984 0.3959549 0
vt 0.084388 0.38012862 0
vt 0.6380191 0.8850019 0
vt 0.6399659 0.84093326 0
vt 0.6409529 0.919895 0
vt 0.6397509 0.95788044 0
vt 0.6443161 0.736759 0
vt 0.643886 0.8525785 0
vt 0.6416933 0.7988746 0
vt 0.63959104 0.82867336 0
vt 0.81341696 0.6538179 0
vt 0.81065387 0.6520734 0
vt 0.81149 0.575381 0
vt 0.81341696 0.5694489 0
vt 0.80970615 0.6573742 0
vt 0.81065387 0.65737 0
vt 0.81149 0.5790762 0
vt 0.8112708 0.5715069 0
vt 0.81341696 0.6609326 0
vt 0.8161801 0.65737 0
vt 0.8153444 0.5790762 0
vt 0.81341696 0.57356495 0
vt 0.8171278 0.6573742 0
vt 0.8161801 0.6520734 0
vt 0.81534404 0.575381 0
vt 0.81556326 0.5715069 0
vt 0.81341696 0.8437591 0
vt 0.8170803 0.82878894 0
vt 0.8166866 0.8259523 0
vt 0.81341696 0.832299 0
vt 0.81341696 0.55681235 0
vt 0.81341696 0.8252768 0
vt 0.8166866 0.81968343 0
vt 0.81014746 0.81968343 0
vt 0.809754 0.82878894 0
vt 0.80852026 0.76794636 0
vt 0.80966324 0.7633526 0
vt 0.8183137 0.76794636 0
vt 0.81717074 0.7705473 0
vt 0.81717074 0.7633526 0
vt 0.81341696 0.7726411 0
vt 0.81014746 0.8259523 0
vt 0.80966324 0.7705473 0
vt 0.81341696 0.7632537 0
vt 0.8077745 0.6279998 0
vt 0.81030184 0.62623006 0
vt 0.8095555 0.5579171 0
vt 0.8077745 0.55241424 0
vt 0.81117636 0.6303314 0
vt 0.81030184 0.62969375 0
vt 0.8095555 0.5603602 0
vt 0.80976665 0.55377996 0
vt 0.8077745 0.632663 0
vt 0.8052468 0.62969375 0
vt 0.8059935 0.5603602 0
vt 0.8077745 0.55514574 0
vt 0.80437267 0.6303314 0
vt 0.8052468 0.62623006 0
vt 0.8059935 0.5579171 0
vt 0.8057824 0.55377996 0
vt 0.8077745 0.796721 0
vt 0.8044518 0.7829776 0
vt 0.80481607 0.7794844 0
vt 0.8077745 0.7852545 0
vt 0.8077745 0.5402176 0
vt 0.8077745 0.7807007 0
vt 0.80481607 0.77542937 0
vt 0.8107326 0.77542937 0
vt 0.81109685 0.7829776 0
vt 0.8122218 0.7281513 0
vt 0.81117564 0.7249443 0
vt 0.8033268 0.7281513 0
vt 0.8043734 0.72960746 0
vt 0.8043734 0.7249443 0
vt 0.8077745 0.73120046 0
vt 0.8107326 0.7794844 0
vt 0.81117564 0.72960746 0
vt 0.8077745 0.72510207 0
vt 0.78049314 0.77257544 0
vt 0.78595513 0.77219427 0
vt 0.7862464 0.76954156 0
vt 0.78095436 0.7699707 0
vt 0.8148658 0.7779245 0
vt 0.829635 0.78321195 0
vt 0.83012164 0.78081495 0
vt 0.8155271 0.77585095 0
vt 0.829635 0.78321195 0
vt 0.8243268 0.7838343 0
vt 0.8246392 0.781394 0
vt 0.83012164 0.78081495 0
vt 0.7953444 0.7745544 0
vt 0.78049314 0.77257544 0
vt 0.78095436 0.7699707 0
vt 0.7959184 0.7724168 0
vt 0.8148658 0.7779245 0
vt 0.81041646 0.7784538 0
vt 0.8243268 0.7838343 0
vt 0.829635 0.78321195 0
vt 0.8004731 0.77194923 0
vt 0.7959184 0.7724168 0
vt 0.78095436 0.7699707 0
vt 0.7862464 0.76954156 0
vt 0.83012164 0.78081495 0
vt 0.8246392 0.781394 0
vt 0.81096506 0.77638286 0
vt 0.8155271 0.77585095 0
vt 0.8155271 0.77585095 0
vt 0.81096506 0.77638286 0
vt 0.7959184 0.7724168 0
vt 0.8004731 0.77194923 0
vt 0.78595513 0.77219427 0
vt 0.78049314 0.77257544 0
vt 0.7953444 0.7745544 0
vt 0.7997891 0.7740892 0
vt 0.7997891 0.7740892 0
vt 0.7953444 0.7745544 0
vt 0.81041646 0.7784538 0
vt 0.8148658 0.7779245 0
vt 0.8243268 0.7838343 0
vt 0.81041646 0.7784538 0
vt 0.81096506 0.77638286 0
vt 0.8246392 0.781394 0
vt 0.81041646 0.7784538 0
vt 0.7953444 0.7745544 0
vt 0.7959184 0.7724168 0
vt 0.81096506 0.77638286 0
vt 0.78595513 0.77219427 0
vt 0.7997891 0.7740892 0
vt 0.8004731 0.77194923 0
vt 0.7862464 0.76954156 0
vt 0.7997891 0.7740892 0
vt 0.8148658 0.7779245 0
vt 0.8155271 0.77585095 0
vt 0.8004731 0.77194923 0
vt 0.78051764 0.77851236 0
vt 0.7858968 0.7780738 0
vt 0.78643465 0.775535 0
vt 0.7812211 0.7760217 0
vt 0.8172748 0.7872789 0
vt 0.8330451 0.7976655 0
vt 0.8337898 0.7957915 0
vt 0.8181703 0.7857028 0
vt 0.8330451 0.7976655 0
vt 0.82779694 0.7985804 0
vt 0.8283715 0.79666865 0
vt 0.8337898 0.7957915 0
vt 0.7966453 0.7815051 0
vt 0.78051764 0.77851236 0
vt 0.7812211 0.7760217 0
vt 0.7974533 0.77958155 0
vt 0.8172748 0.7872789 0
vt 0.8128941 0.78812593 0
vt 0.82779694 0.7985804 0
vt 0.8330451 0.7976655 0
vt 0.8019331 0.77897793 0
vt 0.7974533 0.77958155 0
vt 0.7812211 0.7760217 0
vt 0.78643465 0.775535 0
vt 0.8337898 0.7957915 0
vt 0.8283715 0.79666865 0
vt 0.81367695 0.78655165 0
vt 0.8181703 0.7857028 0
vt 0.8181703 0.7857028 0
vt 0.81367695 0.78655165 0
vt 0.7974533 0.77958155 0
vt 0.8019331 0.77897793 0
vt 0.7858968 0.7780738 0
vt 0.78051764 0.77851236 0
vt 0.7966453 0.7815051 0
vt 0.8010153 0.7810135 0
vt 0.8010153 0.7810135 0
vt 0.7966453 0.7815051 0
vt 0.8128941 0.78812593 0
vt 0.8172748 0.7872789 0
vt 0.82779694 0.7985804 0
vt 0.8128941 0.78812593 0
vt 0.81367695 0.78655165 0
vt 0.8283715 0.79666865 0
vt 0.8128941 0.78812593 0
vt 0.7966453 0.7815051 0
vt 0.7974533 0.77958155 0
vt 0.81367695 0.78655165 0
vt 0.7858968 0.7780738 0
vt 0.8010153 0.7810135 0
vt 0.8019331 0.77897793 0
vt 0.78643465 0.775535 0
vt 0.8010153 0.7810135 0
vt 0.8172748 0.7872789 0
vt 0.8181703 0.7857028 0
vt 0.8019331 0.77897793 0
vt 0.78457487 0.7670776 0
vt 0.7897692 0.76704186 0
vt 0.79026234 0.7642122 0
vt 0.7852343 0.7642998 0
vt 0.8256086 0.764591 0
vt 0.84363896 0.7659741 0
vt 0.84439445 0.76331615 0
vt 0.82652915 0.7622612 0
vt 0.84363896 0.7659741 0
vt 0.8385789 0.7662692 0
vt 0.839164 0.76356363 0
vt 0.84439445 0.76331615 0
vt 0.80285984 0.76502377 0
vt 0.78457487 0.7670776 0
vt 0.7852343 0.7642998 0
vt 0.8036828 0.76264304 0
vt 0.8256086 0.764591 0
vt 0.82141364 0.76479125 0
vt 0.8385789 0.7662692 0
vt 0.84363896 0.7659741 0
vt 0.80797744 0.7625103 0
vt 0.8036828 0.76264304 0
vt 0.7852343 0.7642998 0
vt 0.79026234 0.7642122 0
vt 0.84439445 0.76331615 0
vt 0.839164 0.76356363 0
vt 0.8222221 0.76246285 0
vt 0.82652915 0.7622612 0
vt 0.82652915 0.7622612 0
vt 0.8222221 0.76246285 0
vt 0.8036828 0.76264304 0
vt 0.80797744 0.7625103 0
vt 0.7897692 0.76704186 0
vt 0.78457487 0.7670776 0
vt 0.80285984 0.76502377 0
vt 0.807045 0.7648922 0
vt 0.807045 0.7648922 0
vt 0.80285984 0.76502377 0
vt 0.82141364 0.76479125 0
vt 0.8256086 0.764591 0
vt 0.8385789 0.7662692 0
vt 0.82141364 0.76479125 0
vt 0.8222221 0.76246285 0
vt 0.839164 0.76356363 0
vt 0.82141364 0.76479125 0
vt 0.80285984 0.76502377 0
vt 0.8036828 0.76264304 0
vt 0.8222221 0.76246285 0
vt 0.7897692 0.76704186 0
vt 0.807045 0.7648922 0
vt 0.80797744 0.7625103 0
vt 0.79026234 0.7642122 0
vt 0.807045 0.7648922 0
vt 0.8256086 0.764591 0
vt 0.82652915 0.7622612 0
vt 0.80797744 0.7625103 0
vt 0.9277668 0.6349845 0
vt 0.9267025 0.5647786 0
vt 0.9284049 0.45431048 0
vt 0.9298738 0.51108015 0
vt 0.04314848 0.34714174 0
vt 0.04368659 0.34008974 0
vt 0.043330096 0.17719746 0
vt 0.043038897 0.181014 0
vt 0.04465156 0.33671206 0
vt 0.04561653 0.3333344 0
vt 0.044405423 0.17228031 0
vt 0.04386776 0.17473888 0
vt 0.046432994 0.33355498 0
vt 0.04724946 0.33377558 0
vt 0.04534384 0.17295909 0
vt 0.04487463 0.1726197 0
vt 0.047560982 0.3384468 0
vt 0.047872506 0.343118 0
vt 0.04559549 0.17883646 0
vt 0.045469664 0.17589778 0
vt 0.047334455 0.35017002 0
vt 0.046796404 0.35722202 0
vt 0.045013152 0.18646944 0
vt 0.04530432 0.18265295 0
vt 0.045802914 0.36176503 0
vt 0.044809423 0.36630803 0
vt 0.043937765 0.19138682 0
vt 0.04447546 0.18892813 0
vt 0.043942474 0.36568087 0
vt 0.043075524 0.3650537 0
vt 0.04299935 0.19070792 0
vt 0.043468557 0.19104737 0
vt 0.9340663 0.41767454 0
vt 0.9319092 0.3851645 0
vt 0.9354135 0.31601846 0
vt 0.93825877 0.324269 0
vt 0.9385886 0.531195 0
vt 0.9419966 0.41809618 0
vt 0.9428891 0.50367284 0
vt 0.94095385 0.6122053 0
vt 0.93228924 0.7485065 0
vt 0.9357474 0.7918226 0
vt 0.9324761 0.86290747 0
vt 0.9293978 0.8527191 0
vt 0.042842947 0.35962373 0
vt 0.04261037 0.35419375 0
vt 0.0427477 0.18483055 0
vt 0.042873524 0.18776923 0
vt 0.4012737 0.2428652 0
vt 0.4006813 0.24275488 0
vt 0.40730807 0.24276745 0
vt 0.40748987 0.24281526 0
vt 0.39281765 0.24345338 0
vt 0.39122036 0.24342996 0
vt 0.3952401 0.24309033 0
vt 0.3951356 0.24320745 0
vt 0.41440293 0.24308872 0
vt 0.41490343 0.24307758 0
vt 0.41953835 0.24340564 0
vt 0.4197254 0.24351156 0
vt 0.42188963 0.2438249 0
vt 0.4229844 0.24388504 0
vt 0.42478022 0.24444938 0
vt 0.422555 0.24417901 0
vt 0.4223859 0.24474978 0
vt 0.42403832 0.24505949 0
vt 0.4201444 0.24537599 0
vt 0.42027798 0.24509281 0
vt 0.41395894 0.24529016 0
vt 0.41436598 0.24565822 0
vt 0.40792844 0.2456426 0
vt 0.40796623 0.24521708 0
vt 0.40074435 0.24509794 0
vt 0.4003791 0.24543697 0
vt 0.39557418 0.24508357 0
vt 0.39546666 0.24479634 0
vt 0.3929924 0.24436188 0
vt 0.39177558 0.24453497 0
vt 0.3903186 0.24402636 0
vt 0.39201698 0.24388665 0
vt 0.9362234 0.4501847 0
vt 0.94110405 0.33251953 0
vt 0.9288311 0.7051903 0
vt 0.9313427 0.5678499 0
vt 0.9263195 0.84253085 0
vt 0.93518066 0.6442938 0
vt 0.9256598 0.7588888 0
vt 0.9390186 0.7207378 0
vt 0.9250001 0.6752468 0
# 1810 texture coords

usemtl Mat_Gradient
s 1
f 1/1/1 2/2/2 3/3/3
f 4/4/4 2/2/2 1/1/1
f 5/5/5 6/6/6 7/7/7
f 8/8/8 9/9/9 6/6/6
f 5/5/5 10/10/10 6/6/6
f 9/9/9 11/11/11 6/6/6
f 10/10/10 12/12/12 6/6/6
f 11/11/11 13/13/13 6/6/6
f 12/12/12 8/8/8 6/6/6
f 14/14/14 7/7/7 6/6/6
f 15/15/15 16/16/16 17/17/17
f 18/18/18 19/19/19 20/20/20
f 21/21/21 15/15/15 17/17/17
f 22/22/22 23/23/23 24/24/24
f 22/22/22 25/25/25 26/26/26
f 23/23/23 22/22/22 26/26/26
f 17/17/17 27/27/27 21/21/21
f 2/2/2 28/28/28 3/3/3
f 29/29/29 20/20/20 30/30/30
f 20/20/20 29/29/29 18/18/18
f 31/31/31 32/32/32 33/33/33
f 34/34/34 31/31/31 33/33/33
f 35/35/35 36/36/36 6/6/6
f 37/37/37 6/6/6 38/38/38
f 35/35/35 6/6/6 39/39/39
f 38/38/38 6/6/6 40/40/40
f 39/39/39 6/6/6 41/41/41
f 40/40/40 6/6/6 13/13/13
f 41/41/41 6/6/6 37/37/37
f 14/14/14 6/6/6 36/36/36
f 42/42/42 43/43/43 44/44/44
f 45/45/45 46/46/46 47/47/47
f 48/48/48 43/43/43 42/42/42
f 49/49/49 50/50/50 51/51/51
f 49/49/49 52/52/52 53/53/53
f 51/51/51 52/52/52 49/49/49
f 43/43/43 48/48/48 54/54/54
f 33/33/33 32/32/32 55/55/55
f 56/56/56 57/57/57 46/46/46
f 46/46/46 45/45/45 56/56/56
f 58/58/58 59/59/59 60/60/60
f 58/58/58 60/60/60 61/61/61
f 62/62/62 63/63/63 64/64/64
f 62/62/62 64/64/64 65/65/65
f 66/66/66 67/67/67 68/68/68
f 66/66/66 68/68/68 69/69/69
f 70/70/70 71/71/71 60/60/60
f 70/70/70 60/60/60 59/59/59
f 71/71/71 72/72/72 73/73/73
f 71/71/71 73/73/73 74/74/74
f 75/75/75 76/76/76 77/77/77
f 75/75/75 77/77/77 78/78/78
f 79/79/79 80/80/80 81/81/81
f 79/79/79 81/81/81 82/82/82
f 83/83/83 84/84/84 85/85/85
f 83/83/83 85/85/85 86/86/86
f 76/76/76 87/87/87 88/88/88
f 76/76/76 88/88/88 77/77/77
f 79/79/79 89/89/89 90/90/90
f 79/79/79 90/90/90 80/80/80
f 91/91/91 92/92/92 93/93/93
f 91/91/91 93/93/93 94/94/94
f 95/95/95 96/96/96 90/90/90
f 95/95/95 90/90/90 89/89/89
f 96/96/96 97/97/97 88/88/88
f 96/96/96 88/88/88 87/87/87
f 25/25/25 98/98/98 99/99/99
f 25/25/25 99/99/99 26/26/26
f 27/27/27 17/17/17 100/100/100
f 27/27/27 100/100/100 101/101/101
f 102/102/102 103/103/103 104/104/104
f 102/102/102 104/104/104 105/105/105
f 106/106/106 107/107/107 108/108/108
f 106/106/106 108/108/108 18/18/18
f 109/109/109 110/110/110 111/111/111
f 109/109/109 111/111/111 112/112/112
f 113/113/113 114/114/114 115/115/115
f 113/113/113 115/115/115 116/116/116
f 117/117/117 118/118/118 119/119/119
f 117/117/117 119/119/119 120/120/120
f 121/121/121 122/122/122 123/123/123
f 121/121/121 123/123/123 124/124/124
f 16/16/16 125/125/125 100/100/100
f 16/16/16 100/100/100 17/17/17
f 126/126/126 127/127/127 128/128/128
f 126/126/126 128/128/128 15/15/15
f 129/129/129 130/130/130 111/111/111
f 129/129/129 111/111/111 110/110/110
f 19/19/19 131/131/131 132/132/132
f 19/19/19 132/132/132 20/20/20
f 133/133/133 134/134/134 135/135/135
f 133/133/133 135/135/135 136/136/136
f 137/137/137 138/138/138 123/123/123
f 137/137/137 123/123/123 122/122/122
f 28/28/28 139/139/139 140/140/140
f 28/28/28 140/140/140 3/3/3
f 141/141/141 142/142/142 143/143/143
f 141/141/141 143/143/143 144/144/144
f 145/145/145 146/146/146 147/147/147
f 145/145/145 147/147/147 148/148/148
f 149/149/149 150/150/150 151/151/151
f 149/149/149 151/151/151 152/152/152
f 153/153/153 154/154/154 155/155/155
f 153/153/153 155/155/155 156/156/156
f 157/157/157 158/158/158 154/154/154
f 157/157/157 154/154/154 153/153/153
f 159/159/159 160/160/160 161/161/161
f 159/159/159 161/161/161 162/162/162
f 163/163/163 164/164/164 165/165/165
f 163/163/163 165/165/165 166/166/166
f 167/167/167 168/168/168 164/164/164
f 167/167/167 164/164/164 163/163/163
f 166/166/166 169/169/169 170/170/170
f 166/166/166 170/170/170 155/155/155
f 171/171/171 172/172/172 173/173/173
f 171/171/171 173/173/173 174/174/174
f 175/175/175 176/176/176 177/177/177
f 175/175/175 177/177/177 178/178/178
f 179/179/179 180/180/180 176/176/176
f 179/179/179 176/176/176 175/175/175
f 178/178/178 181/181/181 182/182/182
f 178/178/178 182/182/182 165/165/165
f 183/183/183 184/184/184 185/185/185
f 183/183/183 185/185/185 186/186/186
f 187/187/187 188/188/188 189/189/189
f 187/187/187 189/189/189 190/190/190
f 191/191/191 192/192/192 193/193/193
f 191/191/191 193/193/193 194/194/194
f 195/195/195 196/196/196 197/197/197
f 195/195/195 197/197/197 198/198/198
f 199/199/199 200/200/200 201/201/201
f 199/199/199 201/201/201 202/202/202
f 203/203/203 204/204/204 205/205/205
f 203/203/203 205/205/205 206/206/206
f 207/207/207 208/208/208 201/201/201
f 207/207/207 201/201/201 200/200/200
f 209/209/209 210/210/210 205/205/205
f 209/209/209 205/205/205 204/204/204
f 211/211/211 212/212/212 213/213/213
f 211/211/211 213/213/213 214/214/214
f 215/215/215 216/216/216 208/208/208
f 215/215/215 208/208/208 217/217/217
f 218/218/218 219/219/219 220/220/220
f 218/218/218 220/220/220 221/221/221
f 222/222/222 223/223/223 224/224/224
f 222/222/222 224/224/224 225/225/225
f 226/226/226 227/227/227 73/73/73
f 226/226/226 73/73/73 72/72/72
f 146/146/146 228/228/228 229/229/229
f 146/146/146 229/229/229 147/147/147
f 230/230/230 231/231/231 232/232/232
f 230/230/230 232/232/232 233/233/233
f 234/234/234 235/235/235 236/236/236
f 234/234/234 236/236/236 237/237/237
f 238/238/238 239/239/239 240/240/240
f 238/238/238 240/240/240 241/241/241
f 222/222/222 242/242/242 240/240/240
f 222/222/222 240/240/240 239/239/239
f 243/243/243 244/244/244 245/245/245
f 243/243/243 245/245/245 246/246/246
f 247/247/247 237/237/237 236/236/236
f 247/247/247 236/236/236 248/248/248
f 249/249/249 250/250/250 239/239/239
f 249/249/249 239/239/239 238/238/238
f 251/251/251 249/249/249 252/252/252
f 251/251/251 252/252/252 253/253/253
f 254/254/254 255/255/255 256/256/256
f 254/254/254 256/256/256 257/257/257
f 258/258/258 259/259/259 260/260/260
f 258/258/258 260/260/260 261/261/261
f 262/262/262 263/263/263 264/264/264
f 262/262/262 264/264/264 265/265/265
f 266/266/266 267/267/267 268/268/268
f 266/266/266 268/268/268 269/269/269
f 270/270/270 271/271/271 272/272/272
f 270/270/270 272/272/272 273/273/273
f 274/274/274 275/275/275 276/276/276
f 274/274/274 276/276/276 277/277/277
f 278/278/278 279/279/279 280/280/280
f 278/278/278 280/280/280 281/281/281
f 282/282/282 283/283/283 284/284/284
f 282/282/282 284/284/284 285/285/285
f 286/286/286 287/287/287 288/288/288
f 286/286/286 288/288/288 289/289/289
f 290/290/290 291/291/291 284/284/284
f 290/290/290 284/284/284 283/283/283
f 292/292/292 293/293/293 99/99/99
f 292/292/292 99/99/99 116/116/116
f 294/294/294 295/295/295 296/296/296
f 294/294/294 296/296/296 297/297/297
f 298/298/298 299/299/299 128/128/128
f 298/298/298 128/128/128 127/127/127
f 300/300/300 301/301/301 302/302/302
f 300/300/300 302/302/302 303/303/303
f 304/304/304 305/305/305 306/306/306
f 304/304/304 306/306/306 307/307/307
f 308/308/308 309/309/309 310/310/310
f 308/308/308 310/310/310 311/311/311
f 312/312/312 242/242/242 222/222/222
f 312/312/312 222/222/222 225/225/225
f 313/313/313 118/118/118 314/314/314
f 313/313/313 314/314/314 315/315/315
f 316/316/316 82/82/82 81/81/81
f 316/316/316 81/81/81 70/70/70
f 317/317/317 318/318/318 319/319/319
f 317/317/317 319/319/319 320/320/320
f 321/321/321 322/322/322 323/323/323
f 321/321/321 323/323/323 324/324/324
f 325/325/325 326/326/326 327/327/327
f 325/325/325 327/327/327 328/328/328
f 329/329/329 330/330/330 331/331/331
f 329/329/329 331/331/331 332/332/332
f 333/333/333 334/334/334 335/335/335
f 333/333/333 335/335/335 336/336/336
f 146/146/146 337/337/337 338/338/338
f 146/146/146 338/338/338 228/228/228
f 339/339/339 340/340/340 341/341/341
f 339/339/339 341/341/341 329/329/329
f 341/341/341 342/342/342 330/330/330
f 341/341/341 330/330/330 329/329/329
f 343/343/343 344/344/344 223/223/223
f 343/343/343 223/223/223 345/345/345
f 346/346/346 347/347/347 348/348/348
f 346/346/346 348/348/348 349/349/349
f 61/61/61 60/60/60 260/260/260
f 61/61/61 260/260/260 259/259/259
f 350/350/350 143/143/143 351/351/351
f 350/350/350 351/351/351 352/352/352
f 353/353/353 162/162/162 161/161/161
f 353/353/353 161/161/161 354/354/354
f 355/355/355 217/217/217 208/208/208
f 355/355/355 208/208/208 207/207/207
f 246/246/246 356/356/356 355/355/355
f 246/246/246 355/355/355 243/243/243
f 304/304/304 303/303/303 302/302/302
f 304/304/304 302/302/302 305/305/305
f 357/357/357 358/358/358 359/359/359
f 357/357/357 359/359/359 191/191/191
f 358/358/358 360/360/360 361/361/361
f 358/358/358 361/361/361 311/311/311
f 362/362/362 363/363/363 309/309/309
f 362/362/362 309/309/309 308/308/308
f 194/194/194 193/193/193 190/190/190
f 194/194/194 190/190/190 189/189/189
f 364/364/364 365/365/365 366/366/366
f 364/364/364 366/366/366 367/367/367
f 368/368/368 369/369/369 370/370/370
f 368/368/368 370/370/370 371/371/371
f 372/372/372 346/346/346 368/368/368
f 372/372/372 368/368/368 373/373/373
f 373/373/373 368/368/368 371/371/371
f 373/373/373 371/371/371 374/374/374
f 213/213/213 375/375/375 342/342/342
f 213/213/213 342/342/342 341/341/341
f 225/225/225 224/224/224 376/376/376
f 225/225/225 376/376/376 348/348/348
f 339/339/339 329/329/329 332/332/332
f 339/339/339 332/332/332 377/377/377
f 347/347/347 312/312/312 225/225/225
f 347/347/347 225/225/225 348/348/348
f 378/378/378 5/5/5 7/7/7
f 378/378/378 7/7/7 379/379/379
f 374/374/374 371/371/371 380/380/380
f 374/374/374 380/380/380 381/381/381
f 382/382/382 383/383/383 369/369/369
f 382/382/382 369/369/369 368/368/368
f 230/230/230 384/384/384 385/385/385
f 230/230/230 385/385/385 386/386/386
f 208/208/208 209/209/209 204/204/204
f 208/208/208 204/204/204 201/201/201
f 202/202/202 201/201/201 204/204/204
f 202/202/202 204/204/204 203/203/203
f 187/187/187 190/190/190 387/387/387
f 187/187/187 387/387/387 388/388/388
f 389/389/389 183/183/183 186/186/186
f 389/389/389 186/186/186 390/390/390
f 181/181/181 171/171/171 174/174/174
f 181/181/181 174/174/174 182/182/182
f 169/169/169 159/159/159 162/162/162
f 169/169/169 162/162/162 170/170/170
f 350/350/350 352/352/352 391/391/391
f 350/350/350 391/391/391 392/392/392
f 393/393/393 66/66/66 69/69/69
f 393/393/393 69/69/69 65/65/65
f 394/394/394 395/395/395 69/69/69
f 394/394/394 69/69/69 68/68/68
f 214/214/214 213/213/213 396/396/396
f 214/214/214 396/396/396 397/397/397
f 398/398/398 399/399/399 400/400/400
f 398/398/398 400/400/400 401/401/401
f 402/402/402 403/403/403 301/301/301
f 402/402/402 301/301/301 300/300/300
f 404/404/404 258/258/258 261/261/261
f 404/404/404 261/261/261 405/405/405
f 406/406/406 215/215/215 217/217/217
f 406/406/406 217/217/217 407/407/407
f 408/408/408 409/409/409 180/180/180
f 408/408/408 180/180/180 179/179/179
f 410/410/410 411/411/411 168/168/168
f 410/410/410 168/168/168 167/167/167
f 412/412/412 413/413/413 158/158/158
f 412/412/412 158/158/158 157/157/157
f 414/414/414 415/415/415 142/142/142
f 414/414/414 142/142/142 141/141/141
f 416/416/416 86/86/86 87/87/87
f 416/416/416 87/87/87 76/76/76
f 417/417/417 97/97/97 96/96/96
f 417/417/417 96/96/96 95/95/95
f 86/86/86 85/85/85 96/96/96
f 86/86/86 96/96/96 87/87/87
f 74/74/74 73/73/73 76/76/76
f 74/74/74 76/76/76 75/75/75
f 418/418/418 94/94/94 93/93/93
f 418/418/418 93/93/93 419/419/419
f 420/420/420 374/374/374 381/381/381
f 420/420/420 381/381/381 421/421/421
f 399/399/399 398/398/398 306/306/306
f 399/399/399 306/306/306 305/305/305
f 422/422/422 195/195/195 386/386/386
f 422/422/422 386/386/386 385/385/385
f 364/364/364 423/423/423 424/424/424
f 364/364/364 424/424/424 365/365/365
f 425/425/425 196/196/196 189/189/189
f 425/425/425 189/189/189 188/188/188
f 426/426/426 345/345/345 223/223/223
f 426/426/426 223/223/223 250/250/250
f 427/427/427 428/428/428 233/233/233
f 427/427/427 233/233/233 232/232/232
f 229/229/229 429/429/429 430/430/430
f 229/229/229 430/430/430 147/147/147
f 222/222/222 239/239/239 250/250/250
f 222/222/222 250/250/250 223/223/223
f 428/428/428 338/338/338 337/337/337
f 428/428/428 337/337/337 233/233/233
f 346/346/346 372/372/372 431/431/431
f 346/346/346 431/431/431 347/347/347
f 240/240/240 242/242/242 431/431/431
f 240/240/240 431/431/431 219/219/219
f 372/372/372 373/373/373 432/432/432
f 372/372/372 432/432/432 220/220/220
f 433/433/433 343/343/343 434/434/434
f 433/433/433 434/434/434 435/435/435
f 224/224/224 223/223/223 344/344/344
f 224/224/224 344/344/344 376/376/376
f 422/422/422 436/436/436 194/194/194
f 422/422/422 194/194/194 189/189/189
f 190/190/190 193/193/193 437/437/437
f 190/190/190 437/437/437 387/387/387
f 148/148/148 147/147/147 430/430/430
f 148/148/148 430/430/430 438/438/438
f 428/428/428 214/214/214 397/397/397
f 428/428/428 397/397/397 338/338/338
f 427/427/427 211/211/211 214/214/214
f 427/427/427 214/214/214 428/428/428
f 213/213/213 433/433/433 435/435/435
f 213/213/213 435/435/435 439/439/439
f 376/376/376 339/339/339 377/377/377
f 376/376/376 377/377/377 348/348/348
f 376/376/376 344/344/344 340/340/340
f 376/376/376 340/340/340 339/339/339
f 384/384/384 337/337/337 146/146/146
f 384/384/384 146/146/146 145/145/145
f 368/368/368 346/346/346 349/349/349
f 368/368/368 349/349/349 382/382/382
f 243/243/243 355/355/355 207/207/207
f 243/243/243 207/207/207 247/247/247
f 247/247/247 207/207/207 200/200/200
f 247/247/247 200/200/200 237/237/237
f 234/234/234 237/237/237 200/200/200
f 234/234/234 200/200/200 199/199/199
f 221/221/221 220/220/220 432/432/432
f 221/221/221 432/432/432 440/440/440
f 355/355/355 356/356/356 407/407/407
f 355/355/355 407/407/407 217/217/217
f 441/441/441 442/442/442 443/443/443
f 441/441/441 443/443/443 444/444/444
f 445/445/445 446/446/446 338/338/338
f 445/445/445 338/338/338 397/397/397
f 446/446/446 447/447/447 228/228/228
f 446/446/446 228/228/228 338/338/338
f 448/448/448 449/449/449 435/435/435
f 448/448/448 435/435/435 434/434/434
f 450/450/450 451/451/451 429/429/429
f 450/450/450 429/429/429 229/229/229
f 447/447/447 450/450/450 229/229/229
f 447/447/447 229/229/229 228/228/228
f 451/451/451 448/448/448 434/434/434
f 451/451/451 434/434/434 429/429/429
f 452/452/452 445/445/445 397/397/397
f 452/452/452 397/397/397 396/396/396
f 449/449/449 453/453/453 439/439/439
f 449/449/449 439/439/439 435/435/435
f 444/444/444 443/443/443 454/454/454
f 444/444/444 454/454/454 455/455/455
f 454/454/454 443/443/443 456/456/456
f 454/454/454 456/456/456 457/457/457
f 443/443/443 442/442/442 458/458/458
f 443/443/443 458/458/458 456/456/456
f 440/440/440 432/432/432 420/420/420
f 440/440/440 420/420/420 333/333/333
f 432/432/432 373/373/373 374/374/374
f 432/432/432 374/374/374 420/420/420
f 192/192/192 310/310/310 309/309/309
f 192/192/192 309/309/309 363/363/363
f 219/219/219 431/431/431 372/372/372
f 219/219/219 372/372/372 220/220/220
f 347/347/347 431/431/431 242/242/242
f 347/347/347 242/242/242 312/312/312
f 245/245/245 241/241/241 218/218/218
f 245/245/245 218/218/218 246/246/246
f 425/425/425 459/459/459 197/197/197
f 425/425/425 197/197/197 196/196/196
f 305/305/305 302/302/302 301/301/301
f 305/305/305 301/301/301 399/399/399
f 400/400/400 399/399/399 301/301/301
f 400/400/400 301/301/301 403/403/403
f 385/385/385 460/460/460 436/436/436
f 385/385/385 436/436/436 422/422/422
f 245/245/245 244/244/244 248/248/248
f 245/245/245 248/248/248 461/461/461
f 365/365/365 424/424/424 388/388/388
f 365/365/365 388/388/388 387/387/387
f 407/407/407 440/440/440 333/333/333
f 407/407/407 333/333/333 336/336/336
f 248/248/248 236/236/236 252/252/252
f 248/248/248 252/252/252 461/461/461
f 235/235/235 424/424/424 423/423/423
f 235/235/235 423/423/423 253/253/253
f 189/189/189 196/196/196 195/195/195
f 189/189/189 195/195/195 422/422/422
f 462/462/462 362/362/362 308/308/308
f 462/462/462 308/308/308 463/463/463
f 359/359/359 358/358/358 311/311/311
f 359/359/359 311/311/311 310/310/310
f 464/464/464 360/360/360 358/358/358
f 464/464/464 358/358/358 357/357/357
f 463/463/463 308/308/308 311/311/311
f 463/463/463 311/311/311 361/361/361
f 386/386/386 195/195/195 198/198/198
f 386/386/386 198/198/198 465/465/465
f 241/241/241 240/240/240 219/219/219
f 241/241/241 219/219/219 218/218/218
f 366/366/366 365/365/365 387/387/387
f 366/366/366 387/387/387 437/437/437
f 244/244/244 243/243/243 247/247/247
f 244/244/244 247/247/247 248/248/248
f 356/356/356 221/221/221 440/440/440
f 356/356/356 440/440/440 407/407/407
f 385/385/385 384/384/384 145/145/145
f 385/385/385 145/145/145 466/466/466
f 364/364/364 148/148/148 438/438/438
f 364/364/364 438/438/438 423/423/423
f 233/233/233 337/337/337 384/384/384
f 233/233/233 384/384/384 230/230/230
f 420/420/420 421/421/421 334/334/334
f 420/420/420 334/334/334 333/333/333
f 426/426/426 250/250/250 249/249/249
f 426/426/426 249/249/249 251/251/251
f 252/252/252 249/249/249 238/238/238
f 252/252/252 238/238/238 461/461/461
f 461/461/461 238/238/238 241/241/241
f 461/461/461 241/241/241 245/245/245
f 386/386/386 465/465/465 231/231/231
f 386/386/386 231/231/231 230/230/230
f 246/246/246 218/218/218 221/221/221
f 246/246/246 221/221/221 356/356/356
f 466/466/466 145/145/145 148/148/148
f 466/466/466 148/148/148 364/364/364
f 236/236/236 235/235/235 253/253/253
f 236/236/236 253/253/253 252/252/252
f 430/430/430 426/426/426 251/251/251
f 430/430/430 251/251/251 438/438/438
f 388/388/388 234/234/234 199/199/199
f 388/388/388 199/199/199 187/187/187
f 341/341/341 340/340/340 433/433/433
f 341/341/341 433/433/433 213/213/213
f 340/340/340 344/344/344 343/343/343
f 340/340/340 343/343/343 433/433/433
f 430/430/430 429/429/429 345/345/345
f 430/430/430 345/345/345 426/426/426
f 188/188/188 202/202/202 203/203/203
f 188/188/188 203/203/203 425/425/425
f 434/434/434 343/343/343 345/345/345
f 434/434/434 345/345/345 429/429/429
f 438/438/438 251/251/251 253/253/253
f 438/438/438 253/253/253 423/423/423
f 388/388/388 424/424/424 235/235/235
f 388/388/388 235/235/235 234/234/234
f 425/425/425 203/203/203 206/206/206
f 425/425/425 206/206/206 459/459/459
f 187/187/187 199/199/199 202/202/202
f 187/187/187 202/202/202 188/188/188
f 460/460/460 464/464/464 357/357/357
f 460/460/460 357/357/357 436/436/436
f 367/367/367 366/366/366 362/362/362
f 367/367/367 362/362/362 462/462/462
f 193/193/193 192/192/192 363/363/363
f 193/193/193 363/363/363 437/437/437
f 467/467/467 468/468/468 469/469/469
f 467/467/467 469/469/469 470/470/470
f 366/366/366 437/437/437 363/363/363
f 366/366/366 363/363/363 362/362/362
f 436/436/436 357/357/357 191/191/191
f 436/436/436 191/191/191 194/194/194
f 359/359/359 310/310/310 192/192/192
f 359/359/359 192/192/192 191/191/191
f 213/213/213 212/212/212 471/471/471
f 213/213/213 471/471/471 472/472/472
f 331/331/331 330/330/330 473/473/473
f 331/331/331 473/473/473 474/474/474
f 475/475/475 476/476/476 477/477/477
f 475/475/475 477/477/477 478/478/478
f 330/330/330 342/342/342 479/479/479
f 330/330/330 479/479/479 473/473/473
f 369/369/369 383/383/383 480/480/480
f 369/369/369 480/480/480 481/481/481
f 370/370/370 369/369/369 481/481/481
f 370/370/370 481/481/481 482/482/482
f 483/483/483 484/484/484 11/11/11
f 483/483/483 11/11/11 9/9/9
f 485/485/485 486/486/486 12/12/12
f 485/485/485 12/12/12 10/10/10
f 484/484/484 487/487/487 13/13/13
f 484/484/484 13/13/13 11/11/11
f 488/488/488 379/379/379 7/7/7
f 488/488/488 7/7/7 14/14/14
f 378/378/378 485/485/485 10/10/10
f 378/378/378 10/10/10 5/5/5
f 489/489/489 483/483/483 9/9/9
f 489/489/489 9/9/9 8/8/8
f 486/486/486 489/489/489 8/8/8
f 486/486/486 8/8/8 12/12/12
f 490/490/490 491/491/491 492/492/492
f 490/490/490 492/492/492 493/493/493
f 494/494/494 406/406/406 407/407/407
f 494/494/494 407/407/407 336/336/336
f 495/495/495 391/391/391 352/352/352
f 495/495/495 352/352/352 156/156/156
f 495/495/495 170/170/170 162/162/162
f 495/495/495 162/162/162 353/353/353
f 391/391/391 495/495/495 353/353/353
f 391/391/391 353/353/353 150/150/150
f 170/170/170 495/495/495 156/156/156
f 170/170/170 156/156/156 155/155/155
f 496/496/496 412/412/412 157/157/157
f 496/496/496 157/157/157 497/497/497
f 150/150/150 353/353/353 354/354/354
f 150/150/150 354/354/354 151/151/151
f 497/497/497 157/157/157 153/153/153
f 497/497/497 153/153/153 351/351/351
f 351/351/351 153/153/153 156/156/156
f 351/351/351 156/156/156 352/352/352
f 498/498/498 402/402/402 300/300/300
f 498/498/498 300/300/300 499/499/499
f 306/306/306 398/398/398 500/500/500
f 306/306/306 500/500/500 307/307/307
f 501/501/501 502/502/502 303/303/303
f 501/501/501 303/303/303 304/304/304
f 501/501/501 304/304/304 307/307/307
f 501/501/501 307/307/307 389/389/389
f 499/499/499 300/300/300 303/303/303
f 499/499/499 303/303/303 502/502/502
f 398/398/398 401/401/401 503/503/503
f 398/398/398 503/503/503 500/500/500
f 504/504/504 393/393/393 65/65/65
f 504/504/504 65/65/65 64/64/64
f 395/395/395 62/62/62 65/65/65
f 395/395/395 65/65/65 69/69/69
f 392/392/392 391/391/391 150/150/150
f 392/392/392 150/150/150 149/149/149
f 143/143/143 142/142/142 497/497/497
f 143/143/143 497/497/497 351/351/351
f 142/142/142 415/415/415 496/496/496
f 142/142/142 496/496/496 497/497/497
f 144/144/144 505/505/505 506/506/506
f 144/144/144 506/506/506 507/507/507
f 143/143/143 350/350/350 505/505/505
f 143/143/143 505/505/505 144/144/144
f 508/508/508 417/417/417 95/95/95
f 508/508/508 95/95/95 509/509/509
f 510/510/510 414/414/414 141/141/141
f 510/510/510 141/141/141 511/511/511
f 512/512/512 513/513/513 318/318/318
f 512/512/512 318/318/318 317/317/317
f 63/63/63 492/492/492 82/82/82
f 63/63/63 82/82/82 316/316/316
f 511/511/511 141/141/141 144/144/144
f 511/511/511 144/144/144 507/507/507
f 509/509/509 95/95/95 89/89/89
f 509/509/509 89/89/89 514/514/514
f 491/491/491 514/514/514 89/89/89
f 491/491/491 89/89/89 79/79/79
f 491/491/491 79/79/79 82/82/82
f 491/491/491 82/82/82 492/492/492
f 515/515/515 516/516/516 506/506/506
f 515/515/515 506/506/506 513/513/513
f 517/517/517 518/518/518 511/511/511
f 517/517/517 511/511/511 507/507/507
f 519/519/519 520/520/520 521/521/521
f 519/519/519 521/521/521 522/522/522
f 523/523/523 21/21/21 524/524/524
f 523/523/523 524/524/524 525/525/525
f 526/526/526 527/527/527 528/528/528
f 526/526/526 528/528/528 529/529/529
f 30/30/30 530/530/530 531/531/531
f 30/30/30 531/531/531 532/532/532
f 24/24/24 23/23/23 533/533/533
f 24/24/24 533/533/533 534/534/534
f 535/535/535 536/536/536 537/537/537
f 535/535/535 537/537/537 538/538/538
f 64/64/64 63/63/63 316/316/316
f 64/64/64 316/316/316 539/539/539
f 59/59/59 58/58/58 540/540/540
f 59/59/59 540/540/540 539/539/539
f 541/541/541 493/493/493 62/62/62
f 541/541/541 62/62/62 395/395/395
f 320/320/320 542/542/542 393/393/393
f 320/320/320 393/393/393 504/504/504
f 260/260/260 74/74/74 75/75/75
f 260/260/260 75/75/75 261/261/261
f 543/543/543 544/544/544 258/258/258
f 543/543/543 258/258/258 404/404/404
f 545/545/545 541/541/541 395/395/395
f 545/545/545 395/395/395 394/394/394
f 542/542/542 546/546/546 66/66/66
f 542/542/542 66/66/66 393/393/393
f 547/547/547 61/61/61 259/259/259
f 547/547/547 259/259/259 548/548/548
f 539/539/539 540/540/540 504/504/504
f 539/539/539 504/504/504 64/64/64
f 539/539/539 316/316/316 70/70/70
f 539/539/539 70/70/70 59/59/59
f 544/544/544 548/548/548 259/259/259
f 544/544/544 259/259/259 258/258/258
f 261/261/261 75/75/75 78/78/78
f 261/261/261 78/78/78 405/405/405
f 60/60/60 71/71/71 74/74/74
f 60/60/60 74/74/74 260/260/260
f 81/81/81 72/72/72 71/71/71
f 81/81/81 71/71/71 70/70/70
f 546/546/546 549/549/549 67/67/67
f 546/546/546 67/67/67 66/66/66
f 493/493/493 492/492/492 63/63/63
f 493/493/493 63/63/63 62/62/62
f 512/512/512 58/58/58 61/61/61
f 512/512/512 61/61/61 547/547/547
f 371/371/371 370/370/370 482/482/482
f 371/371/371 482/482/482 380/380/380
f 550/550/550 551/551/551 552/552/552
f 550/550/550 552/552/552 553/553/553
f 551/551/551 554/554/554 555/555/555
f 551/551/551 555/555/555 552/552/552
f 556/556/556 557/557/557 558/558/558
f 556/556/556 558/558/558 559/559/559
f 560/560/560 561/561/561 562/562/562
f 560/560/560 562/562/562 563/563/563
f 561/561/561 556/556/556 559/559/559
f 561/561/561 559/559/559 562/562/562
f 557/557/557 550/550/550 553/553/553
f 557/557/557 553/553/553 558/558/558
f 564/564/564 560/560/560 563/563/563
f 564/564/564 563/563/563 565/565/565
f 554/554/554 564/564/564 565/565/565
f 554/554/554 565/565/565 555/555/555
f 478/478/478 477/477/477 566/566/566
f 478/478/478 566/566/566 567/567/567
f 568/568/568 475/475/475 478/478/478
f 568/568/568 478/478/478 567/567/567
f 476/476/476 569/569/569 566/566/566
f 476/476/476 566/566/566 477/477/477
f 23/23/23 523/523/523 525/525/525
f 23/23/23 525/525/525 533/533/533
f 529/529/529 528/528/528 520/520/520
f 529/529/529 520/520/520 519/519/519
f 570/570/570 298/298/298 127/127/127
f 570/570/570 127/127/127 99/99/99
f 571/571/571 572/572/572 295/295/295
f 571/571/571 295/295/295 294/294/294
f 573/573/573 574/574/574 291/291/291
f 573/573/573 291/291/291 290/290/290
f 279/279/279 286/286/286 289/289/289
f 279/279/279 289/289/289 280/280/280
f 575/575/575 576/576/576 275/275/275
f 575/575/575 275/275/275 274/274/274
f 125/125/125 129/129/129 110/110/110
f 125/125/125 110/110/110 100/100/100
f 26/26/26 99/99/99 127/127/127
f 26/26/26 127/127/127 126/126/126
f 101/101/101 100/100/100 110/110/110
f 101/101/101 110/110/110 109/109/109
f 84/84/84 102/102/102 105/105/105
f 84/84/84 105/105/105 85/85/85
f 577/577/577 575/575/575 274/274/274
f 577/577/577 274/274/274 578/578/578
f 112/112/112 24/24/24 534/534/534
f 112/112/112 534/534/534 521/521/521
f 103/103/103 524/524/524 527/527/527
f 103/103/103 527/527/527 526/526/526
f 579/579/579 278/278/278 281/281/281
f 579/579/579 281/281/281 128/128/128
f 578/578/578 274/274/274 277/277/277
f 578/578/578 277/277/277 580/580/580
f 287/287/287 581/581/581 114/114/114
f 287/287/287 114/114/114 113/113/113
f 130/130/130 288/288/288 98/98/98
f 130/130/130 98/98/98 25/25/25
f 522/522/522 83/83/83 86/86/86
f 522/522/522 86/86/86 416/416/416
f 576/576/576 571/571/571 294/294/294
f 576/576/576 294/294/294 275/275/275
f 582/582/582 583/583/583 298/298/298
f 582/582/582 298/298/298 570/570/570
f 583/583/583 584/584/584 299/299/299
f 583/583/583 299/299/299 298/298/298
f 275/275/275 294/294/294 297/297/297
f 275/275/275 297/297/297 276/276/276
f 573/573/573 585/585/585 293/293/293
f 573/573/573 293/293/293 292/292/292
f 579/579/579 282/282/282 285/285/285
f 579/579/579 285/285/285 586/586/586
f 227/227/227 416/416/416 76/76/76
f 227/227/227 76/76/76 73/73/73
f 85/85/85 105/105/105 90/90/90
f 85/85/85 90/90/90 96/96/96
f 105/105/105 104/104/104 80/80/80
f 105/105/105 80/80/80 90/90/90
f 29/29/29 30/30/30 532/532/532
f 29/29/29 532/532/532 587/587/587
f 516/516/516 517/517/517 507/507/507
f 516/516/516 507/507/507 506/506/506
f 267/267/267 588/588/588 271/271/271
f 267/267/267 271/271/271 270/270/270
f 589/589/589 262/262/262 265/265/265
f 589/589/589 265/265/265 108/108/108
f 590/590/590 254/254/254 257/257/257
f 590/590/590 257/257/257 591/591/591
f 138/138/138 268/268/268 139/139/139
f 138/138/138 139/139/139 28/28/28
f 124/124/124 123/123/123 2/2/2
f 124/124/124 2/2/2 4/4/4
f 92/92/92 535/535/535 538/538/538
f 92/92/92 538/538/538 93/93/93
f 592/592/592 593/593/593 254/254/254
f 592/592/592 254/254/254 590/590/590
f 536/536/536 515/515/515 513/513/513
f 536/536/536 513/513/513 537/537/537
f 518/518/518 91/91/91 94/94/94
f 518/518/518 94/94/94 511/511/511
f 594/594/594 595/595/595 326/326/326
f 594/594/594 326/326/326 325/325/325
f 596/596/596 597/597/597 322/322/322
f 596/596/596 322/322/322 321/321/321
f 263/263/263 266/266/266 269/269/269
f 263/263/263 269/269/269 264/264/264
f 593/593/593 598/598/598 255/255/255
f 593/593/593 255/255/255 254/254/254
f 131/131/131 137/137/137 122/122/122
f 131/131/131 122/122/122 132/132/132
f 530/530/530 132/132/132 122/122/122
f 530/530/530 122/122/122 121/121/121
f 134/134/134 117/117/117 120/120/120
f 134/134/134 120/120/120 135/135/135
f 3/3/3 140/140/140 107/107/107
f 3/3/3 107/107/107 106/106/106
f 510/510/510 511/511/511 94/94/94
f 510/510/510 94/94/94 418/418/418
f 350/350/350 319/319/319 318/318/318
f 350/350/350 318/318/318 505/505/505
f 149/149/149 599/599/599 600/600/600
f 149/149/149 600/600/600 392/392/392
f 152/152/152 601/601/601 599/599/599
f 152/152/152 599/599/599 149/149/149
f 505/505/505 318/318/318 513/513/513
f 505/505/505 513/513/513 506/506/506
f 392/392/392 600/600/600 319/319/319
f 392/392/392 319/319/319 350/350/350
f 598/598/598 596/596/596 321/321/321
f 598/598/598 321/321/321 255/255/255
f 140/140/140 594/594/594 325/325/325
f 140/140/140 325/325/325 107/107/107
f 107/107/107 325/325/325 328/328/328
f 107/107/107 328/328/328 108/108/108
f 255/255/255 321/321/321 324/324/324
f 255/255/255 324/324/324 256/256/256
f 589/589/589 313/313/313 315/315/315
f 589/589/589 315/315/315 602/602/602
f 273/273/273 133/133/133 136/136/136
f 273/273/273 136/136/136 140/140/140
f 524/524/524 21/21/21 27/27/27
f 524/524/524 27/27/27 527/527/527
f 111/111/111 22/22/22 24/24/24
f 111/111/111 24/24/24 112/112/112
f 528/528/528 101/101/101 109/109/109
f 528/528/528 109/109/109 520/520/520
f 520/520/520 109/109/109 112/112/112
f 520/520/520 112/112/112 521/521/521
f 527/527/527 27/27/27 101/101/101
f 527/527/527 101/101/101 528/528/528
f 111/111/111 130/130/130 25/25/25
f 111/111/111 25/25/25 22/22/22
f 128/128/128 281/281/281 16/16/16
f 128/128/128 16/16/16 15/15/15
f 280/280/280 289/289/289 129/129/129
f 280/280/280 129/129/129 125/125/125
f 289/289/289 288/288/288 130/130/130
f 289/289/289 130/130/130 129/129/129
f 23/23/23 26/26/26 126/126/126
f 23/23/23 126/126/126 523/523/523
f 281/281/281 280/280/280 125/125/125
f 281/281/281 125/125/125 16/16/16
f 15/15/15 21/21/21 523/523/523
f 15/15/15 523/523/523 126/126/126
f 521/521/521 534/534/534 83/83/83
f 521/521/521 83/83/83 522/522/522
f 104/104/104 103/103/103 526/526/526
f 104/104/104 526/526/526 603/603/603
f 533/533/533 525/525/525 102/102/102
f 533/533/533 102/102/102 84/84/84
f 226/226/226 529/529/529 519/519/519
f 226/226/226 519/519/519 227/227/227
f 603/603/603 526/526/526 529/529/529
f 603/603/603 529/529/529 226/226/226
f 227/227/227 519/519/519 522/522/522
f 227/227/227 522/522/522 416/416/416
f 525/525/525 524/524/524 103/103/103
f 525/525/525 103/103/103 102/102/102
f 534/534/534 533/533/533 84/84/84
f 534/534/534 84/84/84 83/83/83
f 604/604/604 1/1/1 605/605/605
f 604/604/604 605/605/605 606/606/606
f 531/531/531 530/530/530 121/121/121
f 531/531/531 121/121/121 607/607/607
f 608/608/608 124/124/124 4/4/4
f 608/608/608 4/4/4 609/609/609
f 20/20/20 132/132/132 530/530/530
f 20/20/20 530/530/530 30/30/30
f 609/609/609 4/4/4 1/1/1
f 609/609/609 1/1/1 604/604/604
f 607/607/607 121/121/121 124/124/124
f 607/607/607 124/124/124 608/608/608
f 606/606/606 605/605/605 29/29/29
f 606/606/606 29/29/29 587/587/587
f 264/264/264 269/269/269 137/137/137
f 264/264/264 137/137/137 131/131/131
f 108/108/108 265/265/265 19/19/19
f 108/108/108 19/19/19 18/18/18
f 123/123/123 138/138/138 28/28/28
f 123/123/123 28/28/28 2/2/2
f 269/269/269 268/268/268 138/138/138
f 269/269/269 138/138/138 137/137/137
f 265/265/265 264/264/264 131/131/131
f 265/265/265 131/131/131 19/19/19
f 106/106/106 18/18/18 29/29/29
f 106/106/106 29/29/29 605/605/605
f 1/1/1 3/3/3 106/106/106
f 1/1/1 106/106/106 605/605/605
f 272/272/272 610/610/610 133/133/133
f 272/272/272 133/133/133 273/273/273
f 108/108/108 611/611/611 313/313/313
f 108/108/108 313/313/313 589/589/589
f 612/612/612 613/613/613 117/117/117
f 612/612/612 117/117/117 134/134/134
f 614/614/614 615/615/615 266/266/266
f 614/614/614 266/266/266 263/263/263
f 602/602/602 616/616/616 262/262/262
f 602/602/602 262/262/262 589/589/589
f 268/268/268 267/267/267 270/270/270
f 268/268/268 270/270/270 139/139/139
f 611/611/611 119/119/119 118/118/118
f 611/611/611 118/118/118 313/313/313
f 139/139/139 270/270/270 273/273/273
f 139/139/139 273/273/273 140/140/140
f 615/615/615 588/588/588 267/267/267
f 615/615/615 267/267/267 266/266/266
f 616/616/616 614/614/614 263/263/263
f 616/616/616 263/263/263 262/262/262
f 610/610/610 612/612/612 134/134/134
f 610/610/610 134/134/134 133/133/133
f 613/613/613 314/314/314 118/118/118
f 613/613/613 118/118/118 117/117/117
f 128/128/128 617/617/617 282/282/282
f 128/128/128 282/282/282 579/579/579
f 574/574/574 573/573/573 292/292/292
f 574/574/574 292/292/292 618/618/618
f 288/288/288 287/287/287 113/113/113
f 288/288/288 113/113/113 98/98/98
f 586/586/586 619/619/619 278/278/278
f 586/586/586 278/278/278 579/579/579
f 620/620/620 621/621/621 286/286/286
f 620/620/620 286/286/286 279/279/279
f 585/585/585 573/573/573 290/290/290
f 585/585/585 290/290/290 622/622/622
f 618/618/618 292/292/292 116/116/116
f 618/618/618 116/116/116 115/115/115
f 622/622/622 290/290/290 283/283/283
f 622/622/622 283/283/283 623/623/623
f 621/621/621 581/581/581 287/287/287
f 621/621/621 287/287/287 286/286/286
f 617/617/617 623/623/623 283/283/283
f 617/617/617 283/283/283 282/282/282
f 619/619/619 620/620/620 279/279/279
f 619/619/619 279/279/279 278/278/278
f 98/98/98 113/113/113 116/116/116
f 98/98/98 116/116/116 99/99/99
f 541/541/541 545/545/545 624/624/624
f 541/541/541 624/624/624 625/625/625
f 493/493/493 541/541/541 625/625/625
f 493/493/493 625/625/625 490/490/490
f 216/216/216 626/626/626 209/209/209
f 216/216/216 209/209/209 208/208/208
f 627/627/627 494/494/494 336/336/336
f 627/627/627 336/336/336 335/335/335
f 626/626/626 628/628/628 210/210/210
f 626/626/626 210/210/210 209/209/209
f 625/625/625 624/624/624 628/628/628
f 625/625/625 628/628/628 626/626/626
f 508/508/508 509/509/509 494/494/494
f 508/508/508 494/494/494 627/627/627
f 490/490/490 625/625/625 626/626/626
f 490/490/490 626/626/626 216/216/216
f 509/509/509 514/514/514 406/406/406
f 509/509/509 406/406/406 494/494/494
f 514/514/514 491/491/491 215/215/215
f 514/514/514 215/215/215 406/406/406
f 491/491/491 490/490/490 216/216/216
f 491/491/491 216/216/216 215/215/215
f 608/608/608 609/609/609 91/91/91
f 608/608/608 91/91/91 518/518/518
f 587/587/587 532/532/532 515/515/515
f 587/587/587 515/515/515 536/536/536
f 604/604/604 606/606/606 535/535/535
f 604/604/604 535/535/535 92/92/92
f 531/531/531 607/607/607 517/517/517
f 531/531/531 517/517/517 516/516/516
f 606/606/606 587/587/587 536/536/536
f 606/606/606 536/536/536 535/535/535
f 607/607/607 608/608/608 518/518/518
f 607/607/607 518/518/518 517/517/517
f 532/532/532 531/531/531 516/516/516
f 532/532/532 516/516/516 515/515/515
f 609/609/609 604/604/604 92/92/92
f 609/609/609 92/92/92 91/91/91
f 104/104/104 603/603/603 81/81/81
f 104/104/104 81/81/81 80/80/80
f 599/599/599 601/601/601 549/549/549
f 599/599/599 549/549/549 546/546/546
f 93/93/93 538/538/538 548/548/548
f 93/93/93 548/548/548 544/544/544
f 537/537/537 547/547/547 548/548/548
f 537/537/537 548/548/548 538/538/538
f 600/600/600 599/599/599 546/546/546
f 600/600/600 546/546/546 542/542/542
f 419/419/419 93/93/93 544/544/544
f 419/419/419 544/544/544 543/543/543
f 319/319/319 600/600/600 542/542/542
f 319/319/319 542/542/542 320/320/320
f 58/58/58 512/512/512 317/317/317
f 58/58/58 317/317/317 540/540/540
f 540/540/540 317/317/317 320/320/320
f 540/540/540 320/320/320 504/504/504
f 512/512/512 547/547/547 537/537/537
f 512/512/512 537/537/537 513/513/513
f 629/629/629 630/630/630 385/385/385
f 629/629/629 385/385/385 466/466/466
f 631/631/631 629/629/629 466/466/466
f 631/631/631 466/466/466 364/364/364
f 632/632/632 633/633/633 462/462/462
f 632/632/632 462/462/462 463/463/463
f 634/634/634 632/632/632 463/463/463
f 634/634/634 463/463/463 361/361/361
f 635/635/635 634/634/634 361/361/361
f 635/635/635 361/361/361 360/360/360
f 630/630/630 636/636/636 460/460/460
f 630/630/630 460/460/460 385/385/385
f 637/637/637 631/631/631 364/364/364
f 637/637/637 364/364/364 367/367/367
f 636/636/636 638/638/638 464/464/464
f 636/636/636 464/464/464 460/460/460
f 633/633/633 637/637/637 367/367/367
f 633/633/633 367/367/367 462/462/462
f 638/638/638 635/635/635 360/360/360
f 638/638/638 360/360/360 464/464/464
f 639/639/639 640/640/640 641/641/641
f 639/639/639 641/641/641 642/642/642
f 470/470/470 643/643/643 644/644/644
f 470/470/470 644/644/644 467/467/467
f 470/470/470 469/469/469 645/645/645
f 470/470/470 645/645/645 642/642/642
f 642/642/642 641/641/641 643/643/643
f 642/642/642 643/643/643 470/470/470
f 642/642/642 645/645/645 646/646/646
f 642/642/642 646/646/646 639/639/639
f 180/180/180 499/499/499 502/502/502
f 180/180/180 502/502/502 176/176/176
f 177/177/177 501/501/501 389/389/389
f 177/177/177 389/389/389 390/390/390
f 177/177/177 176/176/176 502/502/502
f 177/177/177 502/502/502 501/501/501
f 409/409/409 498/498/498 499/499/499
f 409/409/409 499/499/499 180/180/180
f 411/411/411 408/408/408 179/179/179
f 411/411/411 179/179/179 168/168/168
f 390/390/390 186/186/186 171/171/171
f 390/390/390 171/171/171 181/181/181
f 307/307/307 500/500/500 183/183/183
f 307/307/307 183/183/183 389/389/389
f 500/500/500 503/503/503 184/184/184
f 500/500/500 184/184/184 183/183/183
f 177/177/177 390/390/390 181/181/181
f 177/177/177 181/181/181 178/178/178
f 168/168/168 179/179/179 175/175/175
f 168/168/168 175/175/175 164/164/164
f 164/164/164 175/175/175 178/178/178
f 164/164/164 178/178/178 165/165/165
f 186/186/186 185/185/185 172/172/172
f 186/186/186 172/172/172 171/171/171
f 413/413/413 410/410/410 167/167/167
f 413/413/413 167/167/167 158/158/158
f 182/182/182 174/174/174 159/159/159
f 182/182/182 159/159/159 169/169/169
f 165/165/165 182/182/182 169/169/169
f 165/165/165 169/169/169 166/166/166
f 158/158/158 167/167/167 163/163/163
f 158/158/158 163/163/163 154/154/154
f 154/154/154 163/163/163 166/166/166
f 154/154/154 166/166/166 155/155/155
f 174/174/174 173/173/173 160/160/160
f 174/174/174 160/160/160 159/159/159
f 647/647/647 648/648/648 649/649/649
f 647/647/647 649/649/649 650/650/650
f 651/651/651 652/652/652 653/653/653
f 651/651/651 653/653/653 654/654/654
f 655/655/655 656/656/656 657/657/657
f 655/655/655 657/657/657 658/658/658
f 659/659/659 660/660/660 661/661/661
f 659/659/659 661/661/661 662/662/662
f 663/663/663 664/664/664 665/665/665
f 663/663/663 665/665/665 666/666/666
f 667/667/667 648/648/648 661/661/661
f 667/667/667 661/661/661 660/660/660
f 656/656/656 667/667/667 660/660/660
f 656/656/656 660/660/660 657/657/657
f 668/668/668 663/663/663 666/666/666
f 668/668/668 666/666/666 669/669/669
f 658/658/658 657/657/657 660/660/660
f 658/658/658 660/660/660 659/659/659
f 650/650/650 649/649/649 652/652/652
f 650/650/650 652/652/652 651/651/651
f 670/670/670 671/671/671 672/672/672
f 670/670/670 672/672/672 673/673/673
f 671/671/671 650/650/650 651/651/651
f 671/671/671 651/651/651 672/672/672
f 665/665/665 674/674/674 675/675/675
f 665/665/665 675/675/675 666/666/666
f 674/674/674 658/658/658 659/659/659
f 674/674/674 659/659/659 675/675/675
f 666/666/666 675/675/675 676/676/676
f 666/666/666 676/676/676 669/669/669
f 675/675/675 659/659/659 662/662/662
f 675/675/675 662/662/662 676/676/676
f 664/664/664 677/677/677 674/674/674
f 664/664/664 674/674/674 665/665/665
f 677/677/677 655/655/655 658/658/658
f 677/677/677 658/658/658 674/674/674
f 673/673/673 672/672/672 678/678/678
f 673/673/673 678/678/678 679/679/679
f 672/672/672 651/651/651 654/654/654
f 672/672/672 654/654/654 678/678/678
f 668/668/668 680/680/680 671/671/671
f 668/668/668 671/671/671 670/670/670
f 680/680/680 647/647/647 650/650/650
f 680/680/680 650/650/650 671/671/671
f 676/676/676 662/662/662 647/647/647
f 676/676/676 647/647/647 680/680/680
f 669/669/669 676/676/676 680/680/680
f 669/669/669 680/680/680 668/668/668
f 678/678/678 654/654/654 655/655/655
f 678/678/678 655/655/655 677/677/677
f 679/679/679 678/678/678 677/677/677
f 679/679/679 677/677/677 664/664/664
f 670/670/670 673/673/673 663/663/663
f 670/670/670 663/663/663 668/668/668
f 653/653/653 652/652/652 667/667/667
f 653/653/653 667/667/667 656/656/656
f 652/652/652 649/649/649 648/648/648
f 652/652/652 648/648/648 667/667/667
f 673/673/673 679/679/679 664/664/664
f 673/673/673 664/664/664 663/663/663
f 654/654/654 653/653/653 656/656/656
f 654/654/654 656/656/656 655/655/655
f 662/662/662 661/661/661 648/648/648
f 662/662/662 648/648/648 647/647/647
f 681/681/681 682/682/682 683/683/683
f 681/681/681 683/683/683 684/684/684
f 685/685/685 686/686/686 687/687/687
f 685/685/685 687/687/687 688/688/688
f 689/689/689 690/690/690 691/691/691
f 689/689/689 691/691/691 692/692/692
f 693/693/693 694/694/694 695/695/695
f 693/693/693 695/695/695 696/696/696
f 697/697/697 698/698/698 699/699/699
f 697/697/697 699/699/699 700/700/700
f 701/701/701 682/682/682 695/695/695
f 701/701/701 695/695/695 694/694/694
f 690/690/690 701/701/701 694/694/694
f 690/690/690 694/694/694 691/691/691
f 702/702/702 697/697/697 700/700/700
f 702/702/702 700/700/700 703/703/703
f 692/692/692 691/691/691 694/694/694
f 692/692/692 694/694/694 693/693/693
f 684/684/684 683/683/683 686/686/686
f 684/684/684 686/686/686 685/685/685
f 704/704/704 705/705/705 706/706/706
f 704/704/704 706/706/706 707/707/707
f 705/705/705 684/684/684 685/685/685
f 705/705/705 685/685/685 706/706/706
f 699/699/699 708/708/708 709/709/709
f 699/699/699 709/709/709 700/700/700
f 708/708/708 692/692/692 693/693/693
f 708/708/708 693/693/693 709/709/709
f 700/700/700 709/709/709 710/710/710
f 700/700/700 710/710/710 703/703/703
f 709/709/709 693/693/693 696/696/696
f 709/709/709 696/696/696 710/710/710
f 698/698/698 711/711/711 708/708/708
f 698/698/698 708/708/708 699/699/699
f 711/711/711 689/689/689 692/692/692
f 711/711/711 692/692/692 708/708/708
f 707/707/707 706/706/706 712/712/712
f 707/707/707 712/712/712 713/713/713
f 706/706/706 685/685/685 688/688/688
f 706/706/706 688/688/688 712/712/712
f 702/702/702 714/714/714 705/705/705
f 702/702/702 705/705/705 704/704/704
f 714/714/714 681/681/681 684/684/684
f 714/714/714 684/684/684 705/705/705
f 710/710/710 696/696/696 681/681/681
f 710/710/710 681/681/681 714/714/714
f 703/703/703 710/710/710 714/714/714
f 703/703/703 714/714/714 702/702/702
f 712/712/712 688/688/688 689/689/689
f 712/712/712 689/689/689 711/711/711
f 713/713/713 712/712/712 711/711/711
f 713/713/713 711/711/711 698/698/698
f 704/704/704 707/707/707 697/697/697
f 704/704/704 697/697/697 702/702/702
f 687/687/687 686/686/686 701/701/701
f 687/687/687 701/701/701 690/690/690
f 686/686/686 683/683/683 682/682/682
f 686/686/686 682/682/682 701/701/701
f 707/707/707 713/713/713 698/698/698
f 707/707/707 698/698/698 697/697/697
f 688/688/688 687/687/687 690/690/690
f 688/688/688 690/690/690 689/689/689
f 696/696/696 695/695/695 682/682/682
f 696/696/696 682/682/682 681/681/681
f 715/715/715 716/716/716 717/717/717
f 715/715/715 717/717/717 718/718/718
f 719/719/719 720/720/720 721/721/721
f 719/719/719 721/721/721 722/722/722
f 723/723/723 724/724/724 725/725/725
f 723/723/723 725/725/725 726/726/726
f 727/727/727 728/728/728 729/729/729
f 727/727/727 729/729/729 730/730/730
f 731/731/731 732/732/732 733/733/733
f 731/731/731 733/733/733 734/734/734
f 735/735/735 736/736/736 737/737/737
f 735/735/735 737/737/737 738/738/738
f 739/739/739 740/740/740 741/741/741
f 739/739/739 741/741/741 742/742/742
f 743/743/743 744/744/744 745/745/745
f 743/743/743 745/745/745 746/746/746
f 747/747/747 748/748/748 749/749/749
f 747/747/747 749/749/749 750/750/750
f 751/751/751 752/752/752 753/753/753
f 751/751/751 753/753/753 754/754/754
f 755/755/755 756/756/756 757/757/757
f 755/755/755 757/757/757 758/758/758
f 759/759/759 760/760/760 761/761/761
f 759/759/759 761/761/761 762/762/762
f 763/763/763 764/764/764 765/765/765
f 763/763/763 765/765/765 766/766/766
f 767/767/767 768/768/768 769/769/769
f 767/767/767 769/769/769 770/770/770
f 771/771/771 772/772/772 773/773/773
f 771/771/771 773/773/773 774/774/774
f 775/775/775 776/776/776 777/777/777
f 775/775/775 777/777/777 778/778/778
f 779/779/779 780/780/780 781/781/781
f 779/779/779 781/781/781 782/782/782
f 783/783/783 784/784/784 785/785/785
f 783/783/783 785/785/785 786/786/786
f 787/787/787 788/788/788 789/789/789
f 787/787/787 789/789/789 790/790/790
f 791/791/791 792/792/792 793/793/793
f 791/791/791 793/793/793 794/794/794
f 795/795/795 796/796/796 797/797/797
f 795/795/795 797/797/797 798/798/798
f 799/799/799 800/800/800 801/801/801
f 799/799/799 801/801/801 802/802/802
f 803/803/803 804/804/804 805/805/805
f 803/803/803 805/805/805 806/806/806
f 807/807/807 808/808/808 809/809/809
f 807/807/807 809/809/809 810/810/810
f 811/811/811 812/812/812 813/813/813
f 811/811/811 813/813/813 814/814/814
f 815/815/815 816/816/816 817/817/817
f 815/815/815 817/817/817 818/818/818
f 819/819/819 820/820/820 821/821/821
f 819/819/819 821/821/821 822/822/822
f 823/823/823 824/824/824 825/825/825
f 823/823/823 825/825/825 826/826/826
f 827/827/827 828/828/828 829/829/829
f 827/827/827 829/829/829 830/830/830
f 831/831/831 832/832/832 833/833/833
f 831/831/831 833/833/833 834/834/834
f 835/835/835 836/836/836 837/837/837
f 835/835/835 837/837/837 838/838/838
f 839/839/839 840/840/840 841/841/841
f 839/839/839 841/841/841 842/842/842
f 843/843/843 844/844/844 845/845/845
f 843/843/843 845/845/845 846/846/846
f 847/847/847 848/848/848 849/849/849
f 847/847/847 849/849/849 850/850/850
f 851/851/851 852/852/852 853/853/853
f 851/851/851 853/853/853 854/854/854
f 855/855/855 856/856/856 857/857/857
f 855/855/855 857/857/857 858/858/858
f 859/859/859 860/860/860 861/861/861
f 859/859/859 861/861/861 862/862/862
f 863/863/863 864/864/864 865/865/865
f 863/863/863 865/865/865 866/866/866
f 867/867/867 868/868/868 869/869/869
f 867/867/867 869/869/869 870/870/870
f 871/871/871 872/872/872 873/873/873
f 871/871/871 873/873/873 874/874/874
f 875/875/875 876/876/876 877/877/877
f 875/875/875 877/877/877 878/878/878
f 879/879/879 880/880/880 881/881/881
f 879/879/879 881/881/881 882/882/882
f 883/883/883 884/884/884 885/885/885
f 883/883/883 885/885/885 886/886/886
f 887/887/887 888/888/888 889/889/889
f 887/887/887 889/889/889 890/890/890
f 891/891/891 892/892/892 893/893/893
f 891/891/891 893/893/893 894/894/894
f 895/895/895 896/896/896 897/897/897
f 895/895/895 897/897/897 898/898/898
f 899/899/899 900/900/900 901/901/901
f 899/899/899 901/901/901 902/902/902
f 903/903/903 904/904/904 905/905/905
f 903/903/903 905/905/905 906/906/906
f 907/907/907 908/908/908 909/909/909
f 907/907/907 909/909/909 910/910/910
f 911/911/911 912/912/912 913/913/913
f 911/911/911 913/913/913 914/914/914
f 915/915/915 916/916/916 917/917/917
f 915/915/915 917/917/917 918/918/918
f 919/919/919 920/920/920 921/921/921
f 919/919/919 921/921/921 922/922/922
f 923/923/923 924/924/924 925/925/925
f 923/923/923 925/925/925 926/926/926
f 927/927/927 928/928/928 929/929/929
f 927/927/927 929/929/929 930/930/930
f 931/931/931 932/932/932 933/933/933
f 931/931/931 933/933/933 934/934/934
f 935/935/935 936/936/936 937/937/937
f 935/935/935 937/937/937 938/938/938
f 939/939/939 940/940/940 941/941/941
f 939/939/939 941/941/941 942/942/942
f 943/943/943 944/944/944 945/945/945
f 943/943/943 945/945/945 946/946/946
f 947/947/947 948/948/948 949/949/949
f 947/947/947 949/949/949 950/950/950
f 951/951/951 952/952/952 953/953/953
f 951/951/951 953/953/953 954/954/954
f 955/955/955 956/956/956 957/957/957
f 955/955/955 957/957/957 958/958/958
f 959/959/959 960/960/960 961/961/961
f 959/959/959 961/961/961 962/962/962
f 940/940/940 943/943/943 946/946/946
f 940/940/940 946/946/946 941/941/941
f 960/960/960 935/935/935 938/938/938
f 960/960/960 938/938/938 961/961/961
f 914/914/914 913/913/913 928/928/928
f 914/914/914 928/928/928 927/927/927
f 963/963/963 964/964/964 916/916/916
f 963/963/963 916/916/916 915/915/915
f 894/894/894 893/893/893 896/896/896
f 894/894/894 896/896/896 895/895/895
f 965/965/965 966/966/966 884/884/884
f 965/965/965 884/884/884 883/883/883
f 956/956/956 959/959/959 962/962/962
f 956/956/956 962/962/962 957/957/957
f 944/944/944 947/947/947 950/950/950
f 944/944/944 950/950/950 945/945/945
f 965/965/965 967/967/967 924/924/924
f 965/965/965 924/924/924 923/923/923
f 963/963/963 919/919/919 922/922/922
f 963/963/963 922/922/922 964/964/964
f 910/910/910 909/909/909 912/912/912
f 910/910/910 912/912/912 911/911/911
f 898/898/898 897/897/897 900/900/900
f 898/898/898 900/900/900 899/899/899
f 966/966/966 965/965/965 923/923/923
f 966/966/966 923/923/923 968/968/968
f 967/967/967 965/965/965 883/883/883
f 967/967/967 883/883/883 969/969/969
f 952/952/952 955/955/955 958/958/958
f 952/952/952 958/958/958 953/953/953
f 936/936/936 931/931/931 934/934/934
f 936/936/936 934/934/934 937/937/937
f 968/968/968 923/923/923 926/926/926
f 968/968/968 926/926/926 970/970/970
f 906/906/906 905/905/905 908/908/908
f 906/906/906 908/908/908 907/907/907
f 930/930/930 929/929/929 888/888/888
f 930/930/930 888/888/888 887/887/887
f 969/969/969 883/883/883 886/886/886
f 969/969/969 886/886/886 971/971/971
f 966/966/966 968/968/968 919/919/919
f 966/966/966 919/919/919 963/963/963
f 966/966/966 963/963/963 915/915/915
f 966/966/966 915/915/915 884/884/884
f 948/948/948 951/951/951 954/954/954
f 948/948/948 954/954/954 949/949/949
f 932/932/932 939/939/939 942/942/942
f 932/932/932 942/942/942 933/933/933
f 968/968/968 970/970/970 920/920/920
f 968/968/968 920/920/920 919/919/919
f 884/884/884 915/915/915 918/918/918
f 884/884/884 918/918/918 885/885/885
f 902/902/902 901/901/901 904/904/904
f 902/902/902 904/904/904 903/903/903
f 890/890/890 889/889/889 892/892/892
f 890/890/890 892/892/892 891/891/891
f 226/226/226 72/72/72 81/81/81
f 226/226/226 81/81/81 603/603/603
f 972/972/972 973/973/973 974/974/974
f 972/972/972 974/974/974 975/975/975
f 976/976/976 977/977/977 978/978/978
f 976/976/976 978/978/978 979/979/979
f 980/980/980 981/981/981 68/68/68
f 980/980/980 68/68/68 67/67/67
f 982/982/982 975/975/975 974/974/974
f 982/982/982 974/974/974 983/983/983
f 983/983/983 984/984/984 985/985/985
f 983/983/983 985/985/985 986/986/986
f 987/987/987 78/78/78 77/77/77
f 987/987/987 77/77/77 988/988/988
f 989/989/989 990/990/990 991/991/991
f 989/989/989 991/991/991 992/992/992
f 993/993/993 994/994/994 995/995/995
f 993/993/993 995/995/995 996/996/996
f 988/988/988 77/77/77 88/88/88
f 988/988/988 88/88/88 997/997/997
f 989/989/989 992/992/992 998/998/998
f 989/989/989 998/998/998 999/999/999
f 1000/1000/1000 1001/1001/1001 1002/1002/1002
f 1000/1000/1000 1002/1002/1002 1003/1003/1003
f 1004/1004/1004 999/999/999 998/998/998
f 1004/1004/1004 998/998/998 1005/1005/1005
f 1005/1005/1005 997/997/997 88/88/88
f 1005/1005/1005 88/88/88 97/97/97
f 53/53/53 52/52/52 1006/1006/1006
f 53/53/53 1006/1006/1006 1007/1007/1007
f 54/54/54 1008/1008/1008 1009/1009/1009
f 54/54/54 1009/1009/1009 43/43/43
f 1010/1010/1010 1011/1011/1011 1012/1012/1012
f 1010/1010/1010 1012/1012/1012 1013/1013/1013
f 1014/1014/1014 45/45/45 1015/1015/1015
f 1014/1014/1014 1015/1015/1015 1016/1016/1016
f 1017/1017/1017 1018/1018/1018 1019/1019/1019
f 1017/1017/1017 1019/1019/1019 1020/1020/1020
f 1021/1021/1021 1022/1022/1022 1023/1023/1023
f 1021/1021/1021 1023/1023/1023 1024/1024/1024
f 1025/1025/1025 1026/1026/1026 1027/1027/1027
f 1025/1025/1025 1027/1027/1027 1028/1028/1028
f 1029/1029/1029 1030/1030/1030 1031/1031/1031
f 1029/1029/1029 1031/1031/1031 1032/1032/1032
f 44/44/44 43/43/43 1009/1009/1009
f 44/44/44 1009/1009/1009 1033/1033/1033
f 1034/1034/1034 42/42/42 1035/1035/1035
f 1034/1034/1034 1035/1035/1035 1036/1036/1036
f 1037/1037/1037 1020/1020/1020 1019/1019/1019
f 1037/1037/1037 1019/1019/1019 1038/1038/1038
f 47/47/47 46/46/46 1039/1039/1039
f 47/47/47 1039/1039/1039 1040/1040/1040
f 1041/1041/1041 1042/1042/1042 1043/1043/1043
f 1041/1041/1041 1043/1043/1043 1044/1044/1044
f 1045/1045/1045 1032/1032/1032 1031/1031/1031
f 1045/1045/1045 1031/1031/1031 1046/1046/1046
f 55/55/55 32/32/32 1047/1047/1047
f 55/55/55 1047/1047/1047 1048/1048/1048
f 1049/1049/1049 1050/1050/1050 1051/1051/1051
f 1049/1049/1049 1051/1051/1051 1052/1052/1052
f 1053/1053/1053 1054/1054/1054 1055/1055/1055
f 1053/1053/1053 1055/1055/1055 1056/1056/1056
f 1057/1057/1057 152/152/152 151/151/151
f 1057/1057/1057 151/151/151 1058/1058/1058
f 1059/1059/1059 1060/1060/1060 1061/1061/1061
f 1059/1059/1059 1061/1061/1061 1062/1062/1062
f 1063/1063/1063 1059/1059/1059 1062/1062/1062
f 1063/1063/1063 1062/1062/1062 1064/1064/1064
f 1065/1065/1065 1066/1066/1066 161/161/161
f 1065/1065/1065 161/161/161 160/160/160
f 1067/1067/1067 1068/1068/1068 1069/1069/1069
f 1067/1067/1067 1069/1069/1069 1070/1070/1070
f 1071/1071/1071 1067/1067/1067 1070/1070/1070
f 1071/1071/1071 1070/1070/1070 1072/1072/1072
f 1068/1068/1068 1061/1061/1061 1073/1073/1073
f 1068/1068/1068 1073/1073/1073 1074/1074/1074
f 1075/1075/1075 1076/1076/1076 173/173/173
f 1075/1075/1075 173/173/173 172/172/172
f 1077/1077/1077 1078/1078/1078 1079/1079/1079
f 1077/1077/1077 1079/1079/1079 1080/1080/1080
f 1081/1081/1081 1077/1077/1077 1080/1080/1080
f 1081/1081/1081 1080/1080/1080 1082/1082/1082
f 1078/1078/1078 1069/1069/1069 1083/1083/1083
f 1078/1078/1078 1083/1083/1083 1084/1084/1084
f 1085/1085/1085 1086/1086/1086 185/185/185
f 1085/1085/1085 185/185/185 184/184/184
f 1087/1087/1087 1088/1088/1088 1089/1089/1089
f 1087/1087/1087 1089/1089/1089 1090/1090/1090
f 1091/1091/1091 1092/1092/1092 1093/1093/1093
f 1091/1091/1091 1093/1093/1093 1094/1094/1094
f 1095/1095/1095 198/198/198 197/197/197
f 1095/1095/1095 197/197/197 1096/1096/1096
f 1097/1097/1097 1098/1098/1098 1099/1099/1099
f 1097/1097/1097 1099/1099/1099 1100/1100/1100
f 1101/1101/1101 206/206/206 205/205/205
f 1101/1101/1101 205/205/205 1102/1102/1102
f 1103/1103/1103 1100/1100/1100 1099/1099/1099
f 1103/1103/1103 1099/1099/1099 1104/1104/1104
f 1105/1105/1105 1102/1102/1102 205/205/205
f 1105/1105/1105 205/205/205 210/210/210
f 211/211/211 1106/1106/1106 1107/1107/1107
f 211/211/211 1107/1107/1107 212/212/212
f 1108/1108/1108 1109/1109/1109 1104/1104/1104
f 1108/1108/1108 1104/1104/1104 1110/1110/1110
f 1111/1111/1111 1112/1112/1112 1113/1113/1113
f 1111/1111/1111 1113/1113/1113 1114/1114/1114
f 1115/1115/1115 1116/1116/1116 1117/1117/1117
f 1115/1115/1115 1117/1117/1117 1118/1118/1118
f 1119/1119/1119 986/986/986 985/985/985
f 1119/1119/1119 985/985/985 1120/1120/1120
f 1056/1056/1056 1055/1055/1055 1121/1121/1121
f 1056/1056/1056 1121/1121/1121 1122/1122/1122
f 1123/1123/1123 1124/1124/1124 232/232/232
f 1123/1123/1123 232/232/232 231/231/231
f 1125/1125/1125 1126/1126/1126 1127/1127/1127
f 1125/1125/1125 1127/1127/1127 1128/1128/1128
f 1129/1129/1129 1130/1130/1130 1131/1131/1131
f 1129/1129/1129 1131/1131/1131 1132/1132/1132
f 1115/1115/1115 1132/1132/1132 1131/1131/1131
f 1115/1115/1115 1131/1131/1131 1133/1133/1133
f 1134/1134/1134 1135/1135/1135 1136/1136/1136
f 1134/1134/1134 1136/1136/1136 1137/1137/1137
f 1138/1138/1138 1139/1139/1139 1127/1127/1127
f 1138/1138/1138 1127/1127/1127 1126/1126/1126
f 1140/1140/1140 1129/1129/1129 1132/1132/1132
f 1140/1140/1140 1132/1132/1132 1141/1141/1141
f 1142/1142/1142 1143/1143/1143 1144/1144/1144
f 1142/1142/1142 1144/1144/1144 1140/1140/1140
f 1145/1145/1145 1146/1146/1146 1147/1147/1147
f 1145/1145/1145 1147/1147/1147 1148/1148/1148
f 1149/1149/1149 1150/1150/1150 1151/1151/1151
f 1149/1149/1149 1151/1151/1151 1152/1152/1152
f 1153/1153/1153 1154/1154/1154 1155/1155/1155
f 1153/1153/1153 1155/1155/1155 1156/1156/1156
f 1157/1157/1157 1158/1158/1158 1159/1159/1159
f 1157/1157/1157 1159/1159/1159 1160/1160/1160
f 1161/1161/1161 1162/1162/1162 1163/1163/1163
f 1161/1161/1161 1163/1163/1163 1164/1164/1164
f 1165/1165/1165 1166/1166/1166 1167/1167/1167
f 1165/1165/1165 1167/1167/1167 1168/1168/1168
f 1169/1169/1169 1170/1170/1170 1171/1171/1171
f 1169/1169/1169 1171/1171/1171 1172/1172/1172
f 1173/1173/1173 1174/1174/1174 1175/1175/1175
f 1173/1173/1173 1175/1175/1175 1176/1176/1176
f 1177/1177/1177 1178/1178/1178 1179/1179/1179
f 1177/1177/1177 1179/1179/1179 1180/1180/1180
f 1181/1181/1181 1176/1176/1176 1175/1175/1175
f 1181/1181/1181 1175/1175/1175 1182/1182/1182
f 1183/1183/1183 1022/1022/1022 1006/1006/1006
f 1183/1183/1183 1006/1006/1006 1184/1184/1184
f 1185/1185/1185 1186/1186/1186 1187/1187/1187
f 1185/1185/1185 1187/1187/1187 1188/1188/1188
f 1189/1189/1189 1036/1036/1036 1035/1035/1035
f 1189/1189/1189 1035/1035/1035 1190/1190/1190
f 1191/1191/1191 1192/1192/1192 1193/1193/1193
f 1191/1191/1191 1193/1193/1193 1194/1194/1194
f 1195/1195/1195 1196/1196/1196 1197/1197/1197
f 1195/1195/1195 1197/1197/1197 1198/1198/1198
f 1199/1199/1199 1200/1200/1200 1201/1201/1201
f 1199/1199/1199 1201/1201/1201 1202/1202/1202
f 1203/1203/1203 1116/1116/1116 1115/1115/1115
f 1203/1203/1203 1115/1115/1115 1133/1133/1133
f 1204/1204/1204 1205/1205/1205 1206/1206/1206
f 1204/1204/1204 1206/1206/1206 1028/1028/1028
f 1207/1207/1207 982/982/982 991/991/991
f 1207/1207/1207 991/991/991 990/990/990
f 1208/1208/1208 1209/1209/1209 1210/1210/1210
f 1208/1208/1208 1210/1210/1210 1211/1211/1211
f 1212/1212/1212 1213/1213/1213 1214/1214/1214
f 1212/1212/1212 1214/1214/1214 1215/1215/1215
f 1216/1216/1216 1217/1217/1217 1218/1218/1218
f 1216/1216/1216 1218/1218/1218 1219/1219/1219
f 1220/1220/1220 1221/1221/1221 1222/1222/1222
f 1220/1220/1220 1222/1222/1222 1223/1223/1223
f 1224/1224/1224 1225/1225/1225 335/335/335
f 1224/1224/1224 335/335/335 334/334/334
f 1056/1056/1056 1122/1122/1122 1226/1226/1226
f 1056/1056/1056 1226/1226/1226 1227/1227/1227
f 1228/1228/1228 1220/1220/1220 1229/1229/1229
f 1228/1228/1228 1229/1229/1229 1230/1230/1230
f 1229/1229/1229 1220/1220/1220 1223/1223/1223
f 1229/1229/1229 1223/1223/1223 1231/1231/1231
f 1232/1232/1232 1233/1233/1233 1118/1118/1118
f 1232/1232/1232 1118/1118/1118 1234/1234/1234
f 1235/1235/1235 1236/1236/1236 1237/1237/1237
f 1235/1235/1235 1237/1237/1237 1238/1238/1238
f 973/973/973 1152/1152/1152 1151/1151/1151
f 973/973/973 1151/1151/1151 974/974/974
f 1239/1239/1239 1240/1240/1240 1241/1241/1241
f 1239/1239/1239 1241/1241/1241 1051/1051/1051
f 1242/1242/1242 354/354/354 161/161/161
f 1242/1242/1242 161/161/161 1066/1066/1066
f 1243/1243/1243 1103/1103/1103 1104/1104/1104
f 1243/1243/1243 1104/1104/1104 1109/1109/1109
f 1135/1135/1135 1134/1134/1134 1243/1243/1243
f 1135/1135/1135 1243/1243/1243 1244/1244/1244
f 1195/1195/1195 1198/1198/1198 1193/1193/1193
f 1195/1195/1195 1193/1193/1193 1192/1192/1192
f 1245/1245/1245 1091/1091/1091 1246/1246/1246
f 1245/1245/1245 1246/1246/1246 1247/1247/1247
f 1247/1247/1247 1200/1200/1200 1248/1248/1248
f 1247/1247/1247 1248/1248/1248 1249/1249/1249
f 1250/1250/1250 1199/1199/1199 1202/1202/1202
f 1250/1250/1250 1202/1202/1202 1251/1251/1251
f 1092/1092/1092 1089/1089/1089 1088/1088/1088
f 1092/1092/1092 1088/1088/1088 1093/1093/1093
f 1252/1252/1252 1253/1253/1253 1254/1254/1254
f 1252/1252/1252 1254/1254/1254 1255/1255/1255
f 1256/1256/1256 1257/1257/1257 1258/1258/1258
f 1256/1256/1256 1258/1258/1258 1259/1259/1259
f 1260/1260/1260 1261/1261/1261 1256/1256/1256
f 1260/1260/1260 1256/1256/1256 1235/1235/1235
f 1261/1261/1261 1262/1262/1262 1257/1257/1257
f 1261/1261/1261 1257/1257/1257 1256/1256/1256
f 1107/1107/1107 1229/1229/1229 1231/1231/1231
f 1107/1107/1107 1231/1231/1231 1263/1263/1263
f 1116/1116/1116 1237/1237/1237 1264/1264/1264
f 1116/1116/1116 1264/1264/1264 1117/1117/1117
f 1228/1228/1228 1265/1265/1265 1221/1221/1221
f 1228/1228/1228 1221/1221/1221 1220/1220/1220
f 1238/1238/1238 1237/1237/1237 1116/1116/1116
f 1238/1238/1238 1116/1116/1116 1203/1203/1203
f 1266/1266/1266 1267/1267/1267 36/36/36
f 1266/1266/1266 36/36/36 35/35/35
f 1262/1262/1262 381/381/381 380/380/380
f 1262/1262/1262 380/380/380 1257/1257/1257
f 1268/1268/1268 1256/1256/1256 1259/1259/1259
f 1268/1268/1268 1259/1259/1259 1269/1269/1269
f 1123/1123/1123 1270/1270/1270 1271/1271/1271
f 1123/1123/1123 1271/1271/1271 1272/1272/1272
f 1104/1104/1104 1099/1099/1099 1102/1102/1102
f 1104/1104/1104 1102/1102/1102 1105/1105/1105
f 1098/1098/1098 1101/1101/1101 1102/1102/1102
f 1098/1098/1098 1102/1102/1102 1099/1099/1099
f 1087/1087/1087 1273/1273/1273 1274/1274/1274
f 1087/1087/1087 1274/1274/1274 1088/1088/1088
f 1275/1275/1275 1276/1276/1276 1086/1086/1086
f 1275/1275/1275 1086/1086/1086 1085/1085/1085
f 1084/1084/1084 1083/1083/1083 1076/1076/1076
f 1084/1084/1084 1076/1076/1076 1075/1075/1075
f 1074/1074/1074 1073/1073/1073 1066/1066/1066
f 1074/1074/1074 1066/1066/1066 1065/1065/1065
f 1239/1239/1239 1277/1277/1277 1278/1278/1278
f 1239/1239/1239 1278/1278/1278 1240/1240/1240
f 1279/1279/1279 977/977/977 981/981/981
f 1279/1279/1279 981/981/981 980/980/980
f 394/394/394 68/68/68 981/981/981
f 394/394/394 981/981/981 1280/1280/1280
f 1106/1106/1106 1281/1281/1281 1282/1282/1282
f 1106/1106/1106 1282/1282/1282 1107/1107/1107
f 1283/1283/1283 401/401/401 400/400/400
f 1283/1283/1283 400/400/400 1284/1284/1284
f 402/402/402 1191/1191/1191 1194/1194/1194
f 402/402/402 1194/1194/1194 403/403/403
f 404/404/404 405/405/405 1150/1150/1150
f 404/404/404 1150/1150/1150 1149/1149/1149
f 1285/1285/1285 1286/1286/1286 1109/1109/1109
f 1285/1285/1285 1109/1109/1109 1108/1108/1108
f 408/408/408 1081/1081/1081 1082/1082/1082
f 408/408/408 1082/1082/1082 409/409/409
f 410/410/410 1071/1071/1071 1072/1072/1072
f 410/410/410 1072/1072/1072 411/411/411
f 412/412/412 1063/1063/1063 1064/1064/1064
f 412/412/412 1064/1064/1064 413/413/413
f 414/414/414 1049/1049/1049 1052/1052/1052
f 414/414/414 1052/1052/1052 415/415/415
f 1287/1287/1287 988/988/988 997/997/997
f 1287/1287/1287 997/997/997 994/994/994
f 417/417/417 1004/1004/1004 1005/1005/1005
f 417/417/417 1005/1005/1005 97/97/97
f 994/994/994 997/997/997 1005/1005/1005
f 994/994/994 1005/1005/1005 995/995/995
f 984/984/984 987/987/987 988/988/988
f 984/984/984 988/988/988 985/985/985
f 418/418/418 419/419/419 1002/1002/1002
f 418/418/418 1002/1002/1002 1001/1001/1001
f 1288/1288/1288 421/421/421 381/381/381
f 1288/1288/1288 381/381/381 1262/1262/1262
f 1284/1284/1284 1198/1198/1198 1197/1197/1197
f 1284/1284/1284 1197/1197/1197 1283/1283/1283
f 1289/1289/1289 1271/1271/1271 1270/1270/1270
f 1289/1289/1289 1270/1270/1270 1095/1095/1095
f 1252/1252/1252 1255/1255/1255 1290/1290/1290
f 1252/1252/1252 1290/1290/1290 1291/1291/1291
f 1292/1292/1292 1090/1090/1090 1089/1089/1089
f 1292/1292/1292 1089/1089/1089 1096/1096/1096
f 1293/1293/1293 1141/1141/1141 1118/1118/1118
f 1293/1293/1293 1118/1118/1118 1233/1233/1233
f 427/427/427 232/232/232 1124/1124/1124
f 427/427/427 1124/1124/1124 1294/1294/1294
f 1121/1121/1121 1055/1055/1055 1295/1295/1295
f 1121/1121/1121 1295/1295/1295 1296/1296/1296
f 1115/1115/1115 1118/1118/1118 1141/1141/1141
f 1115/1115/1115 1141/1141/1141 1132/1132/1132
f 1294/1294/1294 1124/1124/1124 1227/1227/1227
f 1294/1294/1294 1227/1227/1227 1226/1226/1226
f 1235/1235/1235 1238/1238/1238 1297/1297/1297
f 1235/1235/1235 1297/1297/1297 1260/1260/1260
f 1131/1131/1131 1114/1114/1114 1297/1297/1297
f 1131/1131/1131 1297/1297/1297 1133/1133/1133
f 1260/1260/1260 1113/1113/1113 1298/1298/1298
f 1260/1260/1260 1298/1298/1298 1261/1261/1261
f 1299/1299/1299 1300/1300/1300 1301/1301/1301
f 1299/1299/1299 1301/1301/1301 1232/1232/1232
f 1117/1117/1117 1264/1264/1264 1234/1234/1234
f 1117/1117/1117 1234/1234/1234 1118/1118/1118
f 1289/1289/1289 1089/1089/1089 1092/1092/1092
f 1289/1289/1289 1092/1092/1092 1302/1302/1302
f 1088/1088/1088 1274/1274/1274 1303/1303/1303
f 1088/1088/1088 1303/1303/1303 1093/1093/1093
f 1054/1054/1054 1304/1304/1304 1295/1295/1295
f 1054/1054/1054 1295/1295/1295 1055/1055/1055
f 1294/1294/1294 1226/1226/1226 1281/1281/1281
f 1294/1294/1294 1281/1281/1281 1106/1106/1106
f 427/427/427 1294/1294/1294 1106/1106/1106
f 427/427/427 1106/1106/1106 211/211/211
f 1107/1107/1107 1305/1305/1305 1300/1300/1300
f 1107/1107/1107 1300/1300/1300 1299/1299/1299
f 1264/1264/1264 1237/1237/1237 1265/1265/1265
f 1264/1264/1264 1265/1265/1265 1228/1228/1228
f 1264/1264/1264 1228/1228/1228 1230/1230/1230
f 1264/1264/1264 1230/1230/1230 1234/1234/1234
f 1272/1272/1272 1053/1053/1053 1056/1056/1056
f 1272/1272/1272 1056/1056/1056 1227/1227/1227
f 1256/1256/1256 1268/1268/1268 1236/1236/1236
f 1256/1256/1256 1236/1236/1236 1235/1235/1235
f 1134/1134/1134 1138/1138/1138 1103/1103/1103
f 1134/1134/1134 1103/1103/1103 1243/1243/1243
f 1138/1138/1138 1126/1126/1126 1100/1100/1100
f 1138/1138/1138 1100/1100/1100 1103/1103/1103
f 1125/1125/1125 1097/1097/1097 1100/1100/1100
f 1125/1125/1125 1100/1100/1100 1126/1126/1126
f 1112/1112/1112 1306/1306/1306 1298/1298/1298
f 1112/1112/1112 1298/1298/1298 1113/1113/1113
f 1243/1243/1243 1109/1109/1109 1286/1286/1286
f 1243/1243/1243 1286/1286/1286 1244/1244/1244
f 1307/1307/1307 1308/1308/1308 1309/1309/1309
f 1307/1307/1307 1309/1309/1309 1310/1310/1310
f 1311/1311/1311 1281/1281/1281 1226/1226/1226
f 1311/1311/1311 1226/1226/1226 1312/1312/1312
f 1312/1312/1312 1226/1226/1226 1122/1122/1122
f 1312/1312/1312 1122/1122/1122 1313/1313/1313
f 1314/1314/1314 1301/1301/1301 1300/1300/1300
f 1314/1314/1314 1300/1300/1300 1315/1315/1315
f 1316/1316/1316 1121/1121/1121 1296/1296/1296
f 1316/1316/1316 1296/1296/1296 1317/1317/1317
f 1313/1313/1313 1122/1122/1122 1121/1121/1121
f 1313/1313/1313 1121/1121/1121 1316/1316/1316
f 1317/1317/1317 1296/1296/1296 1301/1301/1301
f 1317/1317/1317 1301/1301/1301 1314/1314/1314
f 1318/1318/1318 1282/1282/1282 1281/1281/1281
f 1318/1318/1318 1281/1281/1281 1311/1311/1311
f 1315/1315/1315 1300/1300/1300 1305/1305/1305
f 1315/1315/1315 1305/1305/1305 1319/1319/1319
f 1308/1308/1308 1320/1320/1320 1321/1321/1321
f 1308/1308/1308 1321/1321/1321 1309/1309/1309
f 1321/1321/1321 1322/1322/1322 1323/1323/1323
f 1321/1321/1321 1323/1323/1323 1309/1309/1309
f 1309/1309/1309 1323/1323/1323 1324/1324/1324
f 1309/1309/1309 1324/1324/1324 1310/1310/1310
f 1306/1306/1306 1224/1224/1224 1288/1288/1288
f 1306/1306/1306 1288/1288/1288 1298/1298/1298
f 1298/1298/1298 1288/1288/1288 1262/1262/1262
f 1298/1298/1298 1262/1262/1262 1261/1261/1261
f 1094/1094/1094 1251/1251/1251 1202/1202/1202
f 1094/1094/1094 1202/1202/1202 1201/1201/1201
f 1114/1114/1114 1113/1113/1113 1260/1260/1260
f 1114/1114/1114 1260/1260/1260 1297/1297/1297
f 1238/1238/1238 1203/1203/1203 1133/1133/1133
f 1238/1238/1238 1133/1133/1133 1297/1297/1297
f 1136/1136/1136 1135/1135/1135 1111/1111/1111
f 1136/1136/1136 1111/1111/1111 1130/1130/1130
f 1292/1292/1292 1096/1096/1096 197/197/197
f 1292/1292/1292 197/197/197 459/459/459
f 1198/1198/1198 1284/1284/1284 1194/1194/1194
f 1198/1198/1198 1194/1194/1194 1193/1193/1193
f 400/400/400 403/403/403 1194/1194/1194
f 400/400/400 1194/1194/1194 1284/1284/1284
f 1271/1271/1271 1289/1289/1289 1302/1302/1302
f 1271/1271/1271 1302/1302/1302 1325/1325/1325
f 1136/1136/1136 1326/1326/1326 1139/1139/1139
f 1136/1136/1136 1139/1139/1139 1137/1137/1137
f 1255/1255/1255 1274/1274/1274 1273/1273/1273
f 1255/1255/1255 1273/1273/1273 1290/1290/1290
f 1286/1286/1286 1225/1225/1225 1224/1224/1224
f 1286/1286/1286 1224/1224/1224 1306/1306/1306
f 1139/1139/1139 1326/1326/1326 1144/1144/1144
f 1139/1139/1139 1144/1144/1144 1127/1127/1127
f 1128/1128/1128 1143/1143/1143 1291/1291/1291
f 1128/1128/1128 1291/1291/1291 1290/1290/1290
f 1089/1089/1089 1289/1289/1289 1095/1095/1095
f 1089/1089/1089 1095/1095/1095 1096/1096/1096
f 1327/1327/1327 1328/1328/1328 1199/1199/1199
f 1327/1327/1327 1199/1199/1199 1250/1250/1250
f 1246/1246/1246 1201/1201/1201 1200/1200/1200
f 1246/1246/1246 1200/1200/1200 1247/1247/1247
f 1329/1329/1329 1245/1245/1245 1247/1247/1247
f 1329/1329/1329 1247/1247/1247 1249/1249/1249
f 1328/1328/1328 1248/1248/1248 1200/1200/1200
f 1328/1328/1328 1200/1200/1200 1199/1199/1199
f 1270/1270/1270 465/465/465 198/198/198
f 1270/1270/1270 198/198/198 1095/1095/1095
f 1130/1130/1130 1111/1111/1111 1114/1114/1114
f 1130/1130/1130 1114/1114/1114 1131/1131/1131
f 1254/1254/1254 1303/1303/1303 1274/1274/1274
f 1254/1254/1254 1274/1274/1274 1255/1255/1255
f 1137/1137/1137 1139/1139/1139 1138/1138/1138
f 1137/1137/1137 1138/1138/1138 1134/1134/1134
f 1244/1244/1244 1286/1286/1286 1306/1306/1306
f 1244/1244/1244 1306/1306/1306 1112/1112/1112
f 1271/1271/1271 1330/1330/1330 1053/1053/1053
f 1271/1271/1271 1053/1053/1053 1272/1272/1272
f 1252/1252/1252 1291/1291/1291 1304/1304/1304
f 1252/1252/1252 1304/1304/1304 1054/1054/1054
f 1124/1124/1124 1123/1123/1123 1272/1272/1272
f 1124/1124/1124 1272/1272/1272 1227/1227/1227
f 1288/1288/1288 1224/1224/1224 334/334/334
f 1288/1288/1288 334/334/334 421/421/421
f 1293/1293/1293 1142/1142/1142 1140/1140/1140
f 1293/1293/1293 1140/1140/1140 1141/1141/1141
f 1144/1144/1144 1326/1326/1326 1129/1129/1129
f 1144/1144/1144 1129/1129/1129 1140/1140/1140
f 1326/1326/1326 1136/1136/1136 1130/1130/1130
f 1326/1326/1326 1130/1130/1130 1129/1129/1129
f 1270/1270/1270 1123/1123/1123 231/231/231
f 1270/1270/1270 231/231/231 465/465/465
f 1135/1135/1135 1244/1244/1244 1112/1112/1112
f 1135/1135/1135 1112/1112/1112 1111/1111/1111
f 1330/1330/1330 1252/1252/1252 1054/1054/1054
f 1330/1330/1330 1054/1054/1054 1053/1053/1053
f 1127/1127/1127 1144/1144/1144 1143/1143/1143
f 1127/1127/1127 1143/1143/1143 1128/1128/1128
f 1295/1295/1295 1304/1304/1304 1142/1142/1142
f 1295/1295/1295 1142/1142/1142 1293/1293/1293
f 1273/1273/1273 1087/1087/1087 1097/1097/1097
f 1273/1273/1273 1097/1097/1097 1125/1125/1125
f 1229/1229/1229 1107/1107/1107 1299/1299/1299
f 1229/1229/1229 1299/1299/1299 1230/1230/1230
f 1230/1230/1230 1299/1299/1299 1232/1232/1232
f 1230/1230/1230 1232/1232/1232 1234/1234/1234
f 1295/1295/1295 1293/1293/1293 1233/1233/1233
f 1295/1295/1295 1233/1233/1233 1296/1296/1296
f 1090/1090/1090 1292/1292/1292 1101/1101/1101
f 1090/1090/1090 1101/1101/1101 1098/1098/1098
f 1301/1301/1301 1296/1296/1296 1233/1233/1233
f 1301/1301/1301 1233/1233/1233 1232/1232/1232
f 1304/1304/1304 1291/1291/1291 1143/1143/1143
f 1304/1304/1304 1143/1143/1143 1142/1142/1142
f 1273/1273/1273 1125/1125/1125 1128/1128/1128
f 1273/1273/1273 1128/1128/1128 1290/1290/1290
f 1292/1292/1292 459/459/459 206/206/206
f 1292/1292/1292 206/206/206 1101/1101/1101
f 1087/1087/1087 1090/1090/1090 1098/1098/1098
f 1087/1087/1087 1098/1098/1098 1097/1097/1097
f 1325/1325/1325 1302/1302/1302 1245/1245/1245
f 1325/1325/1325 1245/1245/1245 1329/1329/1329
f 1253/1253/1253 1327/1327/1327 1250/1250/1250
f 1253/1253/1253 1250/1250/1250 1254/1254/1254
f 1093/1093/1093 1303/1303/1303 1251/1251/1251
f 1093/1093/1093 1251/1251/1251 1094/1094/1094
f 1331/1331/1331 1332/1332/1332 1333/1333/1333
f 1331/1331/1331 1333/1333/1333 1334/1334/1334
f 1254/1254/1254 1250/1250/1250 1251/1251/1251
f 1254/1254/1254 1251/1251/1251 1303/1303/1303
f 1302/1302/1302 1092/1092/1092 1091/1091/1091
f 1302/1302/1302 1091/1091/1091 1245/1245/1245
f 1246/1246/1246 1091/1091/1091 1094/1094/1094
f 1246/1246/1246 1094/1094/1094 1201/1201/1201
f 1107/1107/1107 1335/1335/1335 471/471/471
f 1107/1107/1107 471/471/471 212/212/212
f 1222/1222/1222 474/474/474 473/473/473
f 1222/1222/1222 473/473/473 1223/1223/1223
f 1336/1336/1336 1337/1337/1337 1338/1338/1338
f 1336/1336/1336 1338/1338/1338 1339/1339/1339
f 1223/1223/1223 473/473/473 479/479/479
f 1223/1223/1223 479/479/479 1231/1231/1231
f 1259/1259/1259 481/481/481 480/480/480
f 1259/1259/1259 480/480/480 1269/1269/1269
f 1258/1258/1258 482/482/482 481/481/481
f 1258/1258/1258 481/481/481 1259/1259/1259
f 1340/1340/1340 38/38/38 40/40/40
f 1340/1340/1340 40/40/40 1341/1341/1341
f 1342/1342/1342 39/39/39 41/41/41
f 1342/1342/1342 41/41/41 1343/1343/1343
f 1341/1341/1341 40/40/40 13/13/13
f 1341/1341/1341 13/13/13 487/487/487
f 488/488/488 14/14/14 36/36/36
f 488/488/488 36/36/36 1267/1267/1267
f 1266/1266/1266 35/35/35 39/39/39
f 1266/1266/1266 39/39/39 1342/1342/1342
f 1344/1344/1344 37/37/37 38/38/38
f 1344/1344/1344 38/38/38 1340/1340/1340
f 1343/1343/1343 41/41/41 37/37/37
f 1343/1343/1343 37/37/37 1344/1344/1344
f 1345/1345/1345 1346/1346/1346 1347/1347/1347
f 1345/1345/1345 1347/1347/1347 1348/1348/1348
f 1349/1349/1349 1225/1225/1225 1286/1286/1286
f 1349/1349/1349 1286/1286/1286 1285/1285/1285
f 1350/1350/1350 1060/1060/1060 1240/1240/1240
f 1350/1350/1350 1240/1240/1240 1278/1278/1278
f 1350/1350/1350 1242/1242/1242 1066/1066/1066
f 1350/1350/1350 1066/1066/1066 1073/1073/1073
f 1278/1278/1278 1058/1058/1058 1242/1242/1242
f 1278/1278/1278 1242/1242/1242 1350/1350/1350
f 1073/1073/1073 1061/1061/1061 1060/1060/1060
f 1073/1073/1073 1060/1060/1060 1350/1350/1350
f 496/496/496 1351/1351/1351 1063/1063/1063
f 496/496/496 1063/1063/1063 412/412/412
f 1058/1058/1058 151/151/151 354/354/354
f 1058/1058/1058 354/354/354 1242/1242/1242
f 1351/1351/1351 1241/1241/1241 1059/1059/1059
f 1351/1351/1351 1059/1059/1059 1063/1063/1063
f 1241/1241/1241 1240/1240/1240 1060/1060/1060
f 1241/1241/1241 1060/1060/1060 1059/1059/1059
f 498/498/498 1352/1352/1352 1191/1191/1191
f 498/498/498 1191/1191/1191 402/402/402
f 1197/1197/1197 1196/1196/1196 1353/1353/1353
f 1197/1197/1197 1353/1353/1353 1283/1283/1283
f 1354/1354/1354 1195/1195/1195 1192/1192/1192
f 1354/1354/1354 1192/1192/1192 1355/1355/1355
f 1354/1354/1354 1275/1275/1275 1196/1196/1196
f 1354/1354/1354 1196/1196/1196 1195/1195/1195
f 1352/1352/1352 1355/1355/1355 1192/1192/1192
f 1352/1352/1352 1192/1192/1192 1191/1191/1191
f 1283/1283/1283 1353/1353/1353 503/503/503
f 1283/1283/1283 503/503/503 401/401/401
f 1356/1356/1356 978/978/978 977/977/977
f 1356/1356/1356 977/977/977 1279/1279/1279
f 1280/1280/1280 981/981/981 977/977/977
f 1280/1280/1280 977/977/977 976/976/976
f 1277/1277/1277 1057/1057/1057 1058/1058/1058
f 1277/1277/1277 1058/1058/1058 1278/1278/1278
f 1051/1051/1051 1241/1241/1241 1351/1351/1351
f 1051/1051/1051 1351/1351/1351 1052/1052/1052
f 1052/1052/1052 1351/1351/1351 496/496/496
f 1052/1052/1052 496/496/496 415/415/415
f 1050/1050/1050 1357/1357/1357 1358/1358/1358
f 1050/1050/1050 1358/1358/1358 1359/1359/1359
f 1051/1051/1051 1050/1050/1050 1359/1359/1359
f 1051/1051/1051 1359/1359/1359 1239/1239/1239
f 508/508/508 1360/1360/1360 1004/1004/1004
f 508/508/508 1004/1004/1004 417/417/417
f 510/510/510 1361/1361/1361 1049/1049/1049
f 510/510/510 1049/1049/1049 414/414/414
f 1362/1362/1362 1208/1208/1208 1211/1211/1211
f 1362/1362/1362 1211/1211/1211 1363/1363/1363
f 979/979/979 1207/1207/1207 990/990/990
f 979/979/979 990/990/990 1347/1347/1347
f 1361/1361/1361 1357/1357/1357 1050/1050/1050
f 1361/1361/1361 1050/1050/1050 1049/1049/1049
f 1360/1360/1360 1364/1364/1364 999/999/999
f 1360/1360/1360 999/999/999 1004/1004/1004
f 1348/1348/1348 989/989/989 999/999/999
f 1348/1348/1348 999/999/999 1364/1364/1364
f 1348/1348/1348 1347/1347/1347 990/990/990
f 1348/1348/1348 990/990/990 989/989/989
f 1365/1365/1365 1363/1363/1363 1358/1358/1358
f 1365/1365/1365 1358/1358/1358 1366/1366/1366
f 1367/1367/1367 1357/1357/1357 1361/1361/1361
f 1367/1367/1367 1361/1361/1361 1368/1368/1368
f 1369/1369/1369 1370/1370/1370 1371/1371/1371
f 1369/1369/1369 1371/1371/1371 1372/1372/1372
f 1373/1373/1373 1374/1374/1374 1375/1375/1375
f 1373/1373/1373 1375/1375/1375 48/48/48
f 1376/1376/1376 1377/1377/1377 1378/1378/1378
f 1376/1376/1376 1378/1378/1378 1379/1379/1379
f 57/57/57 1380/1380/1380 1381/1381/1381
f 57/57/57 1381/1381/1381 1382/1382/1382
f 50/50/50 1383/1383/1383 1384/1384/1384
f 50/50/50 1384/1384/1384 51/51/51
f 1385/1385/1385 1386/1386/1386 1387/1387/1387
f 1385/1385/1385 1387/1387/1387 1388/1388/1388
f 978/978/978 1389/1389/1389 1207/1207/1207
f 978/978/978 1207/1207/1207 979/979/979
f 975/975/975 1389/1389/1389 1390/1390/1390
f 975/975/975 1390/1390/1390 972/972/972
f 1391/1391/1391 1280/1280/1280 976/976/976
f 1391/1391/1391 976/976/976 1346/1346/1346
f 1209/1209/1209 1356/1356/1356 1279/1279/1279
f 1209/1209/1209 1279/1279/1279 1392/1392/1392
f 1151/1151/1151 1150/1150/1150 987/987/987
f 1151/1151/1151 987/987/987 984/984/984
f 543/543/543 404/404/404 1149/1149/1149
f 543/543/543 1149/1149/1149 1393/1393/1393
f 545/545/545 394/394/394 1280/1280/1280
f 545/545/545 1280/1280/1280 1391/1391/1391
f 1392/1392/1392 1279/1279/1279 980/980/980
f 1392/1392/1392 980/980/980 1394/1394/1394
f 1395/1395/1395 1396/1396/1396 1152/1152/1152
f 1395/1395/1395 1152/1152/1152 973/973/973
f 1389/1389/1389 978/978/978 1356/1356/1356
f 1389/1389/1389 1356/1356/1356 1390/1390/1390
f 1389/1389/1389 975/975/975 982/982/982
f 1389/1389/1389 982/982/982 1207/1207/1207
f 1393/1393/1393 1149/1149/1149 1152/1152/1152
f 1393/1393/1393 1152/1152/1152 1396/1396/1396
f 1150/1150/1150 405/405/405 78/78/78
f 1150/1150/1150 78/78/78 987/987/987
f 974/974/974 1151/1151/1151 984/984/984
f 974/974/974 984/984/984 983/983/983
f 991/991/991 982/982/982 983/983/983
f 991/991/991 983/983/983 986/986/986
f 1394/1394/1394 980/980/980 67/67/67
f 1394/1394/1394 67/67/67 549/549/549
f 1346/1346/1346 976/976/976 979/979/979
f 1346/1346/1346 979/979/979 1347/1347/1347
f 1362/1362/1362 1395/1395/1395 973/973/973
f 1362/1362/1362 973/973/973 972/972/972
f 1257/1257/1257 380/380/380 482/482/482
f 1257/1257/1257 482/482/482 1258/1258/1258
f 1397/1397/1397 1398/1398/1398 1399/1399/1399
f 1397/1397/1397 1399/1399/1399 1400/1400/1400
f 1400/1400/1400 1399/1399/1399 1401/1401/1401
f 1400/1400/1400 1401/1401/1401 1402/1402/1402
f 1403/1403/1403 1404/1404/1404 1405/1405/1405
f 1403/1403/1403 1405/1405/1405 1406/1406/1406
f 1407/1407/1407 1408/1408/1408 1409/1409/1409
f 1407/1407/1407 1409/1409/1409 1410/1410/1410
f 1410/1410/1410 1409/1409/1409 1404/1404/1404
f 1410/1410/1410 1404/1404/1404 1403/1403/1403
f 1406/1406/1406 1405/1405/1405 1398/1398/1398
f 1406/1406/1406 1398/1398/1398 1397/1397/1397
f 1411/1411/1411 1412/1412/1412 1408/1408/1408
f 1411/1411/1411 1408/1408/1408 1407/1407/1407
f 1402/1402/1402 1401/1401/1401 1412/1412/1412
f 1402/1402/1402 1412/1412/1412 1411/1411/1411
f 1337/1337/1337 567/567/567 566/566/566
f 1337/1337/1337 566/566/566 1338/1338/1338
f 568/568/568 567/567/567 1337/1337/1337
f 568/568/568 1337/1337/1337 1336/1336/1336
f 1339/1339/1339 1338/1338/1338 566/566/566
f 1339/1339/1339 566/566/566 569/569/569
f 51/51/51 1384/1384/1384 1374/1374/1374
f 51/51/51 1374/1374/1374 1373/1373/1373
f 1377/1377/1377 1369/1369/1369 1372/1372/1372
f 1377/1377/1377 1372/1372/1372 1378/1378/1378
f 1413/1413/1413 1006/1006/1006 1036/1036/1036
f 1413/1413/1413 1036/1036/1036 1189/1189/1189
f 1414/1414/1414 1185/1185/1185 1188/1188/1188
f 1414/1414/1414 1188/1188/1188 1415/1415/1415
f 1416/1416/1416 1181/1181/1181 1182/1182/1182
f 1416/1416/1416 1182/1182/1182 1417/1417/1417
f 1172/1172/1172 1171/1171/1171 1178/1178/1178
f 1172/1172/1172 1178/1178/1178 1177/1177/1177
f 1418/1418/1418 1165/1165/1165 1168/1168/1168
f 1418/1418/1418 1168/1168/1168 1419/1419/1419
f 1033/1033/1033 1009/1009/1009 1020/1020/1020
f 1033/1033/1033 1020/1020/1020 1037/1037/1037
f 52/52/52 1034/1034/1034 1036/1036/1036
f 52/52/52 1036/1036/1036 1006/1006/1006
f 1008/1008/1008 1017/1017/1017 1020/1020/1020
f 1008/1008/1008 1020/1020/1020 1009/1009/1009
f 996/996/996 995/995/995 1011/1011/1011
f 996/996/996 1011/1011/1011 1010/1010/1010
f 1420/1420/1420 1421/1421/1421 1165/1165/1165
f 1420/1420/1420 1165/1165/1165 1418/1418/1418
f 1018/1018/1018 1371/1371/1371 1383/1383/1383
f 1018/1018/1018 1383/1383/1383 50/50/50
f 1013/1013/1013 1376/1376/1376 1379/1379/1379
f 1013/1013/1013 1379/1379/1379 1375/1375/1375
f 1422/1422/1422 1035/1035/1035 1170/1170/1170
f 1422/1422/1422 1170/1170/1170 1169/1169/1169
f 1421/1421/1421 1423/1423/1423 1166/1166/1166
f 1421/1421/1421 1166/1166/1166 1165/1165/1165
f 1180/1180/1180 1021/1021/1021 1024/1024/1024
f 1180/1180/1180 1024/1024/1024 1424/1424/1424
f 1038/1038/1038 53/53/53 1007/1007/1007
f 1038/1038/1038 1007/1007/1007 1179/1179/1179
f 1370/1370/1370 1287/1287/1287 994/994/994
f 1370/1370/1370 994/994/994 993/993/993
f 1419/1419/1419 1168/1168/1168 1185/1185/1185
f 1419/1419/1419 1185/1185/1185 1414/1414/1414
f 1425/1425/1425 1413/1413/1413 1189/1189/1189
f 1425/1425/1425 1189/1189/1189 1426/1426/1426
f 1426/1426/1426 1189/1189/1189 1190/1190/1190
f 1426/1426/1426 1190/1190/1190 1427/1427/1427
f 1168/1168/1168 1167/1167/1167 1186/1186/1186
f 1168/1168/1168 1186/1186/1186 1185/1185/1185
f 1416/1416/1416 1183/1183/1183 1184/1184/1184
f 1416/1416/1416 1184/1184/1184 1428/1428/1428
f 1422/1422/1422 1429/1429/1429 1174/1174/1174
f 1422/1422/1422 1174/1174/1174 1173/1173/1173
f 1120/1120/1120 985/985/985 988/988/988
f 1120/1120/1120 988/988/988 1287/1287/1287
f 995/995/995 1005/1005/1005 998/998/998
f 995/995/995 998/998/998 1011/1011/1011
f 1011/1011/1011 998/998/998 992/992/992
f 1011/1011/1011 992/992/992 1012/1012/1012
f 56/56/56 1430/1430/1430 1380/1380/1380
f 56/56/56 1380/1380/1380 57/57/57
f 1366/1366/1366 1358/1358/1358 1357/1357/1357
f 1366/1366/1366 1357/1357/1357 1367/1367/1367
f 1160/1160/1160 1161/1161/1161 1164/1164/1164
f 1160/1160/1160 1164/1164/1164 1431/1431/1431
f 1432/1432/1432 1015/1015/1015 1154/1154/1154
f 1432/1432/1432 1154/1154/1154 1153/1153/1153
f 1433/1433/1433 1434/1434/1434 1146/1146/1146
f 1433/1433/1433 1146/1146/1146 1145/1145/1145
f 1046/1046/1046 55/55/55 1048/1048/1048
f 1046/1046/1046 1048/1048/1048 1159/1159/1159
f 1030/1030/1030 34/34/34 33/33/33
f 1030/1030/1030 33/33/33 1031/1031/1031
f 1003/1003/1003 1002/1002/1002 1386/1386/1386
f 1003/1003/1003 1386/1386/1386 1385/1385/1385
f 1435/1435/1435 1433/1433/1433 1145/1145/1145
f 1435/1435/1435 1145/1145/1145 1436/1436/1436
f 1388/1388/1388 1387/1387/1387 1363/1363/1363
f 1388/1388/1388 1363/1363/1363 1365/1365/1365
f 1368/1368/1368 1361/1361/1361 1001/1001/1001
f 1368/1368/1368 1001/1001/1001 1000/1000/1000
f 1437/1437/1437 1216/1216/1216 1219/1219/1219
f 1437/1437/1437 1219/1219/1219 1438/1438/1438
f 1439/1439/1439 1212/1212/1212 1215/1215/1215
f 1439/1439/1439 1215/1215/1215 1440/1440/1440
f 1156/1156/1156 1155/1155/1155 1158/1158/1158
f 1156/1156/1156 1158/1158/1158 1157/1157/1157
f 1436/1436/1436 1145/1145/1145 1148/1148/1148
f 1436/1436/1436 1148/1148/1148 1441/1441/1441
f 1040/1040/1040 1039/1039/1039 1032/1032/1032
f 1040/1040/1040 1032/1032/1032 1045/1045/1045
f 1382/1382/1382 1029/1029/1029 1032/1032/1032
f 1382/1382/1382 1032/1032/1032 1039/1039/1039
f 1044/1044/1044 1043/1043/1043 1026/1026/1026
f 1044/1044/1044 1026/1026/1026 1025/1025/1025
f 32/32/32 1014/1014/1014 1016/1016/1016
f 32/32/32 1016/1016/1016 1047/1047/1047
f 510/510/510 418/418/418 1001/1001/1001
f 510/510/510 1001/1001/1001 1361/1361/1361
f 1239/1239/1239 1359/1359/1359 1211/1211/1211
f 1239/1239/1239 1211/1211/1211 1210/1210/1210
f 1057/1057/1057 1277/1277/1277 1442/1442/1442
f 1057/1057/1057 1442/1442/1442 1443/1443/1443
f 152/152/152 1057/1057/1057 1443/1443/1443
f 152/152/152 1443/1443/1443 601/601/601
f 1359/1359/1359 1358/1358/1358 1363/1363/1363
f 1359/1359/1359 1363/1363/1363 1211/1211/1211
f 1277/1277/1277 1239/1239/1239 1210/1210/1210
f 1277/1277/1277 1210/1210/1210 1442/1442/1442
f 1441/1441/1441 1148/1148/1148 1212/1212/1212
f 1441/1441/1441 1212/1212/1212 1439/1439/1439
f 1047/1047/1047 1016/1016/1016 1216/1216/1216
f 1047/1047/1047 1216/1216/1216 1437/1437/1437
f 1016/1016/1016 1015/1015/1015 1217/1217/1217
f 1016/1016/1016 1217/1217/1217 1216/1216/1216
f 1148/1148/1148 1147/1147/1147 1213/1213/1213
f 1148/1148/1148 1213/1213/1213 1212/1212/1212
f 1432/1432/1432 1444/1444/1444 1205/1205/1205
f 1432/1432/1432 1205/1205/1205 1204/1204/1204
f 1162/1162/1162 1047/1047/1047 1042/1042/1042
f 1162/1162/1162 1042/1042/1042 1041/1041/1041
f 1375/1375/1375 1379/1379/1379 54/54/54
f 1375/1375/1375 54/54/54 48/48/48
f 1019/1019/1019 1018/1018/1018 50/50/50
f 1019/1019/1019 50/50/50 49/49/49
f 1378/1378/1378 1372/1372/1372 1017/1017/1017
f 1378/1378/1378 1017/1017/1017 1008/1008/1008
f 1372/1372/1372 1371/1371/1371 1018/1018/1018
f 1372/1372/1372 1018/1018/1018 1017/1017/1017
f 1379/1379/1379 1378/1378/1378 1008/1008/1008
f 1379/1379/1379 1008/1008/1008 54/54/54
f 1019/1019/1019 49/49/49 53/53/53
f 1019/1019/1019 53/53/53 1038/1038/1038
f 1035/1035/1035 42/42/42 44/44/44
f 1035/1035/1035 44/44/44 1170/1170/1170
f 1171/1171/1171 1033/1033/1033 1037/1037/1037
f 1171/1171/1171 1037/1037/1037 1178/1178/1178
f 1178/1178/1178 1037/1037/1037 1038/1038/1038
f 1178/1178/1178 1038/1038/1038 1179/1179/1179
f 51/51/51 1373/1373/1373 1034/1034/1034
f 51/51/51 1034/1034/1034 52/52/52
f 1170/1170/1170 44/44/44 1033/1033/1033
f 1170/1170/1170 1033/1033/1033 1171/1171/1171
f 42/42/42 1034/1034/1034 1373/1373/1373
f 42/42/42 1373/1373/1373 48/48/48
f 1371/1371/1371 1370/1370/1370 993/993/993
f 1371/1371/1371 993/993/993 1383/1383/1383
f 1012/1012/1012 1445/1445/1445 1376/1376/1376
f 1012/1012/1012 1376/1376/1376 1013/1013/1013
f 1384/1384/1384 996/996/996 1010/1010/1010
f 1384/1384/1384 1010/1010/1010 1374/1374/1374
f 1119/1119/1119 1120/1120/1120 1369/1369/1369
f 1119/1119/1119 1369/1369/1369 1377/1377/1377
f 1445/1445/1445 1119/1119/1119 1377/1377/1377
f 1445/1445/1445 1377/1377/1377 1376/1376/1376
f 1120/1120/1120 1287/1287/1287 1370/1370/1370
f 1120/1120/1120 1370/1370/1370 1369/1369/1369
f 1374/1374/1374 1010/1010/1010 1013/1013/1013
f 1374/1374/1374 1013/1013/1013 1375/1375/1375
f 1383/1383/1383 993/993/993 996/996/996
f 1383/1383/1383 996/996/996 1384/1384/1384
f 1446/1446/1446 1447/1447/1447 1448/1448/1448
f 1446/1446/1446 1448/1448/1448 31/31/31
f 1381/1381/1381 1449/1449/1449 1029/1029/1029
f 1381/1381/1381 1029/1029/1029 1382/1382/1382
f 1450/1450/1450 1451/1451/1451 34/34/34
f 1450/1450/1450 34/34/34 1030/1030/1030
f 46/46/46 57/57/57 1382/1382/1382
f 46/46/46 1382/1382/1382 1039/1039/1039
f 1451/1451/1451 1446/1446/1446 31/31/31
f 1451/1451/1451 31/31/31 34/34/34
f 1449/1449/1449 1450/1450/1450 1030/1030/1030
f 1449/1449/1449 1030/1030/1030 1029/1029/1029
f 1447/1447/1447 1430/1430/1430 56/56/56
f 1447/1447/1447 56/56/56 1448/1448/1448
f 1155/1155/1155 1040/1040/1040 1045/1045/1045
f 1155/1155/1155 1045/1045/1045 1158/1158/1158
f 1015/1015/1015 45/45/45 47/47/47
f 1015/1015/1015 47/47/47 1154/1154/1154
f 1031/1031/1031 33/33/33 55/55/55
f 1031/1031/1031 55/55/55 1046/1046/1046
f 1158/1158/1158 1045/1045/1045 1046/1046/1046
f 1158/1158/1158 1046/1046/1046 1159/1159/1159
f 1154/1154/1154 47/47/47 1040/1040/1040
f 1154/1154/1154 1040/1040/1040 1155/1155/1155
f 1014/1014/1014 1448/1448/1448 56/56/56
f 1014/1014/1014 56/56/56 45/45/45
f 31/31/31 1448/1448/1448 1014/1014/1014
f 31/31/31 1014/1014/1014 32/32/32
f 1163/1163/1163 1162/1162/1162 1041/1041/1041
f 1163/1163/1163 1041/1041/1041 1452/1452/1452
f 1015/1015/1015 1432/1432/1432 1204/1204/1204
f 1015/1015/1015 1204/1204/1204 1453/1453/1453
f 1454/1454/1454 1044/1044/1044 1025/1025/1025
f 1454/1454/1454 1025/1025/1025 1455/1455/1455
f 1456/1456/1456 1156/1156/1156 1157/1157/1157
f 1456/1456/1456 1157/1157/1157 1457/1457/1457
f 1444/1444/1444 1432/1432/1432 1153/1153/1153
f 1444/1444/1444 1153/1153/1153 1458/1458/1458
f 1159/1159/1159 1048/1048/1048 1161/1161/1161
f 1159/1159/1159 1161/1161/1161 1160/1160/1160
f 1453/1453/1453 1204/1204/1204 1028/1028/1028
f 1453/1453/1453 1028/1028/1028 1027/1027/1027
f 1048/1048/1048 1047/1047/1047 1162/1162/1162
f 1048/1048/1048 1162/1162/1162 1161/1161/1161
f 1457/1457/1457 1157/1157/1157 1160/1160/1160
f 1457/1457/1457 1160/1160/1160 1431/1431/1431
f 1458/1458/1458 1153/1153/1153 1156/1156/1156
f 1458/1458/1458 1156/1156/1156 1456/1456/1456
f 1452/1452/1452 1041/1041/1041 1044/1044/1044
f 1452/1452/1452 1044/1044/1044 1454/1454/1454
f 1455/1455/1455 1025/1025/1025 1028/1028/1028
f 1455/1455/1455 1028/1028/1028 1206/1206/1206
f 1035/1035/1035 1422/1422/1422 1173/1173/1173
f 1035/1035/1035 1173/1173/1173 1459/1459/1459
f 1417/1417/1417 1460/1460/1460 1183/1183/1183
f 1417/1417/1417 1183/1183/1183 1416/1416/1416
f 1179/1179/1179 1007/1007/1007 1021/1021/1021
f 1179/1179/1179 1021/1021/1021 1180/1180/1180
f 1429/1429/1429 1422/1422/1422 1169/1169/1169
f 1429/1429/1429 1169/1169/1169 1461/1461/1461
f 1462/1462/1462 1172/1172/1172 1177/1177/1177
f 1462/1462/1462 1177/1177/1177 1463/1463/1463
f 1428/1428/1428 1464/1464/1464 1181/1181/1181
f 1428/1428/1428 1181/1181/1181 1416/1416/1416
f 1460/1460/1460 1023/1023/1023 1022/1022/1022
f 1460/1460/1460 1022/1022/1022 1183/1183/1183
f 1464/1464/1464 1465/1465/1465 1176/1176/1176
f 1464/1464/1464 1176/1176/1176 1181/1181/1181
f 1463/1463/1463 1177/1177/1177 1180/1180/1180
f 1463/1463/1463 1180/1180/1180 1424/1424/1424
f 1459/1459/1459 1173/1173/1173 1176/1176/1176
f 1459/1459/1459 1176/1176/1176 1465/1465/1465
f 1461/1461/1461 1169/1169/1169 1172/1172/1172
f 1461/1461/1461 1172/1172/1172 1462/1462/1462
f 1007/1007/1007 1006/1006/1006 1022/1022/1022
f 1007/1007/1007 1022/1022/1022 1021/1021/1021
f 1391/1391/1391 1466/1466/1466 624/624/624
f 1391/1391/1391 624/624/624 545/545/545
f 1346/1346/1346 1345/1345/1345 1466/1466/1466
f 1346/1346/1346 1466/1466/1466 1391/1391/1391
f 1110/1110/1110 1104/1104/1104 1105/1105/1105
f 1110/1110/1110 1105/1105/1105 1467/1467/1467
f 627/627/627 335/335/335 1225/1225/1225
f 627/627/627 1225/1225/1225 1349/1349/1349
f 1467/1467/1467 1105/1105/1105 210/210/210
f 1467/1467/1467 210/210/210 628/628/628
f 1466/1466/1466 1467/1467/1467 628/628/628
f 1466/1466/1466 628/628/628 624/624/624
f 508/508/508 627/627/627 1349/1349/1349
f 508/508/508 1349/1349/1349 1360/1360/1360
f 1345/1345/1345 1110/1110/1110 1467/1467/1467
f 1345/1345/1345 1467/1467/1467 1466/1466/1466
f 1360/1360/1360 1349/1349/1349 1285/1285/1285
f 1360/1360/1360 1285/1285/1285 1364/1364/1364
f 1364/1364/1364 1285/1285/1285 1108/1108/1108
f 1364/1364/1364 1108/1108/1108 1348/1348/1348
f 1348/1348/1348 1108/1108/1108 1110/1110/1110
f 1348/1348/1348 1110/1110/1110 1345/1345/1345
f 1450/1450/1450 1368/1368/1368 1000/1000/1000
f 1450/1450/1450 1000/1000/1000 1451/1451/1451
f 1430/1430/1430 1388/1388/1388 1365/1365/1365
f 1430/1430/1430 1365/1365/1365 1380/1380/1380
f 1446/1446/1446 1003/1003/1003 1385/1385/1385
f 1446/1446/1446 1385/1385/1385 1447/1447/1447
f 1381/1381/1381 1366/1366/1366 1367/1367/1367
f 1381/1381/1381 1367/1367/1367 1449/1449/1449
f 1447/1447/1447 1385/1385/1385 1388/1388/1388
f 1447/1447/1447 1388/1388/1388 1430/1430/1430
f 1449/1449/1449 1367/1367/1367 1368/1368/1368
f 1449/1449/1449 1368/1368/1368 1450/1450/1450
f 1380/1380/1380 1365/1365/1365 1366/1366/1366
f 1380/1380/1380 1366/1366/1366 1381/1381/1381
f 1451/1451/1451 1000/1000/1000 1003/1003/1003
f 1451/1451/1451 1003/1003/1003 1446/1446/1446
f 1012/1012/1012 992/992/992 991/991/991
f 1012/1012/1012 991/991/991 1445/1445/1445
f 1443/1443/1443 1394/1394/1394 549/549/549
f 1443/1443/1443 549/549/549 601/601/601
f 1002/1002/1002 1393/1393/1393 1396/1396/1396
f 1002/1002/1002 1396/1396/1396 1386/1386/1386
f 1387/1387/1387 1386/1386/1386 1396/1396/1396
f 1387/1387/1387 1396/1396/1396 1395/1395/1395
f 1442/1442/1442 1392/1392/1392 1394/1394/1394
f 1442/1442/1442 1394/1394/1394 1443/1443/1443
f 419/419/419 543/543/543 1393/1393/1393
f 419/419/419 1393/1393/1393 1002/1002/1002
f 1210/1210/1210 1209/1209/1209 1392/1392/1392
f 1210/1210/1210 1392/1392/1392 1442/1442/1442
f 972/972/972 1390/1390/1390 1208/1208/1208
f 972/972/972 1208/1208/1208 1362/1362/1362
f 1390/1390/1390 1356/1356/1356 1209/1209/1209
f 1390/1390/1390 1209/1209/1209 1208/1208/1208
f 1362/1362/1362 1363/1363/1363 1387/1387/1387
f 1362/1362/1362 1387/1387/1387 1395/1395/1395
f 1468/1468/1468 1330/1330/1330 1271/1271/1271
f 1468/1468/1468 1271/1271/1271 1469/1469/1469
f 1470/1470/1470 1252/1252/1252 1330/1330/1330
f 1470/1470/1470 1330/1330/1330 1468/1468/1468
f 1471/1471/1471 1328/1328/1328 1327/1327/1327
f 1471/1471/1471 1327/1327/1327 1472/1472/1472
f 1473/1473/1473 1248/1248/1248 1328/1328/1328
f 1473/1473/1473 1328/1328/1328 1471/1471/1471
f 1474/1474/1474 1249/1249/1249 1248/1248/1248
f 1474/1474/1474 1248/1248/1248 1473/1473/1473
f 1469/1469/1469 1271/1271/1271 1325/1325/1325
f 1469/1469/1469 1325/1325/1325 1475/1475/1475
f 1476/1476/1476 1253/1253/1253 1252/1252/1252
f 1476/1476/1476 1252/1252/1252 1470/1470/1470
f 1475/1475/1475 1325/1325/1325 1329/1329/1329
f 1475/1475/1475 1329/1329/1329 1477/1477/1477
f 1472/1472/1472 1327/1327/1327 1253/1253/1253
f 1472/1472/1472 1253/1253/1253 1476/1476/1476
f 1477/1477/1477 1329/1329/1329 1249/1249/1249
f 1477/1477/1477 1249/1249/1249 1474/1474/1474
f 1478/1478/1478 1479/1479/1479 1480/1480/1480
f 1478/1478/1478 1480/1480/1480 1481/1481/1481
f 1332/1332/1332 1331/1331/1331 1482/1482/1482
f 1332/1332/1332 1482/1482/1482 1483/1483/1483
f 1332/1332/1332 1479/1479/1479 1484/1484/1484
f 1332/1332/1332 1484/1484/1484 1333/1333/1333
f 1479/1479/1479 1332/1332/1332 1483/1483/1483
f 1479/1479/1479 1483/1483/1483 1480/1480/1480
f 1479/1479/1479 1478/1478/1478 1485/1485/1485
f 1479/1479/1479 1485/1485/1485 1484/1484/1484
f 1082/1082/1082 1080/1080/1080 1355/1355/1355
f 1082/1082/1082 1355/1355/1355 1352/1352/1352
f 1079/1079/1079 1276/1276/1276 1275/1275/1275
f 1079/1079/1079 1275/1275/1275 1354/1354/1354
f 1079/1079/1079 1354/1354/1354 1355/1355/1355
f 1079/1079/1079 1355/1355/1355 1080/1080/1080
f 409/409/409 1082/1082/1082 1352/1352/1352
f 409/409/409 1352/1352/1352 498/498/498
f 411/411/411 1072/1072/1072 1081/1081/1081
f 411/411/411 1081/1081/1081 408/408/408
f 1276/1276/1276 1084/1084/1084 1075/1075/1075
f 1276/1276/1276 1075/1075/1075 1086/1086/1086
f 1196/1196/1196 1275/1275/1275 1085/1085/1085
f 1196/1196/1196 1085/1085/1085 1353/1353/1353
f 1353/1353/1353 1085/1085/1085 184/184/184
f 1353/1353/1353 184/184/184 503/503/503
f 1079/1079/1079 1078/1078/1078 1084/1084/1084
f 1079/1079/1079 1084/1084/1084 1276/1276/1276
f 1072/1072/1072 1070/1070/1070 1077/1077/1077
f 1072/1072/1072 1077/1077/1077 1081/1081/1081
f 1070/1070/1070 1069/1069/1069 1078/1078/1078
f 1070/1070/1070 1078/1078/1078 1077/1077/1077
f 1086/1086/1086 1075/1075/1075 172/172/172
f 1086/1086/1086 172/172/172 185/185/185
f 413/413/413 1064/1064/1064 1071/1071/1071
f 413/413/413 1071/1071/1071 410/410/410
f 1083/1083/1083 1074/1074/1074 1065/1065/1065
f 1083/1083/1083 1065/1065/1065 1076/1076/1076
f 1069/1069/1069 1068/1068/1068 1074/1074/1074
f 1069/1069/1069 1074/1074/1074 1083/1083/1083
f 1064/1064/1064 1062/1062/1062 1067/1067/1067
f 1064/1064/1064 1067/1067/1067 1071/1071/1071
f 1062/1062/1062 1061/1061/1061 1068/1068/1068
f 1062/1062/1062 1068/1068/1068 1067/1067/1067
f 1076/1076/1076 1065/1065/1065 160/160/160
f 1076/1076/1076 160/160/160 173/173/173
f 1486/1486/1486 1487/1487/1487 1488/1488/1488
f 1486/1486/1486 1488/1488/1488 1489/1489/1489
f 1490/1490/1490 1491/1491/1491 1492/1492/1492
f 1490/1490/1490 1492/1492/1492 1493/1493/1493
f 1494/1494/1494 1495/1495/1495 1496/1496/1496
f 1494/1494/1494 1496/1496/1496 1497/1497/1497
f 1498/1498/1498 1499/1499/1499 1500/1500/1500
f 1498/1498/1498 1500/1500/1500 1501/1501/1501
f 1502/1502/1502 1503/1503/1503 1504/1504/1504
f 1502/1502/1502 1504/1504/1504 1505/1505/1505
f 1506/1506/1506 1501/1501/1501 1500/1500/1500
f 1506/1506/1506 1500/1500/1500 1489/1489/1489
f 1497/1497/1497 1496/1496/1496 1501/1501/1501
f 1497/1497/1497 1501/1501/1501 1506/1506/1506
f 1507/1507/1507 1508/1508/1508 1503/1503/1503
f 1507/1507/1507 1503/1503/1503 1502/1502/1502
f 1495/1495/1495 1498/1498/1498 1501/1501/1501
f 1495/1495/1495 1501/1501/1501 1496/1496/1496
f 1487/1487/1487 1490/1490/1490 1493/1493/1493
f 1487/1487/1487 1493/1493/1493 1488/1488/1488
f 1509/1509/1509 1510/1510/1510 1511/1511/1511
f 1509/1509/1509 1511/1511/1511 1512/1512/1512
f 1512/1512/1512 1511/1511/1511 1490/1490/1490
f 1512/1512/1512 1490/1490/1490 1487/1487/1487
f 1504/1504/1504 1503/1503/1503 1513/1513/1513
f 1504/1504/1504 1513/1513/1513 1514/1514/1514
f 1514/1514/1514 1513/1513/1513 1498/1498/1498
f 1514/1514/1514 1498/1498/1498 1495/1495/1495
f 1503/1503/1503 1508/1508/1508 1515/1515/1515
f 1503/1503/1503 1515/1515/1515 1513/1513/1513
f 1513/1513/1513 1515/1515/1515 1499/1499/1499
f 1513/1513/1513 1499/1499/1499 1498/1498/1498
f 1505/1505/1505 1504/1504/1504 1514/1514/1514
f 1505/1505/1505 1514/1514/1514 1516/1516/1516
f 1516/1516/1516 1514/1514/1514 1495/1495/1495
f 1516/1516/1516 1495/1495/1495 1494/1494/1494
f 1510/1510/1510 1517/1517/1517 1518/1518/1518
f 1510/1510/1510 1518/1518/1518 1511/1511/1511
f 1511/1511/1511 1518/1518/1518 1491/1491/1491
f 1511/1511/1511 1491/1491/1491 1490/1490/1490
f 1507/1507/1507 1509/1509/1509 1512/1512/1512
f 1507/1507/1507 1512/1512/1512 1519/1519/1519
f 1519/1519/1519 1512/1512/1512 1487/1487/1487
f 1519/1519/1519 1487/1487/1487 1486/1486/1486
f 1515/1515/1515 1519/1519/1519 1486/1486/1486
f 1515/1515/1515 1486/1486/1486 1499/1499/1499
f 1508/1508/1508 1507/1507/1507 1519/1519/1519
f 1508/1508/1508 1519/1519/1519 1515/1515/1515
f 1518/1518/1518 1516/1516/1516 1494/1494/1494
f 1518/1518/1518 1494/1494/1494 1491/1491/1491
f 1517/1517/1517 1505/1505/1505 1516/1516/1516
f 1517/1517/1517 1516/1516/1516 1518/1518/1518
f 1509/1509/1509 1507/1507/1507 1502/1502/1502
f 1509/1509/1509 1502/1502/1502 1510/1510/1510
f 1492/1492/1492 1497/1497/1497 1506/1506/1506
f 1492/1492/1492 1506/1506/1506 1493/1493/1493
f 1493/1493/1493 1506/1506/1506 1489/1489/1489
f 1493/1493/1493 1489/1489/1489 1488/1488/1488
f 1510/1510/1510 1502/1502/1502 1505/1505/1505
f 1510/1510/1510 1505/1505/1505 1517/1517/1517
f 1491/1491/1491 1494/1494/1494 1497/1497/1497
f 1491/1491/1491 1497/1497/1497 1492/1492/1492
f 1499/1499/1499 1486/1486/1486 1489/1489/1489
f 1499/1499/1499 1489/1489/1489 1500/1500/1500
f 1520/1520/1520 1521/1521/1521 1522/1522/1522
f 1520/1520/1520 1522/1522/1522 1523/1523/1523
f 1524/1524/1524 1525/1525/1525 1526/1526/1526
f 1524/1524/1524 1526/1526/1526 1527/1527/1527
f 1528/1528/1528 1529/1529/1529 1530/1530/1530
f 1528/1528/1528 1530/1530/1530 1531/1531/1531
f 1532/1532/1532 1533/1533/1533 1534/1534/1534
f 1532/1532/1532 1534/1534/1534 1535/1535/1535
f 1536/1536/1536 1537/1537/1537 1538/1538/1538
f 1536/1536/1536 1538/1538/1538 1539/1539/1539
f 1540/1540/1540 1535/1535/1535 1534/1534/1534
f 1540/1540/1540 1534/1534/1534 1523/1523/1523
f 1531/1531/1531 1530/1530/1530 1535/1535/1535
f 1531/1531/1531 1535/1535/1535 1540/1540/1540
f 1541/1541/1541 1542/1542/1542 1537/1537/1537
f 1541/1541/1541 1537/1537/1537 1536/1536/1536
f 1529/1529/1529 1532/1532/1532 1535/1535/1535
f 1529/1529/1529 1535/1535/1535 1530/1530/1530
f 1521/1521/1521 1524/1524/1524 1527/1527/1527
f 1521/1521/1521 1527/1527/1527 1522/1522/1522
f 1543/1543/1543 1544/1544/1544 1545/1545/1545
f 1543/1543/1543 1545/1545/1545 1546/1546/1546
f 1546/1546/1546 1545/1545/1545 1524/1524/1524
f 1546/1546/1546 1524/1524/1524 1521/1521/1521
f 1538/1538/1538 1537/1537/1537 1547/1547/1547
f 1538/1538/1538 1547/1547/1547 1548/1548/1548
f 1548/1548/1548 1547/1547/1547 1532/1532/1532
f 1548/1548/1548 1532/1532/1532 1529/1529/1529
f 1537/1537/1537 1542/1542/1542 1549/1549/1549
f 1537/1537/1537 1549/1549/1549 1547/1547/1547
f 1547/1547/1547 1549/1549/1549 1533/1533/1533
f 1547/1547/1547 1533/1533/1533 1532/1532/1532
f 1539/1539/1539 1538/1538/1538 1548/1548/1548
f 1539/1539/1539 1548/1548/1548 1550/1550/1550
f 1550/1550/1550 1548/1548/1548 1529/1529/1529
f 1550/1550/1550 1529/1529/1529 1528/1528/1528
f 1544/1544/1544 1551/1551/1551 1552/1552/1552
f 1544/1544/1544 1552/1552/1552 1545/1545/1545
f 1545/1545/1545 1552/1552/1552 1525/1525/1525
f 1545/1545/1545 1525/1525/1525 1524/1524/1524
f 1541/1541/1541 1543/1543/1543 1546/1546/1546
f 1541/1541/1541 1546/1546/1546 1553/1553/1553
f 1553/1553/1553 1546/1546/1546 1521/1521/1521
f 1553/1553/1553 1521/1521/1521 1520/1520/1520
f 1549/1549/1549 1553/1553/1553 1520/1520/1520
f 1549/1549/1549 1520/1520/1520 1533/1533/1533
f 1542/1542/1542 1541/1541/1541 1553/1553/1553
f 1542/1542/1542 1553/1553/1553 1549/1549/1549
f 1552/1552/1552 1550/1550/1550 1528/1528/1528
f 1552/1552/1552 1528/1528/1528 1525/1525/1525
f 1551/1551/1551 1539/1539/1539 1550/1550/1550
f 1551/1551/1551 1550/1550/1550 1552/1552/1552
f 1543/1543/1543 1541/1541/1541 1536/1536/1536
f 1543/1543/1543 1536/1536/1536 1544/1544/1544
f 1526/1526/1526 1531/1531/1531 1540/1540/1540
f 1526/1526/1526 1540/1540/1540 1527/1527/1527
f 1527/1527/1527 1540/1540/1540 1523/1523/1523
f 1527/1527/1527 1523/1523/1523 1522/1522/1522
f 1544/1544/1544 1536/1536/1536 1539/1539/1539
f 1544/1544/1544 1539/1539/1539 1551/1551/1551
f 1525/1525/1525 1528/1528/1528 1531/1531/1531
f 1525/1525/1525 1531/1531/1531 1526/1526/1526
f 1533/1533/1533 1520/1520/1520 1523/1523/1523
f 1533/1533/1533 1523/1523/1523 1534/1534/1534
f 1554/1554/1554 1555/1555/1555 1556/1556/1556
f 1554/1554/1554 1556/1556/1556 1557/1557/1557
f 1558/1558/1558 1559/1559/1559 1560/1560/1560
f 1558/1558/1558 1560/1560/1560 1561/1561/1561
f 1562/1562/1562 1563/1563/1563 1564/1564/1564
f 1562/1562/1562 1564/1564/1564 1565/1565/1565
f 1566/1566/1566 1567/1567/1567 1568/1568/1568
f 1566/1566/1566 1568/1568/1568 1569/1569/1569
f 1570/1570/1570 1571/1571/1571 1572/1572/1572
f 1570/1570/1570 1572/1572/1572 1573/1573/1573
f 1574/1574/1574 1575/1575/1575 1576/1576/1576
f 1574/1574/1574 1576/1576/1576 1577/1577/1577
f 1578/1578/1578 1579/1579/1579 1580/1580/1580
f 1578/1578/1578 1580/1580/1580 1581/1581/1581
f 1582/1582/1582 1583/1583/1583 1584/1584/1584
f 1582/1582/1582 1584/1584/1584 1585/1585/1585
f 1586/1586/1586 1587/1587/1587 1588/1588/1588
f 1586/1586/1586 1588/1588/1588 1589/1589/1589
f 1590/1590/1590 1591/1591/1591 1592/1592/1592
f 1590/1590/1590 1592/1592/1592 1593/1593/1593
f 1594/1594/1594 1595/1595/1595 1596/1596/1596
f 1594/1594/1594 1596/1596/1596 1597/1597/1597
f 1598/1598/1598 1599/1599/1599 1600/1600/1600
f 1598/1598/1598 1600/1600/1600 1601/1601/1601
f 1602/1602/1602 1603/1603/1603 1604/1604/1604
f 1602/1602/1602 1604/1604/1604 1605/1605/1605
f 1606/1606/1606 1607/1607/1607 1608/1608/1608
f 1606/1606/1606 1608/1608/1608 1609/1609/1609
f 1610/1610/1610 1611/1611/1611 1612/1612/1612
f 1610/1610/1610 1612/1612/1612 1613/1613/1613
f 1614/1614/1614 1615/1615/1615 1616/1616/1616
f 1614/1614/1614 1616/1616/1616 1617/1617/1617
f 1618/1618/1618 1619/1619/1619 1620/1620/1620
f 1618/1618/1618 1620/1620/1620 1621/1621/1621
f 1622/1622/1622 1623/1623/1623 1624/1624/1624
f 1622/1622/1622 1624/1624/1624 1625/1625/1625
f 1626/1626/1626 1627/1627/1627 1628/1628/1628
f 1626/1626/1626 1628/1628/1628 1629/1629/1629
f 1630/1630/1630 1631/1631/1631 1632/1632/1632
f 1630/1630/1630 1632/1632/1632 1633/1633/1633
f 1634/1634/1634 1635/1635/1635 1636/1636/1636
f 1634/1634/1634 1636/1636/1636 1637/1637/1637
f 1638/1638/1638 1639/1639/1639 1640/1640/1640
f 1638/1638/1638 1640/1640/1640 1641/1641/1641
f 1642/1642/1642 1643/1643/1643 1644/1644/1644
f 1642/1642/1642 1644/1644/1644 1645/1645/1645
f 1646/1646/1646 1647/1647/1647 1648/1648/1648
f 1646/1646/1646 1648/1648/1648 1649/1649/1649
f 1650/1650/1650 1651/1651/1651 1652/1652/1652
f 1650/1650/1650 1652/1652/1652 1653/1653/1653
f 1654/1654/1654 1655/1655/1655 1656/1656/1656
f 1654/1654/1654 1656/1656/1656 1657/1657/1657
f 1658/1658/1658 1659/1659/1659 1660/1660/1660
f 1658/1658/1658 1660/1660/1660 1661/1661/1661
f 1662/1662/1662 1663/1663/1663 1664/1664/1664
f 1662/1662/1662 1664/1664/1664 1665/1665/1665
f 1666/1666/1666 1667/1667/1667 1668/1668/1668
f 1666/1666/1666 1668/1668/1668 1669/1669/1669
f 1670/1670/1670 1671/1671/1671 1672/1672/1672
f 1670/1670/1670 1672/1672/1672 1673/1673/1673
f 1674/1674/1674 1675/1675/1675 1676/1676/1676
f 1674/1674/1674 1676/1676/1676 1677/1677/1677
f 1678/1678/1678 1679/1679/1679 1680/1680/1680
f 1678/1678/1678 1680/1680/1680 1681/1681/1681
f 1682/1682/1682 1683/1683/1683 1684/1684/1684
f 1682/1682/1682 1684/1684/1684 1685/1685/1685
f 1686/1686/1686 1687/1687/1687 1688/1688/1688
f 1686/1686/1686 1688/1688/1688 1689/1689/1689
f 1690/1690/1690 1691/1691/1691 1692/1692/1692
f 1690/1690/1690 1692/1692/1692 1693/1693/1693
f 1694/1694/1694 1695/1695/1695 1696/1696/1696
f 1694/1694/1694 1696/1696/1696 1697/1697/1697
f 1698/1698/1698 1699/1699/1699 1700/1700/1700
f 1698/1698/1698 1700/1700/1700 1701/1701/1701
f 1702/1702/1702 1703/1703/1703 1704/1704/1704
f 1702/1702/1702 1704/1704/1704 1705/1705/1705
f 1706/1706/1706 1707/1707/1707 1708/1708/1708
f 1706/1706/1706 1708/1708/1708 1709/1709/1709
f 1710/1710/1710 1711/1711/1711 1712/1712/1712
f 1710/1710/1710 1712/1712/1712 1713/1713/1713
f 1714/1714/1714 1715/1715/1715 1716/1716/1716
f 1714/1714/1714 1716/1716/1716 1717/1717/1717
f 1718/1718/1718 1719/1719/1719 1720/1720/1720
f 1718/1718/1718 1720/1720/1720 1721/1721/1721
f 1722/1722/1722 1723/1723/1723 1724/1724/1724
f 1722/1722/1722 1724/1724/1724 1725/1725/1725
f 1726/1726/1726 1727/1727/1727 1728/1728/1728
f 1726/1726/1726 1728/1728/1728 1729/1729/1729
f 1730/1730/1730 1731/1731/1731 1732/1732/1732
f 1730/1730/1730 1732/1732/1732 1733/1733/1733
f 1734/1734/1734 1735/1735/1735 1736/1736/1736
f 1734/1734/1734 1736/1736/1736 1737/1737/1737
f 1738/1738/1738 1739/1739/1739 1740/1740/1740
f 1738/1738/1738 1740/1740/1740 1741/1741/1741
f 1742/1742/1742 1743/1743/1743 1744/1744/1744
f 1742/1742/1742 1744/1744/1744 1745/1745/1745
f 1746/1746/1746 1747/1747/1747 1748/1748/1748
f 1746/1746/1746 1748/1748/1748 1749/1749/1749
f 1750/1750/1750 1751/1751/1751 1752/1752/1752
f 1750/1750/1750 1752/1752/1752 1753/1753/1753
f 1754/1754/1754 1755/1755/1755 1756/1756/1756
f 1754/1754/1754 1756/1756/1756 1757/1757/1757
f 1758/1758/1758 1759/1759/1759 1760/1760/1760
f 1758/1758/1758 1760/1760/1760 1761/1761/1761
f 1762/1762/1762 1763/1763/1763 1764/1764/1764
f 1762/1762/1762 1764/1764/1764 1765/1765/1765
f 1766/1766/1766 1767/1767/1767 1768/1768/1768
f 1766/1766/1766 1768/1768/1768 1769/1769/1769
f 1770/1770/1770 1771/1771/1771 1772/1772/1772
f 1770/1770/1770 1772/1772/1772 1773/1773/1773
f 1774/1774/1774 1775/1775/1775 1776/1776/1776
f 1774/1774/1774 1776/1776/1776 1777/1777/1777
f 1778/1778/1778 1779/1779/1779 1780/1780/1780
f 1778/1778/1778 1780/1780/1780 1781/1781/1781
f 1782/1782/1782 1783/1783/1783 1784/1784/1784
f 1782/1782/1782 1784/1784/1784 1785/1785/1785
f 1786/1786/1786 1787/1787/1787 1788/1788/1788
f 1786/1786/1786 1788/1788/1788 1789/1789/1789
f 1790/1790/1790 1791/1791/1791 1792/1792/1792
f 1790/1790/1790 1792/1792/1792 1793/1793/1793
f 1794/1794/1794 1795/1795/1795 1796/1796/1796
f 1794/1794/1794 1796/1796/1796 1797/1797/1797
f 1798/1798/1798 1799/1799/1799 1800/1800/1800
f 1798/1798/1798 1800/1800/1800 1801/1801/1801
f 1781/1781/1781 1780/1780/1780 1783/1783/1783
f 1781/1781/1781 1783/1783/1783 1782/1782/1782
f 1801/1801/1801 1800/1800/1800 1775/1775/1775
f 1801/1801/1801 1775/1775/1775 1774/1774/1774
f 1751/1751/1751 1766/1766/1766 1769/1769/1769
f 1751/1751/1751 1769/1769/1769 1752/1752/1752
f 1802/1802/1802 1754/1754/1754 1757/1757/1757
f 1802/1802/1802 1757/1757/1757 1803/1803/1803
f 1731/1731/1731 1734/1734/1734 1737/1737/1737
f 1731/1731/1731 1737/1737/1737 1732/1732/1732
f 1804/1804/1804 1722/1722/1722 1725/1725/1725
f 1804/1804/1804 1725/1725/1725 1805/1805/1805
f 1797/1797/1797 1796/1796/1796 1799/1799/1799
f 1797/1797/1797 1799/1799/1799 1798/1798/1798
f 1785/1785/1785 1784/1784/1784 1787/1787/1787
f 1785/1785/1785 1787/1787/1787 1786/1786/1786
f 1804/1804/1804 1762/1762/1762 1765/1765/1765
f 1804/1804/1804 1765/1765/1765 1806/1806/1806
f 1802/1802/1802 1803/1803/1803 1759/1759/1759
f 1802/1802/1802 1759/1759/1759 1758/1758/1758
f 1747/1747/1747 1750/1750/1750 1753/1753/1753
f 1747/1747/1747 1753/1753/1753 1748/1748/1748
f 1735/1735/1735 1738/1738/1738 1741/1741/1741
f 1735/1735/1735 1741/1741/1741 1736/1736/1736
f 1805/1805/1805 1807/1807/1807 1762/1762/1762
f 1805/1805/1805 1762/1762/1762 1804/1804/1804
f 1806/1806/1806 1808/1808/1808 1722/1722/1722
f 1806/1806/1806 1722/1722/1722 1804/1804/1804
f 1793/1793/1793 1792/1792/1792 1795/1795/1795
f 1793/1793/1793 1795/1795/1795 1794/1794/1794
f 1777/1777/1777 1776/1776/1776 1771/1771/1771
f 1777/1777/1777 1771/1771/1771 1770/1770/1770
f 1807/1807/1807 1809/1809/1809 1763/1763/1763
f 1807/1807/1807 1763/1763/1763 1762/1762/1762
f 1743/1743/1743 1746/1746/1746 1749/1749/1749
f 1743/1743/1743 1749/1749/1749 1744/1744/1744
f 1767/1767/1767 1726/1726/1726 1729/1729/1729
f 1767/1767/1767 1729/1729/1729 1768/1768/1768
f 1808/1808/1808 1810/1810/1810 1723/1723/1723
f 1808/1808/1808 1723/1723/1723 1722/1722/1722
f 1805/1805/1805 1802/1802/1802 1758/1758/1758
f 1805/1805/1805 1758/1758/1758 1807/1807/1807
f 1805/1805/1805 1725/1725/1725 1754/1754/1754
f 1805/1805/1805 1754/1754/1754 1802/1802/1802
f 1789/1789/1789 1788/1788/1788 1791/1791/1791
f 1789/1789/1789 1791/1791/1791 1790/1790/1790
f 1773/1773/1773 1772/1772/1772 1779/1779/1779
f 1773/1773/1773 1779/1779/1779 1778/1778/1778
f 1807/1807/1807 1758/1758/1758 1761/1761/1761
f 1807/1807/1807 1761/1761/1761 1809/1809/1809
f 1725/1725/1725 1724/1724/1724 1755/1755/1755
f 1725/1725/1725 1755/1755/1755 1754/1754/1754
f 1739/1739/1739 1742/1742/1742 1745/1745/1745
f 1739/1739/1739 1745/1745/1745 1740/1740/1740
f 1727/1727/1727 1730/1730/1730 1733/1733/1733
f 1727/1727/1727 1733/1733/1733 1728/1728/1728
f 1119/1119/1119 1445/1445/1445 991/991/991
f 1119/1119/1119 991/991/991 986/986/986
#2636 polygons

