# Aspose.3D Wavefront OBJ Exporter
# Copyright 2004-2025 Aspose Pty Ltd.
# File created: 03/20/2025 05:10:02

mtllib material.lib
g Object_4

#
# object Object_4
#

v 50.29399 62.060658 145.86046
v 51.92117 81.09862 145.62616
v 32.070923 77.69031 163.48294
v 34.793674 61.86338 161.40004
v 52.256058 85.01683 145.57794
v 51.92117 81.09862 145.62616
v 50.29399 62.060658 145.86046
v 52.224445 81.01423 133.14627
v 52.079483 82.89781 92.766914
v 50.01836 54.561623 75.991264
v 52.224445 88.11324 76.09972
v 49.8014 94.41584 77.38065
v 52.224445 88.11324 76.09972
v 49.794907 94.53315 75.320885
v 50.002213 57.260113 -50.78358
v 49.615585 56.836693 -62.84876
v 51.43051 83.020996 -80.8024
v 51.3946 83.363396 -121.09666
v 51.39254 83.24818 -135.75626
v 50.99736 74.5785 -135.75626
v 50.99598 74.588326 -127.36525
v 50.422012 61.953312 -136.39125
v 50.363182 63.895027 -158.67522
v 51.937428 95.07186 -163.01108
v 52.224445 100.756035 -163.8016
v 52.224445 94.687065 -52.8609
v 0.1626745 61.86338 161.40004
v 34.793674 61.86338 161.40004
v 32.070923 77.69031 163.48294
v 0.1626745 77.602104 163.47133
v 52.256058 85.01683 145.57794
v 49.953743 91.66374 125.704834
v 48.67288 95.36168 114.64866
v 37.357838 94.11466 118.37702
v 19.044357 93.07004 121.50027
v 0.1626745 92.83613 122.199615
v 0.1626745 85.01683 145.57794
v 0.1626745 101.546974 -158.15717
v 46.099094 101.546974 -158.15717
v 52.224445 100.756035 -163.8016
v 0.1626745 100.756035 -163.80159
v 38.06151 115.98182 -55.144836
v 0.1626745 115.98182 -55.144836
v 0.1626745 116.77276 -49.500412
v 43.33766 116.77276 -49.500412
v 52.224445 100.756035 -163.8016
v 43.33766 116.77276 -49.500412
v 44.449707 114.01464 -49.842278
v 49.395554 101.74789 -51.77246
v 52.224445 94.687065 -52.8609
v 38.90202 124.738815 7.348248
v 37.83152 126.66135 21.06814
v 39.63797 122.778114 20.775915
v 40.573444 121.074326 7.046371
v 49.919407 92.284004 114.813644
v 45.476295 105.462006 74.17533
v 43.987793 108.8878 74.207924
v 48.67288 95.36168 114.64866
v 49.953743 91.66374 125.704834
v 52.224445 94.65321 -52.242107
v 52.224445 91.421715 11.176222
v 50.01836 56.02562 13.136054
v 50.018356 57.277786 -50.280033
v 42.478565 113.24504 61.180542
v 44.045013 109.70711 61.0843
v 39.63797 122.778114 20.775915
v 38.45918 124.84926 26.485966
v 52.256058 85.01683 145.57794
v 0.1626745 85.01683 145.57794
v 0.1626745 80.111664 163.8016
v 31.654367 80.111664 163.8016
v 50.29399 59.77283 144.05428
v 50.29399 62.060658 145.86046
v 34.793674 61.86338 161.40004
v 34.793674 59.635757 159.89488
v 0.1626745 59.635757 159.89488
v 34.793674 59.635757 159.89488
v 34.793674 61.86338 161.40004
v 0.1626745 61.86338 161.40004
v 50.29399 59.77283 144.05428
v 50.290592 59.860447 142.06596
v 50.29399 62.060658 145.86046
v 39.236282 124.13851 3.064252
v 38.90202 124.738815 7.348248
v 40.573444 121.074326 7.046371
v 40.865574 120.54233 2.7593625
v 49.569374 98.60756 3.7782505
v 52.03667 91.90824 11.078439
v 52.224445 91.421715 11.176222
v 52.224445 94.65321 -52.242107
v 49.415802 101.382126 -44.94039
v 43.33766 116.77276 -49.500412
v 39.236282 124.13851 3.064252
v 40.865574 120.54233 2.7593625
v 43.98894 114.85382 -43.079964
v 52.224445 88.11324 76.09972
v 52.224445 88.13357 75.70093
v 52.126644 88.391304 75.665276
v 43.987793 108.8878 74.207924
v 45.476295 105.462006 74.17533
v 44.045013 109.70711 61.0843
v 42.478565 113.24504 61.180542
v 49.589962 98.23562 10.309144
v 49.600216 98.05036 13.562064
v 52.224445 91.398384 11.6340275
v 43.98894 114.85382 -43.079964
v 44.449707 114.01464 -49.842278
v 43.33766 116.77276 -49.500412
v 52.224445 94.65321 -52.242107
v 49.395554 101.74789 -51.77246
v 49.415802 101.382126 -44.94039
v 0.1626745 77.602104 163.47133
v 32.070923 77.69031 163.48294
v 31.581564 77.76635 162.62387
v 0.1626745 77.67815 162.61226
v 31.654367 80.111664 163.8016
v 0.1626745 80.111664 163.8016
v 0.1626745 80.18771 162.94254
v 31.181852 80.18771 162.94254
v 32.070923 77.69031 163.48294
v 51.92117 81.09862 145.62616
v 50.629307 81.17467 144.76709
v 31.581564 77.76635 162.62387
v 51.92117 81.09862 145.62616
v 52.256058 85.01683 145.57794
v 50.95066 85.09288 144.71886
v 50.629307 81.17467 144.76709
v 52.256058 85.01683 145.57794
v 31.654367 80.111664 163.8016
v 31.181852 80.18771 162.94254
v 50.95066 85.09288 144.71886
v 50.422012 61.953312 -136.39125
v 47.99312 61.957043 -136.62396
v 45.224327 63.333244 -152.41785
v 50.363182 63.895027 -158.67522
v 50.363182 63.895027 -158.67522
v 45.224327 63.333244 -152.41785
v 19.791588 63.333244 -152.41785
v 0.1626745 63.870636 -158.40356
v 0.1626745 63.895027 -158.67522
v 19.791588 63.333244 -152.41785
v 0.1626745 63.333244 -152.41785
v 0.1626745 63.870636 -158.40356
v 47.99312 57.772285 -136.62396
v 49.107174 57.469738 -131.22209
v 54.4994 57.469734 -131.22209
v 50.363182 63.895027 -158.67522
v 0.1626745 63.895027 -158.67522
v 0.1626745 95.07186 -163.01108
v 51.937428 95.07186 -163.01108
v 0.1626745 100.28361 -163.73587
v 0.1626745 100.756035 -163.80159
v 52.224445 100.756035 -163.8016
v 51.723022 100.283615 -163.7359
v 51.723022 100.283615 -163.7359
v 52.224445 100.756035 -163.8016
v 51.937428 95.07186 -163.01108
v 51.483715 95.54428 -163.07678
v 51.483715 95.54428 -163.07678
v 51.937428 95.07186 -163.01108
v 0.1626745 95.07186 -163.01108
v 0.1626745 95.54428 -163.07678
v 52.224445 88.13357 75.70093
v 52.224445 91.398384 11.6340275
v 49.600216 98.05036 13.562064
v 49.762894 95.1115 65.16556
v 52.126644 88.391304 75.665276
v 52.126644 88.391304 75.665276
v 49.762894 95.1115 65.16556
v 49.7933 94.56216 74.811485
v 50.01836 54.568535 75.69472
v 50.01836 56.016537 13.596088
v 52.224445 91.398384 11.6340275
v 52.224445 88.13357 75.70093
v 52.03667 91.90824 11.078439
v 52.224445 91.398384 11.6340275
v 52.224445 91.421715 11.176222
v 52.03667 91.90824 11.078439
v 49.569374 98.60756 3.7782505
v 49.58836 98.264565 9.8008995
v 52.224445 88.11324 76.09972
v 49.8014 94.41584 77.38065
v 49.919407 92.284004 114.813644
v 49.953743 91.66374 125.704834
v 52.256058 85.01683 145.57794
v 46.099094 101.546974 -158.15717
v 38.06151 115.98182 -55.144836
v 43.33766 116.77276 -49.500412
v 52.224445 100.756035 -163.8016
v 46.197174 47.41049 13.596088
v 50.01836 56.016537 13.596088
v 50.01836 54.568535 75.69472
v 46.197178 47.073322 75.99127
v 46.197166 47.972435 -50.277172
v 46.197174 47.97243 -62.28682
v 49.615585 56.836693 -62.84876
v 50.002213 57.260113 -50.78358
v 46.197174 47.414246 13.17187
v 46.197166 47.972435 -49.830486
v 50.018356 57.277786 -50.280033
v 50.01836 56.02562 13.136054
v 51.755417 90.74627 -47.97912
v 51.85642 93.64458 -47.85584
v 52.34385 93.54348 -47.85584
v 52.24285 90.64517 -47.97912
v 52.24285 90.64517 -47.97912
v 52.34385 93.54348 -47.85584
v 52.32583 93.02632 -35.682476
v 52.22483 90.12801 -35.805756
v 52.22483 90.12801 -35.805756
v 52.32583 93.02632 -35.682476
v 51.838394 93.12742 -35.682476
v 51.737396 90.22911 -35.805756
v 51.755417 90.74627 -47.97912
v 52.24285 90.64517 -47.97912
v 52.22483 90.12801 -35.805756
v 51.737396 90.22911 -35.805756
v 52.34385 93.54348 -47.85584
v 51.85642 93.64458 -47.85584
v 51.838394 93.12742 -35.682476
v 52.32583 93.02632 -35.682476
v 51.755417 87.57244 16.395641
v 51.85642 90.47075 16.518919
v 52.34385 90.36965 16.518919
v 52.24285 87.471344 16.395641
v 52.24285 87.471344 16.395641
v 52.34385 90.36965 16.518919
v 52.32583 89.85249 28.69228
v 52.22483 86.954185 28.569002
v 52.22483 86.954185 28.569002
v 52.32583 89.85249 28.69228
v 51.838394 89.95359 28.69228
v 51.737396 87.05528 28.569002
v 51.755417 87.57244 16.395641
v 52.24285 87.471344 16.395641
v 52.22483 86.954185 28.569002
v 51.737396 87.05528 28.569002
v 52.34385 90.36965 16.518919
v 51.85642 90.47075 16.518919
v 51.838394 89.95359 28.69228
v 52.32583 89.85249 28.69228
v 38.45918 124.84926 26.485966
v 39.63797 122.778114 20.775915
v 37.83152 126.66135 21.06814
v -49.968643 62.060658 145.86046
v -34.468327 61.86338 161.40004
v -31.745573 77.69031 163.48294
v -51.595818 81.09862 145.62616
v -51.93071 85.01683 145.57794
v -51.899097 88.11324 76.09972
v -49.693012 54.561623 75.991264
v -51.75413 82.89781 92.766914
v -51.899097 81.01423 133.14627
v -49.968643 62.060658 145.86046
v -51.595818 81.09862 145.62616
v -49.47605 94.41584 77.38065
v -49.46956 94.53315 75.320885
v -51.899097 88.11324 76.09972
v -49.676865 57.260113 -50.78358
v -51.899097 94.687065 -52.8609
v -51.899097 100.756035 -163.8016
v -51.61208 95.07186 -163.01108
v -50.037834 63.895027 -158.67522
v -50.096664 61.953312 -136.39125
v -51.06925 83.363396 -121.09666
v -51.105164 83.020996 -80.8024
v -49.290237 56.836693 -62.84876
v 0.1626745 61.86338 161.40004
v 0.1626745 77.602104 163.47133
v -31.745573 77.69031 163.48294
v -34.468327 61.86338 161.40004
v -51.93071 85.01683 145.57794
v 0.1626745 85.01683 145.57794
v 0.1626745 92.83613 122.199615
v -18.71901 93.07004 121.50027
v -37.03249 94.11466 118.37702
v -48.347527 95.36168 114.64866
v -49.628395 91.66374 125.704834
v 0.1626745 101.546974 -158.15717
v 0.1626745 100.756035 -163.80159
v -51.899097 100.756035 -163.8016
v -45.773746 101.546974 -158.15717
v -37.73616 115.98182 -55.144836
v -43.01231 116.77276 -49.500412
v -51.899097 100.756035 -163.8016
v -51.899097 94.687065 -52.8609
v -49.070206 101.74789 -51.77246
v -44.12436 114.01464 -49.842278
v -43.01231 116.77276 -49.500412
v -38.57667 124.738815 7.348248
v -40.248093 121.074326 7.046371
v -39.312622 122.778114 20.775915
v -37.506172 126.66135 21.06814
v -49.59406 92.284004 114.813644
v -49.628395 91.66374 125.704834
v -48.347527 95.36168 114.64866
v -43.662445 108.8878 74.207924
v -45.150948 105.462006 74.17533
v -51.899097 94.65321 -52.242107
v -49.693005 57.277786 -50.280033
v -49.693012 56.02562 13.136054
v -51.899097 91.421715 11.176222
v -42.153217 113.24504 61.180542
v -38.133827 124.84926 26.485966
v -39.312622 122.778114 20.775915
v -43.719666 109.70711 61.0843
v -51.93071 85.01683 145.57794
v -31.329018 80.111664 163.8016
v -49.968643 59.77283 144.05428
v -34.468327 59.635757 159.89488
v -34.468327 61.86338 161.40004
v -49.968643 62.060658 145.86046
v -34.468327 61.86338 161.40004
v -34.468327 59.635757 159.89488
v -49.968643 59.77283 144.05428
v -49.968643 62.060658 145.86046
v -49.96524 59.860447 142.06596
v -38.91093 124.13851 3.064252
v -40.540226 120.54233 2.7593625
v -40.248093 121.074326 7.046371
v -38.57667 124.738815 7.348248
v -49.244026 98.60756 3.7782505
v -49.090454 101.382126 -44.94039
v -51.899097 94.65321 -52.242107
v -51.899097 91.421715 11.176222
v -51.711323 91.90824 11.078439
v -43.01231 116.77276 -49.500412
v -43.66359 114.85382 -43.079964
v -40.540226 120.54233 2.7593625
v -38.91093 124.13851 3.064252
v -51.899097 88.11324 76.09972
v -51.801292 88.391304 75.665276
v -51.899097 88.13357 75.70093
v -43.662445 108.8878 74.207924
v -42.153217 113.24504 61.180542
v -43.719666 109.70711 61.0843
v -45.150948 105.462006 74.17533
v -49.26461 98.23562 10.309144
v -51.899097 91.398384 11.6340275
v -49.274868 98.05036 13.562064
v -43.66359 114.85382 -43.079964
v -43.01231 116.77276 -49.500412
v -44.12436 114.01464 -49.842278
v -51.899097 94.65321 -52.242107
v -49.090454 101.382126 -44.94039
v -49.070206 101.74789 -51.77246
v 0.1626745 77.602104 163.47133
v 0.1626745 77.67815 162.61226
v -31.256216 77.76635 162.62387
v -31.745573 77.69031 163.48294
v -31.329018 80.111664 163.8016
v -30.856503 80.18771 162.94254
v -31.745573 77.69031 163.48294
v -31.256216 77.76635 162.62387
v -50.30396 81.17467 144.76709
v -51.595818 81.09862 145.62616
v -51.595818 81.09862 145.62616
v -50.30396 81.17467 144.76709
v -50.625313 85.09288 144.71886
v -51.93071 85.01683 145.57794
v -51.93071 85.01683 145.57794
v -50.625313 85.09288 144.71886
v -30.856503 80.18771 162.94254
v -31.329018 80.111664 163.8016
v -50.096664 61.953312 -136.39125
v -50.037834 63.895027 -158.67522
v -44.89898 63.333244 -152.41785
v -47.66777 61.957043 -136.62396
v -50.037834 63.895027 -158.67522
v 0.1626745 63.895027 -158.67522
v 0.1626745 63.870636 -158.40356
v -19.466238 63.333244 -152.41785
v -44.89898 63.333244 -152.41785
v -19.466238 63.333244 -152.41785
v -47.66777 57.772285 -136.62396
v -54.174053 57.469734 -131.22209
v -48.781822 57.469738 -131.22209
v -50.037834 63.895027 -158.67522
v -51.61208 95.07186 -163.01108
v 0.1626745 95.07186 -163.01108
v 0.1626745 63.895027 -158.67522
v 0.1626745 100.28361 -163.73587
v -51.397675 100.283615 -163.7359
v -51.899097 100.756035 -163.8016
v 0.1626745 100.756035 -163.80159
v -51.397675 100.283615 -163.7359
v -51.158367 95.54428 -163.07678
v -51.61208 95.07186 -163.01108
v -51.899097 100.756035 -163.8016
v -51.158367 95.54428 -163.07678
v 0.1626745 95.54428 -163.07678
v 0.1626745 95.07186 -163.01108
v -51.61208 95.07186 -163.01108
v -51.899097 88.13357 75.70093
v -51.801292 88.391304 75.665276
v -49.437546 95.1115 65.16556
v -49.274868 98.05036 13.562064
v -51.899097 91.398384 11.6340275
v -51.801292 88.391304 75.665276
v -49.467953 94.56216 74.811485
v -49.437546 95.1115 65.16556
v -49.693012 54.568535 75.69472
v -51.899097 88.13357 75.70093
v -51.899097 91.398384 11.6340275
v -49.693012 56.016537 13.596088
v -51.711323 91.90824 11.078439
v -51.899097 91.421715 11.176222
v -51.899097 91.398384 11.6340275
v -51.711323 91.90824 11.078439
v -49.263012 98.264565 9.8008995
v -49.244026 98.60756 3.7782505
v -51.899097 88.11324 76.09972
v -51.93071 85.01683 145.57794
v -49.628395 91.66374 125.704834
v -49.59406 92.284004 114.813644
v -49.47605 94.41584 77.38065
v -45.773746 101.546974 -158.15717
v -51.899097 100.756035 -163.8016
v -43.01231 116.77276 -49.500412
v -37.73616 115.98182 -55.144836
v -45.871826 47.41049 13.596088
v -45.87183 47.073322 75.99127
v -49.693012 54.568535 75.69472
v -49.693012 56.016537 13.596088
v -45.87182 47.972435 -50.277172
v -49.676865 57.260113 -50.78358
v -49.290237 56.836693 -62.84876
v -45.871826 47.97243 -62.28682
v -45.871826 47.414246 13.17187
v -49.693012 56.02562 13.136054
v -49.693005 57.277786 -50.280033
v -45.87182 47.972435 -49.830486
v -51.43007 90.74627 -47.97912
v -51.917503 90.64517 -47.97912
v -52.0185 93.54348 -47.85584
v -51.531067 93.64458 -47.85584
v -51.917503 90.64517 -47.97912
v -51.89948 90.12801 -35.805756
v -52.00048 93.02632 -35.682476
v -52.0185 93.54348 -47.85584
v -51.89948 90.12801 -35.805756
v -51.41205 90.22911 -35.805756
v -51.513046 93.12742 -35.682476
v -52.00048 93.02632 -35.682476
v -51.43007 90.74627 -47.97912
v -51.41205 90.22911 -35.805756
v -51.89948 90.12801 -35.805756
v -51.917503 90.64517 -47.97912
v -52.0185 93.54348 -47.85584
v -52.00048 93.02632 -35.682476
v -51.513046 93.12742 -35.682476
v -51.531067 93.64458 -47.85584
v -51.43007 87.57244 16.395641
v -51.917503 87.471344 16.395641
v -52.0185 90.36965 16.518919
v -51.531067 90.47075 16.518919
v -51.917503 87.471344 16.395641
v -51.89948 86.954185 28.569002
v -52.00048 89.85249 28.69228
v -52.0185 90.36965 16.518919
v -51.89948 86.954185 28.569002
v -51.41205 87.05528 28.569002
v -51.513046 89.95359 28.69228
v -52.00048 89.85249 28.69228
v -51.43007 87.57244 16.395641
v -51.41205 87.05528 28.569002
v -51.89948 86.954185 28.569002
v -51.917503 87.471344 16.395641
v -52.0185 90.36965 16.518919
v -52.00048 89.85249 28.69228
v -51.513046 89.95359 28.69228
v -51.531067 90.47075 16.518919
v -38.133827 124.84926 26.485966
v -37.506172 126.66135 21.06814
v -39.312622 122.778114 20.775915
v 51.014103 74.98497 -127.569984
v 51.015385 74.975845 -135.35896
v 51.374504 82.85441 -135.35896
v 51.3764 82.9604 -121.87262
# 479 vertices

vn 0.68754077 -0.016886195 0.7259494
vn 0.68754077 -0.016886195 0.7259494
vn 0.68754077 -0.016886195 0.7259494
vn 0.68754077 -0.016886195 0.7259494
vn 0.9985933 -0.053021096 -0.000571215
vn 0.9985933 -0.053021096 -0.000571215
vn 0.9985933 -0.053021096 -0.000571215
vn 0.9985933 -0.053021096 -0.000571215
vn 0.9985933 -0.053021096 -0.000571215
vn 0.9985933 -0.053021096 -0.000571215
vn 0.9985933 -0.053021096 -0.000571215
vn 0.9344304 0.3557249 0.017312761
vn 0.9344304 0.3557249 0.017312761
vn 0.9344304 0.3557249 0.017312761
vn 0.9983863 -0.05661118 -0.004463081
vn 0.9983863 -0.05661118 -0.004463081
vn 0.9983863 -0.05661118 -0.004463081
vn 0.9983863 -0.05661118 -0.004463081
vn 0.9983863 -0.05661118 -0.004463081
vn 0.9983863 -0.05661118 -0.004463081
vn 0.9983863 -0.05661118 -0.004463081
vn 0.9983863 -0.05661118 -0.004463081
vn 0.9983863 -0.05661118 -0.004463081
vn 0.9983863 -0.05661118 -0.004463081
vn 0.9983863 -0.05661118 -0.004463081
vn 0.9983863 -0.05661118 -0.004463081
vn -3.5935215E-09 -0.13047974 0.9914511
vn -3.5935215E-09 -0.13047974 0.9914511
vn -3.5935215E-09 -0.13047974 0.9914511
vn -3.5935215E-09 -0.13047974 0.9914511
vn 4.4370278E-08 0.94836 0.31719607
vn 4.4370278E-08 0.94836 0.31719607
vn 4.4370278E-08 0.94836 0.31719607
vn 4.4370278E-08 0.94836 0.31719607
vn 4.4370278E-08 0.94836 0.31719607
vn 4.4370278E-08 0.94836 0.31719607
vn 4.4370278E-08 0.94836 0.31719607
vn -4.4301053E-08 0.9903245 -0.13877125
vn -4.4301053E-08 0.9903245 -0.13877125
vn -4.4301053E-08 0.9903245 -0.13877125
vn -4.4301053E-08 0.9903245 -0.13877125
vn 0 0.99032444 -0.13877144
vn 0 0.99032444 -0.13877144
vn 0 0.99032444 -0.13877144
vn 0 0.99032444 -0.13877144
vn 0.928584 0.3705746 0.020157997
vn 0.928584 0.3705746 0.020157997
vn 0.928584 0.3705746 0.020157997
vn 0.928584 0.3705746 0.020157997
vn 0.928584 0.3705746 0.020157997
vn 0.9084976 0.4177401 0.011204595
vn 0.9084976 0.4177401 0.011204595
vn 0.9084976 0.4177401 0.011204595
vn 0.9084976 0.4177401 0.011204595
vn 0.9219314 0.3866442 0.023425492
vn 0.9219314 0.3866442 0.023425492
vn 0.9219314 0.3866442 0.023425492
vn 0.9219314 0.3866442 0.023425492
vn 0.9219314 0.3866442 0.023425492
vn 0.99815774 -0.060634386 -0.0021435025
vn 0.99815774 -0.060634386 -0.0021435025
vn 0.99815774 -0.060634386 -0.0021435025
vn 0.99815774 -0.060634386 -0.0021435025
vn 0.9107923 0.41153866 0.033066463
vn 0.9107923 0.41153866 0.033066463
vn 0.9107923 0.41153866 0.033066463
vn 0.9107923 0.41153866 0.033066463
vn 0 0.96563184 0.2599138
vn 0 0.96563184 0.2599138
vn 0 0.96563184 0.2599138
vn 0 0.96563184 0.2599138
vn 0.635305 -0.4566882 0.6227548
vn 0.635305 -0.4566882 0.6227548
vn 0.635305 -0.4566882 0.6227548
vn 0.635305 -0.4566882 0.6227548
vn 0 -0.55985856 0.82858825
vn 0 -0.55985856 0.82858825
vn 0 -0.55985856 0.82858825
vn 0 -0.55985856 0.82858825
vn 0.9999978 0.0013048345 -0.0016527853
vn 0.9999978 0.0013048345 -0.0016527853
vn 0.9999978 0.0013048345 -0.0016527853
vn 0.91065896 0.41298494 0.011994314
vn 0.91065896 0.41298494 0.011994314
vn 0.91065896 0.41298494 0.011994314
vn 0.91065896 0.41298494 0.011994314
vn 0.9306195 0.36553037 0.018304633
vn 0.9306195 0.36553037 0.018304633
vn 0.9306195 0.36553037 0.018304633
vn 0.9306195 0.36553037 0.018304633
vn 0.9306195 0.36553037 0.018304633
vn 0.9180818 0.3961124 0.014856663
vn 0.9180818 0.3961124 0.014856663
vn 0.9180818 0.3961124 0.014856663
vn 0.9180818 0.3961124 0.014856663
vn 0.93395567 0.3569258 0.01818873
vn 0.93395567 0.3569258 0.01818873
vn 0.93395567 0.3569258 0.01818873
vn 0.9155668 0.40111682 0.029033534
vn 0.9155668 0.40111682 0.029033534
vn 0.9155668 0.40111682 0.029033534
vn 0.9155668 0.40111682 0.029033534
vn 0.9318248 0.36247656 0.017705578
vn 0.9318248 0.36247656 0.017705578
vn 0.9318248 0.36247656 0.017705578
vn 0.92804956 0.3720659 0.017062923
vn 0.92804956 0.3720659 0.017062923
vn 0.92804956 0.3720659 0.017062923
vn 0.92913395 0.3693515 0.017019778
vn 0.92913395 0.3693515 0.017019778
vn 0.92913395 0.3693515 0.017019778
vn -0.0028072207 0.9960305 0.08896898
vn -0.0028072207 0.9960305 0.08896898
vn -0.0028072207 0.9960305 0.08896898
vn -0.0028072207 0.9960305 0.08896898
vn 0 -0.9961049 -0.08817681
vn 0 -0.9961049 -0.08817681
vn 0 -0.9961049 -0.08817681
vn 0 -0.9961049 -0.08817681
vn -0.047635056 0.9894293 0.13696931
vn -0.047635056 0.9894293 0.13696931
vn -0.047635056 0.9894293 0.13696931
vn -0.047635056 0.9894293 0.13696931
vn -0.5485633 0.0562053 0.8342177
vn -0.5485633 0.0562053 0.8342177
vn -0.5485633 0.0562053 0.8342177
vn -0.5485633 0.0562053 0.8342177
vn 0.08275895 -0.98152256 -0.17252402
vn 0.08275895 -0.98152256 -0.17252402
vn 0.08275895 -0.98152256 -0.17252402
vn 0.08275895 -0.98152256 -0.17252402
vn 0.0041125906 -0.9961903 -0.08710856
vn 0.0041125906 -0.9961903 -0.08710856
vn 0.0041125906 -0.9961903 -0.08710856
vn 0.0041125906 -0.9961903 -0.08710856
vn -3.1688813E-08 -0.9959941 -0.08941918
vn -3.1688813E-08 -0.9959941 -0.08941918
vn -3.1688813E-08 -0.9959941 -0.08941918
vn -3.1688813E-08 -0.9959941 -0.08941918
vn -3.1688813E-08 -0.9959941 -0.08941918
vn 0 -0.99599415 -0.08941949
vn 0 -0.99599415 -0.08941949
vn 0 -0.99599415 -0.08941949
vn 6.1071677E-07 0.9984353 0.055920232
vn 6.1071677E-07 0.9984353 0.055920232
vn 6.1071677E-07 0.9984353 0.055920232
vn -1.04365576E-07 -0.1377473 -0.9904675
vn -1.04365576E-07 -0.1377473 -0.9904675
vn -1.04365576E-07 -0.1377473 -0.9904675
vn -1.04365576E-07 -0.1377473 -0.9904675
vn -4.0854155E-07 -0.13775507 -0.9904664
vn -4.0854155E-07 -0.13775507 -0.9904664
vn -4.0854155E-07 -0.13775507 -0.9904664
vn -4.0854155E-07 -0.13775507 -0.9904664
vn 0 -0.13774791 -0.9904673
vn 0 -0.13774791 -0.9904673
vn 0 -0.13774791 -0.9904673
vn 0 -0.13774791 -0.9904673
vn -2.0348027E-07 -0.13775538 -0.9904663
vn -2.0348027E-07 -0.13775538 -0.9904663
vn -2.0348027E-07 -0.13775538 -0.9904663
vn -2.0348027E-07 -0.13775538 -0.9904663
vn 0.93298537 0.35946545 0.017968101
vn 0.93298537 0.35946545 0.017968101
vn 0.93298537 0.35946545 0.017968101
vn 0.93298537 0.35946545 0.017968101
vn 0.93298537 0.35946545 0.017968101
vn 0.9344303 0.35572496 0.017313322
vn 0.9344303 0.35572496 0.017313322
vn 0.9344303 0.35572496 0.017313322
vn 0.9979515 -0.06393046 -0.0023880757
vn 0.9979515 -0.06393046 -0.0023880757
vn 0.9979515 -0.06393046 -0.0023880757
vn 0.9979515 -0.06393046 -0.0023880757
vn 0.9315131 0.36323676 0.018508764
vn 0.9315131 0.36323676 0.018508764
vn 0.9315131 0.36323676 0.018508764
vn 0.93182486 0.36247635 0.01770573
vn 0.93182486 0.36247635 0.01770573
vn 0.93182486 0.36247635 0.01770573
vn 0.9313686 0.363699 0.016602097
vn 0.9313686 0.363699 0.016602097
vn 0.9313686 0.363699 0.016602097
vn 0.9313686 0.363699 0.016602097
vn 0.9313686 0.363699 0.016602097
vn -1.9476006E-07 0.9903245 -0.13877158
vn -1.9476006E-07 0.9903245 -0.13877158
vn -1.9476006E-07 0.9903245 -0.13877158
vn -1.9476006E-07 0.9903245 -0.13877158
vn 0.9033411 -0.4288787 -0.006149894
vn 0.9033411 -0.4288787 -0.006149894
vn 0.9033411 -0.4288787 -0.006149894
vn 0.9033411 -0.4288787 -0.006149894
vn 0.9289311 -0.37015742 -0.0084076
vn 0.9289311 -0.37015742 -0.0084076
vn 0.9289311 -0.37015742 -0.0084076
vn 0.9289311 -0.37015742 -0.0084076
vn 0.91974753 -0.3924703 -0.0056203846
vn 0.91974753 -0.3924703 -0.0056203846
vn 0.91974753 -0.3924703 -0.0056203846
vn 0.91974753 -0.3924703 -0.0056203846
vn 0.008750224 0.042190153 -0.9990713
vn 0.008750224 0.042190153 -0.9990713
vn 0.008750224 0.042190153 -0.9990713
vn 0.008750224 0.042190153 -0.9990713
vn 0.9993934 -0.034826532 -1.976134E-08
vn 0.9993934 -0.034826532 -1.976134E-08
vn 0.9993934 -0.034826532 -1.976134E-08
vn 0.9993934 -0.034826532 -1.976134E-08
vn -0.008750223 -0.04219015 0.9990713
vn -0.008750223 -0.04219015 0.9990713
vn -0.008750223 -0.04219015 0.9990713
vn -0.008750223 -0.04219015 0.9990713
vn -0.20289963 -0.9783044 -0.041861523
vn -0.20289963 -0.9783044 -0.041861523
vn -0.20289963 -0.9783044 -0.041861523
vn -0.20289963 -0.9783044 -0.041861523
vn 0.20290026 0.9783042 0.041861486
vn 0.20290026 0.9783042 0.041861486
vn 0.20290026 0.9783042 0.041861486
vn 0.20290026 0.9783042 0.041861486
vn 0.008750203 0.042190153 -0.9990713
vn 0.008750203 0.042190153 -0.9990713
vn 0.008750203 0.042190153 -0.9990713
vn 0.008750203 0.042190153 -0.9990713
vn 0.9993934 -0.034826532 -1.976134E-08
vn 0.9993934 -0.034826532 -1.976134E-08
vn 0.9993934 -0.034826532 -1.976134E-08
vn 0.9993934 -0.034826532 -1.976134E-08
vn -0.008750193 -0.042190153 0.9990713
vn -0.008750193 -0.042190153 0.9990713
vn -0.008750193 -0.042190153 0.9990713
vn -0.008750193 -0.042190153 0.9990713
vn -0.20289932 -0.9783044 -0.041861508
vn -0.20289932 -0.9783044 -0.041861508
vn -0.20289932 -0.9783044 -0.041861508
vn -0.20289932 -0.9783044 -0.041861508
vn 0.20289963 0.9783044 0.041861523
vn 0.20289963 0.9783044 0.041861523
vn 0.20289963 0.9783044 0.041861523
vn 0.20289963 0.9783044 0.041861523
vn 0.90714306 0.41935042 0.03516629
vn 0.90714306 0.41935042 0.03516629
vn 0.90714306 0.41935042 0.03516629
vn -0.68754077 -0.016886195 0.7259494
vn -0.68754077 -0.016886195 0.7259494
vn -0.68754077 -0.016886195 0.7259494
vn -0.68754077 -0.016886195 0.7259494
vn -0.99859333 -0.053021125 -0.00057121506
vn -0.99859333 -0.053021125 -0.00057121506
vn -0.99859333 -0.053021125 -0.00057121506
vn -0.99859333 -0.053021125 -0.00057121506
vn -0.99859333 -0.053021125 -0.00057121506
vn -0.99859333 -0.053021125 -0.00057121506
vn -0.99859333 -0.053021125 -0.00057121506
vn -0.9344304 0.3557249 0.017312799
vn -0.9344304 0.3557249 0.017312799
vn -0.9344304 0.3557249 0.017312799
vn -0.99840975 -0.05621002 -0.0042934893
vn -0.99840975 -0.05621002 -0.0042934893
vn -0.99840975 -0.05621002 -0.0042934893
vn -0.99840975 -0.05621002 -0.0042934893
vn -0.99840975 -0.05621002 -0.0042934893
vn -0.99840975 -0.05621002 -0.0042934893
vn -0.99840975 -0.05621002 -0.0042934893
vn -0.99840975 -0.05621002 -0.0042934893
vn -0.99840975 -0.05621002 -0.0042934893
vn 3.5935215E-09 -0.13047974 0.9914511
vn 3.5935215E-09 -0.13047974 0.9914511
vn 3.5935215E-09 -0.13047974 0.9914511
vn 3.5935215E-09 -0.13047974 0.9914511
vn -3.8823977E-08 0.94836 0.31719595
vn -3.8823977E-08 0.94836 0.31719595
vn -3.8823977E-08 0.94836 0.31719595
vn -3.8823977E-08 0.94836 0.31719595
vn -3.8823977E-08 0.94836 0.31719595
vn -3.8823977E-08 0.94836 0.31719595
vn -3.8823977E-08 0.94836 0.31719595
vn 4.4301053E-08 0.9903245 -0.13877125
vn 4.4301053E-08 0.9903245 -0.13877125
vn 4.4301053E-08 0.9903245 -0.13877125
vn 4.4301053E-08 0.9903245 -0.13877125
vn 0 0.99032444 -0.13877144
vn 0 0.99032444 -0.13877144
vn -0.928584 0.3705746 0.020157978
vn -0.928584 0.3705746 0.020157978
vn -0.928584 0.3705746 0.020157978
vn -0.928584 0.3705746 0.020157978
vn -0.928584 0.3705746 0.020157978
vn -0.9084976 0.4177401 0.011204595
vn -0.9084976 0.4177401 0.011204595
vn -0.9084976 0.4177401 0.011204595
vn -0.9084976 0.4177401 0.011204595
vn -0.92193145 0.38664424 0.023425587
vn -0.92193145 0.38664424 0.023425587
vn -0.92193145 0.38664424 0.023425587
vn -0.92193145 0.38664424 0.023425587
vn -0.92193145 0.38664424 0.023425587
vn -0.99815774 -0.060634386 -0.0021435025
vn -0.99815774 -0.060634386 -0.0021435025
vn -0.99815774 -0.060634386 -0.0021435025
vn -0.99815774 -0.060634386 -0.0021435025
vn -0.9107923 0.41153866 0.033066463
vn -0.9107923 0.41153866 0.033066463
vn -0.9107923 0.41153866 0.033066463
vn -0.9107923 0.41153866 0.033066463
vn 0 0.96563184 0.2599138
vn 0 0.96563184 0.2599138
vn -0.635305 -0.4566882 0.6227548
vn -0.635305 -0.4566882 0.6227548
vn -0.635305 -0.4566882 0.6227548
vn -0.635305 -0.4566882 0.6227548
vn 0 -0.55985856 0.82858825
vn 0 -0.55985856 0.82858825
vn -0.9999978 0.0013048345 -0.0016527853
vn -0.9999978 0.0013048345 -0.0016527853
vn -0.9999978 0.0013048345 -0.0016527853
vn -0.91065896 0.41298494 0.011994314
vn -0.91065896 0.41298494 0.011994314
vn -0.91065896 0.41298494 0.011994314
vn -0.91065896 0.41298494 0.011994314
vn -0.9306195 0.36553037 0.018304607
vn -0.9306195 0.36553037 0.018304607
vn -0.9306195 0.36553037 0.018304607
vn -0.9306195 0.36553037 0.018304607
vn -0.9306195 0.36553037 0.018304607
vn -0.9180818 0.3961124 0.014856663
vn -0.9180818 0.3961124 0.014856663
vn -0.9180818 0.3961124 0.014856663
vn -0.9180818 0.3961124 0.014856663
vn -0.93395567 0.3569258 0.018188732
vn -0.93395567 0.3569258 0.018188732
vn -0.93395567 0.3569258 0.018188732
vn -0.9155668 0.40111682 0.029033534
vn -0.9155668 0.40111682 0.029033534
vn -0.9155668 0.40111682 0.029033534
vn -0.9155668 0.40111682 0.029033534
vn -0.9318248 0.36247656 0.017705569
vn -0.9318248 0.36247656 0.017705569
vn -0.9318248 0.36247656 0.017705569
vn -0.9280495 0.37206593 0.017062925
vn -0.9280495 0.37206593 0.017062925
vn -0.9280495 0.37206593 0.017062925
vn -0.92913395 0.3693515 0.017019778
vn -0.92913395 0.3693515 0.017019778
vn -0.92913395 0.3693515 0.017019778
vn 0.0028072207 0.9960305 0.08896898
vn 0.0028072207 0.9960305 0.08896898
vn 0.0028072207 0.9960305 0.08896898
vn 0.0028072207 0.9960305 0.08896898
vn 0 -0.9961049 -0.08817681
vn 0 -0.9961049 -0.08817681
vn 0.047635056 0.9894293 0.13696931
vn 0.047635056 0.9894293 0.13696931
vn 0.047635056 0.9894293 0.13696931
vn 0.047635056 0.9894293 0.13696931
vn 0.5485633 0.0562053 0.8342177
vn 0.5485633 0.0562053 0.8342177
vn 0.5485633 0.0562053 0.8342177
vn 0.5485633 0.0562053 0.8342177
vn -0.08275895 -0.98152256 -0.17252402
vn -0.08275895 -0.98152256 -0.17252402
vn -0.08275895 -0.98152256 -0.17252402
vn -0.08275895 -0.98152256 -0.17252402
vn -0.0041125906 -0.9961903 -0.08710856
vn -0.0041125906 -0.9961903 -0.08710856
vn -0.0041125906 -0.9961903 -0.08710856
vn -0.0041125906 -0.9961903 -0.08710856
vn 0 -0.9959941 -0.08941918
vn 0 -0.9959941 -0.08941918
vn 0 -0.9959941 -0.08941918
vn 0 -0.9959941 -0.08941918
vn 0 -0.9959941 -0.08941918
vn 0 -0.99599415 -0.08941949
vn -6.1071665E-07 0.99843526 0.05592023
vn -6.1071665E-07 0.99843526 0.05592023
vn -6.1071665E-07 0.99843526 0.05592023
vn 1.04365576E-07 -0.1377473 -0.9904675
vn 1.04365576E-07 -0.1377473 -0.9904675
vn 1.04365576E-07 -0.1377473 -0.9904675
vn 1.04365576E-07 -0.1377473 -0.9904675
vn 4.0854155E-07 -0.13775507 -0.9904664
vn 4.0854155E-07 -0.13775507 -0.9904664
vn 4.0854155E-07 -0.13775507 -0.9904664
vn 4.0854155E-07 -0.13775507 -0.9904664
vn 0 -0.13774791 -0.9904673
vn 0 -0.13774791 -0.9904673
vn 0 -0.13774791 -0.9904673
vn 0 -0.13774791 -0.9904673
vn 2.0348027E-07 -0.13775538 -0.9904663
vn 2.0348027E-07 -0.13775538 -0.9904663
vn 2.0348027E-07 -0.13775538 -0.9904663
vn 2.0348027E-07 -0.13775538 -0.9904663
vn -0.93298537 0.35946548 0.017968101
vn -0.93298537 0.35946548 0.017968101
vn -0.93298537 0.35946548 0.017968101
vn -0.93298537 0.35946548 0.017968101
vn -0.93298537 0.35946548 0.017968101
vn -0.93443036 0.35572496 0.017313322
vn -0.93443036 0.35572496 0.017313322
vn -0.93443036 0.35572496 0.017313322
vn -0.9979515 -0.06393046 -0.0023880757
vn -0.9979515 -0.06393046 -0.0023880757
vn -0.9979515 -0.06393046 -0.0023880757
vn -0.9979515 -0.06393046 -0.0023880757
vn -0.9315131 0.36323676 0.018508764
vn -0.9315131 0.36323676 0.018508764
vn -0.9315131 0.36323676 0.018508764
vn -0.9318248 0.36247632 0.017705727
vn -0.9318248 0.36247632 0.017705727
vn -0.9318248 0.36247632 0.017705727
vn -0.9313686 0.363699 0.016602056
vn -0.9313686 0.363699 0.016602056
vn -0.9313686 0.363699 0.016602056
vn -0.9313686 0.363699 0.016602056
vn -0.9313686 0.363699 0.016602056
vn 1.9476006E-07 0.9903245 -0.13877158
vn 1.9476006E-07 0.9903245 -0.13877158
vn 1.9476006E-07 0.9903245 -0.13877158
vn 1.9476006E-07 0.9903245 -0.13877158
vn -0.9033411 -0.4288787 -0.006149894
vn -0.9033411 -0.4288787 -0.006149894
vn -0.9033411 -0.4288787 -0.006149894
vn -0.9033411 -0.4288787 -0.006149894
vn -0.9289311 -0.37015742 -0.0084076
vn -0.9289311 -0.37015742 -0.0084076
vn -0.9289311 -0.37015742 -0.0084076
vn -0.9289311 -0.37015742 -0.0084076
vn -0.91974753 -0.3924703 -0.0056203846
vn -0.91974753 -0.3924703 -0.0056203846
vn -0.91974753 -0.3924703 -0.0056203846
vn -0.91974753 -0.3924703 -0.0056203846
vn -0.008750224 0.042190153 -0.9990713
vn -0.008750224 0.042190153 -0.9990713
vn -0.008750224 0.042190153 -0.9990713
vn -0.008750224 0.042190153 -0.9990713
vn -0.9993934 -0.034826532 -1.976134E-08
vn -0.9993934 -0.034826532 -1.976134E-08
vn -0.9993934 -0.034826532 -1.976134E-08
vn -0.9993934 -0.034826532 -1.976134E-08
vn 0.008750223 -0.04219015 0.9990713
vn 0.008750223 -0.04219015 0.9990713
vn 0.008750223 -0.04219015 0.9990713
vn 0.008750223 -0.04219015 0.9990713
vn 0.20289963 -0.9783044 -0.041861523
vn 0.20289963 -0.9783044 -0.041861523
vn 0.20289963 -0.9783044 -0.041861523
vn 0.20289963 -0.9783044 -0.041861523
vn -0.20290026 0.9783042 0.041861486
vn -0.20290026 0.9783042 0.041861486
vn -0.20290026 0.9783042 0.041861486
vn -0.20290026 0.9783042 0.041861486
vn -0.008750203 0.042190153 -0.9990713
vn -0.008750203 0.042190153 -0.9990713
vn -0.008750203 0.042190153 -0.9990713
vn -0.008750203 0.042190153 -0.9990713
vn -0.9993934 -0.034826532 -1.976134E-08
vn -0.9993934 -0.034826532 -1.976134E-08
vn -0.9993934 -0.034826532 -1.976134E-08
vn -0.9993934 -0.034826532 -1.976134E-08
vn 0.008750193 -0.042190153 0.9990713
vn 0.008750193 -0.042190153 0.9990713
vn 0.008750193 -0.042190153 0.9990713
vn 0.008750193 -0.042190153 0.9990713
vn 0.20289932 -0.9783044 -0.041861508
vn 0.20289932 -0.9783044 -0.041861508
vn 0.20289932 -0.9783044 -0.041861508
vn 0.20289932 -0.9783044 -0.041861508
vn -0.20289963 0.9783044 0.041861523
vn -0.20289963 0.9783044 0.041861523
vn -0.20289963 0.9783044 0.041861523
vn -0.20289963 0.9783044 0.041861523
vn -0.90714306 0.41935042 0.035166293
vn -0.90714306 0.41935042 0.035166293
vn -0.90714306 0.41935042 0.035166293
vn 0.9989628 -0.045534395 0.00021753098
vn 0.9989628 -0.045534395 0.00021753098
vn 0.9989628 -0.045534395 0.00021753098
vn 0.9989628 -0.045534395 0.00021753098
# 479 vertex normals

usemtl Material
s 1
f 12//12 13//13 14//14
f 80//80 81//81 82//82
f 96//96 97//97 98//98
f 103//103 104//104 105//105
f 106//106 107//107 108//108
f 109//109 110//110 111//111
f 141//141 142//142 143//143
f 144//144 145//145 146//146
f 168//168 169//169 170//170
f 175//175 176//176 177//177
f 178//178 179//179 180//180
f 242//242 243//243 244//244
f 256//256 257//257 258//258
f 315//315 316//316 317//317
f 331//331 332//332 333//333
f 338//338 339//339 340//340
f 341//341 342//342 343//343
f 344//344 345//345 346//346
f 374//374 143//143 142//142
f 375//375 376//376 377//377
f 399//399 400//400 401//401
f 406//406 407//407 408//408
f 409//409 410//410 411//411
f 473//473 474//474 475//475
f 1//1 2//2 3//3
f 1//1 3//3 4//4
f 27//27 28//28 29//29
f 27//27 29//29 30//30
f 38//38 39//39 40//40
f 38//38 40//40 41//41
f 42//42 43//43 44//44
f 42//42 44//44 45//45
f 51//51 52//52 53//53
f 51//51 53//53 54//54
f 60//60 61//61 62//62
f 60//60 62//62 63//63
f 64//64 65//65 66//66
f 64//64 66//66 67//67
f 68//68 69//69 70//70
f 68//68 70//70 71//71
f 72//72 73//73 74//74
f 72//72 74//74 75//75
f 76//76 77//77 78//78
f 76//76 78//78 79//79
f 83//83 84//84 85//85
f 83//83 85//85 86//86
f 92//92 93//93 94//94
f 92//92 94//94 95//95
f 99//99 100//100 101//101
f 99//99 101//101 102//102
f 112//112 113//113 114//114
f 112//112 114//114 115//115
f 116//116 117//117 118//118
f 116//116 118//118 119//119
f 120//120 121//121 122//122
f 120//120 122//122 123//123
f 124//124 125//125 126//126
f 124//124 126//126 127//127
f 128//128 129//129 130//130
f 128//128 130//130 131//131
f 132//132 133//133 134//134
f 132//132 134//134 135//135
f 147//147 148//148 149//149
f 147//147 149//149 150//150
f 151//151 152//152 153//153
f 151//151 153//153 154//154
f 155//155 156//156 157//157
f 155//155 157//157 158//158
f 159//159 160//160 161//161
f 159//159 161//161 162//162
f 171//171 172//172 173//173
f 171//171 173//173 174//174
f 186//186 187//187 188//188
f 186//186 188//188 189//189
f 190//190 191//191 192//192
f 190//190 192//192 193//193
f 194//194 195//195 196//196
f 194//194 196//196 197//197
f 198//198 199//199 200//200
f 198//198 200//200 201//201
f 202//202 203//203 204//204
f 202//202 204//204 205//205
f 206//206 207//207 208//208
f 206//206 208//208 209//209
f 210//210 211//211 212//212
f 210//210 212//212 213//213
f 214//214 215//215 216//216
f 214//214 216//216 217//217
f 218//218 219//219 220//220
f 218//218 220//220 221//221
f 222//222 223//223 224//224
f 222//222 224//224 225//225
f 226//226 227//227 228//228
f 226//226 228//228 229//229
f 230//230 231//231 232//232
f 230//230 232//232 233//233
f 234//234 235//235 236//236
f 234//234 236//236 237//237
f 238//238 239//239 240//240
f 238//238 240//240 241//241
f 245//245 246//246 247//247
f 245//245 247//247 248//248
f 268//268 269//269 270//270
f 268//268 270//270 271//271
f 279//279 280//280 281//281
f 279//279 281//281 282//282
f 283//283 284//284 44//44
f 283//283 44//44 43//43
f 290//290 291//291 292//292
f 290//290 292//292 293//293
f 299//299 300//300 301//301
f 299//299 301//301 302//302
f 303//303 304//304 305//305
f 303//303 305//305 306//306
f 307//307 308//308 70//70
f 307//307 70//70 69//69
f 309//309 310//310 311//311
f 309//309 311//311 312//312
f 76//76 79//79 313//313
f 76//76 313//313 314//314
f 318//318 319//319 320//320
f 318//318 320//320 321//321
f 327//327 328//328 329//329
f 327//327 329//329 330//330
f 334//334 335//335 336//336
f 334//334 336//336 337//337
f 347//347 348//348 349//349
f 347//347 349//349 350//350
f 351//351 352//352 118//118
f 351//351 118//118 117//117
f 353//353 354//354 355//355
f 353//353 355//355 356//356
f 357//357 358//358 359//359
f 357//357 359//359 360//360
f 361//361 362//362 363//363
f 361//361 363//363 364//364
f 365//365 366//366 367//367
f 365//365 367//367 368//368
f 378//378 379//379 380//380
f 378//378 380//380 381//381
f 382//382 383//383 384//384
f 382//382 384//384 385//385
f 386//386 387//387 388//388
f 386//386 388//388 389//389
f 390//390 391//391 392//392
f 390//390 392//392 393//393
f 402//402 403//403 404//404
f 402//402 404//404 405//405
f 417//417 418//418 419//419
f 417//417 419//419 420//420
f 421//421 422//422 423//423
f 421//421 423//423 424//424
f 425//425 426//426 427//427
f 425//425 427//427 428//428
f 429//429 430//430 431//431
f 429//429 431//431 432//432
f 433//433 434//434 435//435
f 433//433 435//435 436//436
f 437//437 438//438 439//439
f 437//437 439//439 440//440
f 441//441 442//442 443//443
f 441//441 443//443 444//444
f 445//445 446//446 447//447
f 445//445 447//447 448//448
f 449//449 450//450 451//451
f 449//449 451//451 452//452
f 453//453 454//454 455//455
f 453//453 455//455 456//456
f 457//457 458//458 459//459
f 457//457 459//459 460//460
f 461//461 462//462 463//463
f 461//461 463//463 464//464
f 465//465 466//466 467//467
f 465//465 467//467 468//468
f 469//469 470//470 471//471
f 469//469 471//471 472//472
f 476//476 477//477 478//478
f 476//476 478//478 479//479
f 11//11 9//9 10//10
f 9//9 11//11 5//5
f 8//8 6//6 7//7
f 6//6 8//8 9//9
f 6//6 9//9 5//5
f 24//24 20//20 23//23
f 20//20 24//24 19//19
f 19//19 24//24 18//18
f 18//18 24//24 26//26
f 26//26 24//24 25//25
f 17//17 15//15 16//16
f 15//15 17//17 26//26
f 26//26 17//17 18//18
f 23//23 21//21 22//22
f 21//21 23//23 20//20
f 34//34 32//32 33//33
f 32//32 34//34 35//35
f 32//32 35//35 36//36
f 32//32 36//36 37//37
f 32//32 37//37 31//31
f 46//46 49//49 50//50
f 49//49 46//46 47//47
f 49//49 47//47 48//48
f 55//55 58//58 59//59
f 58//58 55//55 56//56
f 58//58 56//56 57//57
f 90//90 88//88 89//89
f 88//88 90//90 87//87
f 87//87 90//90 91//91
f 137//137 140//140 136//136
f 140//140 137//137 139//139
f 139//139 137//137 138//138
f 164//164 167//167 163//163
f 167//167 164//164 166//166
f 166//166 164//164 165//165
f 181//181 184//184 185//185
f 184//184 181//181 183//183
f 183//183 181//181 182//182
f 255//255 253//253 254//254
f 253//253 255//255 252//252
f 252//252 255//255 249//249
f 252//252 250//250 251//251
f 250//250 252//252 249//249
f 259//259 266//266 267//267
f 266//266 259//259 260//260
f 266//266 260//260 265//265
f 265//265 263//263 264//264
f 263//263 265//265 262//262
f 262//262 265//265 260//260
f 262//262 260//260 261//261
f 278//278 276//276 277//277
f 276//276 278//278 275//275
f 275//275 278//278 274//274
f 274//274 278//278 273//273
f 273//273 278//278 272//272
f 287//287 285//285 286//286
f 285//285 287//287 289//289
f 289//289 287//287 288//288
f 296//296 294//294 295//295
f 294//294 296//296 298//298
f 298//298 296//296 297//297
f 326//326 324//324 325//325
f 324//324 326//326 322//322
f 324//324 322//322 323//323
f 371//371 369//369 370//370
f 369//369 371//371 373//373
f 373//373 371//371 372//372
f 395//395 398//398 394//394
f 398//398 395//395 396//396
f 398//398 396//396 397//397
f 414//414 412//412 413//413
f 412//412 414//414 415//415
f 412//412 415//415 416//416
#251 polygons

g Object_5

#
# object Object_5
#

v 34.750557 124.09041 2.7209916
v 38.47751 117.3971 -45.04485
v 0.1626745 117.3971 -45.04485
v 0.1626745 122.52371 -8.459526
v 33.666664 126.037 16.612577
v 34.416298 124.69071 7.0049877
v 0.1626745 125.34425 11.668877
v 0.1626745 126.037 16.612577
v 34.416298 124.69071 7.0049877
v 34.750557 124.09041 2.7209916
v 0.1626745 122.52371 -8.459526
v 0.1626745 125.34425 11.668877
v 47.12796 101.382126 -44.94039
v 43.98894 114.85382 -43.079964
v 40.865574 120.54233 2.7593625
v 47.281532 98.60756 3.7782505
v 47.475056 95.1115 65.16556
v 47.312374 98.05036 13.562064
v 40.573444 121.074326 7.046371
v 39.63797 122.778114 20.775915
v 44.045013 109.70711 61.0843
v 42.816277 97.66323 107.76743
v 38.57047 109.39586 72.68892
v 37.202744 113.175354 61.3889
v 32.991405 124.81273 26.595186
v 0.1626745 124.65173 27.076536
v 0.1626745 95.43015 114.443924
v 18.535982 95.89412 113.05674
v 34.89392 96.78721 110.38658
v 47.63157 92.284004 114.813644
v 47.51356 94.41584 77.38065
v 45.476295 105.462006 74.17533
v -34.42521 124.09041 2.7209916
v 0.1626745 122.52371 -8.459526
v 0.1626745 117.3971 -45.04485
v -38.15216 117.3971 -45.04485
v -33.341312 126.037 16.612577
v 0.1626745 126.037 16.612577
v 0.1626745 125.34425 11.668877
v -34.09095 124.69071 7.0049877
v -34.09095 124.69071 7.0049877
v 0.1626745 125.34425 11.668877
v 0.1626745 122.52371 -8.459526
v -34.42521 124.09041 2.7209916
v -46.802612 101.382126 -44.94039
v -46.956184 98.60756 3.7782505
v -40.540226 120.54233 2.7593625
v -43.66359 114.85382 -43.079964
v -47.149704 95.1115 65.16556
v -43.719666 109.70711 61.0843
v -39.312622 122.778114 20.775915
v -40.248093 121.074326 7.046371
v -46.987026 98.05036 13.562064
v -42.490925 97.66323 107.76743
v -34.568573 96.78721 110.38658
v -18.210632 95.89412 113.05674
v 0.1626745 95.43015 114.443924
v 0.1626745 124.65173 27.076536
v -32.666058 124.81273 26.595186
v -36.877396 113.175354 61.3889
v -38.245117 109.39586 72.68892
v -47.306217 92.284004 114.813644
v -45.150948 105.462006 74.17533
v -47.18821 94.41584 77.38065
# 64 vertices

vn 1.4614442E-08 0.9903245 -0.13877162
vn 1.4614442E-08 0.9903245 -0.13877162
vn 1.4614442E-08 0.9903245 -0.13877162
vn 1.4614442E-08 0.9903245 -0.13877162
vn 2.3023595E-08 0.9903245 -0.1387714
vn 2.3023595E-08 0.9903245 -0.1387714
vn 2.3023595E-08 0.9903245 -0.1387714
vn 2.3023595E-08 0.9903245 -0.1387714
vn 3.80859E-08 0.99032444 -0.13877179
vn 3.80859E-08 0.99032444 -0.13877179
vn 3.80859E-08 0.99032444 -0.13877179
vn 3.80859E-08 0.99032444 -0.13877179
vn 0.96535474 0.25998572 0.022307202
vn 0.96535474 0.25998572 0.022307202
vn 0.96535474 0.25998572 0.022307202
vn 0.96535474 0.25998572 0.022307202
vn 0.9616206 0.27435285 0.0040517133
vn 0.9616206 0.27435285 0.0040517133
vn 0.9616206 0.27435285 0.0040517133
vn 0.9616206 0.27435285 0.0040517133
vn 0.9616206 0.27435285 0.0040517133
vn 3.2864623E-08 0.94836 0.31719586
vn 3.2864623E-08 0.94836 0.31719586
vn 3.2864623E-08 0.94836 0.31719586
vn 3.2864623E-08 0.94836 0.31719586
vn 3.2864623E-08 0.94836 0.31719586
vn 3.2864623E-08 0.94836 0.31719586
vn 3.2864623E-08 0.94836 0.31719586
vn 3.2864623E-08 0.94836 0.31719586
vn 0.9830054 0.18342952 0.0073475307
vn 0.9830054 0.18342952 0.0073475307
vn 0.9830054 0.18342952 0.0073475307
vn -1.4614442E-08 0.9903245 -0.13877162
vn -1.4614442E-08 0.9903245 -0.13877162
vn -1.4614442E-08 0.9903245 -0.13877162
vn -1.4614442E-08 0.9903245 -0.13877162
vn -2.3023595E-08 0.9903245 -0.1387714
vn -2.3023595E-08 0.9903245 -0.1387714
vn -2.3023595E-08 0.9903245 -0.1387714
vn -2.3023595E-08 0.9903245 -0.1387714
vn -3.80859E-08 0.99032444 -0.13877179
vn -3.80859E-08 0.99032444 -0.13877179
vn -3.80859E-08 0.99032444 -0.13877179
vn -3.80859E-08 0.99032444 -0.13877179
vn -0.96535474 0.25998572 0.022307202
vn -0.96535474 0.25998572 0.022307202
vn -0.96535474 0.25998572 0.022307202
vn -0.96535474 0.25998572 0.022307202
vn -0.96162057 0.2743528 0.004051713
vn -0.96162057 0.2743528 0.004051713
vn -0.96162057 0.2743528 0.004051713
vn -0.96162057 0.2743528 0.004051713
vn -0.96162057 0.2743528 0.004051713
vn -8.91244E-09 0.94836 0.31719586
vn -8.91244E-09 0.94836 0.31719586
vn -8.91244E-09 0.94836 0.31719586
vn -8.91244E-09 0.94836 0.31719586
vn -8.91244E-09 0.94836 0.31719586
vn -8.91244E-09 0.94836 0.31719586
vn -8.91244E-09 0.94836 0.31719586
vn -8.91244E-09 0.94836 0.31719586
vn -0.9830054 0.18342954 0.0073475316
vn -0.9830054 0.18342954 0.0073475316
vn -0.9830054 0.18342954 0.0073475316
# 64 vertex normals

usemtl Material_001
s 2
f 509//509 510//510 511//511
f 541//541 542//542 543//543
f 480//480 481//481 482//482
f 480//480 482//482 483//483
f 484//484 485//485 486//486
f 484//484 486//486 487//487
f 488//488 489//489 490//490
f 488//488 490//490 491//491
f 492//492 493//493 494//494
f 492//492 494//494 495//495
f 512//512 513//513 514//514
f 512//512 514//514 515//515
f 516//516 517//517 518//518
f 516//516 518//518 519//519
f 520//520 521//521 522//522
f 520//520 522//522 523//523
f 524//524 525//525 526//526
f 524//524 526//526 527//527
f 497//497 500//500 496//496
f 500//500 497//497 498//498
f 500//500 498//498 499//499
f 505//505 503//503 504//504
f 503//503 505//505 506//506
f 503//503 506//506 502//502
f 502//502 506//506 501//501
f 501//501 506//506 508//508
f 508//508 506//506 507//507
f 529//529 532//532 528//528
f 532//532 529//529 531//531
f 531//531 529//529 530//530
f 539//539 537//537 538//538
f 537//537 539//539 536//536
f 536//536 539//539 540//540
f 536//536 540//540 533//533
f 536//536 533//533 534//534
f 536//536 534//534 535//535
#36 polygons

g Object_6

#
# object Object_6
#

v 38.57047 109.39586 72.68892
v 42.816277 97.66323 107.76743
v 48.67288 95.36168 114.64866
v 43.987793 108.8878 74.207924
v 42.816277 97.66323 107.76743
v 34.89392 96.78721 110.38658
v 37.357838 94.11466 118.37702
v 48.67288 95.36168 114.64866
v 18.535982 95.89412 113.05674
v 0.1626745 95.43015 114.443924
v 0.1626745 92.83613 122.199615
v 19.044357 93.07004 121.50027
v 34.89392 96.78721 110.38658
v 18.535982 95.89412 113.05674
v 19.044357 93.07004 121.50027
v 37.357838 94.11466 118.37702
v 37.202744 113.175354 61.3889
v 38.57047 109.39586 72.68892
v 43.987793 108.8878 74.207924
v 42.478565 113.24504 61.180542
v 32.991405 124.81273 26.595186
v 37.202744 113.175354 61.3889
v 42.478565 113.24504 61.180542
v 38.45918 124.84926 26.485966
v 49.395554 101.74789 -51.77246
v 44.449707 114.01464 -49.842278
v 43.98894 114.85382 -43.079964
v 49.415802 101.382126 -44.94039
v 0.1626745 99.04877 -162.66359
v 0.1626745 100.28361 -163.73587
v 51.723022 100.283615 -163.7359
v 50.412388 99.04877 -162.6636
v 50.412388 99.04877 -162.6636
v 51.723022 100.283615 -163.7359
v 51.483715 95.54428 -163.07678
v 50.29778 96.77913 -162.34796
v 50.29778 96.77913 -162.34796
v 51.483715 95.54428 -163.07678
v 0.1626745 95.54428 -163.07678
v 0.1626745 96.77913 -162.34795
v 49.569374 98.60756 3.7782505
v 47.281532 98.60756 3.7782505
v 47.30212 98.23562 10.309144
v 49.589962 98.23562 10.309144
v 49.58836 98.264565 9.8008995
v 49.600216 98.05036 13.562064
v 47.312374 98.05036 13.562064
v 47.475056 95.1115 65.16556
v 49.762894 95.1115 65.16556
v 49.589962 98.23562 10.309144
v 47.30212 98.23562 10.309144
v 47.312374 98.05036 13.562064
v 49.600216 98.05036 13.562064
v 49.8014 94.41584 77.38065
v 47.51356 94.41584 77.38065
v 47.63157 92.284004 114.813644
v 49.919407 92.284004 114.813644
v 45.476295 105.462006 74.17533
v 49.919407 92.284004 114.813644
v 47.63157 92.284004 114.813644
v 49.415802 101.382126 -44.94039
v 47.12796 101.382126 -44.94039
v 47.281532 98.60756 3.7782505
v 49.569374 98.60756 3.7782505
v 49.794907 94.53315 75.320885
v 47.507065 94.53315 75.320885
v 47.51356 94.41584 77.38065
v 49.8014 94.41584 77.38065
v 49.762894 95.1115 65.16556
v 47.475056 95.1115 65.16556
v 47.507065 94.53315 75.320885
v 49.794907 94.53315 75.320885
v 49.7933 94.56216 74.811485
v 43.98894 114.85382 -43.079964
v 47.12796 101.382126 -44.94039
v 49.415802 101.382126 -44.94039
v 47.30212 98.23562 10.309144
v 47.281532 98.60756 3.7782505
v 40.865574 120.54233 2.7593625
v 40.573444 121.074326 7.046371
v 47.312374 98.05036 13.562064
v 47.51356 94.41584 77.38065
v 47.507065 94.53315 75.320885
v 47.475056 95.1115 65.16556
v 44.045013 109.70711 61.0843
v 45.476295 105.462006 74.17533
v 34.416298 124.69071 7.0049877
v 33.666664 126.037 16.612577
v 37.83152 126.66135 21.06814
v 38.90202 124.738815 7.348248
v 33.666664 126.037 16.612577
v 0.1626745 126.037 16.612577
v 0.1626745 126.66135 21.06814
v 37.83152 126.66135 21.06814
v 0.1626745 117.3971 -45.04485
v 38.47751 117.3971 -45.04485
v 43.33766 116.77276 -49.500412
v 0.1626745 116.77276 -49.500412
v 34.750557 124.09041 2.7209916
v 34.416298 124.69071 7.0049877
v 38.90202 124.738815 7.348248
v 39.236282 124.13851 3.064252
v 38.47751 117.3971 -45.04485
v 34.750557 124.09041 2.7209916
v 39.236282 124.13851 3.064252
v 43.33766 116.77276 -49.500412
v 0.1626745 100.73522 -158.15717
v 0.1626745 115.17007 -55.144836
v 38.06151 115.17007 -55.144836
v 46.099094 100.73522 -158.15717
v 33.967545 125.33903 25.021633
v 0.1626745 125.186325 25.478209
v 0.1626745 124.65173 27.076536
v 32.991405 124.81273 26.595186
v 0.1626745 126.13496 22.641947
v 37.350792 126.13496 22.641949
v 37.83152 126.66135 21.06814
v 0.1626745 126.66135 21.06814
v 37.350792 126.13496 22.641949
v 37.618034 125.36342 24.948713
v 38.45918 124.84926 26.485966
v 37.83152 126.66135 21.06814
v 37.618034 125.36342 24.948713
v 33.967545 125.33903 25.021633
v 32.991405 124.81273 26.595186
v 38.45918 124.84926 26.485966
v -38.245117 109.39586 72.68892
v -43.662445 108.8878 74.207924
v -48.347527 95.36168 114.64866
v -42.490925 97.66323 107.76743
v -42.490925 97.66323 107.76743
v -48.347527 95.36168 114.64866
v -37.03249 94.11466 118.37702
v -34.568573 96.78721 110.38658
v -18.210632 95.89412 113.05674
v -18.71901 93.07004 121.50027
v 0.1626745 92.83613 122.199615
v 0.1626745 95.43015 114.443924
v -34.568573 96.78721 110.38658
v -37.03249 94.11466 118.37702
v -18.71901 93.07004 121.50027
v -18.210632 95.89412 113.05674
v -36.877396 113.175354 61.3889
v -42.153217 113.24504 61.180542
v -43.662445 108.8878 74.207924
v -38.245117 109.39586 72.68892
v -32.666058 124.81273 26.595186
v -38.133827 124.84926 26.485966
v -42.153217 113.24504 61.180542
v -36.877396 113.175354 61.3889
v -49.070206 101.74789 -51.77246
v -49.090454 101.382126 -44.94039
v -43.66359 114.85382 -43.079964
v -44.12436 114.01464 -49.842278
v 0.1626745 99.04877 -162.66359
v -50.087036 99.04877 -162.6636
v -51.397675 100.283615 -163.7359
v 0.1626745 100.28361 -163.73587
v -50.087036 99.04877 -162.6636
v -49.97243 96.77913 -162.34796
v -51.158367 95.54428 -163.07678
v -51.397675 100.283615 -163.7359
v -49.97243 96.77913 -162.34796
v 0.1626745 96.77913 -162.34795
v 0.1626745 95.54428 -163.07678
v -51.158367 95.54428 -163.07678
v -49.244026 98.60756 3.7782505
v -49.263012 98.264565 9.8008995
v -49.26461 98.23562 10.309144
v -46.97677 98.23562 10.309144
v -46.956184 98.60756 3.7782505
v -49.274868 98.05036 13.562064
v -49.437546 95.1115 65.16556
v -47.149704 95.1115 65.16556
v -46.987026 98.05036 13.562064
v -49.26461 98.23562 10.309144
v -49.274868 98.05036 13.562064
v -46.987026 98.05036 13.562064
v -46.97677 98.23562 10.309144
v -49.47605 94.41584 77.38065
v -49.59406 92.284004 114.813644
v -47.306217 92.284004 114.813644
v -47.18821 94.41584 77.38065
v -45.150948 105.462006 74.17533
v -47.306217 92.284004 114.813644
v -49.59406 92.284004 114.813644
v -49.090454 101.382126 -44.94039
v -49.244026 98.60756 3.7782505
v -46.956184 98.60756 3.7782505
v -46.802612 101.382126 -44.94039
v -49.46956 94.53315 75.320885
v -49.47605 94.41584 77.38065
v -47.18821 94.41584 77.38065
v -47.181717 94.53315 75.320885
v -49.437546 95.1115 65.16556
v -49.467953 94.56216 74.811485
v -49.46956 94.53315 75.320885
v -47.181717 94.53315 75.320885
v -47.149704 95.1115 65.16556
v -43.66359 114.85382 -43.079964
v -49.090454 101.382126 -44.94039
v -46.802612 101.382126 -44.94039
v -46.97677 98.23562 10.309144
v -46.987026 98.05036 13.562064
v -40.248093 121.074326 7.046371
v -40.540226 120.54233 2.7593625
v -46.956184 98.60756 3.7782505
v -47.18821 94.41584 77.38065
v -45.150948 105.462006 74.17533
v -43.719666 109.70711 61.0843
v -47.149704 95.1115 65.16556
v -47.181717 94.53315 75.320885
v -34.09095 124.69071 7.0049877
v -38.57667 124.738815 7.348248
v -37.506172 126.66135 21.06814
v -33.341312 126.037 16.612577
v -33.341312 126.037 16.612577
v -37.506172 126.66135 21.06814
v 0.1626745 126.66135 21.06814
v 0.1626745 126.037 16.612577
v -43.01231 116.77276 -49.500412
v -38.15216 117.3971 -45.04485
v -34.42521 124.09041 2.7209916
v -38.91093 124.13851 3.064252
v -38.57667 124.738815 7.348248
v -34.09095 124.69071 7.0049877
v -38.15216 117.3971 -45.04485
v -43.01231 116.77276 -49.500412
v -38.91093 124.13851 3.064252
v -34.42521 124.09041 2.7209916
v -45.773746 100.73522 -158.15717
v -37.73616 115.17007 -55.144836
v -33.642193 125.33903 25.021633
v -32.666058 124.81273 26.595186
v 0.1626745 124.65173 27.076536
v 0.1626745 125.186325 25.478209
v 0.1626745 126.13496 22.641947
v 0.1626745 126.66135 21.06814
v -37.506172 126.66135 21.06814
v -37.025444 126.13496 22.641949
v -37.025444 126.13496 22.641949
v -37.506172 126.66135 21.06814
v -38.133827 124.84926 26.485966
v -37.292686 125.36342 24.948713
v -37.292686 125.36342 24.948713
v -38.133827 124.84926 26.485966
v -32.666058 124.81273 26.595186
v -33.642193 125.33903 25.021633
# 248 vertices

vn 2.2320458E-07 0.9483601 0.31719583
vn 2.2320458E-07 0.9483601 0.31719583
vn 2.2320458E-07 0.9483601 0.31719583
vn 2.2320458E-07 0.9483601 0.31719583
vn -1.7044106E-07 0.94835997 0.31719607
vn -1.7044106E-07 0.94835997 0.31719607
vn -1.7044106E-07 0.94835997 0.31719607
vn -1.7044106E-07 0.94835997 0.31719607
vn 1.19432775E-08 0.9483601 0.31719586
vn 1.19432775E-08 0.9483601 0.31719586
vn 1.19432775E-08 0.9483601 0.31719586
vn 1.19432775E-08 0.9483601 0.31719586
vn 6.1502123E-09 0.94836015 0.31719577
vn 6.1502123E-09 0.94836015 0.31719577
vn 6.1502123E-09 0.94836015 0.31719577
vn 6.1502123E-09 0.94836015 0.31719577
vn 5.632927E-08 0.94836 0.31719595
vn 5.632927E-08 0.94836 0.31719595
vn 5.632927E-08 0.94836 0.31719595
vn 5.632927E-08 0.94836 0.31719595
vn 7.710371E-08 0.9483601 0.31719583
vn 7.710371E-08 0.9483601 0.31719583
vn 7.710371E-08 0.9483601 0.31719583
vn 7.710371E-08 0.9483601 0.31719583
vn 0.92824906 0.3715642 0.017139792
vn 0.92824906 0.3715642 0.017139792
vn 0.92824906 0.3715642 0.017139792
vn 0.92824906 0.3715642 0.017139792
vn -3.022232E-07 -0.65566206 -0.75505453
vn -3.022232E-07 -0.65566206 -0.75505453
vn -3.022232E-07 -0.65566206 -0.75505453
vn -3.022232E-07 -0.65566206 -0.75505453
vn -0.5830555 -0.082955666 -0.808186
vn -0.5830555 -0.082955666 -0.808186
vn -0.5830555 -0.082955666 -0.808186
vn -0.5830555 -0.082955666 -0.808186
vn -1.9666813E-07 0.5082885 -0.8611869
vn -1.9666813E-07 0.5082885 -0.8611869
vn -1.9666813E-07 0.5082885 -0.8611869
vn -1.9666813E-07 0.5082885 -0.8611869
vn -4.769367E-07 0.99838233 0.056858744
vn -4.769367E-07 0.99838233 0.056858744
vn -4.769367E-07 0.99838233 0.056858744
vn -4.769367E-07 0.99838233 0.056858744
vn -4.769367E-07 0.99838233 0.056858744
vn 0 0.99838233 0.056858715
vn 0 0.99838233 0.056858715
vn 0 0.99838233 0.056858715
vn 0 0.99838233 0.056858715
vn 0 0.9983823 0.056858853
vn 0 0.9983823 0.056858853
vn 0 0.9983823 0.056858853
vn 0 0.9983823 0.056858853
vn 0 0.99838233 0.05685868
vn 0 0.99838233 0.05685868
vn 0 0.99838233 0.05685868
vn 0 0.99838233 0.05685868
vn 0 -0.95123655 -0.30846256
vn 0 -0.95123655 -0.30846256
vn 0 -0.95123655 -0.30846256
vn 0 0.9983823 0.056858696
vn 0 0.9983823 0.056858696
vn 0 0.9983823 0.056858696
vn 0 0.9983823 0.056858696
vn 0 0.9983823 0.056858774
vn 0 0.9983823 0.056858774
vn 0 0.9983823 0.056858774
vn 0 0.9983823 0.056858774
vn 2.4537465E-07 0.99838233 0.05685875
vn 2.4537465E-07 0.99838233 0.05685875
vn 2.4537465E-07 0.99838233 0.05685875
vn 2.4537465E-07 0.99838233 0.05685875
vn 2.4537465E-07 0.99838233 0.05685875
vn 0 -0.13680068 0.9905986
vn 0 -0.13680068 0.9905986
vn 0 -0.13680068 0.9905986
vn 0.95876694 0.28360328 0.01831181
vn 0.95876694 0.28360328 0.01831181
vn 0.95876694 0.28360328 0.01831181
vn 0.95876694 0.28360328 0.01831181
vn 0.95876694 0.28360328 0.01831181
vn 0.9788507 0.2038642 -0.017049858
vn 0.9788507 0.2038642 -0.017049858
vn 0.9788507 0.2038642 -0.017049858
vn 0.9788507 0.2038642 -0.017049858
vn 0.9788507 0.2038642 -0.017049858
vn 1.7907017E-07 0.9903245 -0.13877155
vn 1.7907017E-07 0.9903245 -0.13877155
vn 1.7907017E-07 0.9903245 -0.13877155
vn 1.7907017E-07 0.9903245 -0.13877155
vn -2.2290674E-09 0.9903245 -0.13877153
vn -2.2290674E-09 0.9903245 -0.13877153
vn -2.2290674E-09 0.9903245 -0.13877153
vn -2.2290674E-09 0.9903245 -0.13877153
vn 0 0.9903245 -0.13877156
vn 0 0.9903245 -0.13877156
vn 0 0.9903245 -0.13877156
vn 0 0.9903245 -0.13877156
vn 3.6565638E-08 0.99032444 -0.13877182
vn 3.6565638E-08 0.99032444 -0.13877182
vn 3.6565638E-08 0.99032444 -0.13877182
vn 3.6565638E-08 0.99032444 -0.13877182
vn -1.9984773E-07 0.9903245 -0.13877164
vn -1.9984773E-07 0.9903245 -0.13877164
vn -1.9984773E-07 0.9903245 -0.13877164
vn -1.9984773E-07 0.9903245 -0.13877164
vn 0 0.99032444 -0.13877158
vn 0 0.99032444 -0.13877158
vn 0 0.99032444 -0.13877158
vn 0 0.99032444 -0.13877158
vn 3.3239274E-08 0.9483601 0.31719586
vn 3.3239274E-08 0.9483601 0.31719586
vn 3.3239274E-08 0.9483601 0.31719586
vn 3.3239274E-08 0.9483601 0.31719586
vn -5.7458154E-09 0.94835997 0.3171964
vn -5.7458154E-09 0.94835997 0.3171964
vn -5.7458154E-09 0.94835997 0.3171964
vn -5.7458154E-09 0.94835997 0.3171964
vn -5.28655E-07 0.94836 0.31719613
vn -5.28655E-07 0.94836 0.31719613
vn -5.28655E-07 0.94836 0.31719613
vn -5.28655E-07 0.94836 0.31719613
vn 5.1751137E-08 0.9483601 0.31719604
vn 5.1751137E-08 0.9483601 0.31719604
vn 5.1751137E-08 0.9483601 0.31719604
vn 5.1751137E-08 0.9483601 0.31719604
vn -2.2320458E-07 0.9483601 0.31719583
vn -2.2320458E-07 0.9483601 0.31719583
vn -2.2320458E-07 0.9483601 0.31719583
vn -2.2320458E-07 0.9483601 0.31719583
vn 1.7044106E-07 0.94835997 0.31719607
vn 1.7044106E-07 0.94835997 0.31719607
vn 1.7044106E-07 0.94835997 0.31719607
vn 1.7044106E-07 0.94835997 0.31719607
vn -1.19432775E-08 0.9483601 0.31719586
vn -1.19432775E-08 0.9483601 0.31719586
vn -1.19432775E-08 0.9483601 0.31719586
vn -1.19432775E-08 0.9483601 0.31719586
vn -6.1502123E-09 0.94836015 0.31719577
vn -6.1502123E-09 0.94836015 0.31719577
vn -6.1502123E-09 0.94836015 0.31719577
vn -6.1502123E-09 0.94836015 0.31719577
vn -5.632927E-08 0.94836 0.31719595
vn -5.632927E-08 0.94836 0.31719595
vn -5.632927E-08 0.94836 0.31719595
vn -5.632927E-08 0.94836 0.31719595
vn -7.710371E-08 0.9483601 0.31719583
vn -7.710371E-08 0.9483601 0.31719583
vn -7.710371E-08 0.9483601 0.31719583
vn -7.710371E-08 0.9483601 0.31719583
vn -0.92824906 0.3715642 0.017139792
vn -0.92824906 0.3715642 0.017139792
vn -0.92824906 0.3715642 0.017139792
vn -0.92824906 0.3715642 0.017139792
vn 3.022232E-07 -0.65566206 -0.75505453
vn 3.022232E-07 -0.65566206 -0.75505453
vn 3.022232E-07 -0.65566206 -0.75505453
vn 3.022232E-07 -0.65566206 -0.75505453
vn 0.5830555 -0.082955666 -0.808186
vn 0.5830555 -0.082955666 -0.808186
vn 0.5830555 -0.082955666 -0.808186
vn 0.5830555 -0.082955666 -0.808186
vn 1.9666813E-07 0.5082885 -0.8611869
vn 1.9666813E-07 0.5082885 -0.8611869
vn 1.9666813E-07 0.5082885 -0.8611869
vn 1.9666813E-07 0.5082885 -0.8611869
vn 5.0873246E-07 0.99838233 0.056858737
vn 5.0873246E-07 0.99838233 0.056858737
vn 5.0873246E-07 0.99838233 0.056858737
vn 5.0873246E-07 0.99838233 0.056858737
vn 5.0873246E-07 0.99838233 0.056858737
vn 0 0.99838233 0.056858715
vn 0 0.99838233 0.056858715
vn 0 0.99838233 0.056858715
vn 0 0.99838233 0.056858715
vn 0 0.9983823 0.056858853
vn 0 0.9983823 0.056858853
vn 0 0.9983823 0.056858853
vn 0 0.9983823 0.056858853
vn 0 0.99838233 0.05685868
vn 0 0.99838233 0.05685868
vn 0 0.99838233 0.05685868
vn 0 0.99838233 0.05685868
vn 0 -0.95123655 -0.30846256
vn 0 -0.95123655 -0.30846256
vn 0 -0.95123655 -0.30846256
vn 0 0.9983823 0.056858696
vn 0 0.9983823 0.056858696
vn 0 0.9983823 0.056858696
vn 0 0.9983823 0.056858696
vn 0 0.9983823 0.056858774
vn 0 0.9983823 0.056858774
vn 0 0.9983823 0.056858774
vn 0 0.9983823 0.056858774
vn -3.2716628E-07 0.99838233 0.0568588
vn -3.2716628E-07 0.99838233 0.0568588
vn -3.2716628E-07 0.99838233 0.0568588
vn -3.2716628E-07 0.99838233 0.0568588
vn -3.2716628E-07 0.99838233 0.0568588
vn 0 -0.13680068 0.9905986
vn 0 -0.13680068 0.9905986
vn 0 -0.13680068 0.9905986
vn -0.95876694 0.2836033 0.018311812
vn -0.95876694 0.2836033 0.018311812
vn -0.95876694 0.2836033 0.018311812
vn -0.95876694 0.2836033 0.018311812
vn -0.95876694 0.2836033 0.018311812
vn -0.9788507 0.20386428 -0.017049797
vn -0.9788507 0.20386428 -0.017049797
vn -0.9788507 0.20386428 -0.017049797
vn -0.9788507 0.20386428 -0.017049797
vn -0.9788507 0.20386428 -0.017049797
vn -1.7907017E-07 0.9903245 -0.13877155
vn -1.7907017E-07 0.9903245 -0.13877155
vn -1.7907017E-07 0.9903245 -0.13877155
vn -1.7907017E-07 0.9903245 -0.13877155
vn 2.2290674E-09 0.9903245 -0.13877153
vn 2.2290674E-09 0.9903245 -0.13877153
vn 2.2290674E-09 0.9903245 -0.13877153
vn 2.2290674E-09 0.9903245 -0.13877153
vn 0 0.9903245 -0.13877156
vn 0 0.9903245 -0.13877156
vn -3.6565638E-08 0.99032444 -0.13877182
vn -3.6565638E-08 0.99032444 -0.13877182
vn -3.6565638E-08 0.99032444 -0.13877182
vn -3.6565638E-08 0.99032444 -0.13877182
vn 1.9984773E-07 0.9903245 -0.13877164
vn 1.9984773E-07 0.9903245 -0.13877164
vn 1.9984773E-07 0.9903245 -0.13877164
vn 1.9984773E-07 0.9903245 -0.13877164
vn 0 0.99032444 -0.13877158
vn 0 0.99032444 -0.13877158
vn -3.3239274E-08 0.9483601 0.31719586
vn -3.3239274E-08 0.9483601 0.31719586
vn -3.3239274E-08 0.9483601 0.31719586
vn -3.3239274E-08 0.9483601 0.31719586
vn 5.7458154E-09 0.94835997 0.3171964
vn 5.7458154E-09 0.94835997 0.3171964
vn 5.7458154E-09 0.94835997 0.3171964
vn 5.7458154E-09 0.94835997 0.3171964
vn 5.28655E-07 0.94836 0.31719613
vn 5.28655E-07 0.94836 0.31719613
vn 5.28655E-07 0.94836 0.31719613
vn 5.28655E-07 0.94836 0.31719613
vn -5.1751137E-08 0.9483601 0.31719604
vn -5.1751137E-08 0.9483601 0.31719604
vn -5.1751137E-08 0.9483601 0.31719604
vn -5.1751137E-08 0.9483601 0.31719604
# 248 vertex normals

usemtl Material_002
s 4
f 601//601 602//602 603//603
f 617//617 618//618 619//619
f 727//727 728//728 729//729
f 743//743 744//744 745//745
f 544//544 545//545 546//546
f 544//544 546//546 547//547
f 548//548 549//549 550//550
f 548//548 550//550 551//551
f 552//552 553//553 554//554
f 552//552 554//554 555//555
f 556//556 557//557 558//558
f 556//556 558//558 559//559
f 560//560 561//561 562//562
f 560//560 562//562 563//563
f 564//564 565//565 566//566
f 564//564 566//566 567//567
f 568//568 569//569 570//570
f 568//568 570//570 571//571
f 572//572 573//573 574//574
f 572//572 574//574 575//575
f 576//576 577//577 578//578
f 576//576 578//578 579//579
f 580//580 581//581 582//582
f 580//580 582//582 583//583
f 589//589 590//590 591//591
f 589//589 591//591 592//592
f 593//593 594//594 595//595
f 593//593 595//595 596//596
f 597//597 598//598 599//599
f 597//597 599//599 600//600
f 604//604 605//605 606//606
f 604//604 606//606 607//607
f 608//608 609//609 610//610
f 608//608 610//610 611//611
f 630//630 631//631 632//632
f 630//630 632//632 633//633
f 634//634 635//635 636//636
f 634//634 636//636 637//637
f 638//638 639//639 640//640
f 638//638 640//640 641//641
f 642//642 643//643 644//644
f 642//642 644//644 645//645
f 646//646 647//647 648//648
f 646//646 648//648 649//649
f 650//650 651//651 652//652
f 650//650 652//652 653//653
f 654//654 655//655 656//656
f 654//654 656//656 657//657
f 658//658 659//659 660//660
f 658//658 660//660 661//661
f 662//662 663//663 664//664
f 662//662 664//664 665//665
f 666//666 667//667 668//668
f 666//666 668//668 669//669
f 670//670 671//671 672//672
f 670//670 672//672 673//673
f 674//674 675//675 676//676
f 674//674 676//676 677//677
f 678//678 679//679 680//680
f 678//678 680//680 681//681
f 682//682 683//683 684//684
f 682//682 684//684 685//685
f 686//686 687//687 688//688
f 686//686 688//688 689//689
f 690//690 691//691 692//692
f 690//690 692//692 693//693
f 694//694 695//695 696//696
f 694//694 696//696 697//697
f 698//698 699//699 700//700
f 698//698 700//700 701//701
f 702//702 703//703 704//704
f 702//702 704//704 705//705
f 706//706 707//707 708//708
f 706//706 708//708 709//709
f 715//715 716//716 717//717
f 715//715 717//717 718//718
f 719//719 720//720 721//721
f 719//719 721//721 722//722
f 723//723 724//724 725//725
f 723//723 725//725 726//726
f 730//730 731//731 732//732
f 730//730 732//732 733//733
f 734//734 735//735 736//736
f 734//734 736//736 737//737
f 756//756 757//757 758//758
f 756//756 758//758 759//759
f 760//760 761//761 762//762
f 760//760 762//762 763//763
f 638//638 641//641 764//764
f 638//638 764//764 765//765
f 766//766 767//767 768//768
f 766//766 768//768 769//769
f 770//770 771//771 772//772
f 770//770 772//772 773//773
f 650//650 774//774 775//775
f 650//650 775//775 651//651
f 776//776 777//777 778//778
f 776//776 778//778 779//779
f 780//780 781//781 782//782
f 780//780 782//782 783//783
f 784//784 785//785 786//786
f 784//784 786//786 787//787
f 788//788 789//789 790//790
f 788//788 790//790 791//791
f 586//586 584//584 585//585
f 584//584 586//586 588//588
f 588//588 586//586 587//587
f 614//614 612//612 613//613
f 612//612 614//614 616//616
f 616//616 614//614 615//615
f 620//620 623//623 624//624
f 623//623 620//620 621//621
f 623//623 621//621 622//622
f 626//626 629//629 625//625
f 629//629 626//626 627//627
f 629//629 627//627 628//628
f 711//711 714//714 710//710
f 714//714 711//711 713//713
f 713//713 711//711 712//712
f 739//739 742//742 738//738
f 742//742 739//739 741//741
f 741//741 739//739 740//740
f 748//748 746//746 747//747
f 746//746 748//748 750//750
f 750//750 748//748 749//749
f 752//752 755//755 751//751
f 755//755 752//752 754//754
f 754//754 752//752 753//753
#128 polygons

g Object_7

#
# object Object_7
#

v 52.224445 81.01423 133.14627
v 50.29399 62.060658 145.86046
v 55.199177 60.522827 142.9125
v 56.87675 77.95389 130.37259
v 52.079483 82.89781 92.766914
v 56.77274 79.07675 94.80331
v 54.939243 53.869934 79.88032
v 50.01836 54.561623 75.991264
v 52.079483 82.89781 92.766914
v 52.224445 81.01423 133.14627
v 56.87675 77.95389 130.37259
v 56.77274 79.07675 94.80331
v 54.939243 53.869934 79.88032
v 51.11806 45.145367 79.880325
v 46.197178 47.073322 75.99127
v 50.01836 54.561623 75.991264
v 51.11806 45.145367 79.880325
v 51.118057 45.71342 13.575373
v 46.197174 47.41049 13.596088
v 46.197178 47.073322 75.99127
v 46.197166 47.972435 -49.830486
v 46.197174 47.414246 13.17187
v 46.197174 47.41049 13.596088
v 51.118057 45.71342 13.575373
v 51.11805 46.252163 -49.307964
v 51.11806 39.346157 79.880325
v 51.118057 39.346157 13.937186
v 51.118057 45.71342 13.575373
v 51.11806 45.145367 79.880325
v 51.11805 39.34616 -47.191048
v 51.11805 46.252163 -49.307964
v 51.118057 45.71342 13.575373
v 51.118057 39.346157 13.937186
v 51.11806 39.346157 -67.221924
v 51.11806 46.407707 -67.46401
v 51.11805 46.25568 -49.71796
v 51.11805 39.34616 -47.669193
v 51.11806 46.407707 -67.46401
v 46.197174 47.97243 -62.28682
v 46.197166 47.972435 -50.277172
v 51.11805 46.25568 -49.71796
v 51.11806 46.407707 -67.46401
v 54.536472 56.836693 -68.025955
v 49.615585 56.836693 -62.84876
v 46.197174 47.97243 -62.28682
v 54.536472 56.836693 -68.025955
v 56.5219 79.20266 -83.78868
v 51.43051 83.020996 -80.8024
v 49.615585 56.836693 -62.84876
v 56.5219 79.20266 -83.78868
v 56.5219 79.23489 -118.60701
v 51.3946 83.363396 -121.09666
v 51.43051 83.020996 -80.8024
v 50.018356 57.277786 -50.280033
v 46.197166 47.972435 -49.830486
v 46.197166 47.972435 -50.277172
v 50.002213 57.260113 -50.78358
v 0.1626745 53.72559 159.35931
v 25.48734 53.72559 159.35931
v 34.07197 53.72559 159.35931
v 34.793674 54.39234 160.56905
v 0.1626745 54.39234 160.56905
v 49.395554 101.74789 -51.77246
v 52.224445 94.65321 -52.242107
v 52.224445 94.687065 -52.8609
v 52.224445 91.398384 11.6340275
v 52.03667 91.90824 11.078439
v 49.58836 98.264565 9.8008995
v 49.589962 98.23562 10.309144
v 52.224445 88.11324 76.09972
v 50.01836 54.561623 75.991264
v 50.01836 54.568535 75.69472
v 52.224445 88.13357 75.70093
v 51.11806 46.407707 -67.46401
v 51.323692 46.71845 -68.49982
v 54.541504 56.953964 -69.14899
v 54.536472 56.836693 -68.025955
v 54.536472 56.836693 -68.025955
v 54.541504 56.953964 -69.14899
v 56.418976 78.432205 -84.254906
v 56.5219 79.20266 -83.78868
v 56.5219 79.20266 -83.78868
v 56.418976 78.432205 -84.254906
v 56.336582 78.38404 -118.03883
v 56.5219 79.23489 -118.60701
v 56.336582 78.38404 -118.03883
v 54.541504 60.49106 -130.34451
v 54.536472 60.678215 -131.22209
v 56.5219 79.23489 -118.60701
v 50.999638 39.4892 -68.49982
v 51.323692 46.71845 -68.49982
v 51.11806 46.407707 -67.46401
v 51.11806 39.346157 -67.221924
v 50.29399 59.77283 144.05428
v 34.793674 59.635757 159.89488
v 34.793674 59.635757 162.74132
v 55.150635 59.58991 143.05753
v 25.48734 53.72559 159.35931
v 0.1626745 53.72559 159.35931
v 0.1626745 49.815678 157.7395
v 25.48734 49.815678 157.7395
v 54.227463 54.437958 142.80684
v 34.793674 54.39234 160.56905
v 34.793674 49.14893 158.39677
v 53.30429 49.286 142.55615
v 53.30429 49.286 142.55615
v 34.793674 49.14893 158.39677
v 51.197075 45.818134 140.92964
v 26.026333 49.14893 158.39677
v 26.339825 45.81813 140.92964
v 51.197075 45.818134 140.92964
v 34.793674 49.14893 158.39677
v 54.227463 54.437958 142.80684
v 53.30429 49.286 142.55615
v 53.30429 49.286 140.92964
v 54.193645 54.47096 140.92964
v 51.197075 45.818134 140.92964
v 53.30429 49.286 140.92964
v 53.30429 49.286 142.55615
v 55.199177 60.522827 142.9125
v 55.13583 60.16474 142.19196
v 56.83285 77.29793 130.00804
v 56.87675 77.95389 130.37259
v 50.29399 59.77283 144.05428
v 55.150635 59.58991 143.05753
v 55.082996 59.655922 140.92964
v 50.290592 59.860447 142.06596
v 45.92229 42.971264 -131.22209
v 46.431767 52.473747 -159.4267
v 50.6462 60.20405 -161.22444
v 54.4994 57.469734 -131.22209
v 0.1626745 40.266323 -131.22209
v 0.1626745 49.976883 -159.4267
v 24.896284 49.664772 -159.4267
v 22.306076 40.05825 -131.22209
v 22.306076 40.05825 -131.22209
v 24.896284 49.664772 -159.4267
v 46.431767 52.473747 -159.4267
v 45.92229 42.971264 -131.22209
v 25.404436 60.20405 -161.22444
v 50.6462 60.20405 -161.22444
v 46.431767 52.473747 -159.4267
v 24.896284 49.664772 -159.4267
v 19.782019 60.20405 -161.22444
v 25.404436 60.20405 -161.22444
v 24.896284 49.664772 -159.4267
v 18.221497 52.99288 -159.99438
v 24.896284 49.664772 -159.4267
v 0.1626745 49.976883 -159.4267
v 0.1626745 52.81948 -159.92638
v 18.221497 52.99288 -159.99438
v 0.1626745 52.81948 -159.92638
v 0.1626745 51.93084 -152.16963
v 18.221497 52.10424 -152.16963
v 18.221497 52.99288 -159.99438
v 18.221497 52.99288 -159.99438
v 18.221497 52.10424 -152.16963
v 19.78202 59.43582 -152.16963
v 19.782019 60.20405 -161.22444
v 52.224445 88.11324 76.09972
v 52.126644 88.391304 75.665276
v 49.7933 94.56216 74.811485
v 49.794907 94.53315 75.320885
v 34.793674 59.635757 159.89488
v 0.1626745 59.635757 159.89488
v 0.1626745 59.635757 162.74132
v 34.793674 59.635757 162.74132
v 45.224327 59.239227 -152.41785
v 45.224327 63.333244 -152.41785
v 47.99312 61.957043 -136.62396
v 47.99312 57.772285 -136.62396
v 25.404436 60.20405 -161.22444
v 19.782019 60.20405 -161.22444
v 19.78202 59.43582 -152.16963
v 25.37058 59.39264 -152.22415
v 25.37058 59.39264 -152.22415
v 19.78202 59.43582 -152.16963
v 19.791588 63.333244 -152.41785
v 50.6462 60.20405 -161.22444
v 25.404436 60.20405 -161.22444
v 25.37058 59.39264 -152.22415
v 45.224327 59.239227 -152.41785
v 50.6462 60.20405 -161.22444
v 45.224327 59.239227 -152.41785
v 47.99312 57.772285 -136.62396
v 54.4994 57.469734 -131.22209
v 47.99312 61.957043 -136.62396
v 50.844376 60.491062 -130.34451
v 49.107174 57.469738 -131.22209
v 47.99312 57.772285 -136.62396
v 50.844376 60.491062 -130.34451
v 47.99312 61.957043 -136.62396
v 50.422012 61.953312 -136.39125
v 54.536472 60.678215 -131.22209
v 55.150635 59.58991 143.05753
v 54.227463 54.437958 142.80684
v 54.193645 54.47096 140.92964
v 55.082996 59.655922 140.92964
v 55.150635 59.58991 143.05753
v 34.793674 59.635757 162.74132
v 34.793674 54.39234 160.56905
v 54.227463 54.437958 142.80684
v 25.48734 49.815678 157.7395
v 0.1626745 49.815678 157.7395
v 0.1626745 49.14893 158.39677
v 26.026333 49.14893 158.39677
v 34.07197 53.72559 159.35931
v 34.07197 49.815678 157.7395
v 34.793674 49.14893 158.39677
v 34.793674 54.39234 160.56905
v 34.793674 59.635757 162.74132
v 0.1626745 59.635757 162.74132
v 0.1626745 54.39234 160.56905
v 34.793674 54.39234 160.56905
v 54.536472 60.678215 -131.22209
v 50.422012 61.953312 -136.39125
v 50.99598 74.588326 -127.36525
v 56.5219 79.23489 -118.60701
v 34.07197 49.815678 157.7395
v 34.793674 49.14893 158.39677
v 0.1626745 49.14893 158.39677
v 0.1626745 45.81813 140.53325
v 26.339825 45.81813 140.92964
v 26.026333 49.14893 158.39677
v 33.310825 52.94515 158.63605
v 33.310825 50.596123 157.66287
v 34.07197 49.815678 157.7395
v 34.07197 53.72559 159.35931
v 26.415726 52.94515 158.63605
v 33.310825 52.94515 158.63605
v 34.07197 53.72559 159.35931
v 25.48734 53.72559 159.35931
v 33.310825 50.596123 157.66287
v 26.415726 50.596123 157.66287
v 25.48734 49.815678 157.7395
v 34.07197 49.815678 157.7395
v 26.415726 50.596123 157.66287
v 26.415726 52.94515 158.63605
v 25.48734 53.72559 159.35931
v 25.48734 49.815678 157.7395
v 55.13583 60.16474 142.19196
v 55.199177 60.522827 142.9125
v 50.29399 62.060658 145.86046
v 50.290592 59.860447 142.06596
v 56.7073 78.2835 95.280624
v 56.77274 79.07675 94.80331
v 56.87675 77.95389 130.37259
v 56.83285 77.29793 130.00804
v 54.939243 53.753796 80.75135
v 54.939243 53.869934 79.88032
v 56.77274 79.07675 94.80331
v 56.7073 78.2835 95.280624
v 54.939243 53.869934 79.88032
v 54.939243 53.753796 80.75135
v 51.11806 45.145367 79.880325
v 50.01836 56.016537 13.596088
v 46.197174 47.41049 13.596088
v 46.197174 47.414246 13.17187
v 50.01836 56.02562 13.136054
v 52.224445 91.421715 11.176222
v 52.224445 91.398384 11.6340275
v 50.01836 56.016537 13.596088
v 50.01836 56.02562 13.136054
v 52.224445 94.687065 -52.8609
v 52.224445 94.65321 -52.242107
v 50.018356 57.277786 -50.280033
v 50.002213 57.260113 -50.78358
v 18.221497 52.10424 -152.16963
v 0.1626745 51.93084 -152.16963
v 0.1626745 59.262424 -152.16963
v 19.78202 59.43582 -152.16963
v 0.1626745 63.333244 -152.41785
v 19.791588 63.333244 -152.41785
v 19.78202 59.43582 -152.16963
v 0.1626745 59.262424 -152.16963
v 0.1626745 115.98182 -55.144836
v 38.06151 115.98182 -55.144836
v 38.06151 115.17007 -55.144836
v 0.1626745 115.17007 -55.144836
v 38.06151 115.98182 -55.144836
v 46.099094 101.546974 -158.15717
v 46.099094 100.73522 -158.15717
v 38.06151 115.17007 -55.144836
v 46.099094 101.546974 -158.15717
v 0.1626745 101.546974 -158.15717
v 0.1626745 100.73522 -158.15717
v 46.099094 100.73522 -158.15717
v 54.193645 54.47096 140.92964
v 53.30429 49.286 140.92964
v 26.339825 49.286 140.92964
v 26.339825 54.47096 140.92964
v 51.11806 45.145367 79.880325
v 26.339825 45.145367 79.880325
v 26.339825 39.34615 79.880325
v 51.11806 39.346157 79.880325
v 52.40414 78.38404 -118.03883
v 26.339825 78.38404 -118.03886
v 26.339825 60.49106 -130.34454
v 50.844376 60.491062 -130.34451
v 55.13583 60.16474 142.19196
v 50.290592 59.860447 142.06596
v 26.339825 59.860447 142.06596
v 26.339825 60.16474 142.19197
v 26.339825 77.29793 130.00806
v 26.339825 60.16474 142.19197
v 26.339825 59.860447 142.06596
v 26.339825 59.655922 140.92964
v 26.339825 54.47096 140.92964
v 26.339825 49.286 140.92964
v 26.339825 45.81813 140.92964
v 26.339825 39.34615 79.880325
v 26.339825 45.145367 79.880325
v 26.339825 53.753796 80.75135
v 26.339825 78.2835 95.28063
v 47.766846 39.4892 -68.49982
v 26.339825 39.4892 -68.499825
v 26.339825 46.71845 -68.499825
v 48.048416 46.71845 -68.49982
v 52.475735 78.432205 -84.25491
v 26.339825 78.432205 -84.25493
v 26.339825 78.38404 -118.03886
v 52.40414 78.38404 -118.03883
v 54.939243 53.753796 80.75135
v 56.7073 78.2835 95.280624
v 26.339825 78.2835 95.28063
v 26.339825 53.753796 80.75135
v 50.844387 56.953964 -69.14899
v 26.339825 56.953964 -69.149
v 26.339825 78.432205 -84.25493
v 52.475735 78.432205 -84.25491
v 54.939243 53.753796 80.75135
v 26.339825 53.753796 80.75135
v 26.339825 45.145367 79.880325
v 51.11806 45.145367 79.880325
v 55.082996 59.655922 140.92964
v 26.339825 59.655922 140.92964
v 48.048416 46.71845 -68.49982
v 26.339825 46.71845 -68.499825
v 26.339825 56.953964 -69.149
v 50.844387 56.953964 -69.14899
v 50.290592 59.860447 142.06596
v 55.082996 59.655922 140.92964
v 26.339825 59.655922 140.92964
v 26.339825 59.860447 142.06596
v 51.197075 45.818134 140.92964
v 26.339825 45.81813 140.92964
v 56.7073 78.2835 95.280624
v 56.83285 77.29793 130.00804
v 26.339825 77.29793 130.00806
v 26.339825 78.2835 95.28063
v 56.83285 77.29793 130.00804
v 55.13583 60.16474 142.19196
v 26.339825 60.16474 142.19197
v 26.339825 77.29793 130.00806
v 22.306076 40.05825 -131.22209
v 49.107174 57.469738 -131.22209
v 26.367214 57.469734 -131.22209
v 45.92229 42.971264 -131.22209
v 54.4994 57.469734 -131.22209
v 49.107174 57.469738 -131.22209
v 22.306076 40.05825 -131.22209
v 51.323692 46.71845 -68.49982
v 48.048416 46.71845 -68.49982
v 50.844387 56.953964 -69.14899
v 54.541504 56.953964 -69.14899
v 54.541504 56.953964 -69.14899
v 50.844387 56.953964 -69.14899
v 52.475735 78.432205 -84.25491
v 56.418976 78.432205 -84.254906
v 56.418976 78.432205 -84.254906
v 52.475735 78.432205 -84.25491
v 52.40414 78.38404 -118.03883
v 56.336582 78.38404 -118.03883
v 50.999638 39.4892 -68.49982
v 47.766846 39.4892 -68.49982
v 48.048416 46.71845 -68.49982
v 51.323692 46.71845 -68.49982
v 56.336582 78.38404 -118.03883
v 52.40414 78.38404 -118.03883
v 50.844376 60.491062 -130.34451
v 54.541504 60.49106 -130.34451
v 54.541504 60.49106 -130.34451
v 50.844376 60.491062 -130.34451
v 54.536472 60.678215 -131.22209
v 26.339825 60.49106 -130.34454
v 26.367214 57.469734 -131.22209
v 49.107174 57.469738 -131.22209
v 50.844376 60.491062 -130.34451
v 26.339825 60.49106 -130.34454
v 26.339825 78.38404 -118.03886
v 26.339825 78.432205 -84.25493
v 26.339825 56.953964 -69.149
v 26.339825 46.71845 -68.499825
v 26.339825 39.4892 -68.499825
v 22.306076 40.05825 -131.22209
v 26.367214 57.469734 -131.22209
v 51.118057 39.346157 13.937186
v 51.11806 39.346157 79.880325
v 26.339825 39.34615 79.880325
v 26.339825 39.4892 -68.499825
v 47.766846 39.4892 -68.49982
v 50.999638 39.4892 -68.49982
v 51.11806 39.346157 -67.221924
v 51.11805 39.34616 -47.669193
v 51.11805 39.34616 -47.191048
v 26.339825 39.34615 79.880325
v 26.339825 45.81813 140.92964
v 0.1626745 45.81813 140.53325
v 0.1626745 39.34615 79.880325
v 26.339825 39.4892 -68.499825
v 0.1626745 39.4892 -68.499825
v 0.1626745 40.266323 -131.22209
v 22.306076 40.05825 -131.22209
v 26.339825 39.4892 -68.499825
v 26.339825 39.34615 79.880325
v 0.1626745 39.34615 79.880325
v 0.1626745 39.4892 -68.499825
v 51.11805 46.25568 -49.71796
v 51.11805 46.252163 -49.307964
v 51.11805 39.34616 -47.191048
v 51.11805 39.34616 -47.669193
v 46.197166 47.972435 -50.277172
v 46.197166 47.972435 -49.830486
v 51.11805 46.252163 -49.307964
v 51.11805 46.25568 -49.71796
v 50.01836 54.568535 75.69472
v 50.01836 54.561623 75.991264
v 46.197178 47.073322 75.99127
v 44.469833 62.176453 -152.38614
v 35.860474 62.176453 -152.41818
v 19.791588 63.333244 -152.41785
v 45.224327 63.333244 -152.41785
v 44.469707 60.4756 -152.48256
v 44.469833 62.176453 -152.38614
v 45.224327 63.333244 -152.41785
v 45.224327 59.239227 -152.41785
v 35.860474 60.4756 -152.19843
v 44.469707 60.4756 -152.48256
v 45.224327 59.239227 -152.41785
v 25.37058 59.39264 -152.22415
v 35.860474 62.176453 -152.41818
v 35.860474 60.4756 -152.19843
v 25.37058 59.39264 -152.22415
v 19.791588 63.333244 -152.41785
v -51.899097 81.01423 133.14627
v -56.551403 77.95389 130.37259
v -54.873825 60.522827 142.9125
v -49.968643 62.060658 145.86046
v -51.75413 82.89781 92.766914
v -49.693012 54.561623 75.991264
v -54.613895 53.869934 79.88032
v -56.44739 79.07675 94.80331
v -51.75413 82.89781 92.766914
v -56.44739 79.07675 94.80331
v -56.551403 77.95389 130.37259
v -51.899097 81.01423 133.14627
v -54.613895 53.869934 79.88032
v -49.693012 54.561623 75.991264
v -45.87183 47.073322 75.99127
v -50.792713 45.145367 79.880325
v -50.792713 45.145367 79.880325
v -45.87183 47.073322 75.99127
v -45.871826 47.41049 13.596088
v -50.792706 45.71342 13.575373
v -45.87182 47.972435 -49.830486
v -50.7927 46.252163 -49.307964
v -50.792706 45.71342 13.575373
v -45.871826 47.41049 13.596088
v -45.871826 47.414246 13.17187
v -50.792713 39.346157 79.880325
v -50.792713 45.145367 79.880325
v -50.792706 45.71342 13.575373
v -50.792706 39.346157 13.937186
v -50.7927 39.34616 -47.191048
v -50.792706 39.346157 13.937186
v -50.792706 45.71342 13.575373
v -50.7927 46.252163 -49.307964
v -50.792713 39.346157 -67.221924
v -50.7927 39.34616 -47.669193
v -50.7927 46.25568 -49.71796
v -50.792713 46.407707 -67.46401
v -50.792713 46.407707 -67.46401
v -50.7927 46.25568 -49.71796
v -45.87182 47.972435 -50.277172
v -45.871826 47.97243 -62.28682
v -50.792713 46.407707 -67.46401
v -45.871826 47.97243 -62.28682
v -49.290237 56.836693 -62.84876
v -54.211124 56.836693 -68.025955
v -54.211124 56.836693 -68.025955
v -49.290237 56.836693 -62.84876
v -51.105164 83.020996 -80.8024
v -56.19655 79.20266 -83.78868
v -56.19655 79.20266 -83.78868
v -51.105164 83.020996 -80.8024
v -51.06925 83.363396 -121.09666
v -56.19655 79.23489 -118.60701
v -49.693005 57.277786 -50.280033
v -49.676865 57.260113 -50.78358
v -45.87182 47.972435 -50.277172
v -45.87182 47.972435 -49.830486
v 0.1626745 53.72559 159.35931
v 0.1626745 54.39234 160.56905
v -34.468327 54.39234 160.56905
v -33.746624 53.72559 159.35931
v -25.161993 53.72559 159.35931
v -49.070206 101.74789 -51.77246
v -51.899097 94.687065 -52.8609
v -51.899097 94.65321 -52.242107
v -51.899097 91.398384 11.6340275
v -49.26461 98.23562 10.309144
v -49.263012 98.264565 9.8008995
v -51.711323 91.90824 11.078439
v -51.899097 88.11324 76.09972
v -51.899097 88.13357 75.70093
v -49.693012 54.568535 75.69472
v -49.693012 54.561623 75.991264
v -50.792713 46.407707 -67.46401
v -54.211124 56.836693 -68.025955
v -54.216152 56.953964 -69.14899
v -50.998344 46.71845 -68.49982
v -54.211124 56.836693 -68.025955
v -56.19655 79.20266 -83.78868
v -56.093628 78.432205 -84.254906
v -54.216152 56.953964 -69.14899
v -56.19655 79.20266 -83.78868
v -56.19655 79.23489 -118.60701
v -56.01123 78.38404 -118.03883
v -56.093628 78.432205 -84.254906
v -56.01123 78.38404 -118.03883
v -56.19655 79.23489 -118.60701
v -54.211124 60.678215 -131.22209
v -54.216152 60.49106 -130.34451
v -50.67429 39.4892 -68.49982
v -50.792713 39.346157 -67.221924
v -50.792713 46.407707 -67.46401
v -50.998344 46.71845 -68.49982
v -49.968643 59.77283 144.05428
v -54.825287 59.58991 143.05753
v -34.468327 59.635757 162.74132
v -34.468327 59.635757 159.89488
v -25.161993 53.72559 159.35931
v -25.161993 49.815678 157.7395
v -53.90211 54.437958 142.80684
v -52.97894 49.286 142.55615
v -34.468327 49.14893 158.39677
v -34.468327 54.39234 160.56905
v -52.97894 49.286 142.55615
v -50.871723 45.818134 140.92964
v -34.468327 49.14893 158.39677
v -25.700985 49.14893 158.39677
v -34.468327 49.14893 158.39677
v -50.871723 45.818134 140.92964
v -26.014475 45.81813 140.92964
v -53.90211 54.437958 142.80684
v -53.868294 54.47096 140.92964
v -52.97894 49.286 140.92964
v -52.97894 49.286 142.55615
v -50.871723 45.818134 140.92964
v -52.97894 49.286 142.55615
v -52.97894 49.286 140.92964
v -54.873825 60.522827 142.9125
v -56.551403 77.95389 130.37259
v -56.507504 77.29793 130.00804
v -54.810482 60.16474 142.19196
v -49.968643 59.77283 144.05428
v -49.96524 59.860447 142.06596
v -54.757645 59.655922 140.92964
v -54.825287 59.58991 143.05753
v -45.596943 42.971264 -131.22209
v -54.174053 57.469734 -131.22209
v -50.32085 60.20405 -161.22444
v -46.10642 52.473747 -159.4267
v 0.1626745 40.266323 -131.22209
v -21.980726 40.05825 -131.22209
v -24.570936 49.664772 -159.4267
v 0.1626745 49.976883 -159.4267
v -21.980726 40.05825 -131.22209
v -45.596943 42.971264 -131.22209
v -46.10642 52.473747 -159.4267
v -24.570936 49.664772 -159.4267
v -25.079088 60.20405 -161.22444
v -24.570936 49.664772 -159.4267
v -46.10642 52.473747 -159.4267
v -50.32085 60.20405 -161.22444
v -19.45667 60.20405 -161.22444
v -17.896147 52.99288 -159.99438
v -24.570936 49.664772 -159.4267
v -25.079088 60.20405 -161.22444
v -24.570936 49.664772 -159.4267
v -17.896147 52.99288 -159.99438
v 0.1626745 52.81948 -159.92638
v 0.1626745 49.976883 -159.4267
v 0.1626745 52.81948 -159.92638
v -17.896147 52.99288 -159.99438
v -17.896149 52.10424 -152.16963
v 0.1626745 51.93084 -152.16963
v -17.896147 52.99288 -159.99438
v -19.45667 60.20405 -161.22444
v -19.45667 59.43582 -152.16963
v -17.896149 52.10424 -152.16963
v -51.899097 88.11324 76.09972
v -49.46956 94.53315 75.320885
v -49.467953 94.56216 74.811485
v -51.801292 88.391304 75.665276
v -34.468327 59.635757 159.89488
v -34.468327 59.635757 162.74132
v -44.89898 59.239227 -152.41785
v -47.66777 57.772285 -136.62396
v -47.66777 61.957043 -136.62396
v -44.89898 63.333244 -152.41785
v -25.079088 60.20405 -161.22444
v -25.045233 59.39264 -152.22415
v -19.45667 59.43582 -152.16963
v -19.45667 60.20405 -161.22444
v -25.045233 59.39264 -152.22415
v -19.466238 63.333244 -152.41785
v -19.45667 59.43582 -152.16963
v -50.32085 60.20405 -161.22444
v -44.89898 59.239227 -152.41785
v -25.045233 59.39264 -152.22415
v -25.079088 60.20405 -161.22444
v -50.32085 60.20405 -161.22444
v -54.174053 57.469734 -131.22209
v -47.66777 57.772285 -136.62396
v -44.89898 59.239227 -152.41785
v -47.66777 61.957043 -136.62396
v -47.66777 57.772285 -136.62396
v -48.781822 57.469738 -131.22209
v -50.519028 60.491062 -130.34451
v -50.519028 60.491062 -130.34451
v -54.211124 60.678215 -131.22209
v -50.096664 61.953312 -136.39125
v -47.66777 61.957043 -136.62396
v -54.825287 59.58991 143.05753
v -54.757645 59.655922 140.92964
v -53.868294 54.47096 140.92964
v -53.90211 54.437958 142.80684
v -54.825287 59.58991 143.05753
v -53.90211 54.437958 142.80684
v -34.468327 54.39234 160.56905
v -34.468327 59.635757 162.74132
v -25.161993 49.815678 157.7395
v -25.700985 49.14893 158.39677
v -33.746624 53.72559 159.35931
v -34.468327 54.39234 160.56905
v -34.468327 49.14893 158.39677
v -33.746624 49.815678 157.7395
v -34.468327 59.635757 162.74132
v -34.468327 54.39234 160.56905
v -54.211124 60.678215 -131.22209
v -56.19655 79.23489 -118.60701
v -51.06925 83.363396 -121.09666
v -50.096664 61.953312 -136.39125
v -33.746624 49.815678 157.7395
v -34.468327 49.14893 158.39677
v 0.1626745 49.14893 158.39677
v -25.700985 49.14893 158.39677
v -26.014475 45.81813 140.92964
v 0.1626745 45.81813 140.53325
v -32.985477 52.94515 158.63605
v -33.746624 53.72559 159.35931
v -33.746624 49.815678 157.7395
v -32.985477 50.596123 157.66287
v -26.090376 52.94515 158.63605
v -25.161993 53.72559 159.35931
v -33.746624 53.72559 159.35931
v -32.985477 52.94515 158.63605
v -32.985477 50.596123 157.66287
v -33.746624 49.815678 157.7395
v -25.161993 49.815678 157.7395
v -26.090376 50.596123 157.66287
v -26.090376 50.596123 157.66287
v -25.161993 49.815678 157.7395
v -25.161993 53.72559 159.35931
v -26.090376 52.94515 158.63605
v -54.810482 60.16474 142.19196
v -49.96524 59.860447 142.06596
v -49.968643 62.060658 145.86046
v -54.873825 60.522827 142.9125
v -56.38195 78.2835 95.280624
v -56.507504 77.29793 130.00804
v -56.551403 77.95389 130.37259
v -56.44739 79.07675 94.80331
v -54.613895 53.753796 80.75135
v -56.38195 78.2835 95.280624
v -56.44739 79.07675 94.80331
v -54.613895 53.869934 79.88032
v -54.613895 53.869934 79.88032
v -50.792713 45.145367 79.880325
v -54.613895 53.753796 80.75135
v -49.693012 56.016537 13.596088
v -49.693012 56.02562 13.136054
v -45.871826 47.414246 13.17187
v -45.871826 47.41049 13.596088
v -51.899097 91.421715 11.176222
v -49.693012 56.02562 13.136054
v -49.693012 56.016537 13.596088
v -51.899097 91.398384 11.6340275
v -51.899097 94.687065 -52.8609
v -49.676865 57.260113 -50.78358
v -49.693005 57.277786 -50.280033
v -51.899097 94.65321 -52.242107
v -17.896149 52.10424 -152.16963
v -19.45667 59.43582 -152.16963
v 0.1626745 63.333244 -152.41785
v 0.1626745 59.262424 -152.16963
v -19.45667 59.43582 -152.16963
v -19.466238 63.333244 -152.41785
v -37.73616 115.17007 -55.144836
v -37.73616 115.98182 -55.144836
v -37.73616 115.98182 -55.144836
v -37.73616 115.17007 -55.144836
v -45.773746 100.73522 -158.15717
v -45.773746 101.546974 -158.15717
v -45.773746 101.546974 -158.15717
v -45.773746 100.73522 -158.15717
v -53.868294 54.47096 140.92964
v -26.014475 54.47096 140.92964
v -26.014475 49.286 140.92964
v -52.97894 49.286 140.92964
v -50.792713 45.145367 79.880325
v -50.792713 39.346157 79.880325
v -26.014475 39.34615 79.880325
v -26.014475 45.145367 79.880325
v -52.07879 78.38404 -118.03883
v -50.519028 60.491062 -130.34451
v -26.014475 60.49106 -130.34454
v -26.014475 78.38404 -118.03886
v -54.810482 60.16474 142.19196
v -26.014475 60.16474 142.19197
v -26.014475 59.860447 142.06596
v -49.96524 59.860447 142.06596
v -26.014475 77.29793 130.00806
v -26.014475 78.2835 95.28063
v -26.014475 53.753796 80.75135
v -26.014475 45.145367 79.880325
v -26.014475 39.34615 79.880325
v -26.014475 45.81813 140.92964
v -26.014475 49.286 140.92964
v -26.014475 54.47096 140.92964
v -26.014475 59.655922 140.92964
v -26.014475 59.860447 142.06596
v -26.014475 60.16474 142.19197
v -47.441498 39.4892 -68.49982
v -47.72307 46.71845 -68.49982
v -26.014475 46.71845 -68.499825
v -26.014475 39.4892 -68.499825
v -52.150387 78.432205 -84.25491
v -52.07879 78.38404 -118.03883
v -26.014475 78.38404 -118.03886
v -26.014475 78.432205 -84.25493
v -54.613895 53.753796 80.75135
v -26.014475 53.753796 80.75135
v -26.014475 78.2835 95.28063
v -56.38195 78.2835 95.280624
v -50.51904 56.953964 -69.14899
v -52.150387 78.432205 -84.25491
v -26.014475 78.432205 -84.25493
v -26.014475 56.953964 -69.149
v -54.613895 53.753796 80.75135
v -50.792713 45.145367 79.880325
v -26.014475 45.145367 79.880325
v -26.014475 53.753796 80.75135
v -54.757645 59.655922 140.92964
v -26.014475 59.655922 140.92964
v -47.72307 46.71845 -68.49982
v -50.51904 56.953964 -69.14899
v -26.014475 56.953964 -69.149
v -26.014475 46.71845 -68.499825
v -49.96524 59.860447 142.06596
v -26.014475 59.860447 142.06596
v -26.014475 59.655922 140.92964
v -54.757645 59.655922 140.92964
v -26.014475 45.81813 140.92964
v -50.871723 45.818134 140.92964
v -56.38195 78.2835 95.280624
v -26.014475 78.2835 95.28063
v -26.014475 77.29793 130.00806
v -56.507504 77.29793 130.00804
v -56.507504 77.29793 130.00804
v -26.014475 77.29793 130.00806
v -26.014475 60.16474 142.19197
v -54.810482 60.16474 142.19196
v -21.980726 40.05825 -131.22209
v -26.041866 57.469734 -131.22209
v -48.781822 57.469738 -131.22209
v -45.596943 42.971264 -131.22209
v -21.980726 40.05825 -131.22209
v -48.781822 57.469738 -131.22209
v -54.174053 57.469734 -131.22209
v -50.998344 46.71845 -68.49982
v -54.216152 56.953964 -69.14899
v -50.51904 56.953964 -69.14899
v -47.72307 46.71845 -68.49982
v -54.216152 56.953964 -69.14899
v -56.093628 78.432205 -84.254906
v -52.150387 78.432205 -84.25491
v -50.51904 56.953964 -69.14899
v -56.093628 78.432205 -84.254906
v -56.01123 78.38404 -118.03883
v -52.07879 78.38404 -118.03883
v -52.150387 78.432205 -84.25491
v -50.67429 39.4892 -68.49982
v -50.998344 46.71845 -68.49982
v -47.72307 46.71845 -68.49982
v -47.441498 39.4892 -68.49982
v -56.01123 78.38404 -118.03883
v -54.216152 60.49106 -130.34451
v -50.519028 60.491062 -130.34451
v -52.07879 78.38404 -118.03883
v -54.216152 60.49106 -130.34451
v -54.211124 60.678215 -131.22209
v -50.519028 60.491062 -130.34451
v -26.014475 60.49106 -130.34454
v -50.519028 60.491062 -130.34451
v -48.781822 57.469738 -131.22209
v -26.041866 57.469734 -131.22209
v -26.014475 60.49106 -130.34454
v -26.041866 57.469734 -131.22209
v -21.980726 40.05825 -131.22209
v -26.014475 39.4892 -68.499825
v -26.014475 46.71845 -68.499825
v -26.014475 56.953964 -69.149
v -26.014475 78.432205 -84.25493
v -26.014475 78.38404 -118.03886
v -50.792706 39.346157 13.937186
v -50.7927 39.34616 -47.191048
v -50.7927 39.34616 -47.669193
v -50.792713 39.346157 -67.221924
v -50.67429 39.4892 -68.49982
v -47.441498 39.4892 -68.49982
v -26.014475 39.4892 -68.499825
v -26.014475 39.34615 79.880325
v -50.792713 39.346157 79.880325
v -26.014475 39.34615 79.880325
v 0.1626745 39.34615 79.880325
v 0.1626745 45.81813 140.53325
v -26.014475 45.81813 140.92964
v -26.014475 39.4892 -68.499825
v -21.980726 40.05825 -131.22209
v 0.1626745 40.266323 -131.22209
v 0.1626745 39.4892 -68.499825
v -26.014475 39.4892 -68.499825
v -26.014475 39.34615 79.880325
v -50.7927 46.25568 -49.71796
v -50.7927 39.34616 -47.669193
v -50.7927 39.34616 -47.191048
v -50.7927 46.252163 -49.307964
v -45.87182 47.972435 -50.277172
v -50.7927 46.25568 -49.71796
v -50.7927 46.252163 -49.307964
v -45.87182 47.972435 -49.830486
v -49.693012 54.568535 75.69472
v -45.87183 47.073322 75.99127
v -49.693012 54.561623 75.991264
v -44.144485 62.176453 -152.38614
v -44.89898 63.333244 -152.41785
v -19.466238 63.333244 -152.41785
v -35.535126 62.176453 -152.41818
v -44.14436 60.4756 -152.48256
v -44.89898 59.239227 -152.41785
v -44.89898 63.333244 -152.41785
v -44.144485 62.176453 -152.38614
v -35.535126 60.4756 -152.19843
v -25.045233 59.39264 -152.22415
v -44.89898 59.239227 -152.41785
v -44.14436 60.4756 -152.48256
v -35.535126 62.176453 -152.41818
v -19.466238 63.333244 -152.41785
v -25.045233 59.39264 -152.22415
v -35.535126 60.4756 -152.19843
v 56.5219 79.23489 -118.60701
v 50.99598 74.588326 -127.36525
v 51.3946 83.363396 -121.09666
v 51.014103 74.98497 -127.569984
v 51.3764 82.9604 -121.87262
v 51.3946 83.363396 -121.09666
v 50.99598 74.588326 -127.36525
v 51.3764 82.9604 -121.87262
v 51.374504 82.85441 -135.35896
v 51.39254 83.24818 -135.75626
v 51.3946 83.363396 -121.09666
v 51.374504 82.85441 -135.35896
v 51.015385 74.975845 -135.35896
v 50.99736 74.5785 -135.75626
v 51.39254 83.24818 -135.75626
v 51.015385 74.975845 -135.35896
v 51.014103 74.98497 -127.569984
v 50.99598 74.588326 -127.36525
v 50.99736 74.5785 -135.75626
# 891 vertices

vn 0.6057433 0.41227213 0.68051946
vn 0.6057433 0.41227213 0.68051946
vn 0.6057433 0.41227213 0.68051946
vn 0.6057433 0.41227213 0.68051946
vn 0.6072435 0.37158754 -0.7022664
vn 0.6072435 0.37158754 -0.7022664
vn 0.6072435 0.37158754 -0.7022664
vn 0.6072435 0.37158754 -0.7022664
vn 0.59419304 0.8037678 0.029869437
vn 0.59419304 0.8037678 0.029869437
vn 0.59419304 0.8037678 0.029869437
vn 0.59419304 0.8037678 0.029869437
vn 0.5546841 -0.26146606 -0.7899121
vn 0.5546841 -0.26146606 -0.7899121
vn 0.5546841 -0.26146606 -0.7899121
vn 0.5546841 -0.26146606 -0.7899121
vn 0.34333563 0.9391896 0.0066058068
vn 0.34333563 0.9391896 0.0066058068
vn 0.34333563 0.9391896 0.0066058068
vn 0.34333563 0.9391896 0.0066058068
vn 0.32763153 0.94476974 0.008232898
vn 0.32763153 0.94476974 0.008232898
vn 0.32763153 0.94476974 0.008232898
vn 0.32763153 0.94476974 0.008232898
vn 0.32763153 0.94476974 0.008232898
vn 1 -2.424066E-09 -8.151203E-08
vn 1 -2.424066E-09 -8.151203E-08
vn 1 -2.424066E-09 -8.151203E-08
vn 1 -2.424066E-09 -8.151203E-08
vn 1 -1.6244176E-08 -8.698531E-08
vn 1 -1.6244176E-08 -8.698531E-08
vn 1 -1.6244176E-08 -8.698531E-08
vn 1 -1.6244176E-08 -8.698531E-08
vn 1 9.48307E-08 5.783374E-07
vn 1 9.48307E-08 5.783374E-07
vn 1 9.48307E-08 5.783374E-07
vn 1 9.48307E-08 5.783374E-07
vn 0.31834552 0.9479624 0.0048433943
vn 0.31834552 0.9479624 0.0048433943
vn 0.31834552 0.9479624 0.0048433943
vn 0.31834552 0.9479624 0.0048433943
vn 0.69363683 -0.20558424 0.6903644
vn 0.69363683 -0.20558424 0.6903644
vn 0.69363683 -0.20558424 0.6903644
vn 0.69363683 -0.20558424 0.6903644
vn 0.6666939 0.38923112 0.63562435
vn 0.6666939 0.38923112 0.63562435
vn 0.6666939 0.38923112 0.63562435
vn 0.6666939 0.38923112 0.63562435
vn 0.61399764 0.78929955 0.0036431586
vn 0.61399764 0.78929955 0.0036431586
vn 0.61399764 0.78929955 0.0036431586
vn 0.61399764 0.78929955 0.0036431586
vn 0.9250072 -0.37985134 -0.0086481115
vn 0.9250072 -0.37985134 -0.0086481115
vn 0.9250072 -0.37985134 -0.0086481115
vn 0.9250072 -0.37985134 -0.0086481115
vn 0 -0.8757874 0.48269716
vn 0 -0.8757874 0.48269716
vn 0 -0.8757874 0.48269716
vn 0 -0.8757874 0.48269716
vn 0 -0.8757874 0.48269716
vn 0.9291512 0.36914822 0.020194149
vn 0.9291512 0.36914822 0.020194149
vn 0.9291512 0.36914822 0.020194149
vn 0.9318246 0.36247674 0.017707549
vn 0.9318246 0.36247674 0.017707549
vn 0.9318246 0.36247674 0.017707549
vn 0.9318246 0.36247674 0.017707549
vn 0.99784327 -0.065592706 -0.002569016
vn 0.99784327 -0.065592706 -0.002569016
vn 0.99784327 -0.065592706 -0.002569016
vn 0.99784327 -0.065592706 -0.002569016
vn 0.95215595 -0.30386186 0.032667574
vn 0.95215595 -0.30386186 0.032667574
vn 0.95215595 -0.30386186 0.032667574
vn 0.95215595 -0.30386186 0.032667574
vn 0.9946508 -0.10142216 -0.019584222
vn 0.9946508 -0.10142216 -0.019584222
vn 0.9946508 -0.10142216 -0.019584222
vn 0.9946508 -0.10142216 -0.019584222
vn 0.98454845 -0.17510873 -0.0011418485
vn 0.98454845 -0.17510873 -0.0011418485
vn 0.98454845 -0.17510873 -0.0011418485
vn 0.98454845 -0.17510873 -0.0011418485
vn 0.9915081 -0.12568031 0.033410043
vn 0.9915081 -0.12568031 0.033410043
vn 0.9915081 -0.12568031 0.033410043
vn 0.9915081 -0.12568031 0.033410043
vn 0.9992002 -0.022092948 0.03332901
vn 0.9992002 -0.022092948 0.03332901
vn 0.9992002 -0.022092948 0.03332901
vn 0.9992002 -0.022092948 0.03332901
vn 0.026478427 0.9992202 0.02929244
vn 0.026478427 0.9992202 0.02929244
vn 0.026478427 0.9992202 0.02929244
vn 0.026478427 0.9992202 0.02929244
vn 0 -0.38273928 0.9238565
vn 0 -0.38273928 0.9238565
vn 0 -0.38273928 0.9238565
vn 0 -0.38273928 0.9238565
vn 0.6462545 -0.22719464 0.7285175
vn 0.6462545 -0.22719464 0.7285175
vn 0.6462545 -0.22719464 0.7285175
vn 0.6462545 -0.22719464 0.7285175
vn 0.52219087 -0.60106826 0.60500723
vn 0.52219087 -0.60106826 0.60500723
vn 0.52219087 -0.60106826 0.60500723
vn 8.276947E-08 -0.9823001 0.18731421
vn 8.276947E-08 -0.9823001 0.18731421
vn 8.276947E-08 -0.9823001 0.18731421
vn 8.276947E-08 -0.9823001 0.18731421
vn 0.9849576 -0.1724376 -0.011130937
vn 0.9849576 -0.1724376 -0.011130937
vn 0.9849576 -0.1724376 -0.011130937
vn 0.9849576 -0.1724376 -0.011130937
vn 0.8545989 -0.51928884 0
vn 0.8545989 -0.51928884 0
vn 0.8545989 -0.51928884 0
vn 0.99493915 -0.10037801 -0.004528849
vn 0.99493915 -0.10037801 -0.004528849
vn 0.99493915 -0.10037801 -0.004528849
vn 0.99493915 -0.10037801 -0.004528849
vn 0.048132442 0.99817663 0.03642387
vn 0.048132442 0.99817663 0.03642387
vn 0.048132442 0.99817663 0.03642387
vn 0.048132442 0.99817663 0.03642387
vn 0.8508874 -0.5021335 -0.15444282
vn 0.8508874 -0.5021335 -0.15444282
vn 0.8508874 -0.5021335 -0.15444282
vn 0.8508874 -0.5021335 -0.15444282
vn -0.010495989 -0.94586545 -0.3243895
vn -0.010495989 -0.94586545 -0.3243895
vn -0.010495989 -0.94586545 -0.3243895
vn -0.010495989 -0.94586545 -0.3243895
vn 0.119419575 -0.94232893 -0.31265846
vn 0.119419575 -0.94232893 -0.31265846
vn 0.119419575 -0.94232893 -0.31265846
vn 0.119419575 -0.94232893 -0.31265846
vn 0.011770597 -0.19601315 -0.9805307
vn 0.011770597 -0.19601315 -0.9805307
vn 0.011770597 -0.19601315 -0.9805307
vn 0.011770597 -0.19601315 -0.9805307
vn 4.9164674E-07 -0.16814692 -0.985762
vn 4.9164674E-07 -0.16814692 -0.985762
vn 4.9164674E-07 -0.16814692 -0.985762
vn 4.9164674E-07 -0.16814692 -0.985762
vn -0.0021254371 -0.17267522 -0.9849766
vn -0.0021254371 -0.17267522 -0.9849766
vn -0.0021254371 -0.17267522 -0.9849766
vn -0.0021254371 -0.17267522 -0.9849766
vn -0.009326141 0.99351436 0.11332397
vn -0.009326141 0.99351436 0.11332397
vn -0.009326141 0.99351436 0.11332397
vn -0.009326141 0.99351436 0.11332397
vn -0.97716475 0.21146679 0.02075738
vn -0.97716475 0.21146679 0.02075738
vn -0.97716475 0.21146679 0.02075738
vn -0.97716475 0.21146679 0.02075738
vn 0.93443036 0.35572493 0.017313091
vn 0.93443036 0.35572493 0.017313091
vn 0.93443036 0.35572493 0.017313091
vn 0.93443036 0.35572493 0.017313091
vn 0 1 0
vn 0 1 0
vn 0 1 0
vn 0 1 0
vn 0.98497903 0 -0.17267448
vn 0.98497903 0 -0.17267448
vn 0.98497903 0 -0.17267448
vn 0.98497903 0 -0.17267448
vn 0.0042610914 0.99618495 0.08716418
vn 0.0042610914 0.99618495 0.08716418
vn 0.0042610914 0.99618495 0.08716418
vn 0.0042610914 0.99618495 0.08716418
vn -0.010225834 -0.06352751 -0.9979277
vn -0.010225834 -0.06352751 -0.9979277
vn -0.010225834 -0.06352751 -0.9979277
vn 0.0038159464 0.99493843 0.10041403
vn 0.0038159464 0.99493843 0.10041403
vn 0.0038159464 0.99493843 0.10041403
vn 0.0038159464 0.99493843 0.10041403
vn -0.028033916 0.99505025 0.09533757
vn -0.028033916 0.99505025 0.09533757
vn -0.028033916 0.99505025 0.09533757
vn -0.028033916 0.99505025 0.09533757
vn 0.9226358 -0.18094589 -0.34059033
vn 0.9226358 -0.18094589 -0.34059033
vn 0.9226358 -0.18094589 -0.34059033
vn 0.9226358 -0.18094589 -0.34059033
vn 0.0043300088 -0.97190535 -0.23533252
vn 0.0043300088 -0.97190535 -0.23533252
vn 0.0043300088 -0.97190535 -0.23533252
vn 0.0043300088 -0.97190535 -0.23533252
vn 0.98467314 -0.17194915 -0.029194849
vn 0.98467314 -0.17194915 -0.029194849
vn 0.98467314 -0.17194915 -0.029194849
vn 0.98467314 -0.17194915 -0.029194849
vn 0.6677985 -0.2247022 0.70961547
vn 0.6677985 -0.2247022 0.70961547
vn 0.6677985 -0.2247022 0.70961547
vn 0.6677985 -0.2247022 0.70961547
vn 0 0.70202464 0.71215266
vn 0 0.70202464 0.71215266
vn 0 0.70202464 0.71215266
vn 0 0.70202464 0.71215266
vn -0.7668987 -0.24563044 0.59290147
vn -0.7668987 -0.24563044 0.59290147
vn -0.7668987 -0.24563044 0.59290147
vn -0.7668987 -0.24563044 0.59290147
vn 0 -0.3827407 0.9238559
vn 0 -0.3827407 0.9238559
vn 0 -0.3827407 0.9238559
vn 0 -0.3827407 0.9238559
vn 0.72894585 0.34885225 -0.5890162
vn 0.72894585 0.34885225 -0.5890162
vn 0.72894585 0.34885225 -0.5890162
vn 0.72894585 0.34885225 -0.5890162
vn 0 0.70202464 0.71215266
vn 0 0.70202464 0.71215266
vn -0.0014111972 -0.98268616 0.18527299
vn -0.0014111972 -0.98268616 0.18527299
vn -0.0014111972 -0.98268616 0.18527299
vn -0.0014111972 -0.98268616 0.18527299
vn -0.43670473 -0.34431508 0.8311054
vn -0.43670473 -0.34431508 0.8311054
vn -0.43670473 -0.34431508 0.8311054
vn -0.43670473 -0.34431508 0.8311054
vn 0 -0.6797286 0.73346376
vn 0 -0.6797286 0.73346376
vn 0 -0.6797286 0.73346376
vn 0 -0.6797286 0.73346376
vn 0 0.0977103 0.99521494
vn 0 0.0977103 0.99521494
vn 0 0.0977103 0.99521494
vn 0 0.0977103 0.99521494
vn 0.36978325 -0.35561097 0.8583713
vn 0.36978325 -0.35561097 0.8583713
vn 0.36978325 -0.35561097 0.8583713
vn 0.36978325 -0.35561097 0.8583713
vn 0.032459483 -0.8697886 0.49235576
vn 0.032459483 -0.8697886 0.49235576
vn 0.032459483 -0.8697886 0.49235576
vn 0.032459483 -0.8697886 0.49235576
vn 0.99711823 -0.075661756 -0.0055255885
vn 0.99711823 -0.075661756 -0.0055255885
vn 0.99711823 -0.075661756 -0.0055255885
vn 0.99711823 -0.075661756 -0.0055255885
vn 0.99739766 -0.072096005 -0.00021653611
vn 0.99739766 -0.072096005 -0.00021653611
vn 0.99739766 -0.072096005 -0.00021653611
vn 0.99739766 -0.072096005 -0.00021653611
vn 0.9146883 -0.40061486 -0.053414978
vn 0.9146883 -0.40061486 -0.053414978
vn 0.9146883 -0.40061486 -0.053414978
vn 0.9139845 -0.40570658 -0.005892307
vn 0.9139845 -0.40570658 -0.005892307
vn 0.9139845 -0.40570658 -0.005892307
vn 0.9139845 -0.40570658 -0.005892307
vn 0.9980527 -0.062338825 -0.0022012612
vn 0.9980527 -0.062338825 -0.0022012612
vn 0.9980527 -0.062338825 -0.0022012612
vn 0.9980527 -0.062338825 -0.0022012612
vn 0.99808794 -0.059908867 -0.015217417
vn 0.99808794 -0.059908867 -0.015217417
vn 0.99808794 -0.059908867 -0.015217417
vn 0.99808794 -0.059908867 -0.015217417
vn 0 0 -1
vn 0 0 -1
vn 0 0 -1
vn 0 0 -1
vn 0.0002746992 -0.062178534 -0.998065
vn 0.0002746992 -0.062178534 -0.998065
vn 0.0002746992 -0.062178534 -0.998065
vn 0.0002746992 -0.062178534 -0.998065
vn 0 0 -1
vn 0 0 -1
vn 0 0 -1
vn 0 0 -1
vn -0.9969699 0 -0.07778902
vn -0.9969699 0 -0.07778902
vn -0.9969699 0 -0.07778902
vn -0.9969699 0 -0.07778902
vn 0 0 1
vn 0 0 1
vn 0 0 1
vn 0 0 1
vn 0 0 -1
vn 0 0 -1
vn 0 0 -1
vn 0 0 -1
vn 0 0 1
vn 0 0 1
vn 0 0 1
vn 0 0 1
vn -1.0538283E-06 -0.56666195 0.82395035
vn -1.0538283E-06 -0.56666195 0.82395035
vn -1.0538283E-06 -0.56666195 0.82395035
vn -1.0538283E-06 -0.56666195 0.82395035
vn -3.7770246E-07 0.3825721 -0.92392564
vn -3.7770246E-07 0.3825721 -0.92392564
vn -3.7770246E-07 0.3825721 -0.92392564
vn -3.7770246E-07 0.3825721 -0.92392564
vn 1 0 0
vn 1 0 0
vn 1 0 0
vn 1 0 0
vn 1 0 0
vn 1 0 0
vn 1 0 0
vn 1 0 0
vn 1 0 0
vn 1 0 0
vn 1 0 0
vn 4.9974636E-07 -9.7322586E-09 -1
vn 4.9974636E-07 -9.7322586E-09 -1
vn 4.9974636E-07 -9.7322586E-09 -1
vn 4.9974636E-07 -9.7322586E-09 -1
vn -7.845272E-08 -0.99999905 0.0014256701
vn -7.845272E-08 -0.99999905 0.0014256701
vn -7.845272E-08 -0.99999905 0.0014256701
vn -7.845272E-08 -0.99999905 0.0014256701
vn 7.2461845E-08 -0.50962466 0.86039686
vn 7.2461845E-08 -0.50962466 0.86039686
vn 7.2461845E-08 -0.50962466 0.86039686
vn 7.2461845E-08 -0.50962466 0.86039686
vn 4.3514964E-07 -0.5752797 -0.81795675
vn 4.3514964E-07 -0.5752797 -0.81795675
vn 4.3514964E-07 -0.5752797 -0.81795675
vn 4.3514964E-07 -0.5752797 -0.81795675
vn 0 -0.10066901 0.99491996
vn 0 -0.10066901 0.99491996
vn 0 -0.10066901 0.99491996
vn 0 -0.10066901 0.99491996
vn 0 0 -1
vn 0 0 -1
vn 4.648416E-07 -0.06329657 -0.9979948
vn 4.648416E-07 -0.06329657 -0.9979948
vn 4.648416E-07 -0.06329657 -0.9979948
vn 4.648416E-07 -0.06329657 -0.9979948
vn -3.6174136E-08 0.9841856 -0.17714097
vn -3.6174136E-08 0.9841856 -0.17714097
vn -3.6174136E-08 0.9841856 -0.17714097
vn -3.6174136E-08 0.9841856 -0.17714097
vn 0 0 -1
vn 0 0 -1
vn -8.6421046E-08 -0.9995976 -0.028368866
vn -8.6421046E-08 -0.9995976 -0.028368866
vn -8.6421046E-08 -0.9995976 -0.028368866
vn -8.6421046E-08 -0.9995976 -0.028368866
vn -3.1762315E-07 -0.57953364 -0.81494844
vn -3.1762315E-07 -0.57953364 -0.81494844
vn -3.1762315E-07 -0.57953364 -0.81494844
vn -3.1762315E-07 -0.57953364 -0.81494844
vn -4.7398652E-07 1.10554886E-07 1
vn -4.7398652E-07 1.10554886E-07 1
vn -4.7398652E-07 1.10554886E-07 1
vn 4.5628073E-07 -8.436497E-07 1
vn 4.5628073E-07 -8.436497E-07 1
vn 4.5628073E-07 -8.436497E-07 1
vn 4.5628073E-07 -8.436497E-07 1
vn 0 -0.06329651 -0.99799484
vn 0 -0.06329651 -0.99799484
vn 0 -0.06329651 -0.99799484
vn 0 -0.06329651 -0.99799484
vn 4.5539736E-07 -0.57527965 -0.81795686
vn 4.5539736E-07 -0.57527965 -0.81795686
vn 4.5539736E-07 -0.57527965 -0.81795686
vn 4.5539736E-07 -0.57527965 -0.81795686
vn -1.7168948E-07 -0.999999 0.0014256703
vn -1.7168948E-07 -0.999999 0.0014256703
vn -1.7168948E-07 -0.999999 0.0014256703
vn -1.7168948E-07 -0.999999 0.0014256703
vn 0 0 -1
vn 0 0 -1
vn 0 0 -1
vn 0 0 -1
vn 9.190511E-07 -0.5666619 0.8239504
vn 9.190511E-07 -0.5666619 0.8239504
vn 9.190511E-07 -0.5666619 0.8239504
vn 9.190511E-07 -0.5666619 0.8239504
vn -1.3208685E-06 -0.97800726 -0.20857127
vn -1.3208685E-06 -0.97800726 -0.20857127
vn -1.3208685E-06 -0.97800726 -0.20857127
vn -1.0628523E-06 -0.27892873 0.96031183
vn -1.0628523E-06 -0.27892873 0.96031183
vn -1.0628523E-06 -0.27892873 0.96031183
vn -1.0628523E-06 -0.27892873 0.96031183
vn 0.9980748 -0.059655122 -0.016967697
vn 0.9980748 -0.059655122 -0.016967697
vn 0.9980748 -0.059655122 -0.016967697
vn 0.9980748 -0.059655122 -0.016967697
vn 0.9980748 -0.059655122 -0.016967697
vn 0.9980748 -0.059655122 -0.016967697
vn 0.9980748 -0.059655122 -0.016967697
vn 0.9980748 -0.059655122 -0.016967697
vn -0.002861403 -0.9999955 -0.00096178084
vn -0.002861403 -0.9999955 -0.00096178084
vn -0.002861403 -0.9999955 -0.00096178084
vn -0.002861403 -0.9999955 -0.00096178084
vn -0.002861403 -0.9999955 -0.00096178084
vn -0.002861403 -0.9999955 -0.00096178084
vn -0.002861403 -0.9999955 -0.00096178084
vn -0.002861403 -0.9999955 -0.00096178084
vn -0.002861403 -0.9999955 -0.00096178084
vn -0.0008007476 -0.9943913 0.105761096
vn -0.0008007476 -0.9943913 0.105761096
vn -0.0008007476 -0.9943913 0.105761096
vn -0.0008007476 -0.9943913 0.105761096
vn -0.004305801 -0.99993473 -0.010592015
vn -0.004305801 -0.99993473 -0.010592015
vn -0.004305801 -0.99993473 -0.010592015
vn -0.004305801 -0.99993473 -0.010592015
vn 0 -0.9999995 -0.00096408644
vn 0 -0.9999995 -0.00096408644
vn 0 -0.9999995 -0.00096408644
vn 0 -0.9999995 -0.00096408644
vn 1 0 0
vn 1 0 0
vn 1 0 0
vn 1 0 0
vn 0.3293197 0.9442105 0.0038727117
vn 0.3293197 0.9442105 0.0038727117
vn 0.3293197 0.9442105 0.0038727117
vn 0.3293197 0.9442105 0.0038727117
vn 0.89068204 -0.45450327 -0.010597505
vn 0.89068204 -0.45450327 -0.010597505
vn 0.89068204 -0.45450327 -0.010597505
vn 0.00094128767 -0.0073305867 -0.9999727
vn 0.00094128767 -0.0073305867 -0.9999727
vn 0.00094128767 -0.0073305867 -0.9999727
vn 0.00094128767 -0.0073305867 -0.9999727
vn 0.022737918 0.016632441 -0.99960315
vn 0.022737918 0.016632441 -0.99960315
vn 0.022737918 0.016632441 -0.99960315
vn 0.022737918 0.016632441 -0.99960315
vn -0.016479673 0.05238874 -0.9984908
vn -0.016479673 0.05238874 -0.9984908
vn -0.016479673 0.05238874 -0.9984908
vn -0.016479673 0.05238874 -0.9984908
vn 0.00075252674 -0.07234959 -0.99737906
vn 0.00075252674 -0.07234959 -0.99737906
vn 0.00075252674 -0.07234959 -0.99737906
vn 0.00075252674 -0.07234959 -0.99737906
vn -0.6057433 0.41227213 0.68051946
vn -0.6057433 0.41227213 0.68051946
vn -0.6057433 0.41227213 0.68051946
vn -0.6057433 0.41227213 0.68051946
vn -0.6072435 0.37158754 -0.7022664
vn -0.6072435 0.37158754 -0.7022664
vn -0.6072435 0.37158754 -0.7022664
vn -0.6072435 0.37158754 -0.7022664
vn -0.59419304 0.8037678 0.029869437
vn -0.59419304 0.8037678 0.029869437
vn -0.59419304 0.8037678 0.029869437
vn -0.59419304 0.8037678 0.029869437
vn -0.5546841 -0.26146606 -0.7899121
vn -0.5546841 -0.26146606 -0.7899121
vn -0.5546841 -0.26146606 -0.7899121
vn -0.5546841 -0.26146606 -0.7899121
vn -0.34333563 0.9391896 0.0066058068
vn -0.34333563 0.9391896 0.0066058068
vn -0.34333563 0.9391896 0.0066058068
vn -0.34333563 0.9391896 0.0066058068
vn -0.32763115 0.94476986 0.008232904
vn -0.32763115 0.94476986 0.008232904
vn -0.32763115 0.94476986 0.008232904
vn -0.32763115 0.94476986 0.008232904
vn -0.32763115 0.94476986 0.008232904
vn -1 -2.424066E-09 -8.151203E-08
vn -1 -2.424066E-09 -8.151203E-08
vn -1 -2.424066E-09 -8.151203E-08
vn -1 -2.424066E-09 -8.151203E-08
vn -1 -1.6244176E-08 -8.698531E-08
vn -1 -1.6244176E-08 -8.698531E-08
vn -1 -1.6244176E-08 -8.698531E-08
vn -1 -1.6244176E-08 -8.698531E-08
vn -1 9.48307E-08 5.783374E-07
vn -1 9.48307E-08 5.783374E-07
vn -1 9.48307E-08 5.783374E-07
vn -1 9.48307E-08 5.783374E-07
vn -0.31834552 0.9479624 0.0048433943
vn -0.31834552 0.9479624 0.0048433943
vn -0.31834552 0.9479624 0.0048433943
vn -0.31834552 0.9479624 0.0048433943
vn -0.69363683 -0.20558424 0.6903644
vn -0.69363683 -0.20558424 0.6903644
vn -0.69363683 -0.20558424 0.6903644
vn -0.69363683 -0.20558424 0.6903644
vn -0.6666939 0.38923112 0.63562435
vn -0.6666939 0.38923112 0.63562435
vn -0.6666939 0.38923112 0.63562435
vn -0.6666939 0.38923112 0.63562435
vn -0.61399764 0.78929955 0.0036431586
vn -0.61399764 0.78929955 0.0036431586
vn -0.61399764 0.78929955 0.0036431586
vn -0.61399764 0.78929955 0.0036431586
vn -0.9250072 -0.37985134 -0.0086481115
vn -0.9250072 -0.37985134 -0.0086481115
vn -0.9250072 -0.37985134 -0.0086481115
vn -0.9250072 -0.37985134 -0.0086481115
vn 0 -0.8757868 0.48269823
vn 0 -0.8757868 0.48269823
vn 0 -0.8757868 0.48269823
vn 0 -0.8757868 0.48269823
vn 0 -0.8757868 0.48269823
vn -0.9291512 0.36914822 0.020194149
vn -0.9291512 0.36914822 0.020194149
vn -0.9291512 0.36914822 0.020194149
vn -0.9318246 0.36247674 0.017707549
vn -0.9318246 0.36247674 0.017707549
vn -0.9318246 0.36247674 0.017707549
vn -0.9318246 0.36247674 0.017707549
vn -0.99784327 -0.065592706 -0.002569016
vn -0.99784327 -0.065592706 -0.002569016
vn -0.99784327 -0.065592706 -0.002569016
vn -0.99784327 -0.065592706 -0.002569016
vn -0.95215595 -0.30386186 0.032667574
vn -0.95215595 -0.30386186 0.032667574
vn -0.95215595 -0.30386186 0.032667574
vn -0.95215595 -0.30386186 0.032667574
vn -0.9946508 -0.10142216 -0.019584222
vn -0.9946508 -0.10142216 -0.019584222
vn -0.9946508 -0.10142216 -0.019584222
vn -0.9946508 -0.10142216 -0.019584222
vn -0.98454845 -0.17510873 -0.0011418485
vn -0.98454845 -0.17510873 -0.0011418485
vn -0.98454845 -0.17510873 -0.0011418485
vn -0.98454845 -0.17510873 -0.0011418485
vn -0.9915081 -0.12568031 0.033410043
vn -0.9915081 -0.12568031 0.033410043
vn -0.9915081 -0.12568031 0.033410043
vn -0.9915081 -0.12568031 0.033410043
vn -0.9992002 -0.022092948 0.03332901
vn -0.9992002 -0.022092948 0.03332901
vn -0.9992002 -0.022092948 0.03332901
vn -0.9992002 -0.022092948 0.03332901
vn -0.026478427 0.9992202 0.02929244
vn -0.026478427 0.9992202 0.02929244
vn -0.026478427 0.9992202 0.02929244
vn -0.026478427 0.9992202 0.02929244
vn 0 -0.38273928 0.9238565
vn 0 -0.38273928 0.9238565
vn -0.6462545 -0.22719464 0.7285175
vn -0.6462545 -0.22719464 0.7285175
vn -0.6462545 -0.22719464 0.7285175
vn -0.6462545 -0.22719464 0.7285175
vn -0.5221908 -0.6010683 0.6050072
vn -0.5221908 -0.6010683 0.6050072
vn -0.5221908 -0.6010683 0.6050072
vn -8.276947E-08 -0.9823001 0.18731421
vn -8.276947E-08 -0.9823001 0.18731421
vn -8.276947E-08 -0.9823001 0.18731421
vn -8.276947E-08 -0.9823001 0.18731421
vn -0.9849576 -0.1724376 -0.011130937
vn -0.9849576 -0.1724376 -0.011130937
vn -0.9849576 -0.1724376 -0.011130937
vn -0.9849576 -0.1724376 -0.011130937
vn -0.8545989 -0.51928884 0
vn -0.8545989 -0.51928884 0
vn -0.8545989 -0.51928884 0
vn -0.99493915 -0.10037801 -0.004528849
vn -0.99493915 -0.10037801 -0.004528849
vn -0.99493915 -0.10037801 -0.004528849
vn -0.99493915 -0.10037801 -0.004528849
vn -0.048132442 0.99817663 0.03642387
vn -0.048132442 0.99817663 0.03642387
vn -0.048132442 0.99817663 0.03642387
vn -0.048132442 0.99817663 0.03642387
vn -0.8508874 -0.5021335 -0.15444282
vn -0.8508874 -0.5021335 -0.15444282
vn -0.8508874 -0.5021335 -0.15444282
vn -0.8508874 -0.5021335 -0.15444282
vn 0.010495989 -0.94586545 -0.3243895
vn 0.010495989 -0.94586545 -0.3243895
vn 0.010495989 -0.94586545 -0.3243895
vn 0.010495989 -0.94586545 -0.3243895
vn -0.119419575 -0.94232893 -0.31265846
vn -0.119419575 -0.94232893 -0.31265846
vn -0.119419575 -0.94232893 -0.31265846
vn -0.119419575 -0.94232893 -0.31265846
vn -0.011770597 -0.19601315 -0.9805307
vn -0.011770597 -0.19601315 -0.9805307
vn -0.011770597 -0.19601315 -0.9805307
vn -0.011770597 -0.19601315 -0.9805307
vn -4.9164674E-07 -0.16814692 -0.985762
vn -4.9164674E-07 -0.16814692 -0.985762
vn -4.9164674E-07 -0.16814692 -0.985762
vn -4.9164674E-07 -0.16814692 -0.985762
vn 0.0021254371 -0.17267522 -0.9849766
vn 0.0021254371 -0.17267522 -0.9849766
vn 0.0021254371 -0.17267522 -0.9849766
vn 0.0021254371 -0.17267522 -0.9849766
vn 0.009326141 0.99351436 0.11332397
vn 0.009326141 0.99351436 0.11332397
vn 0.009326141 0.99351436 0.11332397
vn 0.009326141 0.99351436 0.11332397
vn 0.97716475 0.21146679 0.02075738
vn 0.97716475 0.21146679 0.02075738
vn 0.97716475 0.21146679 0.02075738
vn 0.97716475 0.21146679 0.02075738
vn -0.93443036 0.35572493 0.017313091
vn -0.93443036 0.35572493 0.017313091
vn -0.93443036 0.35572493 0.017313091
vn -0.93443036 0.35572493 0.017313091
vn 0 1 0
vn 0 1 0
vn -0.98497903 0 -0.17267448
vn -0.98497903 0 -0.17267448
vn -0.98497903 0 -0.17267448
vn -0.98497903 0 -0.17267448
vn -0.0042610914 0.99618495 0.08716418
vn -0.0042610914 0.99618495 0.08716418
vn -0.0042610914 0.99618495 0.08716418
vn -0.0042610914 0.99618495 0.08716418
vn 0.010225834 -0.06352751 -0.9979277
vn 0.010225834 -0.06352751 -0.9979277
vn 0.010225834 -0.06352751 -0.9979277
vn -0.0038159464 0.99493843 0.10041403
vn -0.0038159464 0.99493843 0.10041403
vn -0.0038159464 0.99493843 0.10041403
vn -0.0038159464 0.99493843 0.10041403
vn 0.028033916 0.99505025 0.09533757
vn 0.028033916 0.99505025 0.09533757
vn 0.028033916 0.99505025 0.09533757
vn 0.028033916 0.99505025 0.09533757
vn -0.9226358 -0.18094589 -0.34059033
vn -0.9226358 -0.18094589 -0.34059033
vn -0.9226358 -0.18094589 -0.34059033
vn -0.9226358 -0.18094589 -0.34059033
vn -0.0043300088 -0.97190535 -0.23533252
vn -0.0043300088 -0.97190535 -0.23533252
vn -0.0043300088 -0.97190535 -0.23533252
vn -0.0043300088 -0.97190535 -0.23533252
vn -0.98467314 -0.17194915 -0.029194849
vn -0.98467314 -0.17194915 -0.029194849
vn -0.98467314 -0.17194915 -0.029194849
vn -0.98467314 -0.17194915 -0.029194849
vn -0.6677985 -0.2247022 0.70961547
vn -0.6677985 -0.2247022 0.70961547
vn -0.6677985 -0.2247022 0.70961547
vn -0.6677985 -0.2247022 0.70961547
vn 0 0.70202464 0.71215266
vn 0 0.70202464 0.71215266
vn 0.7668987 -0.24563044 0.59290147
vn 0.7668987 -0.24563044 0.59290147
vn 0.7668987 -0.24563044 0.59290147
vn 0.7668987 -0.24563044 0.59290147
vn 0 -0.3827407 0.9238559
vn 0 -0.3827407 0.9238559
vn -0.7113081 0.36627877 -0.59990054
vn -0.7113081 0.36627877 -0.59990054
vn -0.7113081 0.36627877 -0.59990054
vn -0.7113081 0.36627877 -0.59990054
vn 0 0.70202464 0.71215266
vn 0 0.70202464 0.71215266
vn 0.0014111972 -0.98268616 0.18527299
vn 0.0014111972 -0.98268616 0.18527299
vn 0.0014111972 -0.98268616 0.18527299
vn 0.0014111972 -0.98268616 0.18527299
vn 0.43670473 -0.34431508 0.8311054
vn 0.43670473 -0.34431508 0.8311054
vn 0.43670473 -0.34431508 0.8311054
vn 0.43670473 -0.34431508 0.8311054
vn 0 -0.6797286 0.73346376
vn 0 -0.6797286 0.73346376
vn 0 -0.6797286 0.73346376
vn 0 -0.6797286 0.73346376
vn 0 0.0977103 0.99521494
vn 0 0.0977103 0.99521494
vn 0 0.0977103 0.99521494
vn 0 0.0977103 0.99521494
vn -0.36978325 -0.35561097 0.8583713
vn -0.36978325 -0.35561097 0.8583713
vn -0.36978325 -0.35561097 0.8583713
vn -0.36978325 -0.35561097 0.8583713
vn -0.032459483 -0.8697886 0.49235576
vn -0.032459483 -0.8697886 0.49235576
vn -0.032459483 -0.8697886 0.49235576
vn -0.032459483 -0.8697886 0.49235576
vn -0.99711823 -0.075661756 -0.0055255885
vn -0.99711823 -0.075661756 -0.0055255885
vn -0.99711823 -0.075661756 -0.0055255885
vn -0.99711823 -0.075661756 -0.0055255885
vn -0.99739766 -0.072096005 -0.00021653611
vn -0.99739766 -0.072096005 -0.00021653611
vn -0.99739766 -0.072096005 -0.00021653611
vn -0.99739766 -0.072096005 -0.00021653611
vn -0.9146883 -0.40061486 -0.05341496
vn -0.9146883 -0.40061486 -0.05341496
vn -0.9146883 -0.40061486 -0.05341496
vn -0.9139845 -0.40570658 -0.005892307
vn -0.9139845 -0.40570658 -0.005892307
vn -0.9139845 -0.40570658 -0.005892307
vn -0.9139845 -0.40570658 -0.005892307
vn -0.9980527 -0.062338825 -0.0022012612
vn -0.9980527 -0.062338825 -0.0022012612
vn -0.9980527 -0.062338825 -0.0022012612
vn -0.9980527 -0.062338825 -0.0022012612
vn -0.99808794 -0.059908867 -0.015217417
vn -0.99808794 -0.059908867 -0.015217417
vn -0.99808794 -0.059908867 -0.015217417
vn -0.99808794 -0.059908867 -0.015217417
vn 0 0 -1
vn 0 0 -1
vn -0.0002746992 -0.062178534 -0.998065
vn -0.0002746992 -0.062178534 -0.998065
vn -0.0002746992 -0.062178534 -0.998065
vn -0.0002746992 -0.062178534 -0.998065
vn 0 0 -1
vn 0 0 -1
vn 0.9969699 0 -0.07778902
vn 0.9969699 0 -0.07778902
vn 0.9969699 0 -0.07778902
vn 0.9969699 0 -0.07778902
vn 0 0 1
vn 0 0 1
vn 0 0 -1
vn 0 0 -1
vn 0 0 -1
vn 0 0 -1
vn 0 0 1
vn 0 0 1
vn 0 0 1
vn 0 0 1
vn 1.0538283E-06 -0.56666195 0.82395035
vn 1.0538283E-06 -0.56666195 0.82395035
vn 1.0538283E-06 -0.56666195 0.82395035
vn 1.0538283E-06 -0.56666195 0.82395035
vn 3.7770246E-07 0.3825721 -0.92392564
vn 3.7770246E-07 0.3825721 -0.92392564
vn 3.7770246E-07 0.3825721 -0.92392564
vn 3.7770246E-07 0.3825721 -0.92392564
vn -1 0 -3.136495E-08
vn -1 0 -3.136495E-08
vn -1 0 -3.136495E-08
vn -1 0 -3.136495E-08
vn -1 0 -3.136495E-08
vn -1 0 -3.136495E-08
vn -1 0 -3.136495E-08
vn -1 0 -3.136495E-08
vn -1 0 -3.136495E-08
vn -1 0 -3.136495E-08
vn -1 0 -3.136495E-08
vn -4.9974636E-07 -9.7322586E-09 -1
vn -4.9974636E-07 -9.7322586E-09 -1
vn -4.9974636E-07 -9.7322586E-09 -1
vn -4.9974636E-07 -9.7322586E-09 -1
vn 7.845272E-08 -0.99999905 0.0014256701
vn 7.845272E-08 -0.99999905 0.0014256701
vn 7.845272E-08 -0.99999905 0.0014256701
vn 7.845272E-08 -0.99999905 0.0014256701
vn -7.2461845E-08 -0.50962466 0.86039686
vn -7.2461845E-08 -0.50962466 0.86039686
vn -7.2461845E-08 -0.50962466 0.86039686
vn -7.2461845E-08 -0.50962466 0.86039686
vn -4.3514964E-07 -0.5752797 -0.81795675
vn -4.3514964E-07 -0.5752797 -0.81795675
vn -4.3514964E-07 -0.5752797 -0.81795675
vn -4.3514964E-07 -0.5752797 -0.81795675
vn 0 -0.10066901 0.99491996
vn 0 -0.10066901 0.99491996
vn 0 -0.10066901 0.99491996
vn 0 -0.10066901 0.99491996
vn 0 0 -1
vn 0 0 -1
vn -4.648416E-07 -0.06329657 -0.9979948
vn -4.648416E-07 -0.06329657 -0.9979948
vn -4.648416E-07 -0.06329657 -0.9979948
vn -4.648416E-07 -0.06329657 -0.9979948
vn 3.6174136E-08 0.9841856 -0.17714097
vn 3.6174136E-08 0.9841856 -0.17714097
vn 3.6174136E-08 0.9841856 -0.17714097
vn 3.6174136E-08 0.9841856 -0.17714097
vn 0 0 -1
vn 0 0 -1
vn 8.6421046E-08 -0.9995976 -0.028368866
vn 8.6421046E-08 -0.9995976 -0.028368866
vn 8.6421046E-08 -0.9995976 -0.028368866
vn 8.6421046E-08 -0.9995976 -0.028368866
vn 3.1762315E-07 -0.57953364 -0.81494844
vn 3.1762315E-07 -0.57953364 -0.81494844
vn 3.1762315E-07 -0.57953364 -0.81494844
vn 3.1762315E-07 -0.57953364 -0.81494844
vn 4.7398652E-07 1.10554886E-07 1
vn 4.7398652E-07 1.10554886E-07 1
vn 4.7398652E-07 1.10554886E-07 1
vn -4.5628073E-07 -8.436497E-07 1
vn -4.5628073E-07 -8.436497E-07 1
vn -4.5628073E-07 -8.436497E-07 1
vn -4.5628073E-07 -8.436497E-07 1
vn 0 -0.06329651 -0.99799484
vn 0 -0.06329651 -0.99799484
vn 0 -0.06329651 -0.99799484
vn 0 -0.06329651 -0.99799484
vn -4.5539736E-07 -0.57527965 -0.81795686
vn -4.5539736E-07 -0.57527965 -0.81795686
vn -4.5539736E-07 -0.57527965 -0.81795686
vn -4.5539736E-07 -0.57527965 -0.81795686
vn 1.7168948E-07 -0.999999 0.0014256703
vn 1.7168948E-07 -0.999999 0.0014256703
vn 1.7168948E-07 -0.999999 0.0014256703
vn 1.7168948E-07 -0.999999 0.0014256703
vn 0 0 -1
vn 0 0 -1
vn 0 0 -1
vn 0 0 -1
vn -9.190511E-07 -0.5666619 0.8239504
vn -9.190511E-07 -0.5666619 0.8239504
vn -9.190511E-07 -0.5666619 0.8239504
vn -9.190511E-07 -0.5666619 0.8239504
vn 1.322313E-06 -0.97800726 -0.20857127
vn 1.322313E-06 -0.97800726 -0.20857127
vn 1.322313E-06 -0.97800726 -0.20857127
vn 1.0628523E-06 -0.27892873 0.96031183
vn 1.0628523E-06 -0.27892873 0.96031183
vn 1.0628523E-06 -0.27892873 0.96031183
vn 1.0628523E-06 -0.27892873 0.96031183
vn -0.9980748 -0.059655137 -0.016967684
vn -0.9980748 -0.059655137 -0.016967684
vn -0.9980748 -0.059655137 -0.016967684
vn -0.9980748 -0.059655137 -0.016967684
vn -0.9980748 -0.059655137 -0.016967684
vn -0.9980748 -0.059655137 -0.016967684
vn -0.9980748 -0.059655137 -0.016967684
vn -0.9980748 -0.059655137 -0.016967684
vn 0.00286144 -0.99999547 -0.0009617807
vn 0.00286144 -0.99999547 -0.0009617807
vn 0.00286144 -0.99999547 -0.0009617807
vn 0.00286144 -0.99999547 -0.0009617807
vn 0.00286144 -0.99999547 -0.0009617807
vn 0.00286144 -0.99999547 -0.0009617807
vn 0.00286144 -0.99999547 -0.0009617807
vn 0.00286144 -0.99999547 -0.0009617807
vn 0.00286144 -0.99999547 -0.0009617807
vn 0.0008007476 -0.9943913 0.105761096
vn 0.0008007476 -0.9943913 0.105761096
vn 0.0008007476 -0.9943913 0.105761096
vn 0.0008007476 -0.9943913 0.105761096
vn 0.004305801 -0.99993473 -0.010592015
vn 0.004305801 -0.99993473 -0.010592015
vn 0.004305801 -0.99993473 -0.010592015
vn 0.004305801 -0.99993473 -0.010592015
vn 0 -0.9999995 -0.00096408644
vn 0 -0.9999995 -0.00096408644
vn -1 0 0
vn -1 0 0
vn -1 0 0
vn -1 0 0
vn -0.3293197 0.9442105 0.0038727117
vn -0.3293197 0.9442105 0.0038727117
vn -0.3293197 0.9442105 0.0038727117
vn -0.3293197 0.9442105 0.0038727117
vn -0.89068204 -0.4545033 -0.010597557
vn -0.89068204 -0.4545033 -0.010597557
vn -0.89068204 -0.4545033 -0.010597557
vn -0.00094128767 -0.0073305867 -0.9999727
vn -0.00094128767 -0.0073305867 -0.9999727
vn -0.00094128767 -0.0073305867 -0.9999727
vn -0.00094128767 -0.0073305867 -0.9999727
vn -0.022737918 0.016632441 -0.99960315
vn -0.022737918 0.016632441 -0.99960315
vn -0.022737918 0.016632441 -0.99960315
vn -0.022737918 0.016632441 -0.99960315
vn 0.016479673 0.05238874 -0.9984908
vn 0.016479673 0.05238874 -0.9984908
vn 0.016479673 0.05238874 -0.9984908
vn 0.016479673 0.05238874 -0.9984908
vn -0.00075252674 -0.07234959 -0.99737906
vn -0.00075252674 -0.07234959 -0.99737906
vn -0.00075252674 -0.07234959 -0.99737906
vn -0.00075252674 -0.07234959 -0.99737906
vn 0.6480886 0.42297107 -0.6333062
vn 0.6480886 0.42297107 -0.6333062
vn 0.6480886 0.42297107 -0.6333062
vn 0.99896276 -0.045534953 0.00021797992
vn 0.99896276 -0.045534953 0.00021797992
vn 0.99896276 -0.045534953 0.00021797992
vn 0.99896276 -0.045534953 0.00021797992
vn 0.9989627 -0.045536682 0.00021749729
vn 0.9989627 -0.045536682 0.00021749729
vn 0.9989627 -0.045536682 0.00021749729
vn 0.9989627 -0.045536682 0.00021749729
vn 0.99896276 -0.045534372 0.00021842802
vn 0.99896276 -0.045534372 0.00021842802
vn 0.99896276 -0.045534372 0.00021842802
vn 0.99896276 -0.045534372 0.00021842802
vn 0.9989627 -0.045536395 0.00021769486
vn 0.9989627 -0.045536395 0.00021769486
vn 0.9989627 -0.045536395 0.00021769486
vn 0.9989627 -0.045536395 0.00021769486
# 891 vertex normals

usemtl Material_003
s 8
f 854//854 855//855 856//856
f 897//897 898//898 899//899
f 908//908 909//909 910//910
f 967//967 968//968 969//969
f 1044//1044 1045//1045 1046//1046
f 1146//1146 1147//1147 1148//1148
f 1173//1173 1174//1174 1175//1175
f 1217//1217 1218//1218 1219//1219
f 1298//1298 1299//1299 1300//1300
f 1339//1339 1340//1340 1341//1341
f 1350//1350 1351//1351 1352//1352
f 1407//1407 1408//1408 1409//1409
f 1480//1480 1481//1481 1482//1482
f 1576//1576 1577//1577 1578//1578
f 1603//1603 1604//1604 1605//1605
f 1645//1645 1646//1646 1647//1647
f 1664//1664 1665//1665 1666//1666
f 792//792 793//793 794//794
f 792//792 794//794 795//795
f 796//796 797//797 798//798
f 796//796 798//798 799//799
f 800//800 801//801 802//802
f 800//800 802//802 803//803
f 804//804 805//805 806//806
f 804//804 806//806 807//807
f 808//808 809//809 810//810
f 808//808 810//810 811//811
f 817//817 818//818 819//819
f 817//817 819//819 820//820
f 821//821 822//822 823//823
f 821//821 823//823 824//824
f 825//825 826//826 827//827
f 825//825 827//827 828//828
f 829//829 830//830 831//831
f 829//829 831//831 832//832
f 833//833 834//834 835//835
f 833//833 835//835 836//836
f 837//837 838//838 839//839
f 837//837 839//839 840//840
f 841//841 842//842 843//843
f 841//841 843//843 844//844
f 845//845 846//846 847//847
f 845//845 847//847 848//848
f 857//857 858//858 859//859
f 857//857 859//859 860//860
f 861//861 862//862 863//863
f 861//861 863//863 864//864
f 865//865 866//866 867//867
f 865//865 867//867 868//868
f 869//869 870//870 871//871
f 869//869 871//871 872//872
f 873//873 874//874 875//875
f 873//873 875//875 876//876
f 877//877 878//878 879//879
f 877//877 879//879 880//880
f 881//881 882//882 883//883
f 881//881 883//883 884//884
f 885//885 886//886 887//887
f 885//885 887//887 888//888
f 889//889 890//890 891//891
f 889//889 891//891 892//892
f 893//893 894//894 895//895
f 893//893 895//895 896//896
f 900//900 901//901 902//902
f 900//900 902//902 903//903
f 904//904 905//905 906//906
f 904//904 906//906 907//907
f 911//911 912//912 913//913
f 911//911 913//913 914//914
f 915//915 916//916 917//917
f 915//915 917//917 918//918
f 919//919 920//920 921//921
f 919//919 921//921 922//922
f 923//923 924//924 925//925
f 923//923 925//925 926//926
f 927//927 928//928 929//929
f 927//927 929//929 930//930
f 931//931 932//932 933//933
f 931//931 933//933 934//934
f 935//935 936//936 937//937
f 935//935 937//937 938//938
f 939//939 940//940 941//941
f 939//939 941//941 942//942
f 943//943 944//944 945//945
f 943//943 945//945 946//946
f 947//947 948//948 949//949
f 947//947 949//949 950//950
f 951//951 952//952 953//953
f 951//951 953//953 954//954
f 955//955 956//956 957//957
f 955//955 957//957 958//958
f 959//959 960//960 961//961
f 959//959 961//961 962//962
f 963//963 964//964 965//965
f 963//963 965//965 966//966
f 970//970 971//971 972//972
f 970//970 972//972 973//973
f 974//974 975//975 976//976
f 974//974 976//976 977//977
f 978//978 979//979 980//980
f 978//978 980//980 981//981
f 982//982 983//983 984//984
f 982//982 984//984 985//985
f 986//986 987//987 988//988
f 986//986 988//988 989//989
f 990//990 991//991 992//992
f 990//990 992//992 993//993
f 994//994 995//995 996//996
f 994//994 996//996 997//997
f 998//998 999//999 1000//1000
f 998//998 1000//1000 1001//1001
f 1002//1002 1003//1003 1004//1004
f 1002//1002 1004//1004 1005//1005
f 1006//1006 1007//1007 1008//1008
f 1006//1006 1008//1008 1009//1009
f 1010//1010 994//994 997//997
f 1010//1010 997//997 1011//1011
f 1012//1012 1013//1013 1014//1014
f 1012//1012 1014//1014 1015//1015
f 1016//1016 1017//1017 1018//1018
f 1016//1016 1018//1018 1019//1019
f 1020//1020 1021//1021 1022//1022
f 1020//1020 1022//1022 1023//1023
f 1024//1024 1025//1025 1026//1026
f 1024//1024 1026//1026 1027//1027
f 1028//1028 1029//1029 1030//1030
f 1028//1028 1030//1030 1031//1031
f 1032//1032 1033//1033 1034//1034
f 1032//1032 1034//1034 1035//1035
f 1036//1036 1037//1037 1038//1038
f 1036//1036 1038//1038 1039//1039
f 1040//1040 1041//1041 1042//1042
f 1040//1040 1042//1042 1043//1043
f 1047//1047 1048//1048 1049//1049
f 1047//1047 1049//1049 1050//1050
f 1051//1051 1052//1052 1053//1053
f 1051//1051 1053//1053 1054//1054
f 1055//1055 1056//1056 1057//1057
f 1055//1055 1057//1057 1058//1058
f 1059//1059 1060//1060 1061//1061
f 1059//1059 1061//1061 1062//1062
f 1063//1063 1064//1064 1065//1065
f 1063//1063 1065//1065 1066//1066
f 1067//1067 1068//1068 1069//1069
f 1067//1067 1069//1069 1070//1070
f 1071//1071 1072//1072 1073//1073
f 1071//1071 1073//1073 1074//1074
f 1075//1075 1076//1076 1077//1077
f 1075//1075 1077//1077 1078//1078
f 1079//1079 1080//1080 1081//1081
f 1079//1079 1081//1081 1082//1082
f 1083//1083 1084//1084 1085//1085
f 1083//1083 1085//1085 1086//1086
f 1087//1087 1088//1088 1089//1089
f 1087//1087 1089//1089 1090//1090
f 1091//1091 1092//1092 1093//1093
f 1091//1091 1093//1093 1094//1094
f 1106//1106 1107//1107 1108//1108
f 1106//1106 1108//1108 1109//1109
f 1110//1110 1111//1111 1112//1112
f 1110//1110 1112//1112 1113//1113
f 1114//1114 1115//1115 1116//1116
f 1114//1114 1116//1116 1117//1117
f 1118//1118 1119//1119 1120//1120
f 1118//1118 1120//1120 1121//1121
f 1122//1122 1123//1123 1124//1124
f 1122//1122 1124//1124 1125//1125
f 1126//1126 1079//1079 1082//1082
f 1126//1126 1082//1082 1127//1127
f 1128//1128 1129//1129 1130//1130
f 1128//1128 1130//1130 1131//1131
f 1132//1132 1133//1133 1134//1134
f 1132//1132 1134//1134 1135//1135
f 1080//1080 1136//1136 1137//1137
f 1080//1080 1137//1137 1081//1081
f 1138//1138 1139//1139 1140//1140
f 1138//1138 1140//1140 1141//1141
f 1142//1142 1143//1143 1144//1144
f 1142//1142 1144//1144 1145//1145
f 1149//1149 1150//1150 1151//1151
f 1149//1149 1151//1151 1152//1152
f 1153//1153 1154//1154 1155//1155
f 1153//1153 1155//1155 1156//1156
f 1157//1157 1158//1158 1159//1159
f 1157//1157 1159//1159 1160//1160
f 1161//1161 1162//1162 1163//1163
f 1161//1161 1163//1163 1164//1164
f 1165//1165 1166//1166 1167//1167
f 1165//1165 1167//1167 1168//1168
f 1169//1169 1170//1170 1171//1171
f 1169//1169 1171//1171 1172//1172
f 1176//1176 1177//1177 1178//1178
f 1176//1176 1178//1178 1179//1179
f 1197//1197 1198//1198 1199//1199
f 1197//1197 1199//1199 1200//1200
f 1201//1201 1202//1202 1203//1203
f 1201//1201 1203//1203 1204//1204
f 1205//1205 1206//1206 1207//1207
f 1205//1205 1207//1207 1208//1208
f 1209//1209 1210//1210 1211//1211
f 1209//1209 1211//1211 1212//1212
f 1213//1213 1214//1214 1215//1215
f 1213//1213 1215//1215 1216//1216
f 1220//1220 1221//1221 1222//1222
f 1220//1220 1222//1222 1223//1223
f 1224//1224 1225//1225 1226//1226
f 1224//1224 1226//1226 1227//1227
f 1228//1228 1229//1229 1230//1230
f 1228//1228 1230//1230 1231//1231
f 1232//1232 1233//1233 1234//1234
f 1232//1232 1234//1234 1235//1235
f 1236//1236 1237//1237 1238//1238
f 1236//1236 1238//1238 1239//1239
f 1240//1240 1241//1241 1242//1242
f 1240//1240 1242//1242 1243//1243
f 1244//1244 1245//1245 1246//1246
f 1244//1244 1246//1246 1247//1247
f 1248//1248 1249//1249 1250//1250
f 1248//1248 1250//1250 1251//1251
f 1252//1252 1253//1253 1254//1254
f 1252//1252 1254//1254 1255//1255
f 1261//1261 1262//1262 1263//1263
f 1261//1261 1263//1263 1264//1264
f 1265//1265 1266//1266 1267//1267
f 1265//1265 1267//1267 1268//1268
f 1269//1269 1270//1270 1271//1271
f 1269//1269 1271//1271 1272//1272
f 1273//1273 1274//1274 1275//1275
f 1273//1273 1275//1275 1276//1276
f 1277//1277 1278//1278 1279//1279
f 1277//1277 1279//1279 1280//1280
f 1281//1281 1282//1282 1283//1283
f 1281//1281 1283//1283 1284//1284
f 1285//1285 1286//1286 1287//1287
f 1285//1285 1287//1287 1288//1288
f 1289//1289 1290//1290 1291//1291
f 1289//1289 1291//1291 1292//1292
f 1301//1301 1302//1302 1303//1303
f 1301//1301 1303//1303 1304//1304
f 1305//1305 1306//1306 1307//1307
f 1305//1305 1307//1307 1308//1308
f 1309//1309 1310//1310 1311//1311
f 1309//1309 1311//1311 1312//1312
f 1313//1313 1314//1314 1315//1315
f 1313//1313 1315//1315 1316//1316
f 1317//1317 1318//1318 1319//1319
f 1317//1317 1319//1319 1320//1320
f 1321//1321 1322//1322 1323//1323
f 1321//1321 1323//1323 1324//1324
f 1325//1325 1326//1326 1327//1327
f 1325//1325 1327//1327 1328//1328
f 1329//1329 1330//1330 1331//1331
f 1329//1329 1331//1331 1332//1332
f 1333//1333 1334//1334 891//891
f 1333//1333 891//891 890//890
f 1335//1335 1336//1336 1337//1337
f 1335//1335 1337//1337 1338//1338
f 1342//1342 1343//1343 1344//1344
f 1342//1342 1344//1344 1345//1345
f 1346//1346 1347//1347 1348//1348
f 1346//1346 1348//1348 1349//1349
f 1353//1353 1354//1354 1355//1355
f 1353//1353 1355//1355 1356//1356
f 1357//1357 1358//1358 1359//1359
f 1357//1357 1359//1359 1360//1360
f 1361//1361 1362//1362 1363//1363
f 1361//1361 1363//1363 1364//1364
f 1365//1365 1366//1366 1367//1367
f 1365//1365 1367//1367 1368//1368
f 1369//1369 1370//1370 1371//1371
f 1369//1369 1371//1371 1372//1372
f 1373//1373 1374//1374 1375//1375
f 1373//1373 1375//1375 1376//1376
f 1377//1377 1378//1378 1379//1379
f 1377//1377 1379//1379 1380//1380
f 1381//1381 1382//1382 1383//1383
f 1381//1381 1383//1383 1384//1384
f 1385//1385 1386//1386 1387//1387
f 1385//1385 1387//1387 1388//1388
f 1389//1389 1390//1390 1391//1391
f 1389//1389 1391//1391 1392//1392
f 1393//1393 1394//1394 1395//1395
f 1393//1393 1395//1395 1396//1396
f 1397//1397 1398//1398 957//957
f 1397//1397 957//957 956//956
f 1399//1399 1400//1400 1401//1401
f 1399//1399 1401//1401 1402//1402
f 1403//1403 1404//1404 1405//1405
f 1403//1403 1405//1405 1406//1406
f 1410//1410 1411//1411 1412//1412
f 1410//1410 1412//1412 1413//1413
f 1414//1414 1415//1415 1416//1416
f 1414//1414 1416//1416 1417//1417
f 1418//1418 1419//1419 1420//1420
f 1418//1418 1420//1420 1421//1421
f 1422//1422 1423//1423 1424//1424
f 1422//1422 1424//1424 1425//1425
f 1426//1426 1427//1427 1428//1428
f 1426//1426 1428//1428 1429//1429
f 1430//1430 1431//1431 1432//1432
f 1430//1430 1432//1432 1433//1433
f 1434//1434 1435//1435 996//996
f 1434//1434 996//996 995//995
f 1436//1436 1437//1437 1438//1438
f 1436//1436 1438//1438 1439//1439
f 1440//1440 1441//1441 1004//1004
f 1440//1440 1004//1004 1003//1003
f 1442//1442 1443//1443 1444//1444
f 1442//1442 1444//1444 1445//1445
f 1446//1446 1447//1447 1435//1435
f 1446//1446 1435//1435 1434//1434
f 1448//1448 1449//1449 1450//1450
f 1448//1448 1450//1450 1451//1451
f 1452//1452 1453//1453 1454//1454
f 1452//1452 1454//1454 1455//1455
f 1456//1456 1457//1457 1458//1458
f 1456//1456 1458//1458 1459//1459
f 1460//1460 1461//1461 1462//1462
f 1460//1460 1462//1462 1463//1463
f 1464//1464 1465//1465 1466//1466
f 1464//1464 1466//1466 1467//1467
f 1468//1468 1469//1469 1470//1470
f 1468//1468 1470//1470 1471//1471
f 1472//1472 1473//1473 1474//1474
f 1472//1472 1474//1474 1475//1475
f 1476//1476 1477//1477 1478//1478
f 1476//1476 1478//1478 1479//1479
f 1483//1483 1484//1484 1485//1485
f 1483//1483 1485//1485 1486//1486
f 1487//1487 1488//1488 1489//1489
f 1487//1487 1489//1489 1490//1490
f 1491//1491 1492//1492 1493//1493
f 1491//1491 1493//1493 1494//1494
f 1495//1495 1496//1496 1061//1061
f 1495//1495 1061//1061 1060//1060
f 1497//1497 1498//1498 1499//1499
f 1497//1497 1499//1499 1500//1500
f 1067//1067 1070//1070 1501//1501
f 1067//1067 1501//1501 1502//1502
f 1503//1503 1504//1504 1505//1505
f 1503//1503 1505//1505 1506//1506
f 1507//1507 1508//1508 1077//1077
f 1507//1507 1077//1077 1076//1076
f 1509//1509 1510//1510 1511//1511
f 1509//1509 1511//1511 1512//1512
f 1513//1513 1514//1514 1515//1515
f 1513//1513 1515//1515 1516//1516
f 1517//1517 1518//1518 1519//1519
f 1517//1517 1519//1519 1520//1520
f 1521//1521 1522//1522 1523//1523
f 1521//1521 1523//1523 1524//1524
f 1536//1536 1537//1537 1538//1538
f 1536//1536 1538//1538 1539//1539
f 1540//1540 1541//1541 1542//1542
f 1540//1540 1542//1542 1543//1543
f 1544//1544 1545//1545 1546//1546
f 1544//1544 1546//1546 1547//1547
f 1548//1548 1549//1549 1550//1550
f 1548//1548 1550//1550 1551//1551
f 1552//1552 1553//1553 1554//1554
f 1552//1552 1554//1554 1555//1555
f 1556//1556 1557//1557 1510//1510
f 1556//1556 1510//1510 1509//1509
f 1558//1558 1559//1559 1560//1560
f 1558//1558 1560//1560 1561//1561
f 1562//1562 1563//1563 1564//1564
f 1562//1562 1564//1564 1565//1565
f 1512//1512 1511//1511 1566//1566
f 1512//1512 1566//1566 1567//1567
f 1568//1568 1569//1569 1570//1570
f 1568//1568 1570//1570 1571//1571
f 1572//1572 1573//1573 1574//1574
f 1572//1572 1574//1574 1575//1575
f 1579//1579 1580//1580 1581//1581
f 1579//1579 1581//1581 1582//1582
f 1583//1583 1584//1584 1585//1585
f 1583//1583 1585//1585 1586//1586
f 1587//1587 1588//1588 1589//1589
f 1587//1587 1589//1589 1590//1590
f 1591//1591 1592//1592 1593//1593
f 1591//1591 1593//1593 1594//1594
f 1595//1595 1596//1596 1597//1597
f 1595//1595 1597//1597 1598//1598
f 1599//1599 1600//1600 1601//1601
f 1599//1599 1601//1601 1602//1602
f 1606//1606 1607//1607 1608//1608
f 1606//1606 1608//1608 1609//1609
f 1627//1627 1628//1628 1629//1629
f 1627//1627 1629//1629 1630//1630
f 1631//1631 1632//1632 1633//1633
f 1631//1631 1633//1633 1634//1634
f 1635//1635 1208//1208 1207//1207
f 1635//1635 1207//1207 1636//1636
f 1637//1637 1638//1638 1639//1639
f 1637//1637 1639//1639 1640//1640
f 1641//1641 1642//1642 1643//1643
f 1641//1641 1643//1643 1644//1644
f 1648//1648 1649//1649 1650//1650
f 1648//1648 1650//1650 1651//1651
f 1652//1652 1653//1653 1654//1654
f 1652//1652 1654//1654 1655//1655
f 1656//1656 1657//1657 1658//1658
f 1656//1656 1658//1658 1659//1659
f 1660//1660 1661//1661 1662//1662
f 1660//1660 1662//1662 1663//1663
f 1667//1667 1668//1668 1669//1669
f 1667//1667 1669//1669 1670//1670
f 1671//1671 1672//1672 1673//1673
f 1671//1671 1673//1673 1674//1674
f 1675//1675 1676//1676 1677//1677
f 1675//1675 1677//1677 1678//1678
f 1679//1679 1680//1680 1681//1681
f 1679//1679 1681//1681 1682//1682
f 813//813 816//816 812//812
f 816//816 813//813 815//815
f 815//815 813//813 814//814
f 852//852 850//850 851//851
f 850//850 852//852 849//849
f 849//849 852//852 853//853
f 1103//1103 1101//1101 1102//1102
f 1101//1101 1103//1103 1104//1104
f 1101//1101 1104//1104 1100//1100
f 1100//1100 1104//1104 1099//1099
f 1099//1099 1104//1104 1105//1105
f 1099//1099 1105//1105 1098//1098
f 1098//1098 1105//1105 1097//1097
f 1097//1097 1105//1105 1096//1096
f 1096//1096 1105//1105 1095//1095
f 1186//1186 1184//1184 1185//1185
f 1184//1184 1186//1186 1187//1187
f 1184//1184 1187//1187 1183//1183
f 1183//1183 1187//1187 1182//1182
f 1182//1182 1187//1187 1180//1180
f 1182//1182 1180//1180 1181//1181
f 1194//1194 1192//1192 1193//1193
f 1192//1192 1190//1190 1191//1191
f 1190//1190 1192//1192 1194//1194
f 1190//1190 1194//1194 1195//1195
f 1190//1190 1195//1195 1196//1196
f 1190//1190 1196//1196 1188//1188
f 1190//1190 1188//1188 1189//1189
f 1257//1257 1260//1260 1256//1256
f 1260//1260 1257//1257 1258//1258
f 1260//1260 1258//1258 1259//1259
f 1294//1294 1297//1297 1293//1293
f 1297//1297 1294//1294 1296//1296
f 1296//1296 1294//1294 1295//1295
f 1530//1530 1528//1528 1529//1529
f 1528//1528 1530//1530 1527//1527
f 1527//1527 1530//1530 1531//1531
f 1527//1527 1531//1531 1532//1532
f 1527//1527 1532//1532 1526//1526
f 1526//1526 1532//1532 1533//1533
f 1526//1526 1533//1533 1534//1534
f 1526//1526 1534//1534 1535//1535
f 1526//1526 1535//1535 1525//1525
f 1614//1614 1612//1612 1613//1613
f 1612//1612 1614//1614 1611//1611
f 1611//1611 1614//1614 1615//1615
f 1611//1611 1615//1615 1616//1616
f 1611//1611 1616//1616 1610//1610
f 1610//1610 1616//1616 1617//1617
f 1625//1625 1623//1623 1624//1624
f 1623//1623 1625//1625 1622//1622
f 1622//1622 1625//1625 1621//1621
f 1621//1621 1625//1625 1620//1620
f 1620//1620 1625//1625 1619//1619
f 1619//1619 1625//1625 1618//1618
f 1618//1618 1625//1625 1626//1626
#469 polygons

g Object_8

#
# object Object_8
#

v 0.1626745 125.186325 25.478209
v 33.967545 125.33903 25.021633
v 37.350792 126.13496 22.641949
v 0.1626745 126.13496 22.641947
v 31.581564 77.76635 162.62387
v 50.629307 81.17467 144.76709
v 50.95066 85.09288 144.71886
v 31.181852 80.18771 162.94254
v 0.1626745 77.67815 162.61226
v 31.581564 77.76635 162.62387
v 31.181852 80.18771 162.94254
v 0.1626745 80.18771 162.94254
v 33.310825 52.94515 158.63605
v 26.415726 52.94515 158.63605
v 26.415726 50.596123 157.66287
v 33.310825 50.596123 157.66287
v 37.618034 125.36342 24.948713
v 37.350792 126.13496 22.641949
v 33.967545 125.33903 25.021633
v -37.025444 126.13496 22.641949
v -33.642193 125.33903 25.021633
v -31.256216 77.76635 162.62387
v -30.856503 80.18771 162.94254
v -50.625313 85.09288 144.71886
v -50.30396 81.17467 144.76709
v 0.1626745 77.67815 162.61226
v 0.1626745 80.18771 162.94254
v -30.856503 80.18771 162.94254
v -31.256216 77.76635 162.62387
v -32.985477 52.94515 158.63605
v -32.985477 50.596123 157.66287
v -26.090376 50.596123 157.66287
v -26.090376 52.94515 158.63605
v -37.292686 125.36342 24.948713
v -33.642193 125.33903 25.021633
v -37.025444 126.13496 22.641949
# 36 vertices

vn 0 0.94836015 0.31719568
vn 0 0.94836015 0.31719568
vn 0 0.94836015 0.31719568
vn 0 0.94836015 0.31719568
vn 0.68324834 -0.022689039 0.7298335
vn 0.68324834 -0.022689039 0.7298335
vn 0.68324834 -0.022689039 0.7298335
vn 0.68324834 -0.022689039 0.7298335
vn -3.830495E-09 -0.13048047 0.9914509
vn -3.830495E-09 -0.13048047 0.9914509
vn -3.830495E-09 -0.13048047 0.9914509
vn -3.830495E-09 -0.13048047 0.9914509
vn 0 -0.3827422 0.92385525
vn 0 -0.3827422 0.92385525
vn 0 -0.3827422 0.92385525
vn 0 -0.3827422 0.92385525
vn 1.3366754E-07 0.9483601 0.31719607
vn 1.3366754E-07 0.9483601 0.31719607
vn 1.3366754E-07 0.9483601 0.31719607
vn 0 0.94836015 0.31719568
vn 0 0.94836015 0.31719568
vn -0.68324834 -0.022689039 0.7298335
vn -0.68324834 -0.022689039 0.7298335
vn -0.68324834 -0.022689039 0.7298335
vn -0.68324834 -0.022689039 0.7298335
vn 3.830495E-09 -0.13048047 0.9914509
vn 3.830495E-09 -0.13048047 0.9914509
vn 3.830495E-09 -0.13048047 0.9914509
vn 3.830495E-09 -0.13048047 0.9914509
vn 0 -0.3827422 0.92385525
vn 0 -0.3827422 0.92385525
vn 0 -0.3827422 0.92385525
vn 0 -0.3827422 0.92385525
vn -1.4327489E-07 0.9483601 0.31719607
vn -1.4327489E-07 0.9483601 0.31719607
vn -1.4327489E-07 0.9483601 0.31719607
# 36 vertex normals

usemtl Material_004
s 16
f 1699//1699 1700//1700 1701//1701
f 1716//1716 1717//1717 1718//1718
f 1683//1683 1684//1684 1685//1685
f 1683//1683 1685//1685 1686//1686
f 1687//1687 1688//1688 1689//1689
f 1687//1687 1689//1689 1690//1690
f 1691//1691 1692//1692 1693//1693
f 1691//1691 1693//1693 1694//1694
f 1695//1695 1696//1696 1697//1697
f 1695//1695 1697//1697 1698//1698
f 1683//1683 1686//1686 1702//1702
f 1683//1683 1702//1702 1703//1703
f 1704//1704 1705//1705 1706//1706
f 1704//1704 1706//1706 1707//1707
f 1708//1708 1709//1709 1710//1710
f 1708//1708 1710//1710 1711//1711
f 1712//1712 1713//1713 1714//1714
f 1712//1712 1714//1714 1715//1715
#18 polygons

g Object_9

#
# object Object_9
#

v 50.29778 96.77913 -162.34796
v 0.1626745 96.77913 -162.34795
v 0.1626745 99.04877 -162.66359
v 50.412388 99.04877 -162.6636
v 44.469833 62.176453 -152.38614
v 44.469707 60.4756 -152.48256
v 35.860474 60.4756 -152.19843
v 35.860474 62.176453 -152.41818
v -49.97243 96.77913 -162.34796
v -50.087036 99.04877 -162.6636
v 0.1626745 99.04877 -162.66359
v 0.1626745 96.77913 -162.34795
v -44.144485 62.176453 -152.38614
v -35.535126 62.176453 -152.41818
v -35.535126 60.4756 -152.19843
v -44.14436 60.4756 -152.48256
# 16 vertices

vn -3.1520977E-07 -0.13774511 -0.9904678
vn -3.1520977E-07 -0.13774511 -0.9904678
vn -3.1520977E-07 -0.13774511 -0.9904678
vn -3.1520977E-07 -0.13774511 -0.9904678
vn -0.014629158 -0.036226258 -0.9992366
vn -0.014629158 -0.036226258 -0.9992366
vn -0.014629158 -0.036226258 -0.9992366
vn -0.014629158 -0.036226258 -0.9992366
vn 3.1520977E-07 -0.13774511 -0.9904678
vn 3.1520977E-07 -0.13774511 -0.9904678
vn 3.1520977E-07 -0.13774511 -0.9904678
vn 3.1520977E-07 -0.13774511 -0.9904678
vn 0.014629158 -0.036226258 -0.9992366
vn 0.014629158 -0.036226258 -0.9992366
vn 0.014629158 -0.036226258 -0.9992366
vn 0.014629158 -0.036226258 -0.9992366
# 16 vertex normals

usemtl Material_005
s 32
f 1719//1719 1720//1720 1721//1721
f 1719//1719 1721//1721 1722//1722
f 1723//1723 1724//1724 1725//1725
f 1723//1723 1725//1725 1726//1726
f 1727//1727 1728//1728 1729//1729
f 1727//1727 1729//1729 1730//1730
f 1731//1731 1732//1732 1733//1733
f 1731//1731 1733//1733 1734//1734
#8 polygons

g Object_11

#
# object Object_11
#

v 42.048 21.423185 -108.768166
v 42.048004 20.637636 -106.38162
v 38.942173 22.20365 -103.81123
v 38.94217 22.732252 -106.05854
v 42.048 41.871944 -73.94355
v 42.048004 44.37345 -73.708755
v 38.942173 46.53093 -75.80747
v 38.94217 44.22234 -75.82274
v 42.047997 71.27316 -101.628815
v 42.048 70.94544 -104.11986
v 38.94217 68.419266 -105.75623
v 38.942165 68.91808 -103.50212
v 42.04799 23.388361 -112.85592
v 44.904556 23.148247 -113.000626
v 44.785446 22.14796 -113.603485
v 41.80123 22.398808 -113.45231
v 44.904564 25.874098 -116.68746
v 42.048 26.08479 -116.50295
v 41.801247 25.215723 -117.26231
v 44.785454 24.995617 -117.45506
v 47.761124 21.8092 -111.128525
v 47.76966 20.749079 -111.64771
v 47.76112 70.895294 -92.22615
v 47.76112 71.48276 -94.72372
v 47.769657 72.6423 -94.50985
v 47.769657 72.02859 -91.900696
v 55.27569 40.193974 -123.638
v 55.275715 36.06704 -122.30679
v 55.62004 35.64403 -123.32549
v 55.620018 39.955383 -124.71619
v 53.450447 37.781017 -123.997604
v 50.60578 37.675507 -124.33189
v 50.741432 37.32437 -125.44108
v 53.71321 37.434597 -125.09186
v 47.76112 44.076195 -73.16283
v 44.90456 41.832554 -73.666275
v 44.785454 41.667183 -72.51146
v 47.769657 44.01108 -71.98552
v 56.888847 32.31351 -83.15546
v 56.52863 33.07913 -84.10259
v 56.529884 36.403343 -81.89479
v 56.889805 35.673897 -80.92483
v 47.76112 39.48488 -73.79466
v 47.76112 44.076195 -73.16283
v 47.769657 44.01108 -71.98552
v 47.76966 39.2146 -72.64559
v 56.888844 64.419174 -90.2602
v 56.528625 63.325424 -90.79586
v 56.52988 64.73816 -94.52801
v 56.8898 65.84612 -94.03269
v 44.904564 33.160778 -76.52066
v 42.048 33.29378 -76.76712
v 41.801247 32.746853 -75.75088
v 44.785454 32.607906 -75.49339
v 42.048 37.73963 -124.13233
v 42.048004 35.383976 -123.25852
v 38.942173 34.35075 -120.43155
v 38.94217 36.437347 -121.41945
v 55.27571 69.86558 -103.6657
v 55.27571 69.34731 -106.00771
v 53.450443 70.806984 -104.09351
v 53.450443 71.13261 -101.618454
v 55.275715 33.89908 -121.28037
v 53.450447 35.440468 -123.1294
v 53.450447 37.781017 -123.997604
v 44.904552 37.36174 -74.68355
v 44.785446 36.996586 -73.574196
v 55.275715 25.414204 -85.20763
v 55.275715 26.897306 -83.32242
v 53.450447 24.751648 -84.41372
v 53.450447 23.384382 -86.50239
v 55.27571 63.953697 -83.07721
v 55.27571 65.46162 -84.942635
v 53.450443 64.87513 -82.60794
v 53.450443 63.14307 -80.81018
v 42.048004 53.32721 -74.88673
v 38.94217 54.62949 -77.59962
v 38.942223 50.664894 -76.32085
v 42.04799 48.906013 -73.87449
v 47.761124 46.99065 -125.85623
v 47.76112 44.424976 -125.87321
v 47.769657 44.375446 -127.05127
v 47.76966 47.055763 -127.03354
v 42.048 67.8046 -112.587
v 38.94217 64.86995 -113.25295
v 38.942223 66.99885 -109.67231
v 42.047985 69.77526 -108.5019
v 53.553627 42.042107 -115.286476
v 53.656296 34.248055 -113.85463
v 56.529884 36.637245 -117.24355
v 56.529884 37.454178 -117.63033
v 53.629303 42.012127 -115.42194
v 38.942226 21.784275 -99.66668
v 42.04799 19.790636 -101.925835
v 42.048004 19.793678 -97.390236
v 38.942173 22.14877 -95.51693
v 55.27571 44.170975 -74.8626
v 55.27572 46.569588 -74.846725
v 53.450447 44.378582 -73.84961
v 53.450447 41.893116 -74.08289
v 55.275692 67.726906 -88.64022
v 55.620018 68.71862 -88.154526
v 55.620037 66.35211 -84.29171
v 50.60578 57.873196 -122.43607
v 53.450443 57.707325 -122.127266
v 53.71321 58.251316 -123.13794
v 50.741436 58.4246 -123.46054
v 53.553627 55.691532 -112.07591
v 53.657307 49.71283 -117.27794
v 56.52988 53.85176 -117.52183
v 56.52988 54.6635 -117.12427
v 53.629303 55.778755 -112.18381
v 53.553627 61.691692 -99.40261
v 53.657307 62.031143 -107.320366
v 56.52988 64.80239 -104.23647
v 56.52988 64.99769 -103.35396
v 53.629303 61.830437 -99.4017
v 53.553627 55.524345 -86.80982
v 53.657307 61.926334 -91.481064
v 56.52988 61.243103 -87.39164
v 56.52988 60.67489 -86.68871
v 53.629303 55.610134 -86.700775
v 53.553627 41.83363 -83.780174
v 53.657307 49.47733 -81.68737
v 56.52988 45.8541 -79.67182
v 56.52988 44.950253 -79.67781
v 53.629303 41.80186 -83.64511
v 53.553627 30.928934 -92.59505
v 53.65731 34.05848 -85.31412
v 56.529884 30.22362 -86.89021
v 56.529884 29.66476 -87.60059
v 53.629307 30.80353 -92.535675
v 53.553627 31.021713 -106.61667
v 53.656296 27.28166 -99.6303
v 56.529884 26.121733 -103.61119
v 56.529884 26.32869 -104.49105
v 53.629307 30.89711 -106.67769
v 56.52988 45.21274 -119.34724
v 56.52988 46.11659 -119.34126
v 56.52988 64.94511 -95.40786
v 56.529884 37.215084 -81.49724
v 56.529884 29.823738 -111.62742
v 56.529884 30.391958 -112.33035
v 56.52988 60.843224 -112.12885
v 56.52988 61.40209 -111.418465
v 56.52988 54.429604 -81.77551
v 56.52988 53.612667 -81.38874
v 56.529884 26.264446 -94.78259
v 56.529884 26.069153 -95.66511
v 56.52863 33.284103 -115.07993
v 56.52863 25.722662 -99.64062
v 56.528625 49.81393 -80.16629
v 56.528625 63.439182 -107.98699
v 56.528625 50.069534 -118.794426
v 56.52862 41.252914 -118.85276
v 56.52862 27.741425 -108.2232
v 56.52862 27.627666 -91.032074
v 56.52862 40.997314 -80.22465
v 56.52862 57.78274 -83.939125
v 56.528618 65.34418 -99.37844
v 56.52862 57.987713 -114.916466
v 38.94217 22.64758 -93.26283
v 42.048004 20.1214 -94.89921
v 42.04799 21.29158 -90.51716
v 38.942223 24.067991 -89.34675
v 42.048 41.871944 -73.94355
v 41.801247 41.708332 -72.80113
v 42.048004 24.638329 -84.32992
v 44.904564 24.411558 -84.165565
v 44.785458 23.467726 -83.47992
v 41.80125 23.704634 -83.6516
v 38.94217 56.716087 -78.58751
v 42.048 55.682865 -75.760544
v 42.047985 59.69465 -77.87647
v 38.94222 60.21791 -80.84372
v 44.904564 30.986082 -77.83131
v 47.761124 32.7891 -76.40424
v 47.76966 32.219616 -75.37178
v 44.785458 30.336033 -76.86261
v 53.450447 33.35952 -76.8918
v 50.60578 33.19364 -76.58299
v 50.741432 32.642242 -75.558525
v 53.71321 32.815525 -75.88113
v 56.889805 25.220722 -104.986374
v 56.888847 26.647673 -108.758865
v 42.04799 23.388361 -112.85592
v 38.942223 24.204361 -109.95548
v 38.94217 26.380463 -113.50764
v 42.048 26.08479 -116.50295
v 56.889805 28.58669 -87.043175
v 56.888844 26.526924 -90.51093
v 42.048 23.262243 -86.43206
v 42.048004 24.638329 -84.32992
v 38.942173 27.624336 -83.95165
v 38.94217 26.196898 -85.766106
v 56.8898 44.713894 -78.487404
v 56.88884 40.71846 -79.03912
v 42.047985 37.449394 -74.94985
v 38.942223 40.095528 -76.39079
v 38.94217 36.14821 -77.72191
v 42.048 33.29378 -76.76712
v 56.8898 61.45822 -85.76172
v 56.88884 58.53575 -82.98196
v 42.048 63.238815 -80.70675
v 42.048 64.982056 -82.516106
v 38.94217 64.68638 -85.51142
v 38.942165 63.235054 -83.71602
v 56.8898 66.210846 -103.38841
v 56.88884 66.56203 -99.370384
v 42.04798 71.27621 -97.09324
v 38.94222 69.28257 -99.35238
v 38.942165 68.8632 -95.207825
v 42.047997 70.42921 -92.63743
v 56.8898 55.392952 -118.09424
v 56.88884 58.75333 -115.8636
v 42.048004 27.828022 -118.31231
v 38.942173 27.831789 -115.30305
v 38.942226 30.848927 -118.17534
v 42.04799 31.372189 -121.142586
v 56.888847 24.504812 -99.648674
v 56.889805 24.909143 -103.66171
v 56.889805 25.15002 -94.30197
v 56.889805 24.855997 -95.630646
v 44.904556 27.399397 -80.68765
v 42.04799 27.593918 -80.88955
v 41.801235 26.79229 -80.05751
v 44.785446 26.58908 -79.846596
v 55.27571 54.9998 -76.712265
v 53.450443 53.285824 -75.021454
v 53.450462 48.887596 -74.01448
v 55.275696 50.872868 -75.381065
v 47.761124 19.523027 -95.06753
v 47.761124 20.077383 -92.56241
v 47.76966 18.93988 -92.25198
v 47.769665 18.360748 -94.86903
v 56.8898 55.146145 -80.79598
v 55.275692 67.868805 -110.08419
v 55.620018 68.86687 -110.55672
v 55.620037 70.41144 -106.29808
v 55.27571 65.65264 -113.81143
v 53.450443 67.682465 -112.51667
v 53.450462 69.64289 -108.4528
v 47.76112 71.54382 -103.95154
v 44.90456 71.55225 -101.65212
v 44.78545 72.71491 -101.74786
v 47.769653 72.7061 -104.150024
v 44.90456 70.69908 -92.56261
v 42.047997 70.42921 -92.63743
v 41.801243 71.54167 -92.33035
v 44.78545 71.82361 -92.252174
v 55.275692 23.339931 -110.37884
v 53.450466 23.50929 -112.783035
v 53.450447 26.19171 -116.41113
v 55.275715 25.605228 -114.07643
v 47.76112 35.093323 -75.27574
v 47.76966 34.6268 -74.19285
v 55.27569 39.875145 -75.45384
v 53.450462 37.493538 -75.08396
v 53.450447 33.35952 -76.8918
v 55.275715 35.766186 -76.83954
v 56.889805 29.428087 -85.97366
v 44.90455 71.555336 -97.06703
v 47.76112 71.9495 -99.33474
v 47.769653 73.129906 -99.32692
v 44.785442 72.71813 -96.957886
v 55.27569 70.24507 -99.34601
v 53.450462 71.135635 -97.10642
v 53.450443 70.29302 -92.67377
v 55.27571 69.80845 -95.03172
v 56.8898 62.31369 -86.820015
v 56.8898 53.916214 -80.21367
v 56.888847 50.077072 -78.977196
v 55.27571 46.89587 -124.15646
v 53.450447 49.17373 -124.93617
v 53.450462 53.573303 -123.935104
v 55.275696 51.1917 -123.56522
v 47.761124 55.651913 -75.1397
v 47.76112 57.97087 -76.23761
v 47.769657 58.526638 -75.19769
v 47.76966 56.10406 -74.050735
v 56.8898 61.638756 -113.0454
v 42.048 64.982056 -82.516106
v 44.90456 65.19274 -82.33159
v 44.78545 66.07122 -81.563995
v 41.801247 65.85112 -81.75675
v 55.27572 27.113144 -115.94184
v 53.450447 27.923765 -118.208885
v 53.450466 31.449522 -121.02445
v 55.275696 30.253796 -118.93183
v 42.047985 37.449394 -74.94985
v 41.80123 37.088154 -73.852394
v 56.888847 40.98977 -120.04188
v 56.8898 44.99216 -120.540665
v 44.90456 69.90522 -90.15079
v 44.78545 70.99428 -89.73259
v 56.889805 35.920692 -118.22308
v 56.889805 37.150623 -118.80539
v 56.889805 28.753149 -112.19906
v 56.889805 29.60862 -113.25735
v 56.889805 36.896015 -80.32629
v 56.8898 66.15771 -95.35736
v 56.8898 54.170834 -118.69277
v 56.8898 46.352947 -120.53167
v 55.27571 57.45485 -121.124504
v 55.27571 55.30066 -122.17953
v 53.450443 57.707325 -122.127266
v 53.450443 59.84543 -120.83867
v 56.888847 50.348385 -119.97994
v 44.904552 67.918594 -86.018425
v 42.047985 67.67848 -86.16315
v 41.80123 68.66804 -85.56676
v 44.785442 68.91888 -85.41558
v 53.450447 46.68826 -125.16946
v 55.27571 44.497253 -124.17233
v 53.450462 42.179245 -125.00458
v 38.94217 44.535908 -123.21159
v 42.048 46.69339 -125.31032
v 42.047985 42.160828 -125.14457
v 38.942223 40.401947 -122.698204
v 56.888847 32.53109 -116.03712
v 47.76112 67.04067 -114.79713
v 47.76112 65.45428 -116.81363
v 47.769657 66.344444 -117.58687
v 47.769657 68.001724 -115.480255
v 53.450443 66.31519 -114.60534
v 55.27571 64.16954 -115.69664
v 55.27569 61.068726 -118.72792
v 53.450462 63.374966 -118.02783
v 38.942165 63.442505 -115.067406
v 42.047997 66.42851 -114.689156
v 42.047985 63.472927 -118.12952
v 38.94222 60.46364 -117.979385
v 53.450462 67.55755 -86.23602
v 55.27571 69.25923 -92.69679
v 53.450443 69.51251 -90.302536
v 47.761124 25.612568 -82.20544
v 47.769665 24.722403 -81.4322
v 44.90456 49.234287 -125.3528
v 44.785454 49.399662 -126.50759
v 53.450466 27.691881 -80.99123
v 55.275696 29.998114 -80.29113
v 55.275715 33.611996 -77.89456
v 53.450447 31.221418 -78.1804
v 53.450462 42.179245 -125.00458
v 53.71323 42.02936 -126.14383
v 47.761127 28.926609 -78.9656
v 47.769665 28.184532 -78.04759
v 47.761124 51.581963 -125.2244
v 44.904556 53.7051 -124.33551
v 44.785446 54.070255 -125.44487
v 47.76966 51.852245 -126.37348
v 56.888844 64.539925 -108.50813
v 56.8898 65.916824 -104.71709
v 56.8898 62.480152 -111.97588
v 42.047985 42.160828 -125.14457
v 41.80123 42.01012 -126.29008
v 38.556686 40.172646 -123.7344
v 53.450443 55.626373 -75.88966
v 55.27571 57.167767 -77.738686
v 55.27569 60.813038 -80.087234
v 53.450462 59.617317 -77.994606
v 56.8898 46.07468 -78.47839
v 44.90456 66.65529 -114.85351
v 42.047997 66.42851 -114.689156
v 41.801243 67.36221 -115.36746
v 44.78545 67.59912 -115.53915
v 53.450447 20.259861 -94.925545
v 55.275715 21.719536 -93.01136
v 55.275692 23.19804 -88.93487
v 53.450466 21.423956 -90.56627
v 53.450466 19.931215 -101.912636
v 55.275696 20.821766 -99.67305
v 55.27572 21.20127 -95.35336
v 53.450447 19.934242 -97.400604
v 55.275715 21.807611 -106.32228
v 55.27572 21.258396 -103.98733
v 53.450447 20.773813 -106.34529
v 53.450447 21.554325 -108.71652
v 38.942223 66.86248 -89.063576
v 42.047985 67.67848 -86.16315
v 42.048 69.643654 -90.250885
v 38.94217 68.33459 -92.96051
v 38.942226 30.603205 -81.03968
v 42.04799 27.593918 -80.88955
v 42.048004 31.14188 -78.06403
v 38.942173 34.074867 -78.73733
v 55.275715 36.06704 -122.30679
v 55.62004 35.64403 -123.32549
v 55.62002 29.303913 -79.43236
v 55.62005 26.064552 -82.5991
v 50.605785 24.468218 -84.207466
v 53.450447 24.751648 -84.41372
v 53.71321 23.823015 -83.73916
v 50.74144 23.526915 -83.52369
v 42.048004 49.194897 -125.075516
v 38.942173 46.844505 -123.19632
v 38.942223 50.971313 -122.62827
v 42.04799 53.617447 -124.06922
v 42.047985 63.472927 -118.12952
v 44.904552 63.667446 -118.33141
v 44.785442 64.47777 -119.17247
v 41.801228 64.27456 -118.96155
v 56.643806 22.455902 -99.66223
v 56.644203 22.818495 -95.52507
v 56.644203 22.818495 -95.52507
v 56.643806 22.455902 -99.66223
v 56.644203 22.873209 -103.794235
v 56.644203 22.873209 -103.794235
v 56.643803 50.519775 -76.97663
v 56.644203 54.472534 -78.25074
v 56.644203 54.472534 -78.25074
v 56.643803 50.519775 -76.97663
v 56.644203 46.39851 -76.46401
v 56.644203 46.39851 -76.46401
v 56.643803 66.39181 -109.38491
v 56.6442 64.27008 -112.95504
v 56.6442 64.27008 -112.95504
v 56.643803 66.39181 -109.38491
v 56.6442 67.80863 -105.48103
v 56.6442 67.80863 -105.48103
v 56.643803 40.547062 -122.042435
v 56.644203 36.594307 -120.76832
v 56.644203 36.594307 -120.76832
v 56.643803 40.547062 -122.042435
v 56.644203 44.66833 -122.55504
v 56.644203 44.66833 -122.55504
v 56.643806 24.807543 -109.66007
v 56.644203 23.33918 -105.77529
v 56.644203 23.33918 -105.77529
v 56.643806 24.807543 -109.66007
v 56.644203 26.976337 -113.20181
v 56.644203 26.976337 -113.20181
v 56.643806 24.67504 -89.634155
v 56.644203 26.796768 -86.06402
v 56.644203 26.796768 -86.06402
v 56.643806 24.67504 -89.634155
v 56.644203 23.258204 -93.538025
v 56.644203 23.258204 -93.538025
v 56.6438 40.249317 -77.0446
v 56.644203 44.363438 -76.477486
v 56.644203 44.363438 -76.477486
v 56.6438 40.249317 -77.0446
v 56.644203 36.313763 -78.370895
v 56.644203 36.313763 -78.370895
v 56.643795 59.802624 -81.3716
v 56.644196 62.811127 -84.23456
v 56.644196 62.811127 -84.23456
v 56.643795 59.802624 -81.3716
v 56.644203 56.311916 -79.12159
v 56.644203 56.311916 -79.12159
v 56.643795 68.61093 -99.35683
v 56.6442 68.24835 -103.493996
v 56.6442 68.24835 -103.493996
v 56.643795 68.61093 -99.35683
v 56.644196 68.193634 -95.22482
v 56.644196 68.193634 -95.22482
v 56.643795 60.04141 -117.45704
v 56.644203 56.580776 -119.75305
v 56.644203 56.580776 -119.75305
v 56.643795 60.04141 -117.45704
v 56.6442 63.011757 -114.55453
v 56.6442 63.011757 -114.55453
v 56.643803 31.025433 -81.562004
v 56.644203 28.055094 -84.46454
v 56.644203 28.055094 -84.46454
v 56.643803 31.025433 -81.562004
v 56.644203 34.486076 -79.266014
v 56.644203 34.486076 -79.266014
v 56.643803 66.25929 -89.358986
v 56.6442 64.0905 -85.817245
v 56.6442 64.0905 -85.817245
v 56.643803 66.25929 -89.358986
v 56.6442 67.72766 -93.243774
v 56.6442 67.72766 -93.243774
v 56.644203 46.703407 -122.54158
v 56.643803 50.817528 -121.97447
v 56.643803 50.817528 -121.97447
v 56.644203 46.703407 -122.54158
v 56.644203 54.75308 -120.64816
v 56.644203 54.75308 -120.64816
v 56.644203 28.255713 -114.78451
v 56.643803 31.26421 -117.64747
v 56.643803 31.26421 -117.64747
v 56.644203 28.255713 -114.78451
v 56.644203 34.75493 -119.89747
v 56.644203 34.75493 -119.89747
v 42.048 59.92496 -120.95503
v 42.048 57.773056 -122.25194
v 38.94217 54.918636 -121.297165
v 38.94217 56.99198 -120.28174
v 44.90456 57.90606 -122.498405
v 44.90456 60.08076 -121.18777
v 47.76112 58.277744 -122.61482
v 47.761124 55.973522 -123.743324
v 50.60578 57.873196 -122.43607
v 50.60578 60.040993 -121.129585
v 50.60579 42.133465 -125.35253
v 50.60578 37.675507 -124.33189
v 47.76112 35.414925 -123.87936
v 47.76112 39.825703 -125.30219
v 42.048 37.73963 -124.13233
v 38.94217 36.437347 -121.41945
v 38.55663 36.030895 -122.39849
v 41.801247 37.391365 -125.23262
v 50.60578 46.70372 -125.51965
v 47.76112 44.424976 -125.87321
v 44.90456 46.706284 -125.59008
v 44.904552 42.12426 -125.42253
v 44.904564 27.635794 -118.51599
v 47.761124 25.843302 -117.07573
v 47.769665 24.96345 -117.86068
v 44.785458 26.836035 -119.365295
v 53.450447 35.440468 -123.1294
v 55.620045 33.379192 -122.253204
v 53.71321 34.989464 -124.18485
v 44.904564 27.635794 -118.51599
v 44.904556 31.218641 -121.37716
v 47.761124 29.199926 -120.27142
v 47.761124 25.843302 -117.07573
v 50.605785 27.683672 -118.46428
v 50.605793 31.25731 -121.31809
v 50.60579 63.61846 -118.28057
v 47.76112 62.140236 -120.05346
v 42.048004 31.14188 -78.06403
v 41.80125 30.498795 -77.10574
v 50.605778 66.598625 -114.8116
v 47.76112 65.45428 -116.81363
v 44.90456 66.65529 -114.85351
v 44.904552 63.667446 -118.33141
v 42.048004 35.383976 -123.25852
v 44.904564 35.274208 -123.516174
v 44.785454 34.815773 -124.58891
v 41.80125 34.930447 -124.31975
v 55.62002 51.111458 -74.30288
v 55.620045 46.61589 -73.74467
v 44.90456 49.234287 -125.3528
v 44.904556 53.7051 -124.33551
v 47.761124 51.581963 -125.2244
v 47.761124 46.99065 -125.85623
v 50.605785 49.2237 -125.28313
v 50.605793 53.68303 -124.26846
v 50.605793 67.85813 -86.05487
v 50.60578 69.839645 -90.17661
v 47.76112 70.895294 -92.22615
v 47.76112 69.257645 -87.89055
v 44.904552 67.918594 -86.018425
v 44.90456 69.90522 -90.15079
v 50.60578 65.13928 -82.37751
v 47.76112 66.83648 -83.93866
v 38.556633 33.85105 -121.366455
v 44.90455 71.555336 -97.06703
v 44.90456 70.69908 -92.56261
v 47.76112 71.48276 -94.72372
v 47.76112 71.9495 -99.33474
v 50.60579 71.485054 -97.07363
v 50.605778 70.631 -92.58077
v 47.761127 28.926609 -78.9656
v 47.769665 28.184532 -78.04759
v 47.761124 29.199926 -120.27142
v 44.904556 31.218641 -121.37716
v 44.785446 30.578985 -122.35431
v 47.769665 28.470062 -121.19917
v 50.605793 27.448385 -80.738495
v 50.605785 31.02585 -77.88949
v 47.761124 32.7891 -76.40424
v 47.761127 28.926609 -78.9656
v 44.904556 27.399397 -80.68765
v 44.904564 30.986082 -77.83131
v 50.605785 24.468218 -84.207466
v 47.761124 25.612568 -82.20544
v 55.275696 30.253796 -118.93183
v 53.450466 31.449522 -121.02445
v 53.713234 30.820179 -121.985855
v 55.62002 29.571024 -119.79971
v 44.904552 37.36174 -74.68355
v 44.904564 33.160778 -76.52066
v 47.76112 35.093323 -75.27574
v 47.76112 39.48488 -73.79466
v 50.60579 37.383812 -74.7506
v 50.60578 33.19364 -76.58299
v 44.90456 46.706284 -125.59008
v 42.048 46.69339 -125.31032
v 41.801247 46.745224 -126.463234
v 44.78545 46.758694 -126.755486
v 42.04799 31.372189 -121.142586
v 38.942226 30.848927 -118.17534
v 38.55669 30.192753 -119.00942
v 41.801235 30.739395 -122.10926
v 44.904556 23.148247 -113.000626
v 44.904564 25.874098 -116.68746
v 47.761124 24.230362 -115.0804
v 47.761124 21.8092 -111.128525
v 50.605793 23.208712 -112.964195
v 50.60578 25.92756 -116.641556
v 47.76112 35.414925 -123.87936
v 44.904564 37.65481 -124.39925
v 44.785454 37.302757 -125.51146
v 47.76966 34.962784 -124.96833
v 53.450462 63.374966 -118.02783
v 55.620014 61.762924 -119.5867
v 53.713226 64.17222 -118.85532
v 44.904552 42.12426 -125.42253
v 44.785442 41.97192 -126.58046
v 38.556683 61.130795 -118.80472
v 44.90456 68.04595 -112.72909
v 44.904552 70.038124 -108.5994
v 47.76112 69.409325 -110.81355
v 47.76112 67.04067 -114.79713
v 50.60578 67.98488 -112.693924
v 50.60579 69.97193 -108.574844
v 50.60579 59.809532 -77.70097
v 50.60578 63.38317 -80.55479
v 47.76112 65.22354 -81.94333
v 47.76112 61.866913 -78.747635
v 53.450466 27.691881 -80.99123
v 50.605793 27.448385 -80.738495
v 50.741444 26.640251 -79.899704
v 53.713234 26.894632 -80.163734
v 50.60578 55.764385 -75.567444
v 47.76112 57.97087 -76.23761
v 44.90456 55.792633 -75.50289
v 44.904552 59.848198 -77.641914
v 44.90456 60.08076 -121.18777
v 42.048 59.92496 -120.95503
v 41.801243 60.568047 -121.913315
v 44.78545 60.73081 -122.15645
v 55.27571 57.45485 -121.124504
v 53.450443 59.84543 -120.83867
v 53.713207 60.484962 -121.79176
v 55.620037 57.98756 -122.09038
v 44.90456 53.412025 -74.619804
v 44.904556 48.94258 -73.59653
v 47.761124 51.24114 -73.716866
v 47.761124 55.651913 -75.1397
v 50.605785 53.391335 -74.68718
v 50.605793 48.933372 -73.66653
v 50.605793 21.09492 -90.444214
v 50.60578 23.081966 -86.32514
v 47.761124 24.02617 -84.22194
v 47.761124 21.65752 -88.20551
v 44.90456 57.90606 -122.498405
v 47.761124 55.973522 -123.743324
v 47.769657 56.44004 -124.82622
v 44.78545 58.458935 -123.525665
v 50.605785 19.91501 -94.86269
v 47.761124 20.077383 -92.56241
v 44.904564 19.845785 -94.84952
v 44.904556 21.028723 -90.41966
v 50.605797 19.581799 -101.945435
v 50.605785 19.584866 -97.37213
v 47.761124 19.523027 -95.06753
v 47.761124 19.117357 -99.684326
v 44.904556 19.511513 -101.952034
v 44.904564 19.51459 -97.36694
v 50.605785 20.435837 -106.438286
v 47.761124 19.584085 -104.29536
v 38.94217 56.99198 -120.28174
v 38.55663 57.504005 -121.209946
v 44.90456 44.360554 -73.42899
v 44.90456 41.832554 -73.666275
v 47.76112 44.076195 -73.16283
v 47.761124 46.64186 -73.14586
v 50.605785 44.36312 -73.49941
v 50.60578 41.84314 -73.73594
v 44.904564 20.367756 -106.45646
v 44.904564 21.161623 -108.86828
v 47.761124 20.171549 -106.792915
v 50.60578 21.227196 -108.842445
v 44.90456 65.19274 -82.33159
v 44.90456 63.431046 -80.50307
v 44.904564 24.411558 -84.165565
v 44.904564 23.020897 -86.28998
v 44.904564 35.274208 -123.516174
v 44.904564 37.65481 -124.39925
v 47.761124 33.095974 -122.781456
v 50.605785 35.30246 -123.451614
v 44.90456 71.22106 -104.16953
v 44.90456 71.55225 -101.65212
v 47.76112 71.54382 -103.95154
v 47.76112 70.98946 -106.45666
v 50.605778 71.15183 -104.15637
v 50.605778 71.48198 -101.646935
v 55.620045 55.737106 -123.19254
v 47.76112 71.54382 -103.95154
v 47.769653 72.7061 -104.150024
v 50.60578 37.675507 -124.33189
v 50.60579 42.133465 -125.35253
v 50.741444 41.981537 -126.50733
v 50.741432 37.32437 -125.44108
v 42.048 57.773056 -122.25194
v 41.801247 58.319984 -123.26818
v 38.556633 55.338017 -122.270744
v 55.27571 44.497253 -124.17233
v 53.450447 46.68826 -125.16946
v 53.71321 46.739864 -126.31608
v 55.62004 44.450954 -125.27439
v 42.047997 71.27316 -101.628815
v 41.801243 72.42335 -101.723526
v 50.605793 31.25731 -121.31809
v 50.605785 35.30246 -123.451614
v 50.74144 34.84528 -124.52146
v 50.741444 30.619375 -122.2926
v 38.94217 44.535908 -123.21159
v 38.55663 44.491337 -124.27073
v 55.275696 51.1917 -123.56522
v 53.450462 53.573303 -123.935104
v 53.713234 53.932564 -125.026566
v 55.62002 51.444542 -124.64016
v 53.450443 70.29302 -92.67377
v 50.605778 70.631 -92.58077
v 50.74143 71.75249 -92.27116
v 53.713207 71.399414 -92.36832
v 50.60578 60.040993 -121.129585
v 50.60579 63.61846 -118.28057
v 50.74144 64.4266 -119.11936
v 50.74143 60.689266 -122.09567
v 55.620026 19.717522 -99.68035
v 55.62005 20.173664 -104.18742
v 53.450447 49.17373 -124.93617
v 55.620045 46.95675 -125.25782
v 53.71321 49.336395 -126.07236
v 42.04799 53.617447 -124.06922
v 38.942223 50.971313 -122.62827
v 38.55669 51.214306 -123.66134
v 41.80123 53.978683 -125.16667
v 50.605793 53.68303 -124.26846
v 50.60578 57.873196 -122.43607
v 50.741436 58.4246 -123.46054
v 50.741444 54.047195 -125.37482
v 42.048004 49.194897 -125.075516
v 41.801247 49.35851 -126.21793
v 38.556633 46.90309 -124.25477
v 55.620037 57.98756 -122.09038
v 47.76112 71.48276 -94.72372
v 47.769657 72.6423 -94.50985
v 44.904564 20.367756 -106.45646
v 47.761124 19.584085 -104.29536
v 47.769665 18.424536 -104.5092
v 44.785458 19.243227 -106.76688
v 55.275692 67.726906 -88.64022
v 53.450462 67.55755 -86.23602
v 53.71323 68.5417 -85.6429
v 55.620018 68.71862 -88.154526
v 47.761124 19.117357 -99.684326
v 47.769665 17.936947 -99.69214
v 38.942223 66.86248 -89.063576
v 38.556686 67.815575 -88.596794
v 42.04798 71.27621 -97.09324
v 41.801228 72.42653 -96.98525
v 50.605793 67.85813 -86.05487
v 50.60578 65.13928 -82.37751
v 50.741436 66.01537 -81.61196
v 50.74144 68.85571 -85.45364
v 53.450443 69.51251 -90.302536
v 55.620037 70.31942 -92.39236
v 53.713207 70.58402 -89.89112
v 50.605785 20.435837 -106.438286
v 53.450447 20.773813 -106.34529
v 53.71321 19.667423 -106.65074
v 50.74144 19.31435 -106.747894
v 42.048 69.643654 -90.250885
v 41.801247 70.72102 -89.83717
v 38.556633 69.35346 -92.66787
v 47.76112 66.83648 -83.93866
v 47.769657 67.78841 -83.242874
v 50.605778 71.48198 -101.646935
v 50.60579 71.485054 -97.07363
v 50.74144 72.64471 -96.96478
v 50.74143 72.64149 -101.742455
v 55.27571 69.80845 -95.03172
v 55.620037 70.89318 -94.83164
v 47.76112 69.257645 -87.89055
v 47.76966 70.31776 -87.371346
v 42.048004 19.793678 -97.390236
v 44.904564 19.51459 -97.36694
v 44.785458 18.351933 -97.2712
v 41.80125 18.643496 -97.29554
v 38.942165 68.8632 -95.207825
v 38.55663 69.905685 -95.015594
v 55.62004 24.714731 -114.72735
v 55.62005 26.290031 -116.676125
v 50.605793 27.448385 -80.738495
v 50.605785 24.468218 -84.207466
v 50.74144 23.526915 -83.52369
v 50.741444 26.640251 -79.899704
v 47.761124 19.117357 -99.684326
v 44.904556 19.511513 -101.952034
v 44.78545 18.348715 -102.061165
v 47.769665 17.936947 -99.69214
v 53.450462 71.135635 -97.10642
v 55.620014 71.34931 -99.3387
v 53.713226 72.27967 -96.99904
v 50.60578 65.13928 -82.37751
v 53.450443 64.87513 -82.60794
v 53.713207 65.73942 -81.85269
v 50.741436 66.01537 -81.61196
v 38.556683 70.34381 -99.34536
v 50.60578 41.84314 -73.73594
v 50.60579 37.383812 -74.7506
v 50.741444 37.01964 -73.64425
v 50.741432 41.678238 -72.58425
v 55.275696 29.998114 -80.29113
v 55.62002 29.303913 -79.43236
v 38.942226 30.603205 -81.03968
v 38.55669 29.936047 -80.21435
v 55.62005 26.290031 -116.676125
v 55.62004 24.714731 -114.72735
v 53.71321 25.327423 -117.16638
v 53.71321 27.136877 -119.044464
v 55.620045 33.079285 -76.92869
v 55.62004 35.329735 -75.82653
v 53.71321 32.815525 -75.88113
v 53.71321 30.581882 -77.2273
v 55.620037 70.31942 -92.39236
v 55.620037 70.89318 -94.83164
v 53.713207 71.399414 -92.36832
v 53.713207 70.58402 -89.89112
v 55.620045 46.95675 -125.25782
v 55.62004 44.450954 -125.27439
v 53.71321 46.739864 -126.31608
v 53.71321 49.336395 -126.07236
v 41.801247 49.35851 -126.21793
v 41.801247 46.745224 -126.463234
v 38.55663 44.491337 -124.27073
v 38.556633 46.90309 -124.25477
v 41.801235 30.739395 -122.10926
v 38.55669 30.192753 -119.00942
v 38.556633 33.85105 -121.366455
v 41.80125 34.930447 -124.31975
v 55.62005 20.113981 -95.16764
v 55.62004 20.655405 -92.720985
v 53.71321 19.130514 -94.72071
v 53.71321 18.790335 -97.306366
v 55.620045 55.422806 -75.693565
v 55.620037 57.68765 -76.765854
v 53.71321 56.077377 -74.83421
v 53.71321 53.63224 -73.9272
v 55.620045 66.551674 -114.45052
v 55.620037 65.0023 -116.419975
v 53.713207 67.243835 -115.2799
v 53.713207 68.672195 -113.09789
v 38.556633 26.824066 -83.25645
v 41.80125 23.704634 -83.6516
v 41.801235 26.79229 -80.05751
v 38.55669 29.936047 -80.21435
v 38.556633 65.54223 -84.88591
v 41.801247 65.85112 -81.75675
v 41.80123 68.66804 -85.56676
v 38.556686 67.815575 -88.596794
v 41.80123 53.978683 -125.16667
v 38.55669 51.214306 -123.66134
v 38.556633 55.338017 -122.270744
v 41.801247 58.319984 -123.26818
v 41.801247 41.708332 -72.80113
v 38.55663 44.163754 -74.76429
v 38.556686 39.85254 -75.35773
v 41.80123 37.088154 -73.852394
v 53.71321 19.667423 -106.65074
v 55.62005 20.173664 -104.18742
v 55.620026 19.717522 -99.68035
v 53.713238 18.787174 -102.02001
v 41.80123 49.056717 -72.72898
v 38.55669 50.8942 -75.28466
v 38.556633 46.575504 -74.74834
v 41.801247 44.321617 -72.55585
v 41.80123 70.85851 -108.903725
v 38.556686 67.95804 -110.12644
v 38.556633 69.44192 -106.03537
v 41.801247 72.08098 -104.32587
v 41.801247 20.34582 -109.1819
v 38.556633 21.713377 -106.35119
v 38.556686 23.251272 -110.422264
v 41.80123 22.398808 -113.45231
v 38.556686 23.108809 -88.892624
v 41.80123 20.208334 -90.11533
v 41.801247 22.267048 -85.847694
v 38.556633 25.33284 -85.15198
v 55.62002 51.111458 -74.30288
v 53.713234 49.037476 -72.87523
v 53.71321 44.326973 -72.70299
v 55.620045 46.61589 -73.74467
v 38.556683 60.87409 -80.009636
v 41.801228 60.327442 -76.9098
v 41.801243 64.02998 -79.86655
v 38.55663 64.026054 -83.01028
v 55.620018 68.86687 -110.55672
v 53.71323 70.72022 -108.852425
v 53.713207 71.93633 -104.29835
v 55.620037 70.41144 -106.29808
v 55.62004 20.747421 -106.62671
v 53.71321 20.482817 -109.12794
v 53.71323 22.525137 -113.37617
v 55.620018 22.348215 -110.86453
v 55.62004 44.110092 -73.76125
v 53.71321 41.73045 -72.9467
v 53.71323 37.134274 -73.9925
v 55.620018 39.622303 -74.378914
v 55.620037 70.952866 -103.85142
v 53.713207 72.276505 -101.71269
v 53.713226 72.27967 -96.99904
v 55.620014 71.34931 -99.3387
v 55.62002 51.444542 -124.64016
v 53.713234 53.932564 -125.026566
v 53.71321 58.251316 -123.13794
v 55.620045 55.737106 -123.19254
v 38.556683 61.130795 -118.80472
v 41.801228 64.27456 -118.96155
v 41.801243 60.568047 -121.913315
v 38.55663 57.504005 -121.209946
v 55.62002 29.571024 -119.79971
v 53.713234 30.820179 -121.985855
v 53.71321 34.989464 -124.18485
v 55.620045 33.379192 -122.253204
v 38.556686 40.172646 -123.7344
v 41.80123 42.01012 -126.29008
v 41.801247 37.391365 -125.23262
v 38.55663 36.030895 -122.39849
v 53.71323 42.02936 -126.14383
v 55.620018 39.955383 -124.71619
v 55.62004 35.64403 -123.32549
v 53.71321 37.434597 -125.09186
v 53.713226 64.17222 -118.85532
v 55.620014 61.762924 -119.5867
v 55.620037 57.98756 -122.09038
v 53.713207 60.484962 -121.79176
v 53.713207 65.73942 -81.85269
v 55.620037 66.35211 -84.29171
v 55.620018 68.71862 -88.154526
v 53.71323 68.5417 -85.6429
v 41.801247 70.72102 -89.83717
v 41.801243 71.54167 -92.33035
v 38.55663 69.905685 -95.015594
v 38.556633 69.35346 -92.66787
v 53.71321 23.823015 -83.73916
v 55.62005 26.064552 -82.5991
v 55.62002 29.303913 -79.43236
v 53.713234 26.894632 -80.163734
v 41.80125 30.498795 -77.10574
v 41.801247 32.746853 -75.75088
v 38.55663 35.72883 -76.74833
v 38.556633 33.56284 -77.80912
v 41.80125 27.036856 -119.15252
v 41.801247 25.215723 -117.26231
v 38.556633 25.52461 -114.13315
v 38.556633 27.040787 -116.00878
v 53.713226 60.246655 -77.03321
v 55.620014 61.49581 -79.21935
v 55.620037 64.77681 -82.34294
v 53.713207 63.929962 -79.974594
v 53.71323 20.34662 -90.16663
v 55.620018 22.199986 -88.46233
v 55.62004 24.515175 -84.56854
v 53.71321 22.39465 -85.921165
v 41.801247 68.7998 -113.171364
v 41.801243 67.36221 -115.36746
v 38.55663 64.242775 -115.76262
v 38.556633 65.734 -113.86708
v 41.801247 53.675476 -73.78645
v 41.801243 56.13639 -74.69931
v 38.55663 57.21579 -77.65261
v 38.556633 55.03595 -76.62057
v 41.80125 18.643496 -97.29554
v 41.801247 18.985867 -94.69319
v 38.556633 21.624926 -92.98369
v 38.556637 21.10382 -95.33852
v 41.801243 72.42335 -101.723526
v 38.55663 69.96303 -103.680534
v 38.556683 70.34381 -99.34536
v 41.801228 72.42653 -96.98525
v 44.785442 41.97192 -126.58046
v 44.785454 37.302757 -125.51146
v 44.785446 30.578985 -122.35431
v 44.785454 34.815773 -124.58891
v 47.76966 32.540203 -123.82136
v 47.769665 28.470062 -121.19917
v 50.741444 30.619375 -122.2926
v 50.74144 34.84528 -124.52146
v 44.785442 64.47777 -119.17247
v 44.78545 60.73081 -122.15645
v 44.785446 54.070255 -125.44487
v 44.78545 58.458935 -123.525665
v 47.769657 56.44004 -124.82622
v 47.76966 51.852245 -126.37348
v 50.741444 54.047195 -125.37482
v 50.741436 58.4246 -123.46054
v 44.78545 66.07122 -81.563995
v 44.785442 68.91888 -85.41558
v 44.78545 72.71491 -101.74786
v 44.785442 72.71813 -96.957886
v 47.769653 73.129906 -99.32692
v 47.769653 72.7061 -104.150024
v 50.74143 72.64149 -101.742455
v 50.74144 72.64471 -96.96478
v 44.785458 23.467726 -83.47992
v 44.785446 26.58908 -79.846596
v 44.785454 41.667183 -72.51146
v 44.785446 36.996586 -73.574196
v 47.76966 39.2146 -72.64559
v 47.769657 44.01108 -71.98552
v 50.741432 41.678238 -72.58425
v 50.741444 37.01964 -73.64425
v 44.785454 20.072567 -109.28647
v 44.785446 22.14796 -113.603485
v 47.76966 20.749079 -111.64771
v 47.76966 19.03825 -107.11837
v 50.741432 20.141068 -109.2595
v 50.741444 22.211126 -113.565414
v 44.785442 71.13312 -109.005585
v 44.78545 72.36892 -104.37777
v 47.769657 72.12697 -106.76708
v 47.76966 70.47622 -111.318665
v 50.74144 71.06397 -108.97993
v 50.74143 72.29659 -104.36401
v 44.785442 60.487854 -76.66475
v 44.78545 64.2308 -79.65376
v 44.785446 49.094917 -72.4386
v 44.785454 44.308147 -72.26358
v 47.76966 46.691395 -71.9678
v 47.76966 51.496185 -72.564316
v 50.741444 49.0853 -72.51173
v 50.741436 44.310825 -72.33715
v 44.785446 19.93373 -90.01348
v 44.785454 22.014915 -85.69926
v 44.785458 19.243227 -106.76688
v 44.78545 18.348715 -102.061165
v 41.801235 18.640316 -102.0338
v 41.80125 19.525167 -106.68871
v 44.78545 67.59912 -115.53915
v 44.78545 69.051926 -113.3198
v 47.769657 68.001724 -115.480255
v 47.769657 66.344444 -117.58687
v 50.74143 67.539925 -115.49537
v 50.741436 68.98812 -113.28307
v 44.78545 56.25107 -74.430145
v 44.785454 53.76408 -73.507614
v 47.76966 56.10406 -74.050735
v 47.769657 58.526638 -75.19769
v 50.741432 56.221558 -74.4976
v 50.741436 53.742466 -73.57799
v 44.785454 18.697926 -94.64129
v 44.785458 18.351933 -97.2712
v 47.769665 18.360748 -94.86903
v 47.76966 18.93988 -92.25198
v 50.741432 18.770252 -94.65505
v 50.74144 18.425346 -97.27662
v 44.78545 46.758694 -126.755486
v 44.785454 49.399662 -126.50759
v 47.76966 47.055763 -127.03354
v 47.769657 44.375446 -127.05127
v 50.741432 46.756012 -126.681915
v 50.741436 49.388603 -126.43481
v 44.78545 71.82361 -92.252174
v 44.78545 70.99428 -89.73259
v 47.769657 72.02859 -91.900696
v 47.769657 72.6423 -94.50985
v 50.74143 71.75249 -92.27116
v 50.74143 70.92577 -89.75957
v 44.785454 32.607906 -75.49339
v 44.785458 30.336033 -76.86261
v 47.76966 32.219616 -75.37178
v 47.76966 34.6268 -74.19285
v 50.741432 32.642242 -75.558525
v 50.74144 30.377583 -76.92339
v 44.785454 24.995617 -117.45506
v 44.785458 26.836035 -119.365295
v 47.769665 24.96345 -117.86068
v 47.76966 23.278437 -115.77618
v 50.741432 25.05147 -117.407104
v 50.74144 26.886051 -119.31127
v 38.556637 21.161156 -104.003456
v 38.55669 20.72304 -99.6737
v 50.741444 18.422144 -102.054276
v 50.74144 19.31435 -106.747894
v 50.741432 22.078718 -85.73599
v 50.741444 20.00288 -90.03913
v 50.74143 64.180786 -79.70779
v 50.741444 60.44746 -76.726456
v 50.741444 26.640251 -79.899704
v 50.74144 23.526915 -83.52369
v 50.74144 68.85571 -85.45364
v 50.741436 66.01537 -81.61196
v 50.74143 60.689266 -122.09567
v 50.74144 64.4266 -119.11936
v 50.741432 37.32437 -125.44108
v 50.741444 41.981537 -126.50733
v 47.769665 18.424536 -104.5092
v 47.769665 17.936947 -99.69214
v 47.76966 20.590624 -87.70039
v 47.76966 23.06512 -83.53881
v 47.769653 62.596775 -77.819885
v 47.769653 66.10339 -81.15838
v 47.769665 24.722403 -81.4322
v 47.769665 28.184532 -78.04759
v 47.769657 67.78841 -83.242874
v 47.76966 70.31776 -87.371346
v 47.769653 62.882313 -120.97147
v 47.769657 58.847225 -123.647285
v 47.76966 39.570652 -126.454735
v 47.76966 34.962784 -124.96833
v 50.605793 31.25731 -121.31809
v 50.741444 30.619375 -122.2926
v 47.761124 20.171549 -106.792915
v 44.904564 21.161623 -108.86828
v 44.785454 20.072567 -109.28647
v 47.76966 19.03825 -107.11837
v 47.76112 35.093323 -75.27574
v 47.76966 34.6268 -74.19285
v 47.76112 69.409325 -110.81355
v 44.904552 70.038124 -108.5994
v 44.785442 71.13312 -109.005585
v 47.76966 70.47622 -111.318665
v 47.761124 24.230362 -115.0804
v 47.76966 23.278437 -115.77618
v 50.605785 27.683672 -118.46428
v 53.450447 27.923765 -118.208885
v 53.71321 27.136877 -119.044464
v 50.74144 26.886051 -119.31127
v 38.556637 21.161156 -104.003456
v 38.55669 20.72304 -99.6737
v 42.048 70.94544 -104.11986
v 44.90456 71.22106 -104.16953
v 44.78545 72.36892 -104.37777
v 41.801247 72.08098 -104.32587
v 44.90456 68.04595 -112.72909
v 44.78545 69.051926 -113.3198
v 47.761124 24.230362 -115.0804
v 47.76966 23.278437 -115.77618
v 42.047985 59.69465 -77.87647
v 44.904552 59.848198 -77.641914
v 44.785442 60.487854 -76.66475
v 41.801228 60.327442 -76.9098
v 53.450447 26.19171 -116.41113
v 50.60578 25.92756 -116.641556
v 50.741432 25.05147 -117.407104
v 53.71321 25.327423 -117.16638
v 50.605793 53.68303 -124.26846
v 50.741444 54.047195 -125.37482
v 38.556686 23.108809 -88.892624
v 38.556633 25.33284 -85.15198
v 47.76112 65.22354 -81.94333
v 44.90456 63.431046 -80.50307
v 44.78545 64.2308 -79.65376
v 47.769653 66.10339 -81.15838
v 50.605785 49.2237 -125.28313
v 50.741436 49.388603 -126.43481
v 42.048004 20.637636 -106.38162
v 41.80125 19.525167 -106.68871
v 44.90456 55.792633 -75.50289
v 42.048 55.682865 -75.760544
v 41.801243 56.13639 -74.69931
v 44.78545 56.25107 -74.430145
v 42.048 21.423185 -108.768166
v 41.801247 20.34582 -109.1819
v 47.76112 58.277744 -122.61482
v 47.769657 58.847225 -123.647285
v 42.04799 19.790636 -101.925835
v 38.942226 21.784275 -99.66668
v 38.55669 20.72304 -99.6737
v 41.801235 18.640316 -102.0338
v 38.556633 46.575504 -74.74834
v 38.55669 50.8942 -75.28466
v 47.761124 51.24114 -73.716866
v 44.904556 48.94258 -73.59653
v 44.785446 49.094917 -72.4386
v 47.76966 51.496185 -72.564316
v 50.60578 69.839645 -90.17661
v 50.74143 70.92577 -89.75957
v 55.275715 21.807611 -106.32228
v 53.450447 21.554325 -108.71652
v 53.71321 20.482817 -109.12794
v 55.62004 20.747421 -106.62671
v 42.048004 44.37345 -73.708755
v 44.90456 44.360554 -73.42899
v 44.785454 44.308147 -72.26358
v 41.801247 44.321617 -72.55585
v 47.761124 20.171549 -106.792915
v 47.76966 19.03825 -107.11837
v 38.556683 60.87409 -80.009636
v 38.55663 64.026054 -83.01028
v 44.90456 53.412025 -74.619804
v 44.785454 53.76408 -73.507614
v 50.60579 71.485054 -97.07363
v 50.74144 72.64471 -96.96478
v 50.60578 60.040993 -121.129585
v 50.74143 60.689266 -122.09567
v 55.62004 20.747421 -106.62671
v 55.620018 22.348215 -110.86453
v 55.275696 20.821766 -99.67305
v 53.450466 19.931215 -101.912636
v 53.713238 18.787174 -102.02001
v 55.620026 19.717522 -99.68035
v 42.04799 21.29158 -90.51716
v 44.904556 21.028723 -90.41966
v 44.785446 19.93373 -90.01348
v 41.80123 20.208334 -90.11533
v 38.94217 22.732252 -106.05854
v 38.556633 21.713377 -106.35119
v 38.556633 69.44192 -106.03537
v 38.556686 67.95804 -110.12644
v 47.761124 24.02617 -84.22194
v 44.904564 23.020897 -86.28998
v 44.785454 22.014915 -85.69926
v 47.76966 23.06512 -83.53881
v 42.047985 69.77526 -108.5019
v 41.80123 70.85851 -108.903725
v 53.450443 71.13261 -101.618454
v 50.605778 71.48198 -101.646935
v 50.74143 72.64149 -101.742455
v 53.713207 72.276505 -101.71269
v 50.60579 42.133465 -125.35253
v 50.741444 41.981537 -126.50733
v 55.62002 51.444542 -124.64016
v 38.556637 21.10382 -95.33852
v 38.556686 23.251272 -110.422264
v 38.556633 21.713377 -106.35119
v 44.904564 19.845785 -94.84952
v 42.048004 20.1214 -94.89921
v 41.801247 18.985867 -94.69319
v 44.785454 18.697926 -94.64129
v 53.450447 19.934242 -97.400604
v 55.62005 20.113981 -95.16764
v 53.71321 18.790335 -97.306366
v 47.76112 70.98946 -106.45666
v 47.769657 72.12697 -106.76708
v 50.605785 31.02585 -77.88949
v 53.450447 31.221418 -78.1804
v 53.71321 30.581882 -77.2273
v 50.74144 30.377583 -76.92339
v 38.94217 22.64758 -93.26283
v 38.556633 21.624926 -92.98369
v 38.556686 39.85254 -75.35773
v 38.55663 44.163754 -74.76429
v 47.76112 69.409325 -110.81355
v 47.76966 70.47622 -111.318665
v 47.76112 39.825703 -125.30219
v 47.76112 35.414925 -123.87936
v 47.76966 34.962784 -124.96833
v 47.76966 39.570652 -126.454735
v 55.275715 21.719536 -93.01136
v 53.450447 20.259861 -94.925545
v 53.71321 19.130514 -94.72071
v 55.62004 20.655405 -92.720985
v 50.60579 37.383812 -74.7506
v 53.450462 37.493538 -75.08396
v 53.71323 37.134274 -73.9925
v 50.741444 37.01964 -73.64425
v 38.556633 26.824066 -83.25645
v 38.55669 29.936047 -80.21435
v 50.605778 71.15183 -104.15637
v 53.450443 70.806984 -104.09351
v 53.713207 71.93633 -104.29835
v 50.74143 72.29659 -104.36401
v 53.450466 21.423956 -90.56627
v 55.620018 22.199986 -88.46233
v 53.71323 20.34662 -90.16663
v 53.450447 41.893116 -74.08289
v 50.60578 41.84314 -73.73594
v 50.741432 41.678238 -72.58425
v 53.71321 41.73045 -72.9467
v 42.048 23.262243 -86.43206
v 38.94217 26.196898 -85.766106
v 38.556633 25.33284 -85.15198
v 41.801247 22.267048 -85.847694
v 38.55663 69.96303 -103.680534
v 42.048 67.8046 -112.587
v 41.801247 68.7998 -113.171364
v 50.605793 23.208712 -112.964195
v 53.450466 23.50929 -112.783035
v 53.71323 22.525137 -113.37617
v 50.741444 22.211126 -113.565414
v 50.60578 46.70372 -125.51965
v 50.741432 46.756012 -126.681915
v 55.275715 25.414204 -85.20763
v 53.450447 23.384382 -86.50239
v 53.71321 22.39465 -85.921165
v 55.62004 24.515175 -84.56854
v 38.556633 65.54223 -84.88591
v 38.556686 67.815575 -88.596794
v 50.60578 21.227196 -108.842445
v 50.741432 20.141068 -109.2595
v 53.450462 69.64289 -108.4528
v 50.60579 69.97193 -108.574844
v 50.74144 71.06397 -108.97993
v 53.71323 70.72022 -108.852425
v 47.76112 44.424976 -125.87321
v 47.769657 44.375446 -127.05127
v 55.62004 24.515175 -84.56854
v 42.048004 53.32721 -74.88673
v 41.801247 53.675476 -73.78645
v 38.556633 55.03595 -76.62057
v 42.04799 48.906013 -73.87449
v 38.942223 50.664894 -76.32085
v 38.55669 50.8942 -75.28466
v 41.80123 49.056717 -72.72898
v 38.55669 51.214306 -123.66134
v 50.60579 59.809532 -77.70097
v 53.450462 59.617317 -77.994606
v 53.713226 60.246655 -77.03321
v 50.741444 60.44746 -76.726456
v 50.60578 67.98488 -112.693924
v 53.450443 67.682465 -112.51667
v 53.713207 68.672195 -113.09789
v 50.741436 68.98812 -113.28307
v 55.62002 29.571024 -119.79971
v 53.450443 53.285824 -75.021454
v 55.620045 55.422806 -75.693565
v 53.71321 53.63224 -73.9272
v 55.275696 50.872868 -75.381065
v 53.450462 48.887596 -74.01448
v 53.713234 49.037476 -72.87523
v 55.62002 51.111458 -74.30288
v 38.55663 57.504005 -121.209946
v 53.450443 63.14307 -80.81018
v 50.60578 63.38317 -80.55479
v 50.74143 64.180786 -79.70779
v 53.713207 63.929962 -79.974594
v 47.761124 33.095974 -122.781456
v 47.76966 32.540203 -123.82136
v 38.94217 56.716087 -78.58751
v 38.55663 57.21579 -77.65261
v 47.76112 61.866913 -78.747635
v 47.76112 65.22354 -81.94333
v 47.769653 66.10339 -81.15838
v 47.769653 62.596775 -77.819885
v 47.761124 29.199926 -120.27142
v 47.769665 28.470062 -121.19917
v 55.27571 57.167767 -77.738686
v 53.450443 55.626373 -75.88966
v 53.71321 56.077377 -74.83421
v 55.620037 57.68765 -76.765854
v 38.55669 30.192753 -119.00942
v 50.605793 48.933372 -73.66653
v 50.741444 49.0853 -72.51173
v 55.62004 44.450954 -125.27439
v 42.048 63.238815 -80.70675
v 41.801243 64.02998 -79.86655
v 50.605785 35.30246 -123.451614
v 50.74144 34.84528 -124.52146
v 53.450447 44.378582 -73.84961
v 53.71321 44.326973 -72.70299
v 38.55663 36.030895 -122.39849
v 50.605785 53.391335 -74.68718
v 50.741436 53.742466 -73.57799
v 38.94217 44.22234 -75.82274
v 38.55663 44.163754 -74.76429
v 50.60578 55.764385 -75.567444
v 50.741432 56.221558 -74.4976
v 42.048004 27.828022 -118.31231
v 41.80125 27.036856 -119.15252
v 55.27571 44.170975 -74.8626
v 55.62004 44.110092 -73.76125
v 50.60578 23.081966 -86.32514
v 50.741432 22.078718 -85.73599
v 55.620014 61.49581 -79.21935
v 38.55663 44.491337 -124.27073
v 47.76112 57.97087 -76.23761
v 47.769657 58.526638 -75.19769
v 55.620037 65.0023 -116.419975
v 55.620045 66.551674 -114.45052
v 55.62004 44.110092 -73.76125
v 55.620018 39.622303 -74.378914
v 38.942165 63.235054 -83.71602
v 38.55663 64.026054 -83.01028
v 50.605785 19.584866 -97.37213
v 50.74144 18.425346 -97.27662
v 55.27571 63.953697 -83.07721
v 55.620037 64.77681 -82.34294
v 50.60579 63.61846 -118.28057
v 50.74144 64.4266 -119.11936
v 50.60578 25.92756 -116.641556
v 50.605785 27.683672 -118.46428
v 50.74144 26.886051 -119.31127
v 50.741432 25.05147 -117.407104
v 38.556633 65.734 -113.86708
v 38.55663 64.242775 -115.76262
v 47.761124 46.64186 -73.14586
v 47.76966 46.691395 -71.9678
v 50.60578 33.19364 -76.58299
v 50.605785 31.02585 -77.88949
v 50.74144 30.377583 -76.92339
v 50.741432 32.642242 -75.558525
v 47.76112 62.140236 -120.05346
v 47.76112 58.277744 -122.61482
v 47.769657 58.847225 -123.647285
v 47.769653 62.882313 -120.97147
v 47.761124 51.24114 -73.716866
v 47.76966 51.496185 -72.564316
v 50.605778 70.631 -92.58077
v 50.60578 69.839645 -90.17661
v 50.74143 70.92577 -89.75957
v 50.74143 71.75249 -92.27116
v 38.942223 66.99885 -109.67231
v 38.556686 67.95804 -110.12644
v 50.60578 46.70372 -125.51965
v 50.605785 49.2237 -125.28313
v 50.741436 49.388603 -126.43481
v 50.741432 46.756012 -126.681915
v 55.620037 70.89318 -94.83164
v 50.605785 44.36312 -73.49941
v 50.741436 44.310825 -72.33715
v 50.605785 19.91501 -94.86269
v 50.605785 19.584866 -97.37213
v 50.74144 18.425346 -97.27662
v 50.741432 18.770252 -94.65505
v 53.450443 66.31519 -114.60534
v 50.605778 66.598625 -114.8116
v 50.74143 67.539925 -115.49537
v 53.713207 67.243835 -115.2799
v 55.275692 67.868805 -110.08419
v 55.620018 68.86687 -110.55672
v 38.55663 69.905685 -95.015594
v 50.60578 55.764385 -75.567444
v 50.605785 53.391335 -74.68718
v 50.741436 53.742466 -73.57799
v 50.741432 56.221558 -74.4976
v 38.942165 63.442505 -115.067406
v 38.55663 64.242775 -115.76262
v 50.605778 66.598625 -114.8116
v 50.60578 67.98488 -112.693924
v 50.741436 68.98812 -113.28307
v 50.74143 67.539925 -115.49537
v 55.27571 64.16954 -115.69664
v 55.620037 65.0023 -116.419975
v 47.76112 65.45428 -116.81363
v 47.769657 66.344444 -117.58687
v 38.55663 57.21579 -77.65261
v 55.620037 57.68765 -76.765854
v 55.620037 64.77681 -82.34294
v 38.942165 68.91808 -103.50212
v 38.55663 69.96303 -103.680534
v 55.27571 69.86558 -103.6657
v 55.620037 70.952866 -103.85142
v 50.605793 21.09492 -90.444214
v 50.741444 20.00288 -90.03913
v 47.761124 51.581963 -125.2244
v 47.76966 51.852245 -126.37348
v 38.556633 33.56284 -77.80912
v 38.55663 35.72883 -76.74833
v 50.605797 19.581799 -101.945435
v 50.605785 20.435837 -106.438286
v 50.74144 19.31435 -106.747894
v 50.741444 18.422144 -102.054276
v 38.94217 26.380463 -113.50764
v 38.556633 25.52461 -114.13315
v 47.761124 21.65752 -88.20551
v 47.761124 24.02617 -84.22194
v 47.76966 23.06512 -83.53881
v 47.76966 20.590624 -87.70039
v 55.275715 25.605228 -114.07643
v 55.62004 24.714731 -114.72735
v 55.62004 35.329735 -75.82653
v 55.620045 33.079285 -76.92869
v 38.556633 27.040787 -116.00878
v 50.60578 23.081966 -86.32514
v 50.605793 21.09492 -90.444214
v 50.741444 20.00288 -90.03913
v 50.741432 22.078718 -85.73599
v 38.556633 21.624926 -92.98369
v 50.605785 19.91501 -94.86269
v 50.741432 18.770252 -94.65505
v 50.605793 48.933372 -73.66653
v 50.605785 44.36312 -73.49941
v 50.741436 44.310825 -72.33715
v 50.741444 49.0853 -72.51173
v 50.605793 67.85813 -86.05487
v 50.74144 68.85571 -85.45364
v 38.94217 36.14821 -77.72191
v 38.55663 35.72883 -76.74833
v 50.60578 63.38317 -80.55479
v 50.60579 59.809532 -77.70097
v 50.741444 60.44746 -76.726456
v 50.74143 64.180786 -79.70779
v 55.275715 35.766186 -76.83954
v 55.62004 35.329735 -75.82653
v 38.556633 25.52461 -114.13315
v 47.761124 20.077383 -92.56241
v 47.76966 18.93988 -92.25198
v 55.62004 20.655405 -92.720985
v 55.620037 70.952866 -103.85142
v 50.60579 69.97193 -108.574844
v 50.605778 71.15183 -104.15637
v 50.74143 72.29659 -104.36401
v 50.74144 71.06397 -108.97993
v 50.605797 19.581799 -101.945435
v 50.741444 18.422144 -102.054276
v 50.60578 21.227196 -108.842445
v 50.605793 23.208712 -112.964195
v 50.741444 22.211126 -113.565414
v 50.741432 20.141068 -109.2595
v 47.76112 69.257645 -87.89055
v 47.76966 70.31776 -87.371346
# 1491 vertices

vn -0.30573854 -0.908579 -0.2846195
vn -0.39241055 -0.8796431 -0.26877898
vn -0.97868 0.026429284 -0.20368312
vn -0.9787965 -0.19898218 -0.048616327
vn -0.30573726 -0.07528988 0.94913447
vn -0.39241192 -0.06628706 0.9173979
vn -0.9786768 -0.20447603 0.01953203
vn -0.9787966 -0.0031129927 0.20481117
vn -0.3057409 0.9420955 -0.13776343
vn -0.3924106 0.9091544 -0.13947085
vn -0.9786819 0.06451699 0.19498561
vn -0.9787944 0.20038542 -0.04251249
vn -0.29587975 0.54241055 -0.78628623
vn 0.34800828 0.45537424 -0.8194661
vn 0.34599346 0.45592284 -0.82001406
vn -0.24217181 0.5413538 -0.80516386
vn -0.3477078 -0.5917107 0.7273085
vn 0.295642 -0.67158055 0.67939353
vn 0.24213684 -0.6738263 0.69808877
vn -0.34560177 -0.5923818 0.7277659
vn 0.90719205 0.1905028 -0.37511516
vn 0.9095367 0.18827374 -0.37053502
vn 0.9044544 -0.12357044 0.40828016
vn 0.9999776 -0.00653093 -0.0015259378
vn 0.9999776 -0.00653093 -0.0015259378
vn 0.9123751 -0.11887268 0.39171547
vn 0.93697935 0.11508914 -0.32988536
vn 0.8289941 -0.21635082 -0.5157141
vn 0.9602021 0.08572914 0.26582417
vn 0.8892083 0.42485833 0.16971746
vn -0.42262483 -0.88690805 0.18650064
vn -9.147639E-05 -0.95338047 0.30177104
vn -9.147639E-05 -0.95338047 0.30177104
vn -0.3788329 -0.9032724 0.20145626
vn -0.6501464 0.75839716 0.046297327
vn -0.34788573 0.9321711 0.10016323
vn -0.34577584 0.93292314 0.100467235
vn -0.6501464 0.75839716 0.046297327
vn 0.9977273 0.042360462 -0.05240113
vn 0.8039131 0.373894 -0.46252248
vn 0.8686663 0.1861363 -0.4590994
vn 0.9974472 0.036195423 -0.061556492
vn 0.9071914 -0.40810633 -0.102240235
vn 0.99997735 0.0009156468 -0.006683606
vn 0.99997735 0.0009156468 -0.006683606
vn 0.90953124 -0.40315765 -0.10107937
vn 0.99772894 -0.060488682 -0.029634003
vn 0.80390537 -0.5341463 -0.26157975
vn 0.8686678 -0.48900893 -0.079288855
vn 0.99744755 -0.06805695 -0.021607345
vn -0.3477057 0.84074384 0.41503105
vn 0.295644 0.81179273 0.50357455
vn 0.24214183 0.8305278 0.5015884
vn -0.34559587 0.84134454 0.41557562
vn -0.30574507 -0.34395564 -0.88781446
vn -0.3924096 -0.33829996 -0.8553175
vn -0.97868294 0.17572826 -0.106297635
vn -0.97879696 -0.086032405 -0.18588965
vn 0.8289913 0.5509316 -0.096165806
vn 0.93797845 0.33583385 0.08609479
vn 0.36446342 0.9200705 -0.14365514
vn 0.25510788 0.95704395 -0.1377931
vn 0.93798697 0.009186455 -0.34654915
vn 0.36448878 -0.34477344 -0.86503136
vn 0.25510812 -0.34730586 -0.90238494
vn 0.3480086 -0.90025043 -0.26160917
vn 0.34599778 -0.90090024 -0.262039
vn 0.82899636 -0.4546463 0.32567164
vn 0.93798244 -0.33992472 0.06811924
vn 0.36446634 -0.76662433 0.5286318
vn 0.25510707 -0.8024625 0.53942055
vn 0.8289891 0.41869104 0.37077606
vn 0.937981 0.14206755 0.3162413
vn 0.36445984 0.68597937 0.629763
vn 0.25510985 0.70444393 0.66232747
vn -0.38862875 0.22474176 0.89356524
vn -0.9780812 -0.18598445 0.09363309
vn -0.9775994 0.067692086 0.1992921
vn -0.3005218 0.22596352 0.9266214
vn 0.9044498 0.42555177 0.029603064
vn 0.99997747 -3.0434461E-05 0.0067141256
vn 0.99997747 -3.0434461E-05 0.0067141256
vn 0.9123744 0.4083483 0.02871866
vn -0.3886342 0.82115513 -0.41793278
vn -0.9780794 0.13266689 0.16050048
vn -0.97759616 0.17924012 -0.11035801
vn -0.3005217 0.8531006 -0.42650452
vn 0.7482792 0.14332004 0.6477172
vn 0.64999825 0.46987393 0.59726113
vn 0.86867297 0.18003388 0.461514
vn 0.88746876 0.13202627 0.44155225
vn 0.7598055 0.14044933 0.63479894
vn -0.9775985 -0.2093634 0.021638278
vn -0.30052435 -0.9536699 0.014099958
vn -0.3886348 -0.92116916 0.020264925
vn -0.97808063 -0.04989904 -0.20215945
vn 0.8289859 -0.028809808 0.5585271
vn 0.93798125 -0.15866995 0.3082453
vn 0.36445916 -0.06466996 0.9289711
vn 0.25511205 -0.078587554 0.9637126
vn 0.82861924 0.5128401 0.2244667
vn 0.9601996 -0.23817287 -0.14591298
vn 0.8901415 -0.4299791 0.15088488
vn -9.163108E-05 0.88056326 0.47392875
vn 0.42248046 0.7516022 0.5065615
vn 0.3786803 0.77371895 0.507898
vn -9.163108E-05 0.88056326 0.47392875
vn 0.74827605 -0.4170483 0.51590085
vn 0.64991343 -0.17399178 0.739824
vn 0.8686659 -0.24857819 0.42851904
vn 0.8874766 -0.26286438 0.3785334
vn 0.7598082 -0.40871418 0.50561297
vn 0.74827725 -0.66337186 -0.004364289
vn 0.6499171 -0.68690693 0.32521796
vn 0.86866695 -0.4900156 0.07281872
vn 0.88746744 -0.459863 0.030458149
vn 0.75981385 -0.65012664 -0.004272732
vn 0.7482694 -0.41017777 -0.5213897
vn 0.64991677 -0.68254215 -0.3342821
vn 0.86867285 -0.36244795 -0.33769682
vn 0.88746274 -0.3105615 -0.3405313
vn 0.75981086 -0.4019709 -0.5109862
vn 0.74827725 0.15189564 -0.64576226
vn 0.6499172 -0.16419595 -0.74205613
vn 0.8686725 0.038027197 -0.49392527
vn 0.88747287 0.07260566 -0.45510492
vn 0.7598091 0.14884281 -0.63287926
vn 0.7482772 0.5995863 -0.28386194
vn 0.64991534 0.47778475 -0.59104306
vn 0.86866474 0.40990195 -0.278212
vn 0.88746923 0.4010841 -0.22700219
vn 0.75981206 0.58762145 -0.27818474
vn 0.74828094 0.59577435 0.29176795
vn 0.6499937 0.7599233 0.0050051166
vn 0.8686722 0.4730805 0.1469812
vn 0.8874726 0.42754593 0.17203768
vn 0.7598079 0.58389485 0.2859351
vn 0.88746345 0.06656213 0.4560462
vn 0.86866003 0.0314956 0.4944065
vn 0.8874726 -0.4594079 -0.0365622
vn 0.8874711 0.13788633 -0.4397528
vn 0.8874646 0.39806062 0.2322808
vn 0.8686771 0.40615386 0.28361788
vn 0.88747245 -0.31502077 0.3363844
vn 0.8686657 -0.36690077 0.332872
vn 0.8874693 -0.25785705 -0.38197896
vn 0.8686753 -0.24287374 -0.43175873
vn 0.8874613 0.42979887 -0.16638948
vn 0.868666 0.47499982 -0.14069319
vn 0.8039563 0.36769032 0.46739516
vn 0.8039645 0.5946646 0.003906444
vn 0.80390275 -0.12848519 -0.5807168
vn 0.8039017 -0.537562 0.25449815
vn 0.80390966 -0.13617717 0.57895166
vn 0.90013945 0.09409141 0.42531848
vn 0.9001458 0.39120066 0.19157168
vn 0.9001443 0.3937026 -0.18638305
vn 0.90013695 0.09973722 -0.4240355
vn 0.90013653 -0.26933283 -0.34236562
vn 0.9001352 -0.43560135 -0.0028688107
vn 0.90014374 -0.27382132 0.33876705
vn -0.97791815 -0.19718291 0.06924746
vn -0.3037847 -0.9169088 0.2588305
vn -0.39135206 -0.883846 0.25624207
vn -0.97684866 -0.10321497 -0.18738599
vn 0.29545927 0.935606 0.19324952
vn 0.24195468 0.9524985 0.18494524
vn -0.29564202 -0.5129101 -0.80592746
vn 0.34770802 -0.5773972 -0.738723
vn 0.34559867 -0.57769656 -0.73947847
vn -0.2421408 -0.53064066 -0.81227356
vn -0.977918 0.111394 0.17682667
vn -0.30378804 0.4563839 0.83631736
vn -0.39134696 0.44649497 0.8046676
vn -0.976844 -0.1597352 0.14233944
vn 0.34789 -0.79640216 -0.49468797
vn 0.9044627 -0.3705317 -0.21131392
vn 0.91238225 -0.35543066 -0.20304662
vn 0.34578094 -0.7969441 -0.49529374
vn -0.42248058 0.75160205 0.5065615
vn 9.148262E-05 0.88056326 0.47392875
vn 9.148262E-05 0.88056326 0.47392875
vn -0.3786804 0.77371883 0.507898
vn 0.9974454 0.06808749 0.021607298
vn 0.99772894 0.060488854 0.029634003
vn -0.39134786 -0.7514137 -0.531248
vn -0.9768445 0.08215642 -0.19754794
vn -0.9779222 -0.17707168 -0.11096729
vn -0.30378628 -0.77405393 -0.5554767
vn 0.99744743 0.05932872 -0.039735537
vn 0.99772894 0.0608856 -0.028809989
vn -0.30574673 -0.7890269 0.5328747
vn -0.3924186 -0.75859064 0.5201424
vn -0.97868097 -0.1427371 -0.14768109
vn -0.9787958 -0.16208492 0.12524875
vn 0.99744695 0.0058902185 -0.07116991
vn 0.997728 0.015412192 -0.06558539
vn -0.39135283 -0.35070077 0.8507949
vn -0.97684294 -0.21088439 -0.036134157
vn -0.97792166 -0.068759486 0.19733611
vn -0.30378747 -0.36931214 0.8782493
vn 0.9974481 -0.051943026 -0.04898278
vn 0.9977279 -0.04165838 -0.052950505
vn -0.3057384 0.69509846 0.6506629
vn -0.39241895 0.6759138 0.6238172
vn -0.9786783 -0.11221787 0.17203473
vn -0.9787939 0.15817805 0.13016203
vn 0.997446 -0.070711985 0.010071204
vn 0.99772894 -0.06735548 -0.0004272668
vn -0.3913421 0.9075057 0.15259378
vn -0.9768445 0.011688603 0.21363133
vn -0.9779166 0.20771143 0.023133313
vn -0.30378976 0.93840915 0.16462141
vn 0.9974472 -0.036195252 0.061556492
vn 0.9977273 -0.04236029 0.05240113
vn -0.3886345 -0.590185 -0.7075627
vn -0.9780788 0.1269292 -0.16507825
vn -0.97759753 -0.14746985 -0.150186
vn -0.3005231 -0.6056547 -0.73679596
vn 0.99772894 0.06735564 0.0004272668
vn 0.9974472 0.070559636 0.010986782
vn 0.997446 0.0683622 -0.020691747
vn 0.997446 0.07071215 -0.010071204
vn -0.3480112 0.6975788 0.6263163
vn 0.2958834 0.6458774 0.70377225
vn 0.24216819 0.6645206 0.706942
vn -0.3459632 0.69799954 0.6269819
vn 0.9340936 -0.05319446 0.35304326
vn 0.35945266 0.23002169 0.90436935
vn 0.2498902 0.22733663 0.94120836
vn 0.8286174 0.14423218 0.5409162
vn 0.9044547 -0.06579843 -0.42146444
vn 0.99997747 0.0065616164 -0.0014343814
vn 0.99997747 0.0065616164 -0.0014343814
vn 0.9123752 -0.06283921 -0.4045031
vn 0.9974465 -0.03537122 -0.06204475
vn 0.8286137 0.49525785 -0.2609961
vn 0.96019834 -0.262588 0.09522022
vn 0.8901425 -0.15009148 0.43025437
vn 0.9340924 0.3560338 -0.026673533
vn 0.3594517 0.8305112 -0.4254947
vn 0.24989085 0.86701894 -0.43108317
vn -0.6501433 -0.12357093 -0.74969584
vn -0.34789065 -0.109778315 -0.9310859
vn -0.34577772 -0.10962347 -0.9318908
vn -0.6501433 -0.12357093 -0.74969584
vn -0.3477094 0.21754341 -0.91201603
vn 0.29564294 0.31029236 -0.903501
vn 0.2421419 0.30418816 -0.92132354
vn -0.345595 0.21793477 -0.912726
vn 0.9369793 -0.18613838 -0.29567295
vn 0.365896 -0.7613345 -0.5352475
vn 0.25435197 -0.7844807 -0.56559277
vn 0.82729393 -0.46578953 -0.31404632
vn -0.6500358 0.69615066 0.3046766
vn -0.6500358 0.69615066 0.3046766
vn 0.93698865 -0.24680558 0.24726343
vn 0.36589828 -0.3524086 0.8613517
vn 0.25434625 -0.3768499 0.8906696
vn 0.82729447 -0.20252791 0.52399075
vn 0.9974473 0.05258405 -0.048311327
vn 0.34800735 -0.054720413 0.93589354
vn 0.9071936 -0.008850593 0.42062044
vn 0.90952855 -0.008850447 0.4155473
vn 0.34599245 -0.054994978 0.9366242
vn 0.93698496 0.29598004 0.18562074
vn 0.36589697 0.9181761 0.15189503
vn 0.25434646 0.9521974 0.16919814
vn 0.8272833 0.55593747 0.080845304
vn 0.99744624 -0.058809657 -0.040528975
vn 0.9974472 -0.025544181 -0.06668366
vn 0.9977287 -0.014557502 -0.06576855
vn 0.9341007 0.20112151 -0.29496792
vn 0.35944992 0.18512683 -0.9146167
vn 0.24991895 0.20353031 -0.9466341
vn 0.82862484 0.1047112 -0.5499242
vn 0.9044546 -0.39625573 0.15793467
vn 0.99997747 -0.0028686784 -0.006073232
vn 0.99997747 -0.0028686784 -0.006073232
vn 0.9123794 -0.38036397 0.15128498
vn 0.9974473 -0.052583877 0.048311327
vn -0.29564187 -0.67158055 0.67939353
vn 0.34770793 -0.5917107 0.7273085
vn 0.3456019 -0.5923818 0.7277659
vn -0.24213672 -0.6738263 0.69808877
vn 0.9341025 -0.10523027 -0.3411441
vn 0.35945374 -0.59963876 -0.7150009
vn 0.24989663 -0.61320496 -0.749354
vn 0.8286213 -0.3646409 -0.4247634
vn -0.29588008 -0.8872742 -0.35383543
vn -0.24217105 -0.90544844 -0.34859213
vn 0.9977287 0.01455767 0.06576855
vn 0.9974454 0.004974646 0.07126136
vn 0.34788582 -0.30506763 0.8865152
vn 0.3457751 -0.30555162 0.887174
vn 0.9974465 0.035371393 0.06204475
vn 0.9974472 0.02554435 0.06668366
vn 0.99744624 0.058809828 0.040528975
vn 0.9974481 0.051943198 0.04898278
vn 0.9974465 0.026429377 -0.066347905
vn 0.9974472 -0.07055947 -0.010986782
vn 0.9974465 -0.02642921 0.066347905
vn 0.99744695 -0.00589005 0.07116991
vn 0.8289989 0.26829627 -0.4906912
vn 0.9379842 0.27668926 -0.208875
vn 0.3644616 0.46132997 -0.8089144
vn 0.2551087 0.48894575 -0.83417726
vn 0.997728 -0.015412024 0.06558539
vn -0.34800833 0.45537418 -0.8194661
vn 0.29587963 0.54241055 -0.78628623
vn 0.24217172 0.5413538 -0.80516386
vn -0.34599352 0.45592278 -0.82001406
vn 0.25434986 -0.046908513 -0.9659741
vn 0.82728076 -0.04486298 -0.55999464
vn 0.3658993 -0.05621704 -0.9289551
vn -0.9779171 -0.02365223 -0.20765059
vn -0.30378416 -0.048311293 -0.95151526
vn -0.39134288 -0.053163823 -0.9187081
vn -0.9768462 0.2056662 -0.05893183
vn 0.9977279 0.04165855 0.052950505
vn 0.9044569 0.2421367 0.35118052
vn 0.99997747 -0.00527966 0.0041505503
vn 0.99997747 -0.00527966 0.0041505503
vn 0.91237456 0.23212989 0.33717725
vn 0.25434542 0.7259864 -0.6389462
vn 0.8272809 0.4098409 -0.3842353
vn 0.93698263 0.32967296 -0.11566933
vn 0.365898 0.6912358 -0.6231468
vn -0.9779194 0.14758965 -0.14795597
vn -0.3037894 0.71378595 -0.6310481
vn -0.39135212 0.6851331 -0.61435837
vn -0.9768461 0.17432337 0.12402845
vn 0.24989228 0.8776141 0.40908122
vn 0.93409896 0.24284077 0.26170152
vn 0.35946015 0.85049057 0.38399798
vn 0.9063405 -0.27247888 -0.32295838
vn 0.9102361 -0.2668906 -0.31660652
vn 0.34788555 0.9321711 0.10016323
vn 0.34577566 0.93292314 0.100467235
vn 0.24989332 -0.5941222 0.7645733
vn 0.8286184 -0.33296105 0.45003158
vn 0.93409735 -0.3091887 0.17850609
vn 0.35945374 -0.5636263 0.7437194
vn 0.422907 0.9057238 -0.028535623
vn 0.3788609 0.92456853 -0.040467992
vn 0.99997735 0.0046999715 -0.004821962
vn 0.99997735 0.0046999715 -0.004821962
vn -0.6505092 -0.738312 -0.17813852
vn -0.34800842 -0.90025043 -0.26160917
vn -0.34597072 -0.9009097 -0.26204175
vn -0.6505092 -0.738312 -0.17813852
vn 0.99772894 -0.06088543 0.028809989
vn 0.997446 -0.068362035 0.020691747
vn 0.99744743 -0.05932855 0.039735537
vn -0.29588324 0.9529299 -0.066165514
vn -0.24216987 0.9670312 -0.07877004
vn -0.80370474 0.5757228 0.15033984
vn 0.2543465 0.4613884 0.8499581
vn 0.82727987 0.28339994 0.48506975
vn 0.9369783 0.039400715 0.34715897
vn 0.3658952 0.45369914 0.81257486
vn 0.99744755 -0.0049744877 -0.07123099
vn -0.3477079 -0.5773972 -0.738723
vn 0.29564208 -0.5129101 -0.80592746
vn 0.24214089 -0.53064066 -0.81227356
vn -0.34559855 -0.57769656 -0.73947847
vn 0.25434676 -0.9313227 0.26066417
vn 0.82729304 -0.5359534 0.16834573
vn 0.93698084 -0.3472209 -0.038790353
vn 0.36589882 -0.89315414 0.2615219
vn 0.24989273 -0.9681967 0.01220775
vn 0.8286209 -0.55944335 0.020264605
vn 0.9340963 -0.33235225 -0.13040785
vn 0.35945463 -0.9328788 0.023011439
vn 0.82898605 -0.53810996 -0.15238108
vn 0.9379811 -0.26521292 -0.22327943
vn 0.3644629 -0.8912888 -0.2697611
vn 0.25510713 -0.922066 -0.29105824
vn -0.97759557 0.19803993 0.0713237
vn -0.30051878 0.8653608 0.40104768
vn -0.38863838 0.83874327 0.38140514
vn -0.97807705 -0.04275738 0.20380673
vn -0.97759825 -0.113593385 0.17719579
vn -0.3005257 -0.58356386 0.7544121
vn -0.38863268 -0.5585032 0.7328294
vn -0.9780783 -0.1891884 -0.087010145
vn -0.73450285 -0.6767303 0.050417535
vn -0.73450285 -0.6767303 0.050417535
vn 0.9602005 0.19526301 -0.19971877
vn 0.8901402 -0.051424004 -0.45277607
vn -9.150708E-05 -0.5877325 -0.8090553
vn 0.42247915 -0.45736265 -0.7825157
vn 0.37867624 -0.4767328 -0.79330343
vn -9.150708E-05 -0.5877325 -0.8090553
vn -0.38863492 0.18522261 -0.9025827
vn -0.978079 0.20820181 -0.0036623029
vn -0.977598 0.025453113 -0.20893595
vn -0.3005206 0.19843449 -0.9329047
vn -0.2958835 0.6458774 0.70377225
vn 0.34801108 0.6975788 0.6263163
vn 0.3459899 0.69799215 0.62697524
vn -0.2421683 0.6645206 0.706942
vn 0.7893113 -0.6139799 -0.0040590186
vn 0.7876382 -0.6088264 0.094639875
vn 0.99376315 -0.110295966 0.016419278
vn 0.99387157 -0.11053861 -0.0007019298
vn 0.787626 -0.60753524 -0.10269535
vn 0.9937616 -0.110082164 -0.017884169
vn 0.78931725 0.13263637 0.599488
vn 0.78763163 0.22776257 0.5725039
vn 0.99376184 0.04055992 0.1038869
vn 0.9938737 0.023865748 0.10791431
vn 0.7876368 0.03503599 0.6151429
vn 0.9937617 0.007019468 0.111303024
vn 0.7893168 0.5549298 -0.2627394
vn 0.7876329 0.5074691 -0.34944195
vn 0.99376184 0.09225922 -0.06265564
vn 0.9938706 0.09991817 -0.047303922
vn 0.7876368 0.591918 -0.17105955
vn 0.9937628 0.10693899 -0.031617783
vn 0.78931725 -0.13263625 -0.599488
vn 0.78762007 -0.22776793 -0.57251775
vn 0.99376184 -0.040559758 -0.1038869
vn 0.9938737 -0.02386558 -0.10791431
vn 0.7876368 -0.035035856 -0.6151429
vn 0.9937617 -0.0070193005 -0.111303024
vn 0.7893092 -0.5514146 -0.27006137
vn 0.7876253 -0.58962023 -0.17886978
vn 0.99376196 -0.106511466 -0.033052154
vn 0.99387145 -0.0992772 -0.048616264
vn 0.78763354 -0.5027999 -0.35612583
vn 0.993763 -0.091404624 -0.06387649
vn 0.7893169 -0.5549297 0.2627394
vn 0.787633 -0.507469 0.34944195
vn 0.99376184 -0.09225906 0.06265564
vn 0.9938706 -0.09991801 0.047303922
vn 0.78763694 -0.5919179 0.17105955
vn 0.9937628 -0.106938824 0.031617783
vn 0.7893124 -0.14057037 0.5976837
vn 0.78763705 -0.04318447 0.6146243
vn 0.9937603 -0.008514723 0.11121131
vn 0.99387133 -0.025299901 0.10760887
vn 0.78762937 -0.23529994 0.56945044
vn 0.9937621 -0.041933127 0.10333758
vn 0.7893125 0.37962574 0.4825662
vn 0.7876352 0.4536045 0.4169816
vn 0.99376076 0.08163849 0.07599239
vn 0.99387205 0.06833146 0.08688675
vn 0.7876323 0.29847512 0.5390252
vn 0.99376124 0.05462918 0.09723368
vn 0.7893112 0.61398 0.0040590186
vn 0.78763807 0.6088265 -0.094639875
vn 0.99376315 0.11029613 -0.016419278
vn 0.99387157 0.11053877 0.0007019298
vn 0.7876259 0.60753536 0.10269535
vn 0.9937616 0.11008233 0.017884169
vn 0.789314 0.3859744 -0.47750098
vn 0.78763175 0.3055858 -0.5350268
vn 0.99376136 0.055910986 -0.09650124
vn 0.9938712 0.06949111 -0.08597111
vn 0.7876309 0.45909542 -0.4109366
vn 0.9937634 0.082615316 -0.07489391
vn 0.9938712 -0.06949095 0.08597111
vn 0.9937634 -0.08261515 0.07489391
vn 0.78763103 -0.4590953 0.4109366
vn 0.7893141 -0.3859743 0.47750098
vn 0.99376136 -0.055910822 0.09650124
vn 0.78763175 -0.30558568 0.5350268
vn 0.99387145 0.09927736 0.048616264
vn 0.993763 0.09140479 0.06387649
vn 0.7876334 0.50280005 0.35612583
vn 0.7893156 0.55141926 0.27003303
vn 0.99376196 0.10651163 0.033052154
vn 0.7876252 0.58962035 0.17886978
vn 0.9937603 0.00851489 -0.11121131
vn 0.99387133 0.025300069 -0.10760887
vn 0.7893124 0.14057049 -0.5976837
vn 0.7876222 0.04318379 -0.6146432
vn 0.9937621 0.04193329 -0.10333758
vn 0.78762937 0.23530006 -0.56945044
vn 0.99376076 -0.08163833 -0.07599239
vn 0.99387205 -0.068331294 -0.08688675
vn 0.7893126 -0.37962562 -0.4825662
vn 0.7876353 -0.45360437 -0.4169816
vn 0.99376124 -0.054629017 -0.09723368
vn 0.7876323 -0.298475 -0.5390252
vn -0.30574062 0.47966903 -0.8224599
vn -0.3924159 0.457788 -0.7977719
vn -0.97867864 0.19269596 0.07110893
vn -0.9787965 0.09167817 -0.18317337
vn -0.10492461 0.49105182 -0.86478835
vn -0.10489452 0.50002646 -0.8596341
vn 0.033113312 0.49599835 -0.8676919
vn 0.07754835 0.41099727 -0.90833235
vn 0.13062418 0.46588287 -0.87515175
vn 0.13410158 0.5399467 -0.8309478
vn 0.12997898 -0.0994603 -0.98651564
vn 0.13410282 -0.3129777 -0.9402455
vn 0.033113644 -0.36910233 -0.92879874
vn 0.08398878 -0.18546501 -0.979055
vn 0.2954574 -0.9268099 0.23179406
vn 0.5243848 -0.8371173 0.15574063
vn 0.5243848 -0.8371173 0.15574063
vn 0.24195305 -0.93842226 0.24662234
vn 0.13049982 -0.002716192 -0.99144465
vn 0.03238102 -0.059421152 -0.9977077
vn -0.10272636 -0.051851492 -0.9933573
vn -0.10147452 -0.06216651 -0.9928939
vn 0.34788424 0.6595122 -0.66634846
vn 0.90445375 0.28849384 -0.31422108
vn 0.91237605 0.2770548 -0.30134812
vn 0.3457794 0.660216 -0.666747
vn 0.42247686 0.86466926 -0.27177322
vn 0.89014065 0.45286798 0.050600104
vn 0.3786794 0.87949586 -0.28825173
vn -0.107916616 -0.64032793 -0.76048285
vn -0.10660512 -0.63251996 -0.7671727
vn 0.031404547 -0.63437694 -0.7723858
vn 0.08096831 -0.70912075 -0.7004227
vn 0.13407017 -0.65860075 -0.74045277
vn 0.12998064 -0.56936324 -0.81174546
vn 0.12998183 0.7092696 -0.69285023
vn 0.08398855 0.649813 -0.75543964
vn -0.2954527 -0.7590948 -0.58007133
vn -0.24195577 -0.7779331 -0.57989436
vn 0.13050069 0.773452 -0.6202754
vn 0.03238072 0.7429879 -0.6685212
vn -0.10272828 0.7443065 -0.65988994
vn -0.10147515 0.7375179 -0.6676603
vn -0.29564047 0.89986134 -0.3206967
vn 0.347706 0.84867984 -0.39855114
vn 0.3455938 0.84948826 -0.3986659
vn -0.24213794 0.9099855 -0.33659422
vn 0.9602029 -0.034395337 -0.27717763
vn 0.8901431 -0.38606325 -0.24207544
vn -0.107915945 0.19532295 -0.9747836
vn -0.10660245 0.20542255 -0.97285026
vn 0.03140409 0.20832308 -0.9775558
vn 0.080968186 0.105475344 -0.9911202
vn 0.13407084 0.16825238 -0.9765839
vn 0.12997878 0.27964213 -0.95126545
vn 0.12998106 0.8651879 0.4843087
vn 0.13407099 0.9146618 0.381338
vn 0.0809673 0.9427985 0.32338122
vn 0.031403784 0.90668356 0.4206409
vn -0.10660321 0.9027543 0.416738
vn -0.107916005 0.90687835 0.4073399
vn 0.13062216 0.7495518 0.6489299
vn 0.077548824 0.7941055 0.6028122
vn -0.8054875 0.5925565 -0.008179087
vn -0.101476654 0.9818354 0.16031772
vn -0.1027272 0.97999716 0.17044888
vn 0.032380603 0.98591715 0.16407028
vn 0.08398862 0.99577886 0.037019726
vn 0.12998211 0.98391557 0.12253547
vn 0.130498 0.9671995 0.21793424
vn -0.65052146 0.5878955 0.48083344
vn -0.65052146 0.5878955 0.48083344
vn -0.65051633 -0.59961045 0.46615
vn -0.34801012 -0.7658483 0.5407083
vn -0.34596527 -0.7665805 0.54098284
vn -0.65051633 -0.59961045 0.46615
vn 0.12998232 -0.66468275 0.735732
vn 0.13407098 -0.5753178 0.8068671
vn 0.08096726 -0.5250509 0.8472107
vn 0.031404193 -0.6118467 0.7903528
vn -0.10660488 -0.6071873 0.7873749
vn -0.10791503 -0.5989348 0.7934933
vn 0.13062412 -0.7994618 0.58634317
vn 0.077549145 -0.7644123 0.64004695
vn -0.734838 -0.6377264 0.23090726
vn -0.42290965 -0.8036414 0.418698
vn -0.3788668 -0.8154458 0.43761653
vn -0.734838 -0.6377264 0.23090726
vn -0.10147514 -0.37477145 0.9215471
vn -0.10272667 -0.38426375 0.9174904
vn 0.032380793 -0.3793218 0.92469805
vn 0.0839888 -0.25767344 0.9625749
vn 0.12997982 -0.338393 0.93198466
vn 0.13049796 -0.4277195 0.8944419
vn -0.3477083 -0.93755835 -0.009125324
vn 0.29563525 -0.94989616 -0.10147486
vn 0.2421417 -0.9659113 -0.091558464
vn -0.3455968 -0.9383364 -0.009369326
vn 0.29588413 -0.82984877 0.4730788
vn 0.5248958 -0.76382864 0.37556642
vn 0.5248958 -0.76382864 0.37556642
vn 0.24217297 -0.83709115 0.49054125
vn -0.101474896 -0.8150347 -0.57045716
vn -0.10272783 -0.80897456 -0.5787981
vn 0.032381073 -0.81709397 -0.57559454
vn 0.083987236 -0.8811022 -0.4654085
vn 0.12998189 -0.83329976 -0.5373233
vn 0.13050036 -0.77683693 -0.616031
vn -0.65014327 -0.70339876 0.28730455
vn -0.34788933 -0.88331985 0.3141961
vn -0.34577754 -0.88412875 0.31425175
vn -0.65014327 -0.70339876 0.28730455
vn 0.42290586 0.5870388 0.690316
vn 0.88920075 0.13217774 0.43800828
vn 0.37887 0.6081027 0.6976165
vn 0.34800974 0.92460805 -0.15488467
vn 0.345998 0.9253778 -0.15479423
vn -0.80370295 0.24140991 0.5438591
vn -0.10791692 0.88390493 -0.4550453
vn -0.106603645 0.8886886 -0.44594657
vn 0.031403944 0.89417523 -0.44661456
vn 0.080967374 0.84065145 -0.53549
vn 0.13407281 0.86843705 -0.47732753
vn 0.12998174 0.9180824 -0.37447214
vn 0.12998271 0.5176421 0.8456662
vn 0.13410306 0.68995655 0.7113202
vn 0.03311387 0.7355567 0.6766535
vn 0.08398822 0.59191585 0.80161184
vn -0.42290598 0.5870387 0.690316
vn -6.070313E-08 0.7201384 0.69383055
vn -6.070313E-08 0.7201384 0.69383055
vn -0.37887013 0.60810256 0.6976165
vn 0.13050129 0.4326137 0.89208454
vn 0.032380458 0.48643997 0.8731138
vn -0.10272804 0.47771874 0.87248605
vn -0.101475745 0.4868087 0.86759436
vn -0.34788987 -0.79640216 -0.49468797
vn 0.29545283 -0.7590948 -0.58007133
vn 0.24195589 -0.7779331 -0.57989436
vn -0.34578082 -0.7969441 -0.49529374
vn -0.7345048 -0.46135837 -0.49764562
vn -0.42262983 -0.69879824 -0.57711804
vn -0.3788368 -0.72068435 -0.5806004
vn -0.7345048 -0.46135837 -0.49764562
vn -0.10791618 0.24693143 0.9630051
vn -0.106604904 0.23701501 0.96563935
vn 0.0314039 0.2364297 0.97114104
vn 0.080967434 0.33497882 0.9387403
vn 0.13407214 0.27211186 0.9528798
vn 0.12998256 0.16077676 0.9783943
vn 0.1299807 -0.93965095 0.3164825
vn 0.13410012 -0.8470215 0.5143655
vn 0.033113386 -0.82337713 0.56652766
vn 0.08398893 -0.9132262 0.3987029
vn 0.34770557 0.84074384 0.41503105
vn 0.9063395 0.38561484 0.17277128
vn 0.91023856 0.37782925 0.16944325
vn 0.34559575 0.84134454 0.41557562
vn 0.13049927 -0.9659871 0.22324641
vn 0.032381106 -0.9594672 0.279954
vn -0.10272909 -0.9569134 0.27159443
vn -0.10147491 -0.9541701 0.28153586
vn 0.12998077 -0.98964167 -0.060946565
vn 0.13406898 -0.9895401 0.053255223
vn 0.08096782 -0.9897413 0.11771299
vn 0.031404052 -0.999403 0.014404929
vn -0.10660419 -0.9941695 0.016205803
vn -0.107913725 -0.9938081 0.026459636
vn 0.13062419 -0.95688266 -0.25944757
vn 0.07754976 -0.97701603 -0.19855893
vn 0.5243905 -0.6436922 -0.5573823
vn 0.5243905 -0.6436922 -0.5573823
vn -0.10492471 -0.06720309 0.9922069
vn -0.104895614 -0.07751961 0.9914574
vn 0.033113267 -0.070407644 0.99696857
vn 0.07754993 0.02380518 0.9967042
vn 0.13062243 -0.04001074 0.9906246
vn 0.13410124 -0.12595259 0.98293084
vn -0.10492355 -0.9523696 -0.28632733
vn -0.104892604 -0.94934434 -0.29621422
vn 0.033113044 -0.9563085 -0.2904785
vn 0.13410227 -0.9302614 -0.34151193
vn -0.10492496 0.73383343 0.67117757
vn -0.10489448 0.7268142 0.6787771
vn -0.1049234 -0.81765836 0.5660618
vn -0.10489504 -0.82350445 0.55752796
vn -0.10492539 -0.36992463 -0.9231178
vn -0.10489323 -0.36030543 -0.92691827
vn 0.07754823 -0.45390564 -0.88766885
vn 0.13062215 -0.39372802 -0.909899
vn -0.104925185 0.9822918 -0.15522079
vn -0.10489549 0.983856 -0.14499798
vn 0.03311265 0.9876445 -0.1531731
vn 0.07754873 0.96641505 -0.24500662
vn 0.13062248 0.9746945 -0.18140666
vn 0.1341006 0.9863145 -0.09592136
vn 0.89014876 0.24277902 0.38560805
vn 0.99997735 -0.0067140404 0.0005798562
vn 0.99997735 -0.0067140404 0.0005798562
vn -0.99415004 -0.02407942 -0.10528987
vn -0.99415004 -0.02407942 -0.10528987
vn -0.99415004 -0.02407942 -0.10528987
vn -0.99415004 -0.02407942 -0.10528987
vn -0.2956441 0.81179273 0.50357455
vn -0.24214198 0.8305278 0.5015884
vn -0.80550003 0.37584704 0.45815805
vn -0.73444426 -0.652775 -0.18567875
vn -0.42247778 -0.89696056 -0.13028663
vn -0.37868097 -0.91746545 -0.12189331
vn -0.73444426 -0.652775 -0.18567875
vn 0.29545435 -0.019745763 -0.9551528
vn 0.24195479 -0.031617686 -0.96977234
vn -0.9941511 -0.050386682 -0.09552396
vn -0.9941511 -0.050386682 -0.09552396
vn -0.9941511 -0.050386682 -0.09552396
vn -0.9941511 -0.050386682 -0.09552396
vn 0.52453464 -0.8394628 -0.14200613
vn 0.52453464 -0.8394628 -0.14200613
vn -0.7348417 -0.5781561 -0.3546028
vn -0.42290872 -0.82842153 -0.3672412
vn -0.37886617 -0.8505721 -0.36467475
vn -0.7348417 -0.5781561 -0.3546028
vn -0.4224793 0.32661796 -0.84547734
vn 9.1534945E-05 0.26609623 -0.9639466
vn 9.1534945E-05 0.26609623 -0.9639466
vn -0.37867755 0.32298064 -0.8673448
vn -0.99415267 0.06726354 -0.08447627
vn -0.99415267 0.06726354 -0.08447627
vn -0.99415267 0.06726354 -0.08447627
vn -0.99415267 0.06726354 -0.08447627
vn 0.9602045 0.27788013 0.028108457
vn 0.89015025 0.32191545 -0.3224952
vn 0.42263427 0.87999994 0.21674964
vn 0.89302135 0.35322896 0.27882314
vn 0.37883425 0.9012309 0.21039909
vn 0.29588026 -0.8872742 -0.35383543
vn 0.52489495 -0.7698701 -0.36302254
vn 0.52489495 -0.7698701 -0.36302254
vn 0.2421712 -0.90544844 -0.34859213
vn -0.99415183 0.043275658 -0.09894214
vn -0.99415183 0.043275658 -0.09894214
vn -0.99415183 0.043275658 -0.09894214
vn -0.99415183 0.043275658 -0.09894214
vn -0.29545945 0.935606 0.19324952
vn -0.24195483 0.9524985 0.18494524
vn -0.8103788 0.5021033 0.30195788
vn 0.9602022 -0.15436718 0.23277166
vn -0.6500316 0.14209804 -0.7465033
vn -0.6500316 0.14209804 -0.7465033
vn 0.34770933 0.21754347 -0.91201603
vn 0.9063397 0.08261655 -0.41439474
vn 0.91024125 0.08109013 -0.4060607
vn 0.34559494 0.21793483 -0.912726
vn -0.7348493 0.47436497 -0.48474166
vn -0.4229033 0.5423855 -0.7259275
vn -0.37886965 0.5448043 -0.74809504
vn -0.7348493 0.47436497 -0.48474166
vn 0.99997747 0.0066836914 0.00067141256
vn 0.99997747 0.0066836914 0.00067141256
vn 0.5248917 0.5252275 -0.6697947
vn 0.5248917 0.5252275 -0.6697947
vn -0.29588 -0.14752801 0.94376403
vn -0.24216953 -0.13837388 0.96031594
vn -0.9941493 0.08685637 0.06421152
vn -0.9941493 0.08685637 0.06421152
vn -0.9941493 0.08685637 0.06421152
vn -0.9941493 0.08685637 0.06421152
vn 0.42262685 -0.40715367 0.80969906
vn 0.89301455 -0.35044885 0.28233066
vn 0.37883103 -0.40565705 0.83182293
vn -9.157981E-05 0.26609623 -0.9639466
vn 0.42247924 0.32661802 -0.84547734
vn 0.3786775 0.3229807 -0.8673448
vn -9.157981E-05 0.26609623 -0.9639466
vn -0.2954618 -0.39660433 0.86914176
vn -0.2419547 -0.3922609 0.8874623
vn -0.8103861 -0.40609348 0.4223298
vn 0.9063395 -0.25422788 0.3375159
vn 0.9102444 -0.24925275 0.3306484
vn -0.9941503 0.108005986 -6.103762E-05
vn -0.9941503 0.108005986 -6.103762E-05
vn -0.9941503 0.108005986 -6.103762E-05
vn -0.9941503 0.108005986 -6.103762E-05
vn -0.7344429 0.32627997 -0.5950926
vn -0.7344429 0.32627997 -0.5950926
vn 0.99997747 -0.005737441 -0.0035096565
vn 0.99997747 -0.005737441 -0.0035096565
vn -0.29545435 -0.019745812 -0.9551528
vn 0.3478918 -0.1097481 -0.931089
vn 0.34577772 -0.10962341 -0.9318908
vn -0.24195479 -0.031617723 -0.96977234
vn 0.5245343 0.32524362 -0.78681666
vn 0.5245343 0.32524362 -0.78681666
vn 0.9603646 0.21677488 0.17523877
vn 0.89301234 0.43825096 -0.10229923
vn -0.9941517 -0.0819127 0.07037648
vn -0.9941517 -0.0819127 0.07037648
vn -0.9941517 -0.0819127 0.07037648
vn -0.9941517 -0.0819127 0.07037648
vn -0.65051395 -0.00936941 0.75943655
vn -0.34800735 -0.054720473 0.93589354
vn -0.34599304 -0.054964613 0.93662584
vn -0.65051395 -0.00936941 0.75943655
vn 0.42290965 -0.17368683 0.88937074
vn 0.88920563 -0.25999245 0.37645358
vn 0.37886727 -0.1662694 0.9103923
vn -9.150161E-05 -0.6579902 0.7530265
vn 0.4224807 -0.661112 0.6200329
vn 0.3786825 -0.6673331 0.64130026
vn -9.150161E-05 -0.6579902 0.7530265
vn -0.80370426 -0.27467686 0.5278372
vn -0.9941498 -0.023957338 0.105320364
vn -0.9941498 -0.023957338 0.105320364
vn -0.9941498 -0.023957338 0.105320364
vn -0.9941498 -0.023957338 0.105320364
vn -0.7348454 0.36702585 0.57034594
vn -0.7348454 0.36702585 0.57034594
vn 0.52489495 0.53612596 0.6611009
vn 0.52489495 0.53612596 0.6611009
vn 0.5084809 -0.6449933 -0.57046545
vn 0.5084809 -0.6449933 -0.57046545
vn 0.36445996 -0.68597925 -0.629763
vn 0.25510997 -0.70444393 -0.66232747
vn 0.508484 -0.412653 0.75575227
vn 0.508484 -0.412653 0.75575227
vn 0.36446166 -0.4613299 0.8089144
vn 0.25510877 -0.4889457 0.83417726
vn 0.50848454 0.8286338 0.23411474
vn 0.50848454 0.8286338 0.23411474
vn 0.36446273 0.89128894 0.2697611
vn 0.25510696 0.922066 0.29105824
vn 0.5084743 0.043855608 -0.85995966
vn 0.5084743 0.043855608 -0.85995966
vn 0.36445916 0.06467002 -0.9289711
vn 0.25510454 0.07858529 -0.9637147
vn -0.30573657 0.075320184 -0.9491323
vn -0.39241192 0.066287 -0.9173979
vn -0.58914864 0.04193376 -0.80693585
vn -0.58914864 0.04193376 -0.80693585
vn -0.3913469 -0.44649503 -0.8046676
vn -0.5908599 -0.40575847 -0.6973124
vn -0.5908599 -0.40575847 -0.6973124
vn -0.30378798 -0.45638397 -0.83631736
vn 0.50848085 -0.84815973 0.14856759
vn 0.50848085 -0.84815973 0.14856759
vn 0.3644636 -0.9200704 0.14365514
vn 0.25510696 -0.9570399 0.13782302
vn 0.5084808 0.3335752 0.7938356
vn 0.5084808 0.3335752 0.7938356
vn 0.36446226 0.34477732 0.86504096
vn 0.25510806 0.34730592 0.90238494
vn 0.50848794 0.69969374 -0.50186527
vn 0.50848794 0.69969374 -0.50186527
vn 0.36446622 0.76662445 -0.5286318
vn 0.25510696 0.8024625 -0.53942055
vn -0.59085536 -0.5895432 0.550753
vn -0.3037893 -0.71378595 0.6310481
vn -0.39134467 -0.6851204 0.6143774
vn -0.59085536 -0.5895432 0.550753
vn -0.5908559 0.668131 0.45220616
vn -0.3037864 0.77405393 0.5554767
vn -0.39134797 0.7514136 0.531248
vn -0.5908559 0.668131 0.45220616
vn -0.3913529 0.3507007 -0.8507949
vn -0.5908592 0.29219446 -0.7520026
vn -0.5908592 0.29219446 -0.7520026
vn -0.30378753 0.36931208 -0.8782493
vn -0.38863486 -0.18522267 0.9025827
vn -0.5858182 -0.14676741 0.7970423
vn -0.5858182 -0.14676741 0.7970423
vn -0.30052054 -0.19843455 0.9329047
vn 0.25434664 -0.9521974 -0.16919814
vn 0.5129418 -0.84938896 -0.12421448
vn 0.5129418 -0.84938896 -0.12421448
vn 0.36589715 -0.918176 -0.15189503
vn -0.39134347 0.053133316 0.9187095
vn -0.5908573 0.063022695 0.8043107
vn -0.5908573 0.063022695 0.8043107
vn -0.30378416 0.04831124 0.95151526
vn -0.39135218 0.88384587 -0.25624207
vn -0.5908519 0.77012163 -0.24043031
vn -0.5908519 0.77012163 -0.24043031
vn -0.30378488 0.9169088 -0.2588305
vn -0.38863826 -0.8387434 -0.38140514
vn -0.58581847 -0.744397 -0.32045293
vn -0.58581847 -0.744397 -0.32045293
vn -0.30051866 -0.8653608 -0.40104768
vn -0.5858155 -0.7146676 0.38219163
vn -0.30052158 -0.8531006 0.42650452
vn -0.3886341 -0.82115525 0.41793278
vn -0.5858155 -0.7146676 0.38219163
vn 0.5129412 0.0678754 0.85573614
vn 0.3658993 0.0562171 0.9289551
vn 0.25434986 0.046908557 0.9659741
vn 0.5129412 0.0678754 0.85573614
vn -0.58581656 0.53164476 0.6116968
vn -0.30052322 0.6056547 0.73679596
vn -0.38863462 0.59018487 0.7075627
vn -0.58581656 0.53164476 0.6116968
vn 0.51294065 0.81917304 -0.25660768
vn 0.36589864 0.89315426 -0.2615219
vn 0.25434658 0.9313227 -0.26066417
vn 0.51294065 0.81917304 -0.25660768
vn 0.5024095 -0.79451007 -0.3410842
vn 0.35946026 -0.85049045 -0.38399798
vn 0.24989243 -0.8776141 -0.40908122
vn 0.5024095 -0.79451007 -0.3410842
vn 0.5023987 -0.15573686 0.850495
vn 0.35944998 -0.18512677 0.9146167
vn 0.24991898 -0.20353028 0.9466341
vn 0.5023987 -0.15573686 0.850495
vn 0.5023969 0.8638286 -0.037385266
vn 0.35945445 0.9328789 -0.023011439
vn 0.24989258 0.9681967 -0.01220775
vn 0.5023969 0.8638286 -0.037385266
vn 0.5129359 0.3101054 -0.80045706
vn 0.36589822 0.35240865 -0.8613517
vn 0.2543462 0.37684995 -0.8906696
vn 0.5129359 0.3101054 -0.80045706
vn -0.5858207 0.47805643 -0.6544283
vn -0.3005258 0.58356386 -0.7544121
vn -0.3886328 0.5585031 -0.7328294
vn -0.5858207 0.47805643 -0.6544283
vn 0.5129409 -0.4324609 -0.74153167
vn 0.36589527 -0.45369908 -0.81257486
vn 0.25434655 -0.46138835 -0.8499581
vn 0.5129409 -0.4324609 -0.74153167
vn -0.58580977 -0.21357112 -0.78180194
vn -0.30052173 -0.22596358 -0.9266214
vn -0.38863137 -0.22471285 -0.89357144
vn -0.58580977 -0.21357112 -0.78180194
vn 0.24989022 -0.2273366 -0.94120836
vn 0.5023827 -0.22868313 -0.83385587
vn 0.5023827 -0.22868313 -0.83385587
vn 0.35945272 -0.23002163 -0.90436935
vn 0.24992184 0.59411764 -0.76456743
vn 0.5024005 0.5093285 -0.6986976
vn 0.5024005 0.5093285 -0.6986976
vn 0.35945362 0.5636264 -0.7437194
vn 0.25435185 0.7844807 0.56559277
vn 0.5129364 0.71137244 0.480464
vn 0.5129364 0.71137244 0.480464
vn 0.36589587 0.7613346 0.5352475
vn -0.30573872 0.908579 0.2846195
vn -0.39241067 0.87964296 0.26877898
vn -0.5891536 0.77736884 0.22044425
vn -0.5891536 0.77736884 0.22044425
vn 0.25434554 -0.7259864 0.6389462
vn 0.51294094 -0.6267174 0.58661485
vn 0.51294094 -0.6267174 0.58661485
vn 0.36589813 -0.69123566 0.6231468
vn -0.30574057 -0.4796691 0.8224599
vn -0.39241585 -0.45778805 0.7977719
vn -0.58915323 -0.38790607 0.7088212
vn -0.58915323 -0.38790607 0.7088212
vn -0.30573827 -0.69509846 -0.6506629
vn -0.39241883 -0.67591393 -0.6238172
vn -0.58914137 -0.60473675 -0.535916
vn -0.58914137 -0.60473675 -0.535916
vn 0.24992515 0.61320025 0.74934834
vn 0.50240326 0.56783605 0.65203786
vn 0.50240326 0.56783605 0.65203786
vn 0.35945362 0.5996389 0.7150009
vn 0.249891 -0.86701894 0.43108317
vn 0.502412 -0.76204133 0.40850347
vn 0.502412 -0.76204133 0.40850347
vn 0.35945183 -0.8305111 0.4254947
vn -0.30574685 0.7890269 -0.5328747
vn -0.3924187 0.7585905 -0.5201424
vn -0.5891475 0.6570531 -0.4703047
vn -0.5891475 0.6570531 -0.4703047
vn -0.30573687 0.34394628 0.88782096
vn -0.39240965 0.3382999 0.8553175
vn -0.58915097 0.31230733 0.74522835
vn -0.58915097 0.31230733 0.74522835
vn -0.3057407 -0.9420955 0.13776343
vn -0.39241043 -0.90915453 0.13947085
vn -0.5891485 -0.79604036 0.13865012
vn -0.5891485 -0.79604036 0.13865012
vn -0.38863498 0.92116904 -0.020264925
vn -0.585809 0.8097256 -0.034242123
vn -0.585809 0.8097256 -0.034242123
vn -0.30052453 0.9536699 -0.014099958
vn -0.10660486 -0.23701504 -0.96563935
vn -0.10791613 -0.24693146 -0.9630051
vn -0.101475656 -0.4868087 -0.86759436
vn -0.102727965 -0.47771874 -0.87248605
vn -0.099278554 -0.5022221 -0.85902077
vn -0.099278554 -0.5022221 -0.85902077
vn 0.13108057 -0.46248996 -0.8768814
vn 0.13108057 -0.46248996 -0.8768814
vn -0.106604986 0.6071873 -0.7873749
vn -0.10791513 0.5989348 -0.7934933
vn -0.1014752 0.37477145 -0.9215471
vn -0.10272673 0.38426375 -0.9174904
vn -0.099280305 0.35845277 -0.92825377
vn -0.099280305 0.35845277 -0.92825377
vn 0.13108078 0.39720997 -0.9083183
vn 0.13108078 0.39720997 -0.9083183
vn -0.102727965 0.80897456 0.5787981
vn -0.10147503 0.8150347 0.57045716
vn -0.10791389 0.9938081 -0.026459636
vn -0.10660435 0.9941695 -0.016205803
vn -0.1101433 0.99293697 -0.044100013
vn -0.1101433 0.99293697 -0.044100013
vn 0.13107805 0.9913719 -0.0006408943
vn 0.13107805 0.9913719 -0.0006408943
vn -0.10272816 -0.7443065 0.65988994
vn -0.10147503 -0.7375179 0.6676603
vn -0.107915916 -0.19532298 0.9747836
vn -0.10660242 -0.20542258 0.97285026
vn -0.110113025 -0.17792657 0.9778636
vn -0.110113025 -0.17792657 0.9778636
vn 0.13107982 -0.2199516 0.966664
vn 0.13107982 -0.2199516 0.966664
vn -0.107915856 -0.90687835 -0.4073399
vn -0.10660306 -0.9027543 -0.416738
vn -0.11014376 -0.9137452 -0.39107317
vn -0.11014376 -0.9137452 -0.39107317
vn 0.13108121 -0.8934881 -0.42953107
vn 0.13108121 -0.8934881 -0.42953107
vn -0.101475075 0.9541701 -0.28153586
vn -0.10272925 0.9569134 -0.27159443
vn -0.09927908 0.949239 -0.2984779
vn -0.09927908 0.949239 -0.2984779
vn 0.13107994 0.95781505 -0.255751
vn 0.13107994 0.95781505 -0.255751
vn -0.106605224 0.63251996 0.7671727
vn -0.10791672 0.64032793 0.76048285
vn -0.10147454 0.062166493 0.9928939
vn -0.10272638 0.051851477 0.9933573
vn -0.09927724 0.079775795 0.99185675
vn -0.09927724 0.079775795 0.99185675
vn 0.13107951 0.036195654 0.99071085
vn 0.13107951 0.036195654 0.99071085
vn -0.106603496 -0.8886886 0.44594657
vn -0.10791677 -0.88390493 0.4550453
vn -0.10272703 -0.97999716 -0.17044888
vn -0.10147649 -0.9818354 -0.16031772
vn -0.39134192 -0.9075058 -0.15259378
vn -0.3037896 -0.93840915 -0.16462141
vn -0.10492353 0.81765836 -0.5660618
vn -0.104895175 0.82350445 -0.55752796
vn -0.10495446 0.80746824 -0.5804994
vn -0.10495446 0.80746824 -0.5804994
vn 0.1313564 0.8294319 -0.54294413
vn 0.1313564 0.8294319 -0.54294413
vn -0.104925446 0.36992463 0.9231178
vn -0.10489329 0.36030543 0.92691827
vn -0.10495462 0.3862781 0.91639185
vn -0.10495462 0.3862781 0.91639185
vn 0.13135304 0.34477127 0.92945105
vn 0.13135304 0.34477127 0.92945105
vn -0.10492502 -0.9822918 0.15522079
vn -0.10489532 -0.983856 0.14499798
vn -0.10492311 -0.9793746 0.17267464
vn -0.10492311 -0.9793746 0.17267464
vn 0.13135408 -0.9828659 0.1293092
vn 0.13135408 -0.9828659 0.1293092
vn -0.10492472 0.067203075 -0.9922069
vn -0.10489563 0.077519596 -0.9914574
vn -0.10495489 0.049562868 -0.99324125
vn -0.10495489 0.049562868 -0.99324125
vn 0.13135564 0.0926265 -0.98699856
vn 0.13135564 0.0926265 -0.98699856
vn -0.10492371 0.9523696 0.28632733
vn -0.10489277 0.94934434 0.29621422
vn -0.1049541 0.95731246 0.26932806
vn -0.1049541 0.95731246 0.26932806
vn 0.13135394 0.9416349 0.3099515
vn 0.13135394 0.9416349 0.3099515
vn -0.10492452 -0.49105182 0.86478835
vn -0.10489443 -0.50002646 0.8596341
vn -0.10492566 -0.47561434 0.8733737
vn -0.10492566 -0.47561434 0.8733737
vn 0.13135241 -0.5117066 0.84906
vn 0.13135241 -0.5117066 0.84906
vn -0.10492484 -0.73383343 -0.67117757
vn -0.10489436 -0.7268142 -0.6787771
vn -0.104925364 -0.7456481 -0.65802705
vn -0.104925364 -0.7456481 -0.65802705
vn 0.13135478 -0.7139056 -0.6878116
vn 0.13135478 -0.7139056 -0.6878116
vn -0.5908561 -0.79817474 -0.117499806
vn -0.5908561 -0.79817474 -0.117499806
vn 0.13108058 -0.9739327 -0.18513022
vn 0.13108058 -0.9739327 -0.18513022
vn 0.13108027 -0.89290184 0.43074876
vn 0.13108027 -0.89290184 0.43074876
vn 0.13108058 0.61862737 0.77467287
vn 0.13108058 0.61862737 0.77467287
vn 0.131078 -0.75198156 0.64602053
vn 0.131078 -0.75198156 0.64602053
vn 0.13107824 0.79715157 0.58937943
vn 0.13107824 0.79715157 0.58937943
vn 0.13108094 0.6175914 -0.775499
vn 0.13108094 0.6175914 -0.775499
vn 0.13108143 -0.22123612 -0.9663707
vn 0.13108143 -0.22123612 -0.9663707
vn -0.09927983 -0.9847419 -0.14292279
vn -0.09927983 -0.9847419 -0.14292279
vn -0.11011366 -0.87547743 0.470547
vn -0.11011366 -0.87547743 0.470547
vn -0.11011295 0.6535664 0.7488165
vn -0.11011295 0.6535664 0.7488165
vn -0.09927902 -0.72571695 0.6807926
vn -0.09927902 -0.72571695 0.6807926
vn -0.09927933 0.8252111 0.556031
vn -0.09927933 0.8252111 0.556031
vn -0.11014378 0.5845949 -0.80381423
vn -0.11014378 0.5845949 -0.80381423
vn -0.11011262 -0.26392853 -0.9582364
vn -0.11011262 -0.26392853 -0.9582364
vn 7.052674E-08 -0.8366787 0.54769415
vn 7.052674E-08 -0.8366787 0.54769415
vn -0.65015036 -0.21390909 0.729073
vn -0.34788576 -0.3050677 0.8865152
vn -0.34577832 -0.30552405 0.88718235
vn -0.65015036 -0.21390909 0.729073
vn 0.99997735 0.002960403 -0.0060427124
vn 0.99997735 0.002960403 -0.0060427124
vn -0.65052015 -0.3210332 -0.6883031
vn -0.34801185 -0.35674044 -0.86696255
vn -0.34599 -0.3568242 -0.867737
vn -0.65052015 -0.3210332 -0.6883031
vn -0.6500354 -0.45193323 0.6109094
vn -0.6500354 -0.45193323 0.6109094
vn 9.149743E-05 0.72801447 -0.6855617
vn 0.42262974 0.7181472 -0.5528552
vn 0.37883183 0.7264125 -0.5734208
vn 9.149743E-05 0.72801447 -0.6855617
vn -0.80549926 0.36302853 -0.46838164
vn -0.94708645 0.31934747 0.032319292
vn -0.2956399 0.11243286 0.9486601
vn 0.3477046 0.19968681 0.91609323
vn 0.34560397 0.19962877 0.91690046
vn -0.24214277 0.1256493 0.96207035
vn 0.34788975 0.5028974 0.791244
vn 0.34578207 0.5031084 0.7920333
vn 0.9999776 0.005218792 0.0042115883
vn 0.9999776 0.005218792 0.0042115883
vn -0.295884 -0.82984877 0.4730788
vn 0.34801838 -0.76583564 0.54072094
vn 0.34599224 -0.7665724 0.5409771
vn -0.24217282 -0.83709115 0.49054125
vn -0.42248058 -0.6611121 0.6200329
vn 9.161254E-05 -0.6579902 0.7530265
vn 9.161254E-05 -0.6579902 0.7530265
vn -0.37868237 -0.66733325 0.64130026
vn 8.0068304E-08 -0.9498729 -0.3126365
vn 8.0068304E-08 -0.9498729 -0.3126365
vn -0.80369306 0.018433541 -0.5947585
vn -0.9470885 0.27588943 -0.1640383
vn -0.6501516 0.50906104 -0.56405675
vn -0.34788436 0.6595122 -0.66634846
vn -0.3457795 0.660216 -0.666747
vn -0.6501516 0.50906104 -0.56405675
vn 9.147276E-05 0.9899056 0.14172898
vn 9.147276E-05 0.9899056 0.14172898
vn -0.295643 0.3102923 -0.903501
vn -0.24214196 0.3041881 -0.92132354
vn -0.34771034 0.84869015 -0.39852548
vn 0.2956403 0.89986134 -0.3206967
vn 0.24213779 0.9099855 -0.33659422
vn -0.34559393 0.84948826 -0.3986659
vn 0.29546186 -0.39660427 0.86914176
vn 0.24195476 -0.39226085 0.8874623
vn -0.65015614 -0.6631881 -0.370781
vn -0.65015614 -0.6631881 -0.370781
vn 0.29588 -0.14752795 0.94376403
vn 0.52490175 -0.18259703 0.8313462
vn 0.52490175 -0.18259703 0.8313462
vn 0.24216956 -0.13837385 0.96031594
vn -0.80549896 -0.5374165 -0.24970987
vn -0.94709027 -0.03952194 -0.31852484
vn -0.65050834 0.7424919 -0.15982698
vn -0.3480099 0.92460805 -0.15488467
vn -0.34597132 0.92538756 -0.15479587
vn -0.65050834 0.7424919 -0.15982698
vn 9.158764E-05 -0.35844728 0.93354994
vn 9.158764E-05 -0.35844728 0.93354994
vn -0.73450017 -0.38249442 0.5605421
vn -0.4226268 -0.40715373 0.80969906
vn -0.37883097 -0.4056571 0.83182293
vn -0.73450017 -0.38249442 0.5605421
vn -0.29563507 -0.94989616 -0.10147486
vn 0.3477084 -0.9375581 -0.009155841
vn 0.34559697 -0.9383364 -0.009369326
vn -0.24214154 -0.9659113 -0.091558464
vn 0.99997747 0.0062869475 0.0023804628
vn 0.99997747 0.0062869475 0.0023804628
vn -0.8036947 -0.58395606 0.11432524
vn -0.9470894 -0.22132228 -0.23246156
vn 0.34788945 -0.88331985 0.3141961
vn 0.34577772 -0.88412875 0.31425175
vn 7.8771984E-09 -0.093449436 0.9956241
vn 7.8771984E-09 -0.093449436 0.9956241
vn -9.148752E-05 -0.8303656 -0.557219
vn -9.148752E-05 -0.8303656 -0.557219
vn 0.96019673 0.26130593 0.09869926
vn 0.88920546 0.3976034 -0.22632991
vn -0.7348502 -0.21705525 0.64255905
vn -0.42290965 -0.17368689 0.88937074
vn -0.37886727 -0.16626947 0.9103923
vn -0.7348502 -0.21705525 0.64255905
vn -0.29588243 -0.2765334 -0.914321
vn 0.3480119 -0.3567404 -0.86696255
vn 0.3459632 -0.3568279 -0.86774623
vn -0.24217156 -0.2919793 -0.92525727
vn 0.52437925 -0.40016645 0.75159395
vn 0.52437925 -0.40016645 0.75159395
vn -0.8054887 -0.123846285 0.5795259
vn -0.94709164 -0.30174002 0.10941009
vn -0.6501442 0.43663388 0.6218226
vn -0.3478898 0.5028974 0.791244
vn -0.34578213 0.5031084 0.7920333
vn -0.6501442 0.43663388 0.6218226
vn 0.2958825 -0.27653334 -0.914321
vn 0.24217162 -0.29197925 -0.92525727
vn -0.42262748 0.01550363 -0.9061709
vn -9.154994E-05 -0.08206546 -0.9966269
vn -9.154994E-05 -0.08206546 -0.9966269
vn -0.3788309 0.0045778006 -0.9254547
vn -8.357355E-08 0.99145675 -0.13043636
vn -8.357355E-08 0.99145675 -0.13043636
vn 0.9602027 -0.08923877 0.2646646
vn -0.8103852 0.18262883 -0.55670685
vn -0.80370396 0.47650293 -0.35637772
vn -0.94708747 0.3002736 0.11340756
vn -0.34770465 0.19968675 0.91609323
vn 0.2956399 0.112432905 0.9486601
vn 0.24214274 0.12564933 0.96207035
vn -0.34560403 0.19962871 0.91690046
vn 0.42262748 0.015503701 -0.9061709
vn 0.8930212 0.1932169 -0.40642372
vn 0.3788309 0.004577865 -0.9254547
vn 0.9063393 0.10535359 0.4092062
vn 0.9102353 0.103093944 0.40105286
vn 9.162751E-05 -0.8303656 -0.557219
vn 0.42262995 -0.6987981 -0.57711804
vn 0.37883693 -0.72068423 -0.5806004
vn 9.162751E-05 -0.8303656 -0.557219
vn 0.52453154 0.048342273 0.85001755
vn 0.52453154 0.048342273 0.85001755
vn -0.8036994 -0.45348868 -0.3852471
vn -0.94708985 0.04373336 -0.31797534
vn 0.99997747 -0.0063172975 0.0022889066
vn 0.99997747 -0.0063172975 0.0022889066
vn 0.9071959 0.41204563 -0.084936135
vn 0.99997747 0.0020448407 0.006408938
vn 0.99997747 0.0020448407 0.006408938
vn 0.9095327 0.40709552 -0.08380568
vn -0.7344374 -0.03576822 0.67773324
vn -0.4224795 0.072544485 0.9034647
vn -0.378682 0.08530107 0.92158765
vn -0.7344374 -0.03576822 0.67773324
vn 8.0068304E-08 -0.9498729 -0.3126365
vn 0.42290884 -0.8284214 -0.3672412
vn 0.37886629 -0.850572 -0.36467475
vn 8.0068304E-08 -0.9498729 -0.3126365
vn -0.8054945 -0.13983926 -0.5758677
vn -0.9470928 0.22437482 -0.22950207
vn -9.157312E-05 0.17847721 0.9839441
vn 0.4224795 0.07254456 0.9034647
vn 0.378682 0.08530113 0.92158765
vn -9.157312E-05 0.17847721 0.9839441
vn 0.4229037 -0.2293818 -0.8766622
vn 0.88920087 0.07092617 -0.451986
vn 0.37886494 -0.24519093 -0.89238036
vn -0.4226344 0.8799998 0.21674964
vn -9.163964E-05 0.9899056 0.14172898
vn -9.163964E-05 0.9899056 0.14172898
vn -0.37883443 0.90123075 0.21039909
vn 0.29546195 0.43222114 0.85199016
vn 0.52438515 0.33809447 0.78148097
vn 0.52438515 0.33809447 0.78148097
vn 0.2419574 0.44927543 0.86000484
vn -0.9470877 -0.3197448 0.02807723
vn -0.2954581 0.43224588 0.8519789
vn -0.24195749 0.44927537 0.86000484
vn -4.3509786E-08 0.5161689 -0.8564869
vn 0.42290318 0.54238564 -0.7259275
vn 0.37886953 0.5448044 -0.74809504
vn -4.3509786E-08 0.5161689 -0.8564869
vn 9.1642316E-05 -0.9989905 -0.04492451
vn 9.1642316E-05 -0.9989905 -0.04492451
vn -0.7344937 0.19974487 0.648553
vn -0.42262822 0.3791995 0.8231605
vn -0.37883586 0.39739153 0.835801
vn -0.7344937 0.19974487 0.648553
vn -0.80549777 -0.53030473 0.26448092
vn -0.94708985 -0.27369264 -0.16767026
vn -9.1526206E-05 -0.35847393 0.9335398
vn -9.1526206E-05 -0.35847393 0.9335398
vn -0.42290363 -0.22938186 -0.8766622
vn 2.9314531E-08 -0.34776658 -0.9375811
vn 2.9314531E-08 -0.34776658 -0.9375811
vn -0.37886488 -0.245191 -0.89238036
vn -0.65002936 -0.75941044 0.027528359
vn -0.65002936 -0.75941044 0.027528359
vn 0.96020496 0.24006657 -0.14273976
vn -0.2954572 -0.9268099 0.23179406
vn -0.2419529 -0.93842226 0.24662234
vn -0.81037396 -0.58340347 -0.054171428
vn 0.29588306 0.9529299 -0.066165514
vn 0.5248933 0.8511397 -0.0069582933
vn 0.5248933 0.8511397 -0.0069582933
vn 0.24216972 0.9670312 -0.07877004
vn -0.9470861 -0.10257335 0.30414912
vn 7.052674E-08 -0.8366787 0.54769415
vn 0.42290977 -0.80364126 0.418698
vn 0.3788669 -0.81544566 0.43761653
vn 7.052674E-08 -0.8366787 0.54769415
vn 9.151442E-05 0.5063718 0.86231524
vn 0.42263305 0.37917343 0.82317007
vn 0.3788358 0.3973916 0.835801
vn 9.151442E-05 0.5063718 0.86231524
vn 0.96019995 0.151254 0.23481591
vn 0.422625 -0.88690794 0.18650064
vn 0.89302003 -0.4392311 -0.097935855
vn 0.3788331 -0.9032723 0.20145626
vn -0.7348454 0.6747526 0.06863806
vn -0.42290717 0.9057237 -0.028535623
vn -0.37886107 0.9245684 -0.040467992
vn -0.7348454 0.6747526 0.06863806
vn -0.9470919 -0.1773757 0.26749784
vn -0.42262986 0.7181471 -0.5528552
vn -9.162016E-05 0.72801447 -0.6855617
vn -9.162016E-05 0.72801447 -0.6855617
vn -0.37883195 0.72641236 -0.5734208
vn 0.90633607 0.3755114 -0.193768
vn 0.9102464 0.3680357 -0.18974023
vn 0.5245341 0.81794614 -0.23627993
vn 0.5245341 0.81794614 -0.23627993
vn 0.90719295 -0.33440238 0.25529584
vn 0.99997735 -0.0046387655 -0.004883
vn 0.99997735 -0.0046387655 -0.004883
vn 0.90953565 -0.33040163 0.2521503
vn 0.99997747 0.003631816 0.0056459694
vn 0.99997747 0.003631816 0.0056459694
vn -0.73444015 0.66870207 -0.11591122
vn -0.42247698 0.86466914 -0.27177322
vn -0.3786795 0.87949574 -0.28825173
vn -0.73444015 0.66870207 -0.11591122
vn -0.9470904 0.1738351 0.26981685
vn -8.357355E-08 0.99145675 -0.13043636
vn -8.357355E-08 0.99145675 -0.13043636
vn 0.96035993 -0.0018310362 0.27875704
vn 0.2954593 0.7344519 -0.61097
vn 0.24195762 0.73847747 -0.6293707
vn -9.163338E-05 0.9195566 -0.39295778
vn -9.163338E-05 0.9195566 -0.39295778
vn 0.42247796 -0.89696044 -0.13028663
vn 0.37868115 -0.9174653 -0.12189331
vn -0.9470938 0.09851501 0.3054639
vn 9.1637114E-05 -0.95338047 0.30177104
vn 9.1637114E-05 -0.95338047 0.30177104
vn 0.5243831 0.8217942 0.2228827
vn 0.5243831 0.8217942 0.2228827
vn 9.147836E-05 0.9195566 -0.39295778
vn 9.147836E-05 0.9195566 -0.39295778
vn -0.29545388 0.7344382 -0.6109891
vn -0.24195774 0.73847747 -0.6293707
vn -0.7345039 0.6315933 0.24818155
vn -0.7345039 0.6315933 0.24818155
vn -9.159978E-05 0.5063718 0.86231524
vn -9.159978E-05 0.5063718 0.86231524
vn 0.88919944 -0.45644093 0.031403974
vn -0.9472927 -0.0021059208 0.32036248
vn -0.65003544 0.6722535 -0.35430115
vn -0.65003544 0.6722535 -0.35430115
vn 0.960363 -0.2190938 0.1723392
vn 0.89302284 0.002227978 0.4500059
vn 0.96019727 0.038057614 -0.2767182
vn 0.889199 -0.3091565 -0.3372645
vn 0.52437705 0.6866467 -0.5035327
vn 0.52437705 0.6866467 -0.5035327
vn 9.156378E-05 -0.08206546 -0.9966269
vn 9.156378E-05 -0.08206546 -0.9966269
vn -0.7345095 0.58783334 -0.33903956
vn -0.7345095 0.58783334 -0.33903956
vn -6.070313E-08 0.7201384 0.69383055
vn -6.070313E-08 0.7201384 0.69383055
vn -0.99417615 -0.07760906 -0.07477074
vn -0.99417615 -0.07760906 -0.07477074
vn -0.99417615 -0.07760906 -0.07477074
vn -0.99417615 -0.07760906 -0.07477074
vn -0.8103863 0.0769703 0.580818
vn -0.94729674 -0.2517865 0.19807199
vn 0.90633905 -0.42239043 0.011658466
vn 0.9102377 -0.41393298 0.011261616
vn -0.99417686 -0.055635657 0.092288524
vn -0.99417686 -0.055635657 0.092288524
vn -0.99417686 -0.055635657 0.092288524
vn -0.99417686 -0.055635657 0.092288524
vn 0.90719455 0.32332456 0.26918274
vn 0.99997735 -0.0037232032 0.00561545
vn 0.99997735 -0.0037232032 0.00561545
vn 0.90953517 0.3193537 0.2660059
vn 0.99997735 -0.00082392193 -0.006683606
vn 0.99997735 -0.00082392193 -0.006683606
vn -0.99417675 0.10235959 0.033692632
vn -0.99417675 0.10235959 0.033692632
vn -0.99417675 0.10235959 0.033692632
vn -0.99417675 0.10235959 0.033692632
vn 0.5248943 -0.19617535 -0.828252
vn 0.5248943 -0.19617535 -0.828252
vn -0.9941754 0.010071069 -0.10730356
vn -0.9941754 0.010071069 -0.10730356
vn -0.9941754 0.010071069 -0.10730356
vn -0.9941754 0.010071069 -0.10730356
vn 0.96036506 -0.2713424 -0.063814774
vn -9.147389E-05 -0.9989905 -0.04492451
vn -9.147389E-05 -0.9989905 -0.04492451
vn -0.9941765 -0.10684598 0.014038593
vn -0.9941765 -0.10684598 0.014038593
vn -0.9941765 -0.10684598 0.014038593
vn -0.9941765 -0.10684598 0.014038593
vn -0.4224791 -0.4573627 -0.7825157
vn 9.160781E-05 -0.5877125 -0.8090699
vn 9.160781E-05 -0.5877125 -0.8090699
vn -0.3786817 -0.47670925 -0.79331493
vn -0.73484933 -0.08319631 -0.6731084
vn -0.73484933 -0.08319631 -0.6731084
vn -0.9472971 -0.3118491 -0.07333854
vn -0.9941756 0.037476823 0.101047255
vn -0.9941756 0.037476823 0.101047255
vn -0.9941756 0.037476823 0.101047255
vn -0.9941756 0.037476823 0.101047255
vn 0.5245355 -0.41237688 -0.7448543
vn 0.5245355 -0.41237688 -0.7448543
vn -0.9941748 0.09018245 -0.059023023
vn -0.9941748 0.09018245 -0.059023023
vn -0.9941748 0.09018245 -0.059023023
vn -0.9941748 0.09018245 -0.059023023
vn -0.73444974 -0.2617956 -0.62613636
vn -0.73444974 -0.2617956 -0.62613636
vn -0.6500351 -0.49502656 -0.5765441
vn -0.6500351 -0.49502656 -0.5765441
vn -0.94729745 -0.13709407 -0.2895393
vn 0.96036714 -0.11926757 -0.2519331
vn 0.96020573 -0.19257821 -0.2022835
vn 0.52438265 0.034425817 -0.8507866
vn 0.52438265 0.034425817 -0.8507866
vn -0.73449904 0.10141434 -0.67098916
vn -0.73449904 0.10141434 -0.67098916
vn 2.9316793E-08 -0.3477934 -0.9375712
vn 2.9314531E-08 -0.34776658 -0.9375811
vn 0.99997735 -0.0021362281 0.0063784188
vn 0.99997735 -0.0021362281 0.0063784188
vn -0.8103833 -0.32137 -0.4898984
vn -0.9472956 0.1409086 -0.2877076
vn -0.99415004 -0.10611397 -0.02014241
vn -0.99415004 -0.10611397 -0.02014241
vn -0.99415004 -0.10611397 -0.02014241
vn -0.99415004 -0.10611397 -0.02014241
vn 0.5245299 -0.6344286 0.56777525
vn 0.5245299 -0.6344286 0.56777525
vn 0.90720063 -0.17448154 -0.38280967
vn 0.99997723 0.005798646 -0.0034486183
vn 0.99997723 0.005798646 -0.0034486183
vn 0.9095353 -0.17231172 -0.3782253
vn -0.7344403 -0.5521808 0.39458048
vn -0.7344403 -0.5521808 0.39458048
vn 0.96036357 0.12259384 -0.25034517
vn 0.8930208 -0.19727571 -0.4044703
vn -0.8103795 0.549134 -0.2042963
vn -0.99415267 -0.09726376 0.046907526
vn -0.99415267 -0.09726376 0.046907526
vn -0.99415267 -0.09726376 0.046907526
vn -0.99415267 -0.09726376 0.046907526
vn -0.9472954 0.31279448 -0.06921828
vn 9.154303E-05 0.17847721 0.9839441
vn 9.154303E-05 0.17847721 0.9839441
vn -0.9941491 0.0039368384 0.107944906
vn -0.9941491 0.0039368384 0.107944906
vn -0.9941491 0.0039368384 0.107944906
vn -0.9941491 0.0039368384 0.107944906
vn -4.3509786E-08 0.5161689 -0.8564869
vn -4.3509786E-08 0.5161689 -0.8564869
vn 0.52453357 0.6947088 0.49218327
vn 0.52453357 0.6947088 0.49218327
vn -0.9941522 0.067385584 0.08438468
vn -0.9941522 0.067385584 0.08438468
vn -0.9941522 0.067385584 0.08438468
vn -0.9941522 0.067385584 0.08438468
vn -0.7344435 0.507564 0.45052373
vn -0.7344435 0.507564 0.45052373
vn -0.94729733 0.24913128 0.20139872
vn -0.65003306 0.19584303 0.7342361
vn -0.65003306 0.19584303 0.7342361
vn 0.96036446 0.27216643 -0.06021352
vn 0.9601991 -0.2782446 0.02444598
vn -0.9941509 0.104343794 -0.02786369
vn -0.9941509 0.104343794 -0.02786369
vn -0.9941509 0.104343794 -0.02786369
vn -0.9941509 0.104343794 -0.02786369
vn 7.8771984E-09 -0.093449436 0.9956241
vn 7.8771984E-09 -0.093449436 0.9956241
vn -0.9941524 -0.09732478 -0.046785437
vn -0.9941524 -0.09732478 -0.046785437
vn -0.9941524 -0.09732478 -0.046785437
vn -0.9941524 -0.09732478 -0.046785437
vn -0.6505165 0.33796945 -0.6801506
vn -0.6505165 0.33796945 -0.6801506
# 1491 vertex normals

usemtl Material_006
s 64
f 1877//1877 1884//1884 1823//1823
f 1884//1884 1824//1824 1823//1823
f 1883//1883 1885//1885 1868//1868
f 1885//1885 1869//1869 1868//1868
f 1775//1775 1774//1774 1863//1863
f 1774//1774 1864//1864 1863//1863
f 1881//1881 1886//1886 1858//1858
f 1886//1886 1859//1859 1858//1858
f 1783//1783 1782//1782 1853//1853
f 1782//1782 1854//1854 1853//1853
f 1879//1879 1887//1887 1848//1848
f 1887//1887 1849//1849 1848//1848
f 1873//1873 1888//1888 1843//1843
f 1888//1888 1844//1844 1843//1843
f 1825//1825 1889//1889 1826//1826
f 1889//1889 1872//1872 1826//1826
f 1870//1870 1890//1890 1871//1871
f 1890//1890 1876//1876 1871//1871
f 1865//1865 1891//1891 1866//1866
f 1891//1891 1882//1882 1866//1866
f 1860//1860 1892//1892 1861//1861
f 1892//1892 1875//1875 1861//1861
f 1855//1855 1893//1893 1856//1856
f 1893//1893 1880//1880 1856//1856
f 1850//1850 1894//1894 1851//1851
f 1894//1894 1874//1874 1851//1851
f 1845//1845 1895//1895 1846//1846
f 1895//1895 1878//1878 1846//1846
f 1735//1735 1736//1736 1737//1737
f 1735//1735 1737//1737 1738//1738
f 1739//1739 1740//1740 1741//1741
f 1739//1739 1741//1741 1742//1742
f 1743//1743 1744//1744 1745//1745
f 1743//1743 1745//1745 1746//1746
f 1747//1747 1748//1748 1749//1749
f 1747//1747 1749//1749 1750//1750
f 1751//1751 1752//1752 1753//1753
f 1751//1751 1753//1753 1754//1754
f 1748//1748 1755//1755 1756//1756
f 1748//1748 1756//1756 1749//1749
f 1757//1757 1758//1758 1759//1759
f 1757//1757 1759//1759 1760//1760
f 1761//1761 1762//1762 1763//1763
f 1761//1761 1763//1763 1764//1764
f 1765//1765 1766//1766 1767//1767
f 1765//1765 1767//1767 1768//1768
f 1769//1769 1770//1770 1771//1771
f 1769//1769 1771//1771 1772//1772
f 1773//1773 1774//1774 1775//1775
f 1773//1773 1775//1775 1776//1776
f 1777//1777 1778//1778 1779//1779
f 1777//1777 1779//1779 1780//1780
f 1781//1781 1782//1782 1783//1783
f 1781//1781 1783//1783 1784//1784
f 1785//1785 1786//1786 1787//1787
f 1785//1785 1787//1787 1788//1788
f 1789//1789 1790//1790 1791//1791
f 1789//1789 1791//1791 1792//1792
f 1793//1793 1794//1794 1795//1795
f 1793//1793 1795//1795 1796//1796
f 1762//1762 1797//1797 1798//1798
f 1762//1762 1798//1798 1799//1799
f 1800//1800 1777//1777 1780//1780
f 1800//1800 1780//1780 1801//1801
f 1802//1802 1803//1803 1804//1804
f 1802//1802 1804//1804 1805//1805
f 1806//1806 1807//1807 1808//1808
f 1806//1806 1808//1808 1809//1809
f 1810//1810 1811//1811 1812//1812
f 1810//1810 1812//1812 1813//1813
f 1814//1814 1815//1815 1816//1816
f 1814//1814 1816//1816 1817//1817
f 1818//1818 1819//1819 1820//1820
f 1818//1818 1820//1820 1821//1821
f 1827//1827 1828//1828 1829//1829
f 1827//1827 1829//1829 1830//1830
f 1831//1831 1832//1832 1833//1833
f 1831//1831 1833//1833 1834//1834
f 1807//1807 1835//1835 1836//1836
f 1807//1807 1836//1836 1837//1837
f 1838//1838 1839//1839 1840//1840
f 1838//1838 1840//1840 1841//1841
f 1896//1896 1897//1897 1898//1898
f 1896//1896 1898//1898 1899//1899
f 1770//1770 1900//1900 1901//1901
f 1770//1770 1901//1901 1771//1771
f 1902//1902 1903//1903 1904//1904
f 1902//1902 1904//1904 1905//1905
f 1906//1906 1907//1907 1908//1908
f 1906//1906 1908//1908 1909//1909
f 1910//1910 1911//1911 1912//1912
f 1910//1910 1912//1912 1913//1913
f 1914//1914 1915//1915 1916//1916
f 1914//1914 1916//1916 1917//1917
f 1870//1870 1918//1918 1919//1919
f 1870//1870 1919//1919 1890//1890
f 1920//1920 1921//1921 1922//1922
f 1920//1920 1922//1922 1923//1923
f 1865//1865 1924//1924 1925//1925
f 1865//1865 1925//1925 1891//1891
f 1926//1926 1927//1927 1928//1928
f 1926//1926 1928//1928 1929//1929
f 1860//1860 1930//1930 1931//1931
f 1860//1860 1931//1931 1892//1892
f 1932//1932 1933//1933 1934//1934
f 1932//1932 1934//1934 1935//1935
f 1855//1855 1936//1936 1937//1937
f 1855//1855 1937//1937 1893//1893
f 1938//1938 1939//1939 1940//1940
f 1938//1938 1940//1940 1941//1941
f 1850//1850 1942//1942 1943//1943
f 1850//1850 1943//1943 1894//1894
f 1944//1944 1945//1945 1946//1946
f 1944//1944 1946//1946 1947//1947
f 1845//1845 1948//1948 1949//1949
f 1845//1845 1949//1949 1895//1895
f 1950//1950 1951//1951 1952//1952
f 1950//1950 1952//1952 1953//1953
f 1885//1885 1954//1954 1955//1955
f 1885//1885 1955//1955 1869//1869
f 1883//1883 1882//1882 1956//1956
f 1883//1883 1956//1956 1957//1957
f 1891//1891 1925//1925 1956//1956
f 1891//1891 1956//1956 1882//1882
f 1958//1958 1959//1959 1960//1960
f 1958//1958 1960//1960 1961//1961
f 1962//1962 1963//1963 1964//1964
f 1962//1962 1964//1964 1965//1965
f 1966//1966 1967//1967 1968//1968
f 1966//1966 1968//1968 1969//1969
f 1893//1893 1937//1937 1970//1970
f 1893//1893 1970//1970 1880//1880
f 1794//1794 1971//1971 1972//1972
f 1794//1794 1972//1972 1973//1973
f 1974//1974 1975//1975 1976//1976
f 1974//1974 1976//1976 1971//1971
f 1977//1977 1978//1978 1979//1979
f 1977//1977 1979//1979 1980//1980
f 1981//1981 1982//1982 1983//1983
f 1981//1981 1983//1983 1984//1984
f 1985//1985 1986//1986 1987//1987
f 1985//1985 1987//1987 1988//1988
f 1989//1989 1785//1785 1788//1788
f 1989//1989 1788//1788 1990//1990
f 1991//1991 1992//1992 1993//1993
f 1991//1991 1993//1993 1994//1994
f 1995//1995 1864//1864 1774//1774
f 1995//1995 1774//1774 1773//1773
f 1883//1883 1957//1957 1954//1954
f 1883//1883 1954//1954 1885//1885
f 1996//1996 1997//1997 1998//1998
f 1996//1996 1998//1998 1999//1999
f 2000//2000 2001//2001 2002//2002
f 2000//2000 2002//2002 2003//2003
f 2004//2004 1854//1854 1782//1782
f 2004//2004 1782//1782 1781//1781
f 1881//1881 2005//2005 2006//2006
f 1881//1881 2006//2006 1886//1886
f 2007//2007 2008//2008 2009//2009
f 2007//2007 2009//2009 2010//2010
f 2011//2011 2012//2012 2013//2013
f 2011//2011 2013//2013 2014//2014
f 1895//1895 1949//1949 2015//2015
f 1895//1895 2015//2015 1878//1878
f 2016//2016 2017//2017 2018//2018
f 2016//2016 2018//2018 2019//2019
f 2020//2020 2021//2021 2022//2022
f 2020//2020 2022//2022 2023//2023
f 2024//2024 1800//1800 1801//1801
f 2024//2024 1801//1801 2025//2025
f 1889//1889 2026//2026 2027//2027
f 1889//1889 2027//2027 1872//1872
f 2028//2028 1757//1757 1760//1760
f 2028//2028 1760//1760 2029//2029
f 1825//1825 1824//1824 2030//2030
f 1825//1825 2030//2030 2031//2031
f 1877//1877 1876//1876 2032//2032
f 1877//1877 2032//2032 2033//2033
f 1865//1865 1864//1864 1995//1995
f 1865//1865 1995//1995 1924//1924
f 1775//1775 1875//1875 2034//2034
f 1775//1775 2034//2034 1776//1776
f 1855//1855 1854//1854 2004//2004
f 1855//1855 2004//2004 1936//1936
f 1783//1783 1874//1874 2035//2035
f 1783//1783 2035//2035 1784//1784
f 1845//1845 1844//1844 2036//2036
f 1845//1845 2036//2036 1948//1948
f 1873//1873 1872//1872 2027//2027
f 1873//1873 2027//2027 2037//2037
f 2038//2038 2039//2039 2040//2040
f 2038//2038 2040//2040 2041//2041
f 2036//2036 1844//1844 1888//1888
f 2036//2036 1888//1888 2042//2042
f 2043//2043 2044//2044 2045//2045
f 2043//2043 2045//2045 2046//2046
f 2047//2047 2048//2048 1761//1761
f 2047//2047 1761//1761 2049//2049
f 2050//2050 2051//2051 2052//2052
f 2050//2050 2052//2052 2053//2053
f 2054//2054 1884//1884 1877//1877
f 2054//2054 1877//1877 2033//2033
f 2055//2055 2056//2056 2057//2057
f 2055//2055 2057//2057 2058//2058
f 2059//2059 2060//2060 2061//2061
f 2059//2059 2061//2061 2062//2062
f 2063//2063 2064//2064 2065//2065
f 2063//2063 2065//2065 2066//2066
f 2042//2042 1888//1888 1873//1873
f 2042//2042 1873//1873 2037//2037
f 2067//2067 1835//1835 2068//2068
f 2067//2067 2068//2068 2069//2069
f 1903//1903 2070//2070 2071//2071
f 1903//1903 2071//2071 1904//1904
f 1894//1894 1943//1943 2035//2035
f 1894//1894 2035//2035 1874//1874
f 2072//2072 1814//1814 1817//1817
f 2072//2072 1817//1817 2073//2073
f 2074//2074 2075//2075 2076//2076
f 2074//2074 2076//2076 2077//2077
f 2078//2078 1761//1761 1764//1764
f 2078//2078 1764//1764 2079//2079
f 1892//1892 1931//1931 2034//2034
f 1892//1892 2034//2034 1875//1875
f 2070//2070 2080//2080 2081//2081
f 2070//2070 2081//2081 2071//2071
f 1890//1890 1919//1919 2032//2032
f 1890//1890 2032//2032 1876//1876
f 2082//2082 2083//2083 2084//2084
f 2082//2082 2084//2084 2085//2085
f 1887//1887 2086//2086 2087//2087
f 1887//1887 2087//2087 1849//1849
f 1879//1879 1878//1878 2015//2015
f 1879//1879 2015//2015 2088//2088
f 2053//2053 2089//2089 2090//2090
f 2053//2053 2090//2090 2091//2091
f 2092//2092 2093//2093 2094//2094
f 2092//2092 2094//2094 2095//2095
f 1886//1886 2006//2006 2096//2096
f 1886//1886 2096//2096 1859//1859
f 1881//1881 1880//1880 1970//1970
f 1881//1881 1970//1970 2005//2005
f 2097//2097 2098//2098 2099//2099
f 2097//2097 2099//2099 2100//2100
f 2101//2101 2102//2102 2103//2103
f 2101//2101 2103//2103 2104//2104
f 2105//2105 2106//2106 2107//2107
f 2105//2105 2107//2107 2108//2108
f 2109//2109 2110//2110 2111//2111
f 2109//2109 2111//2111 2112//2112
f 1860//1860 1859//1859 2096//2096
f 1860//1860 2096//2096 1930//1930
f 1870//1870 1869//1869 1955//1955
f 1870//1870 1955//1955 1918//1918
f 2113//2113 2114//2114 2115//2115
f 2113//2113 2115//2115 2116//2116
f 2117//2117 2118//2118 2119//2119
f 2117//2117 2119//2119 2120//2120
f 2030//2030 1824//1824 1884//1884
f 2030//2030 1884//1884 2054//2054
f 1850//1850 1849//1849 2087//2087
f 1850//1850 2087//2087 1942//1942
f 2121//2121 1765//1765 1768//1768
f 2121//2121 1768//1768 2122//2122
f 1803//1803 2075//2075 2123//2123
f 1803//1803 2123//2123 2124//2124
f 2125//2125 2126//2126 2127//2127
f 2125//2125 2127//2127 2128//2128
f 1879//1879 2088//2088 2086//2086
f 1879//1879 2086//2086 1887//1887
f 2129//2129 2130//2130 2131//2131
f 2129//2129 2131//2131 2132//2132
f 2133//2133 2134//2134 2135//2135
f 2133//2133 2135//2135 2136//2136
f 1825//1825 2031//2031 2026//2026
f 1825//1825 2026//2026 1889//1889
f 2107//2107 2106//2106 2137//2137
f 2107//2107 2137//2137 2138//2138
f 2139//2139 2140//2140 1954//1954
f 2139//2139 1954//1954 1957//1957
f 2106//2106 2110//2110 2141//2141
f 2106//2106 2141//2141 2137//2137
f 2140//2140 2142//2142 1955//1955
f 2140//2140 1955//1955 1954//1954
f 1962//1962 1965//1965 2143//2143
f 1962//1962 2143//2143 2144//2144
f 2145//2145 2146//2146 2006//2006
f 2145//2145 2006//2006 2005//2005
f 1965//1965 1832//1832 2147//2147
f 1965//1965 2147//2147 2143//2143
f 2146//2146 2148//2148 2096//2096
f 2146//2146 2096//2096 2006//2006
f 1974//1974 1971//1971 2149//2149
f 1974//1974 2149//2149 2150//2150
f 2151//2151 2152//2152 2086//2086
f 2151//2151 2086//2086 2088//2088
f 1971//1971 1794//1794 2153//2153
f 1971//1971 2153//2153 2149//2149
f 2152//2152 2154//2154 2087//2087
f 2152//2152 2087//2087 2086//2086
f 1762//1762 1761//1761 2155//2155
f 1762//1762 2155//2155 2156//2156
f 2157//2157 2158//2158 2026//2026
f 2157//2157 2026//2026 2031//2031
f 1761//1761 2048//2048 2159//2159
f 1761//1761 2159//2159 2155//2155
f 2158//2158 2160//2160 2027//2027
f 2158//2158 2027//2027 2026//2026
f 2109//2109 1985//1985 2161//2161
f 2109//2109 2161//2161 2162//2162
f 2163//2163 2164//2164 1919//1919
f 2163//2163 1919//1919 1918//1918
f 1985//1985 1988//1988 2165//2165
f 1985//1985 2165//2165 2161//2161
f 2164//2164 2166//2166 2032//2032
f 2164//2164 2032//2032 1919//1919
f 1802//1802 2103//2103 2167//2167
f 1802//1802 2167//2167 2168//2168
f 2169//2169 2170//2170 1925//1925
f 2169//2169 1925//1925 1924//1924
f 2103//2103 2102//2102 2171//2171
f 2103//2103 2171//2171 2167//2167
f 2170//2170 2172//2172 1956//1956
f 2170//2170 1956//1956 1925//1925
f 1831//1831 1991//1991 2173//2173
f 1831//1831 2173//2173 2174//2174
f 2175//2175 2176//2176 1931//1931
f 2175//2175 1931//1931 1930//1930
f 1991//1991 1994//1994 2177//2177
f 1991//1991 2177//2177 2173//2173
f 2176//2176 2178//2178 2034//2034
f 2176//2176 2034//2034 1931//1931
f 1806//1806 2094//2094 2179//2179
f 1806//1806 2179//2179 2180//2180
f 2181//2181 2182//2182 1937//1937
f 2181//2181 1937//1937 1936//1936
f 2094//2094 2093//2093 2183//2183
f 2094//2094 2183//2183 2179//2179
f 2182//2182 2184//2184 1970//1970
f 2182//2182 1970//1970 1937//1937
f 1793//1793 2000//2000 2185//2185
f 1793//1793 2185//2185 2186//2186
f 2187//2187 2188//2188 1943//1943
f 2187//2187 1943//1943 1942//1942
f 2000//2000 2003//2003 2189//2189
f 2000//2000 2189//2189 2185//2185
f 2188//2188 2190//2190 2035//2035
f 2188//2188 2035//2035 1943//1943
f 2038//2038 2061//2061 2191//2191
f 2038//2038 2191//2191 2192//2192
f 2193//2193 2194//2194 1949//1949
f 2193//2193 1949//1949 1948//1948
f 2061//2061 2060//2060 2195//2195
f 2061//2061 2195//2195 2191//2191
f 2194//2194 2196//2196 2015//2015
f 2194//2194 2015//2015 1949//1949
f 1995//1995 1773//1773 2197//2197
f 1995//1995 2197//2197 2198//2198
f 2199//2199 2200//2200 2075//2075
f 2199//2199 2075//2075 1803//1803
f 1773//1773 1776//1776 2201//2201
f 1773//1773 2201//2201 2197//2197
f 2200//2200 2202//2202 2076//2076
f 2200//2200 2076//2076 2075//2075
f 2004//2004 1781//1781 2203//2203
f 2004//2004 2203//2203 2204//2204
f 2205//2205 2206//2206 1835//1835
f 2205//2205 1835//1835 1807//1807
f 1781//1781 1784//1784 2207//2207
f 1781//1781 2207//2207 2203//2203
f 2206//2206 2208//2208 2068//2068
f 2206//2206 2068//2068 1835//1835
f 2042//2042 2037//2037 2209//2209
f 2042//2042 2209//2209 2210//2210
f 2211//2211 2212//2212 2007//2007
f 2211//2211 2007//2007 2010//2010
f 2036//2036 2042//2042 2210//2210
f 2036//2036 2210//2210 2213//2213
f 2214//2214 2211//2211 2010//2010
f 2214//2214 2010//2010 2039//2039
f 2054//2054 2033//2033 2215//2215
f 2054//2054 2215//2215 2216//2216
f 2217//2217 2218//2218 2020//2020
f 2217//2217 2020//2020 2023//2023
f 2030//2030 2054//2054 2216//2216
f 2030//2030 2216//2216 2219//2219
f 2220//2220 2217//2217 2023//2023
f 2220//2220 2023//2023 1797//1797
f 1948//1948 2036//2036 2213//2213
f 1948//1948 2213//2213 2193//2193
f 2192//2192 2214//2214 2039//2039
f 2192//2192 2039//2039 2038//2038
f 2048//2048 2007//2007 2212//2212
f 2048//2048 2212//2212 2159//2159
f 2160//2160 2209//2209 2037//2037
f 2160//2160 2037//2037 2027//2027
f 1942//1942 2087//2087 2154//2154
f 1942//1942 2154//2154 2187//2187
f 2186//2186 2153//2153 1794//1794
f 2186//2186 1794//1794 1793//1793
f 2060//2060 1974//1974 2150//2150
f 2060//2060 2150//2150 2195//2195
f 2196//2196 2151//2151 2088//2088
f 2196//2196 2088//2088 2015//2015
f 1936//1936 2004//2004 2204//2204
f 1936//1936 2204//2204 2181//2181
f 2180//2180 2205//2205 1807//1807
f 2180//2180 1807//1807 1806//1806
f 2003//2003 2068//2068 2208//2208
f 2003//2003 2208//2208 2189//2189
f 2190//2190 2207//2207 1784//1784
f 2190//2190 1784//1784 2035//2035
f 1930//1930 2096//2096 2148//2148
f 1930//1930 2148//2148 2175//2175
f 2174//2174 2147//2147 1832//1832
f 2174//2174 1832//1832 1831//1831
f 2093//2093 1962//1962 2144//2144
f 2093//2093 2144//2144 2183//2183
f 2184//2184 2145//2145 2005//2005
f 2184//2184 2005//2005 1970//1970
f 1924//1924 1995//1995 2198//2198
f 1924//1924 2198//2198 2169//2169
f 2168//2168 2199//2199 1803//1803
f 2168//2168 1803//1803 1802//1802
f 1994//1994 2076//2076 2202//2202
f 1994//1994 2202//2202 2177//2177
f 2178//2178 2201//2201 1776//1776
f 2178//2178 1776//1776 2034//2034
f 1918//1918 1955//1955 2142//2142
f 1918//1918 2142//2142 2163//2163
f 2162//2162 2141//2141 2110//2110
f 2162//2162 2110//2110 2109//2109
f 2102//2102 2107//2107 2138//2138
f 2102//2102 2138//2138 2171//2171
f 2172//2172 2139//2139 1957//1957
f 2172//2172 1957//1957 1956//1956
f 2031//2031 2030//2030 2219//2219
f 2031//2031 2219//2219 2157//2157
f 2156//2156 2220//2220 1797//1797
f 2156//2156 1797//1797 1762//1762
f 1988//1988 2020//2020 2218//2218
f 1988//1988 2218//2218 2165//2165
f 2166//2166 2215//2215 2033//2033
f 2166//2166 2033//2033 2032//2032
f 2221//2221 2222//2222 2223//2223
f 2221//2221 2223//2223 2224//2224
f 2225//2225 2226//2226 2227//2227
f 2225//2225 2227//2227 2228//2228
f 2229//2229 2230//2230 2041//2041
f 2229//2229 2041//2041 2040//2040
f 2231//2231 2232//2232 2233//2233
f 2231//2231 2233//2233 2234//2234
f 2235//2235 2236//2236 2237//2237
f 2235//2235 2237//2237 2238//2238
f 2239//2239 2231//2231 2234//2234
f 2239//2239 2234//2234 2240//2240
f 2241//2241 2242//2242 2052//2052
f 2241//2241 2052//2052 2051//2051
f 2243//2243 2244//2244 2245//2245
f 2243//2243 2245//2245 2246//2246
f 2247//2247 1797//1797 2248//2248
f 2247//2247 2248//2248 2249//2249
f 2250//2250 2251//2251 2252//2252
f 2250//2250 2252//2252 2253//2253
f 2254//2254 2255//2255 2022//2022
f 2254//2254 2022//2022 2021//2021
f 2256//2256 2230//2230 2227//2227
f 2256//2256 2227//2227 2257//2257
f 2258//2258 1910//1910 1913//1913
f 2258//2258 1913//1913 2259//2259
f 2260//2260 2256//2256 2257//2257
f 2260//2260 2257//2257 2261//2261
f 2262//2262 2263//2263 2065//2065
f 2262//2262 2065//2065 2064//2064
f 2264//2264 2265//2265 2266//2266
f 2264//2264 2266//2266 2267//2267
f 1832//1832 1965//1965 2268//2268
f 1832//1832 2268//2268 2269//2269
f 2270//2270 2271//2271 2272//2272
f 2270//2270 2272//2272 2273//2273
f 2274//2274 2275//2275 2009//2009
f 2274//2274 2009//2009 2008//2008
f 2276//2276 2277//2277 2278//2278
f 2276//2276 2278//2278 2279//2279
f 2280//2280 2281//2281 2115//2115
f 2280//2280 2115//2115 2114//2114
f 2282//2282 2276//2276 2279//2279
f 2282//2282 2279//2279 2283//2283
f 1791//1791 2264//2264 2267//2267
f 1791//1791 2267//2267 2284//2284
f 2285//2285 2286//2286 2287//2287
f 2285//2285 2287//2287 2288//2288
f 2289//2289 2290//2290 2002//2002
f 2289//2289 2002//2002 2001//2001
f 2291//2291 1958//1958 1961//1961
f 2291//2291 1961//1961 2292//2292
f 2293//2293 2294//2294 2295//2295
f 2293//2293 2295//2295 2296//2296
f 2297//2297 2298//2298 2299//2299
f 2297//2297 2299//2299 2300//2300
f 2301//2301 2302//2302 2119//2119
f 2301//2301 2119//2119 2118//2118
f 2303//2303 2297//2297 2300//2300
f 2303//2303 2300//2300 2304//2304
f 2305//2305 2306//2306 2307//2307
f 2305//2305 2307//2307 2308//2308
f 2309//2309 2310//2310 2311//2311
f 2309//2309 2311//2311 2312//2312
f 2313//2313 2314//2314 1993//1993
f 2313//2313 1993//1993 1992//1992
f 2315//2315 2316//2316 2317//2317
f 2315//2315 2317//2317 2318//2318
f 2319//2319 2320//2320 2321//2321
f 2319//2319 2321//2321 2322//2322
f 2323//2323 2324//2324 2325//2325
f 2323//2323 2325//2325 2326//2326
f 2327//2327 2328//2328 1987//1987
f 2327//2327 1987//1987 1986//1986
f 2329//2329 2330//2330 2331//2331
f 2329//2329 2331//2331 2332//2332
f 2333//2333 2061//2061 2334//2334
f 2333//2333 2334//2334 2335//2335
f 2089//2089 2336//2336 2337//2337
f 2089//2089 2337//2337 2090//2090
f 2066//2066 2133//2133 2136//2136
f 2066//2066 2136//2136 2338//2338
f 2339//2339 2340//2340 2341//2341
f 2339//2339 2341//2341 2342//2342
f 2343//2343 2344//2344 1976//1976
f 2343//2343 1976//1976 1975//1975
f 2345//2345 2346//2346 2347//2347
f 2345//2345 2347//2347 2348//2348
f 2349//2349 2350//2350 2351//2351
f 2349//2349 2351//2351 2352//2352
f 2353//2353 2345//2345 2348//2348
f 2353//2353 2348//2348 2354//2354
f 2355//2355 2356//2356 1908//1908
f 2355//2355 1908//1908 1907//1907
f 2357//2357 2358//2358 2359//2359
f 2357//2357 2359//2359 2360//2360
f 2361//2361 2362//2362 2363//2363
f 2361//2361 2363//2363 2364//2364
f 2365//2365 2366//2366 2367//2367
f 2365//2365 2367//2367 2368//2368
f 2369//2369 2370//2370 1964//1964
f 2369//2369 1964//1964 1963//1963
f 2371//2371 2372//2372 2373//2373
f 2371//2371 2373//2373 2374//2374
f 2375//2375 2376//2376 2377//2377
f 2375//2375 2377//2377 2378//2378
f 2379//2379 2371//2371 2374//2374
f 2379//2379 2374//2374 2380//2380
f 2381//2381 2382//2382 1898//1898
f 2381//2381 1898//1898 1897//1897
f 2383//2383 2384//2384 2385//2385
f 2383//2383 2385//2385 2386//2386
f 2387//2387 2388//2388 1829//1829
f 2387//2387 1829//1829 1828//1828
f 2389//2389 2383//2383 2386//2386
f 2389//2389 2386//2386 2390//2390
f 2358//2358 2391//2391 2392//2392
f 2358//2358 2392//2392 2359//2359
f 2393//2393 2394//2394 2395//2395
f 2393//2393 2395//2395 2396//2396
f 2397//2397 2398//2398 1834//1834
f 2397//2397 1834//1834 1833//1833
f 2399//2399 2400//2400 2401//2401
f 2399//2399 2401//2401 2390//2390
f 2389//2389 2402//2402 2112//2112
f 2389//2389 2112//2112 2111//2111
f 2403//2403 2404//2404 2347//2347
f 2403//2403 2347//2347 2283//2283
f 2282//2282 2346//2346 1809//1809
f 2282//2282 1809//1809 1808//1808
f 2405//2405 2406//2406 2373//2373
f 2405//2405 2373//2373 2304//2304
f 2303//2303 2372//2372 1805//1805
f 2303//2303 1805//1805 1804//1804
f 2407//2407 2408//2408 2233//2233
f 2407//2407 2233//2233 2409//2409
f 2410//2410 2232//2232 1799//1799
f 2410//2410 1799//1799 1798//1798
f 2411//2411 2412//2412 2413//2413
f 2411//2411 2413//2413 2414//2414
f 2415//2415 2416//2416 1796//1796
f 2415//2415 1796//1796 1795//1795
f 1839//1839 2039//2039 2417//2417
f 1839//1839 2417//2417 1840//1840
f 1997//1997 2418//2418 2419//2419
f 1997//1997 2419//2419 1998//1998
f 2420//2420 2421//2421 2422//2422
f 2420//2420 2422//2422 2423//2423
f 2223//2223 2424//2424 2425//2425
f 2223//2223 2425//2425 2426//2426
f 2427//2427 2428//2428 2429//2429
f 2427//2427 2429//2429 2430//2430
f 1978//1978 2431//2431 2432//2432
f 1978//1978 2432//2432 1979//1979
f 2433//2433 2434//2434 2435//2435
f 2433//2433 2435//2435 2436//2436
f 2316//2316 2437//2437 2438//2438
f 2316//2316 2438//2438 2317//2317
f 2439//2439 2440//2440 2441//2441
f 2439//2439 2441//2441 2442//2442
f 2443//2443 2444//2444 2445//2445
f 2443//2443 2445//2445 2446//2446
f 2447//2447 2448//2448 2449//2449
f 2447//2447 2449//2449 2450//2450
f 2110//2110 2106//2106 2451//2451
f 2110//2110 2451//2451 2452//2452
f 2453//2453 2007//2007 2454//2454
f 2453//2453 2454//2454 2455//2455
f 2456//2456 2457//2457 2458//2458
f 2456//2456 2458//2458 2459//2459
f 2460//2460 2461//2461 2462//2462
f 2460//2460 2462//2462 2463//2463
f 2325//2325 2253//2253 2254//2254
f 2325//2325 2254//2254 2328//2328
f 2311//2311 2299//2299 2298//2298
f 2311//2311 2298//2298 2314//2314
f 2287//2287 2278//2278 2277//2277
f 2287//2287 2277//2277 2290//2290
f 2240//2240 2273//2273 2274//2274
f 2240//2240 2274//2274 2239//2239
f 2380//2380 2385//2385 2384//2384
f 2380//2380 2384//2384 2379//2379
f 2354//2354 2368//2368 2369//2369
f 2354//2354 2369//2369 2353//2353
f 2261//2261 2342//2342 2343//2343
f 2261//2261 2343//2343 2260//2260
f 2414//2414 2413//2413 2416//2416
f 2414//2414 2416//2416 2415//2415
f 2409//2409 2233//2233 2232//2232
f 2409//2409 2232//2232 2410//2410
f 2304//2304 2373//2373 2372//2372
f 2304//2304 2372//2372 2303//2303
f 2283//2283 2347//2347 2346//2346
f 2283//2283 2346//2346 2282//2282
f 2390//2390 2401//2401 2402//2402
f 2390//2390 2402//2402 2389//2389
f 2396//2396 2395//2395 2398//2398
f 2396//2396 2398//2398 2397//2397
f 2130//2130 2464//2464 2465//2465
f 2130//2130 2465//2465 2466//2466
f 2105//2105 2108//2108 2384//2384
f 2105//2105 2384//2384 2383//2383
f 2101//2101 2104//2104 2371//2371
f 2101//2101 2371//2371 2379//2379
f 2061//2061 2038//2038 2467//2467
f 2061//2061 2467//2467 2334//2334
f 2368//2368 2367//2367 2370//2370
f 2368//2368 2370//2370 2369//2369
f 2367//2367 2396//2396 2397//2397
f 2367//2367 2397//2397 2370//2370
f 2092//2092 2095//2095 2345//2345
f 2092//2092 2345//2345 2353//2353
f 2468//2468 1981//1981 1984//1984
f 2468//2468 1984//1984 2469//2469
f 2342//2342 2341//2341 2344//2344
f 2342//2342 2344//2344 2343//2343
f 2341//2341 2414//2414 2415//2415
f 2341//2341 2415//2415 2344//2344
f 2401//2401 2326//2326 2327//2327
f 2401//2401 2327//2327 2402//2402
f 2326//2326 2325//2325 2328//2328
f 2326//2326 2328//2328 2327//2327
f 2395//2395 2312//2312 2313//2313
f 2395//2395 2313//2313 2398//2398
f 2312//2312 2311//2311 2314//2314
f 2312//2312 2314//2314 2313//2313
f 2470//2470 2471//2471 2472//2472
f 2470//2470 2472//2472 2473//2473
f 2074//2074 2077//2077 2298//2298
f 2074//2074 2298//2298 2297//2297
f 2413//2413 2288//2288 2289//2289
f 2413//2413 2289//2289 2416//2416
f 2288//2288 2287//2287 2290//2290
f 2288//2288 2290//2290 2289//2289
f 2474//2474 2475//2475 2476//2476
f 2474//2474 2476//2476 2477//2477
f 2067//2067 2069//2069 2277//2277
f 2067//2067 2277//2277 2276//2276
f 2273//2273 2272//2272 2275//2275
f 2273//2273 2275//2275 2274//2274
f 2272//2272 2228//2228 2229//2229
f 2272//2272 2229//2229 2275//2275
f 2059//2059 2062//2062 2256//2256
f 2059//2059 2256//2256 2260//2260
f 2471//2471 2478//2478 2479//2479
f 2471//2471 2479//2479 2472//2472
f 2253//2253 2252//2252 2255//2255
f 2253//2253 2255//2255 2254//2254
f 2252//2252 2409//2409 2410//2410
f 2252//2252 2410//2410 2255//2255
f 2047//2047 2049//2049 2231//2231
f 2047//2047 2231//2231 2239//2239
f 2044//2044 2480//2480 2481//2481
f 2044//2044 2481//2481 2045//2045
f 2228//2228 2227//2227 2230//2230
f 2228//2228 2230//2230 2229//2229
f 2482//2482 1996//1996 1999//1999
f 2482//2482 1999//1999 2483//2483
f 2484//2484 2485//2485 2486//2486
f 2484//2484 2486//2486 2487//2487
f 2488//2488 2068//2068 2489//2489
f 2488//2488 2489//2489 2490//2490
f 2491//2491 2492//2492 2493//2493
f 2491//2491 2493//2493 2494//2494
f 2116//2116 2495//2495 2496//2496
f 2116//2116 2496//2496 2497//2497
f 2017//2017 2498//2498 2499//2499
f 2017//2017 2499//2499 2018//2018
f 2500//2500 2501//2501 2502//2502
f 2500//2500 2502//2502 2503//2503
f 1744//1744 1743//1743 2412//2412
f 1744//1744 2412//2412 2411//2411
f 1790//1790 1789//1789 2408//2408
f 1790//1790 2408//2408 2407//2407
f 1927//1927 1926//1926 2406//2406
f 1927//1927 2406//2406 2405//2405
f 1939//1939 1938//1938 2404//2404
f 1939//1939 2404//2404 2403//2403
f 1736//1736 1735//1735 2400//2400
f 1736//1736 2400//2400 2399//2399
f 1740//1740 1739//1739 2394//2394
f 1740//1740 2394//2394 2393//2393
f 2504//2504 2443//2443 2446//2446
f 2504//2504 2446//2446 2505//2505
f 2386//2386 2385//2385 2388//2388
f 2386//2386 2388//2388 2387//2387
f 2380//2380 2374//2374 2382//2382
f 2380//2380 2382//2382 2381//2381
f 2498//2498 2506//2506 2507//2507
f 2498//2498 2507//2507 2499//2499
f 1810//1810 1813//1813 2366//2366
f 1810//1810 2366//2366 2365//2365
f 2508//2508 2509//2509 2510//2510
f 2508//2508 2510//2510 2511//2511
f 2354//2354 2348//2348 2356//2356
f 2354//2354 2356//2356 2355//2355
f 1982//1982 2512//2512 2513//2513
f 1982//1982 2513//2513 1983//1983
f 1818//1818 1821//1821 2340//2340
f 1818//1818 2340//2340 2339//2339
f 2020//2020 1988//1988 2514//2514
f 2020//2020 2514//2514 2515//2515
f 2516//2516 2517//2517 2518//2518
f 2516//2516 2518//2518 2519//2519
f 1920//1920 1923//1923 2324//2324
f 1920//1920 2324//2324 2323//2323
f 2520//2520 2521//2521 2522//2522
f 2520//2520 2522//2522 2523//2523
f 1932//1932 1935//1935 2310//2310
f 1932//1932 2310//2310 2309//2309
f 2524//2524 2000//2000 2525//2525
f 2524//2524 2525//2525 2526//2526
f 2300//2300 2299//2299 2302//2302
f 2300//2300 2302//2302 2301//2301
f 2527//2527 2528//2528 2529//2529
f 2527//2527 2529//2529 2530//2530
f 1944//1944 1947//1947 2286//2286
f 1944//1944 2286//2286 2285//2285
f 1945//1945 2482//2482 2483//2483
f 1945//1945 2483//2483 2531//2531
f 2279//2279 2278//2278 2281//2281
f 2279//2279 2281//2281 2280//2280
f 2129//2129 2132//2132 2271//2271
f 2129//2129 2271//2271 2270//2270
f 2532//2532 2533//2533 2534//2534
f 2532//2532 2534//2534 2535//2535
f 2261//2261 2257//2257 2263//2263
f 2261//2261 2263//2263 2262//2262
f 2536//2536 2349//2349 2352//2352
f 2536//2536 2352//2352 2537//2537
f 1950//1950 1953//1953 2251//2251
f 1950//1950 2251//2251 2250//2250
f 2495//2495 2028//2028 2029//2029
f 2495//2495 2029//2029 2496//2496
f 2240//2240 2234//2234 2242//2242
f 2240//2240 2242//2242 2241//2241
f 1959//1959 2538//2538 2539//2539
f 1959//1959 2539//2539 1960//1960
f 2222//2222 2221//2221 2226//2226
f 2222//2222 2226//2226 2225//2225
f 2540//2540 2541//2541 2542//2542
f 2540//2540 2542//2542 2543//2543
f 2544//2544 2545//2545 2546//2546
f 2544//2544 2546//2546 2547//2547
f 2548//2548 2549//2549 2550//2550
f 2548//2548 2550//2550 2551//2551
f 2552//2552 2553//2553 2554//2554
f 2552//2552 2554//2554 2555//2555
f 2556//2556 2557//2557 2558//2558
f 2556//2556 2558//2558 2559//2559
f 2560//2560 2561//2561 2562//2562
f 2560//2560 2562//2562 2563//2563
f 2564//2564 2565//2565 2566//2566
f 2564//2564 2566//2566 2567//2567
f 2568//2568 2569//2569 2570//2570
f 2568//2568 2570//2570 2571//2571
f 2572//2572 2573//2573 2574//2574
f 2572//2572 2574//2574 2575//2575
f 2576//2576 2577//2577 2578//2578
f 2576//2576 2578//2578 2579//2579
f 2580//2580 2581//2581 2582//2582
f 2580//2580 2582//2582 2583//2583
f 2584//2584 2585//2585 2586//2586
f 2584//2584 2586//2586 2587//2587
f 2588//2588 2589//2589 2590//2590
f 2588//2588 2590//2590 2591//2591
f 2592//2592 2593//2593 2594//2594
f 2592//2592 2594//2594 2595//2595
f 2596//2596 2597//2597 2598//2598
f 2596//2596 2598//2598 2599//2599
f 2600//2600 2601//2601 2602//2602
f 2600//2600 2602//2602 2603//2603
f 2604//2604 2605//2605 2606//2606
f 2604//2604 2606//2606 2607//2607
f 2608//2608 2609//2609 2610//2610
f 2608//2608 2610//2610 2611//2611
f 2612//2612 2613//2613 2614//2614
f 2612//2612 2614//2614 2615//2615
f 2616//2616 2617//2617 2618//2618
f 2616//2616 2618//2618 2619//2619
f 2620//2620 2621//2621 2622//2622
f 2620//2620 2622//2622 2623//2623
f 2624//2624 2625//2625 2626//2626
f 2624//2624 2626//2626 2627//2627
f 2628//2628 2629//2629 2630//2630
f 2628//2628 2630//2630 2631//2631
f 2632//2632 2633//2633 2634//2634
f 2632//2632 2634//2634 2635//2635
f 2636//2636 2637//2637 2638//2638
f 2636//2636 2638//2638 2639//2639
f 2640//2640 2641//2641 2642//2642
f 2640//2640 2642//2642 2643//2643
f 2644//2644 2645//2645 2646//2646
f 2644//2644 2646//2646 2647//2647
f 2648//2648 2649//2649 2650//2650
f 2648//2648 2650//2650 2651//2651
f 2652//2652 2653//2653 2654//2654
f 2652//2652 2654//2654 2655//2655
f 2656//2656 2657//2657 2658//2658
f 2656//2656 2658//2658 2659//2659
f 2660//2660 2661//2661 2662//2662
f 2660//2660 2662//2662 2663//2663
f 2664//2664 2665//2665 2666//2666
f 2664//2664 2666//2666 2667//2667
f 2668//2668 2669//2669 2670//2670
f 2668//2668 2670//2670 2671//2671
f 2672//2672 2673//2673 2674//2674
f 2672//2672 2674//2674 2675//2675
f 2676//2676 2677//2677 2678//2678
f 2676//2676 2678//2678 2679//2679
f 2680//2680 2681//2681 2682//2682
f 2680//2680 2682//2682 2683//2683
f 2684//2684 2685//2685 2686//2686
f 2684//2684 2686//2686 2687//2687
f 2688//2688 2689//2689 2690//2690
f 2688//2688 2690//2690 2691//2691
f 2692//2692 2693//2693 2694//2694
f 2692//2692 2694//2694 2695//2695
f 2696//2696 2697//2697 2698//2698
f 2696//2696 2698//2698 2699//2699
f 2700//2700 2701//2701 2702//2702
f 2700//2700 2702//2702 2703//2703
f 2704//2704 2705//2705 2650//2650
f 2704//2704 2650//2650 2649//2649
f 2706//2706 2707//2707 2708//2708
f 2706//2706 2708//2708 2709//2709
f 2710//2710 2711//2711 2646//2646
f 2710//2710 2646//2646 2645//2645
f 2712//2712 2713//2713 2642//2642
f 2712//2712 2642//2642 2641//2641
f 2714//2714 2715//2715 2716//2716
f 2714//2714 2716//2716 2717//2717
f 2718//2718 2719//2719 2638//2638
f 2718//2718 2638//2638 2637//2637
f 2720//2720 2721//2721 2582//2582
f 2720//2720 2582//2582 2581//2581
f 2722//2722 2723//2723 2724//2724
f 2722//2722 2724//2724 2725//2725
f 2726//2726 2727//2727 2634//2634
f 2726//2726 2634//2634 2633//2633
f 2728//2728 2729//2729 2578//2578
f 2728//2728 2578//2578 2577//2577
f 2730//2730 2731//2731 2732//2732
f 2730//2730 2732//2732 2733//2733
f 2734//2734 2735//2735 2630//2630
f 2734//2734 2630//2630 2629//2629
f 2736//2736 2737//2737 2738//2738
f 2736//2736 2738//2738 2739//2739
f 2740//2740 2741//2741 2626//2626
f 2740//2740 2626//2626 2625//2625
f 2742//2742 2743//2743 2744//2744
f 2742//2742 2744//2744 2745//2745
f 2746//2746 2747//2747 2622//2622
f 2746//2746 2622//2622 2621//2621
f 2748//2748 2749//2749 2618//2618
f 2748//2748 2618//2618 2617//2617
f 2750//2750 2751//2751 2752//2752
f 2750//2750 2752//2752 2753//2753
f 2754//2754 2755//2755 2614//2614
f 2754//2754 2614//2614 2613//2613
f 2756//2756 2757//2757 2610//2610
f 2756//2756 2610//2610 2609//2609
f 2758//2758 2759//2759 2760//2760
f 2758//2758 2760//2760 2761//2761
f 2762//2762 2763//2763 2764//2764
f 2762//2762 2764//2764 2765//2765
f 2766//2766 2767//2767 2575//2575
f 2766//2766 2575//2575 2574//2574
f 2768//2768 2769//2769 2770//2770
f 2768//2768 2770//2770 2771//2771
f 2772//2772 2773//2773 2571//2571
f 2772//2772 2571//2571 2570//2570
f 2774//2774 2775//2775 2776//2776
f 2774//2774 2776//2776 2777//2777
f 2778//2778 2779//2779 2567//2567
f 2778//2778 2567//2567 2566//2566
f 2780//2780 2781//2781 2782//2782
f 2780//2780 2782//2782 2783//2783
f 2784//2784 2785//2785 2555//2555
f 2784//2784 2555//2555 2554//2554
f 2786//2786 2787//2787 2788//2788
f 2786//2786 2788//2788 2789//2789
f 2790//2790 2791//2791 2551//2551
f 2790//2790 2551//2551 2550//2550
f 2792//2792 2793//2793 2794//2794
f 2792//2792 2794//2794 2795//2795
f 2796//2796 2797//2797 2547//2547
f 2796//2796 2547//2547 2546//2546
f 2798//2798 2799//2799 2800//2800
f 2798//2798 2800//2800 2801//2801
f 2802//2802 2803//2803 2543//2543
f 2802//2802 2543//2543 2542//2542
f 2804//2804 2761//2761 2760//2760
f 2804//2804 2760//2760 2805//2805
f 2592//2592 2595//2595 2806//2806
f 2592//2592 2806//2806 2807//2807
f 2684//2684 2687//2687 2808//2808
f 2684//2684 2808//2808 2809//2809
f 2680//2680 2683//2683 2810//2810
f 2680//2680 2810//2810 2811//2811
f 2668//2668 2671//2671 2812//2812
f 2668//2668 2812//2812 2813//2813
f 2660//2660 2663//2663 2814//2814
f 2660//2660 2814//2814 2815//2815
f 2656//2656 2659//2659 2816//2816
f 2656//2656 2816//2816 2817//2817
f 2652//2652 2655//2655 2818//2818
f 2652//2652 2818//2818 2819//2819
f 2677//2677 2676//2676 2799//2799
f 2677//2677 2799//2799 2798//2798
f 2673//2673 2672//2672 2793//2793
f 2673//2673 2793//2793 2792//2792
f 2665//2665 2664//2664 2787//2787
f 2665//2665 2787//2787 2786//2786
f 2557//2557 2556//2556 2781//2781
f 2557//2557 2781//2781 2780//2780
f 2697//2697 2696//2696 2775//2775
f 2697//2697 2775//2775 2774//2774
f 2693//2693 2692//2692 2769//2769
f 2693//2693 2769//2769 2768//2768
f 2689//2689 2688//2688 2763//2763
f 2689//2689 2763//2763 2762//2762
f 2820//2820 2821//2821 2759//2759
f 2820//2820 2759//2759 2758//2758
f 2822//2822 2823//2823 2757//2757
f 2822//2822 2757//2757 2756//2756
f 2596//2596 2599//2599 2751//2751
f 2596//2596 2751//2751 2750//2750
f 2824//2824 2825//2825 2749//2749
f 2824//2824 2749//2749 2748//2748
f 2600//2600 2603//2603 2743//2743
f 2600//2600 2743//2743 2742//2742
f 2604//2604 2607//2607 2737//2737
f 2604//2604 2737//2737 2736//2736
f 2588//2588 2591//2591 2731//2731
f 2588//2588 2731//2731 2730//2730
f 2826//2826 2827//2827 2729//2729
f 2826//2826 2729//2729 2728//2728
f 2700//2700 2703//2703 2723//2723
f 2700//2700 2723//2723 2722//2722
f 2828//2828 2829//2829 2721//2721
f 2828//2828 2721//2721 2720//2720
f 2584//2584 2587//2587 2715//2715
f 2584//2584 2715//2715 2714//2714
f 2830//2830 2831//2831 2713//2713
f 2830//2830 2713//2713 2712//2712
f 2560//2560 2563//2563 2707//2707
f 2560//2560 2707//2707 2706//2706
f 2832//2832 2833//2833 2705//2705
f 2832//2832 2705//2705 2704//2704
f 2306//2306 2834//2834 2835//2835
f 2306//2306 2835//2835 2307//2307
f 2836//2836 2837//2837 2838//2838
f 2836//2836 2838//2838 2839//2839
f 1911//1911 2840//2840 2841//2841
f 1911//1911 2841//2841 1912//1912
f 2842//2842 2843//2843 2844//2844
f 2842//2842 2844//2844 2845//2845
f 2846//2846 1751//1751 1754//1754
f 2846//2846 1754//1754 2847//2847
f 2848//2848 2849//2849 2850//2850
f 2848//2848 2850//2850 2851//2851
f 1827//1827 1737//1737 2852//2852
f 1827//1827 2852//2852 2853//2853
f 2854//2854 2855//2855 2856//2856
f 2854//2854 2856//2856 2857//2857
f 2858//2858 2055//2055 2058//2058
f 2858//2858 2058//2058 2859//2859
f 2244//2244 2860//2860 2861//2861
f 2244//2244 2861//2861 2245//2245
f 2862//2862 2863//2863 2864//2864
f 2862//2862 2864//2864 2865//2865
f 2866//2866 2867//2867 2868//2868
f 2866//2866 2868//2868 2869//2869
f 2440//2440 2870//2870 2871//2871
f 2440//2440 2871//2871 2441//2441
f 2424//2424 2375//2375 2378//2378
f 2424//2424 2378//2378 2425//2425
f 1929//1929 1899//1899 2872//2872
f 1929//1929 2872//2872 2873//2873
f 2874//2874 2875//2875 2876//2876
f 2874//2874 2876//2876 2877//2877
f 2878//2878 2453//2453 2455//2455
f 2878//2878 2455//2455 2879//2879
f 1737//1737 2880//2880 2881//2881
f 1737//1737 2881//2881 2852//2852
f 2882//2882 2883//2883 2884//2884
f 2882//2882 2884//2884 2885//2885
f 2837//2837 2886//2886 2887//2887
f 2837//2837 2887//2887 2838//2838
f 2888//2888 2357//2357 2360//2360
f 2888//2888 2360//2360 2889//2889
f 2890//2890 2891//2891 2892//2892
f 2890//2890 2892//2892 2893//2893
f 1812//1812 1741//1741 2894//2894
f 1812//1812 2894//2894 2895//2895
f 2896//2896 2897//2897 2898//2898
f 2896//2896 2898//2898 2899//2899
f 2900//2900 2488//2488 2490//2490
f 2900//2900 2490//2490 2901//2901
f 2902//2902 2903//2903 2904//2904
f 2902//2902 2904//2904 2905//2905
f 2906//2906 2907//2907 2908//2908
f 2906//2906 2908//2908 2909//2909
f 1755//1755 2910//2910 2911//2911
f 1755//1755 2911//2911 1756//1756
f 2492//2492 2110//2110 2452//2452
f 2492//2492 2452//2452 2493//2493
f 1941//1941 1909//1909 2912//2912
f 1941//1941 2912//2912 2913//2913
f 2914//2914 2011//2011 2014//2014
f 2914//2914 2014//2014 2915//2915
f 2916//2916 2524//2524 2526//2526
f 2916//2916 2526//2526 2917//2917
f 2362//2362 2918//2918 2919//2919
f 2362//2362 2919//2919 2363//2363
f 1985//1985 2109//2109 2920//2920
f 1985//1985 2920//2920 2921//2921
f 2922//2922 2923//2923 2924//2924
f 2922//2922 2924//2924 2925//2925
f 2926//2926 2927//2927 2928//2928
f 2926//2926 2928//2928 2929//2929
f 2886//2886 2930//2930 2931//2931
f 2886//2886 2931//2931 2887//2887
f 1820//1820 1745//1745 2932//2932
f 1820//1820 2932//2932 2933//2933
f 2934//2934 2935//2935 2936//2936
f 2934//2934 2936//2936 2937//2937
f 2843//2843 2938//2938 2939//2939
f 2843//2843 2939//2939 2844//2844
f 2940//2940 2941//2941 2942//2942
f 2940//2940 2942//2942 2943//2943
f 2944//2944 2078//2078 2079//2079
f 2944//2944 2079//2079 2945//2945
f 2039//2039 2010//2010 2946//2946
f 2039//2039 2946//2946 2417//2417
f 1830//1830 2508//2508 2511//2511
f 1830//1830 2511//2511 2947//2947
f 1738//1738 1921//1921 2948//2948
f 1738//1738 2948//2948 2949//2949
f 2950//2950 2951//2951 2952//2952
f 2950//2950 2952//2952 2953//2953
f 2954//2954 2107//2107 2955//2955
f 2954//2954 2955//2955 2956//2956
f 2521//2521 2890//2890 2893//2893
f 2521//2521 2893//2893 2522//2522
f 2855//2855 2957//2957 2958//2958
f 2855//2855 2958//2958 2856//2856
f 2959//2959 2960//2960 2961//2961
f 2959//2959 2961//2961 2962//2962
f 2951//2951 2963//2963 2964//2964
f 2951//2951 2964//2964 2952//2952
f 1742//1742 1933//1933 2965//2965
f 1742//1742 2965//2965 2966//2966
f 2509//2509 1966//1966 1969//1969
f 2509//2509 1969//1969 2510//2510
f 2957//2957 2967//2967 2968//2968
f 2957//2957 2968//2968 2958//2958
f 2969//2969 2970//2970 2971//2971
f 2969//2969 2971//2971 2972//2972
f 2973//2973 2974//2974 2975//2975
f 2973//2973 2975//2975 2976//2976
f 2880//2880 2470//2470 2473//2473
f 2880//2880 2473//2473 2881//2881
f 2977//2977 2978//2978 2979//2979
f 2977//2977 2979//2979 2980//2980
f 2336//2336 2969//2969 2972//2972
f 2336//2336 2972//2972 2337//2337
f 1899//1899 2926//2926 2929//2929
f 1899//1899 2929//2929 2872//2872
f 2117//2117 1928//1928 2981//2981
f 2117//2117 2981//2981 2982//2982
f 2983//2983 2984//2984 2985//2985
f 2983//2983 2985//2985 2986//2986
f 2330//2330 2235//2235 2238//2238
f 2330//2330 2238//2238 2331//2331
f 2987//2987 2103//2103 2988//2988
f 2987//2987 2988//2988 2989//2989
f 2990//2990 2991//2991 2992//2992
f 2990//2990 2992//2992 2993//2993
f 2994//2994 2995//2995 2996//2996
f 2994//2994 2996//2996 2997//2997
f 1746//1746 1945//1945 2531//2531
f 1746//1746 2531//2531 2998//2998
f 2999//2999 2858//2858 2859//2859
f 2999//2999 2859//2859 3000//3000
f 3001//3001 3002//3002 3003//3003
f 3001//3001 3003//3003 3004//3004
f 2428//2428 3005//3005 3006//3006
f 2428//2428 3006//3006 2429//2429
f 3007//3007 3008//3008 3009//3009
f 3007//3007 3009//3009 3010//3010
f 1928//1928 1902//1902 1905//1905
f 1928//1928 1905//1905 2981//2981
f 2113//2113 1940//1940 3011//3011
f 2113//2113 3011//3011 3012//3012
f 2903//2903 3013//3013 3014//3014
f 2903//2903 3014//3014 2904//2904
f 2126//2126 1803//1803 2124//2124
f 2126//2126 2124//2124 2127//2127
f 3015//3015 3016//3016 3017//3017
f 3015//3015 3017//3017 3018//3018
f 3019//3019 2315//2315 2318//2318
f 3019//3019 2318//2318 3020//3020
f 2103//2103 1802//1802 3021//3021
f 2103//2103 3021//3021 2988//2988
f 1811//1811 3022//3022 3023//3023
f 1811//1811 3023//3023 3024//3024
f 3025//3025 3026//3026 3027//3027
f 3025//3025 3027//3027 3028//3028
f 2131//2131 2223//2223 2426//2426
f 2131//2131 2426//2426 3029//3029
f 3030//3030 3031//3031 3032//3032
f 3030//3030 3032//3032 3033//3033
f 3034//3034 3035//3035 3036//3036
f 3034//3034 3036//3036 3037//3037
f 2294//2294 2319//2319 2322//2322
f 2294//2294 2322//2322 2295//2295
f 1797//1797 2023//2023 3038//3038
f 1797//1797 3038//3038 2248//2248
f 3039//3039 1962//1962 3040//3040
f 3039//3039 3040//3040 3041//3041
f 3042//3042 3043//3043 3044//3044
f 3042//3042 3044//3044 3045//3045
f 2224//2224 2066//2066 2338//2338
f 2224//2224 2338//2338 3046//3046
f 3047//3047 3048//3048 3049//3049
f 3047//3047 3049//3049 3050//3050
f 2265//2265 3051//3051 3052//3052
f 2265//2265 3052//3052 2266//2266
f 2883//2883 3053//3053 3054//3054
f 2883//2883 3054//3054 2884//2884
f 3055//3055 3056//3056 3057//3057
f 3055//3055 3057//3057 3058//3058
f 3051//3051 3059//3059 3060//3060
f 3051//3051 3060//3060 3052//3052
f 3061//3061 3062//3062 3063//3063
f 3061//3061 3063//3063 3064//3064
f 1952//1952 1791//1791 2284//2284
f 1952//1952 2284//2284 3065//3065
f 2863//2863 3055//3055 3058//3058
f 2863//2863 3058//3058 2864//2864
f 3043//3043 3066//3066 3067//3067
f 3043//3043 3067//3067 3044//3044
f 2007//2007 2048//2048 3068//3068
f 2007//2007 3068//3068 2454//2454
f 1741//1741 2906//2906 2909//2909
f 1741//1741 2909//2909 2894//2894
f 2875//2875 3069//3069 3070//3070
f 2875//2875 3070//3070 2876//2876
f 3071//3071 2247//2247 2249//2249
f 3071//3071 2249//2249 3072//3072
f 3073//3073 1832//1832 2269//2269
f 3073//3073 2269//2269 3074//3074
f 1792//1792 2053//2053 2091//2091
f 1792//1792 2091//2091 3075//3075
f 3076//3076 3039//3039 3041//3041
f 3076//3076 3041//3041 3077//3077
f 1900//1900 3078//3078 3079//3079
f 1900//1900 3079//3079 1901//1901
f 3062//3062 3080//3080 3081//3081
f 3062//3062 3081//3081 3063//3063
f 3082//3082 2243//2243 2246//2246
f 3082//3082 2246//2246 3083//3083
f 3084//3084 2990//2990 2993//2993
f 3084//3084 2993//2993 3085//3085
f 3008//3008 3086//3086 3087//3087
f 3008//3008 3087//3087 3009//3009
f 1909//1909 2862//2862 2865//2865
f 1909//1909 2865//2865 2912//2912
f 3031//3031 2094//2094 3088//3088
f 3031//3031 3088//3088 3032//3032
f 2050//2050 2130//2130 2466//2466
f 2050//2050 2466//2466 3089//3089
f 3090//3090 2882//2882 2885//2885
f 3090//3090 2885//2885 3091//3091
f 1974//1974 2060//2060 3092//3092
f 1974//1974 3092//3092 3093//3093
f 1991//1991 1831//1831 3094//3094
f 1991//1991 3094//3094 3095//3095
f 3069//3069 3096//3096 3097//3097
f 3069//3069 3097//3097 3070//3070
f 3098//3098 2954//2954 2956//2956
f 3098//3098 2956//2956 3099//3099
f 3100//3100 3047//3047 3050//3050
f 3100//3100 3050//3050 3101//3101
f 2897//2897 3025//3025 3028//3028
f 2897//2897 3028//3028 2898//2898
f 3102//3102 2333//2333 2335//2335
f 3102//3102 2335//2335 3103//3103
f 1940//1940 2016//2016 2019//2019
f 1940//1940 2019//2019 3011//3011
f 3104//3104 3105//3105 3106//3106
f 3104//3104 3106//3106 3107//3107
f 2528//2528 1807//1807 1837//1837
f 2528//2528 1837//1837 2529//2529
f 2063//2063 1819//1819 3108//3108
f 2063//2063 3108//3108 3109//3109
f 2907//2907 3110//3110 3111//3111
f 2907//2907 3111//3111 2908//2908
f 3112//3112 3113//3113 3114//3114
f 3112//3112 3114//3114 3115//3115
f 3116//3116 3117//3117 3118//3118
f 3116//3116 3118//3118 3119//3119
f 1819//1819 2999//2999 3000//3000
f 1819//1819 3000//3000 3108//3108
f 3110//3110 3120//3120 3121//3121
f 3110//3110 3121//3121 3111//3111
f 3122//3122 3123//3123 3124//3124
f 3122//3122 3124//3124 3125//3125
f 2134//2134 3116//3116 3119//3119
f 2134//2134 3119//3119 2135//2135
f 2938//2938 3126//3126 3127//3127
f 2938//2938 3127//3127 2939//2939
f 3128//3128 3129//3129 3130//3130
f 3128//3128 3130//3130 3131//3131
f 2068//2068 2003//2003 3132//3132
f 2068//2068 3132//3132 2489//2489
f 3035//3035 1974//1974 3093//3093
f 3035//3035 3093//3093 3036//3036
f 3133//3133 3073//3073 3074//3074
f 3133//3133 3074//3074 3134//3134
f 3135//3135 3136//3136 3137//3137
f 3135//3135 3137//3137 3138//3138
f 3139//3139 3140//3140 3141//3141
f 3139//3139 3141//3141 3142//3142
f 3143//3143 3015//3015 3018//3018
f 3143//3143 3018//3018 3144//3144
f 1946//1946 2116//2116 2497//2497
f 1946//1946 2497//2497 3145//3145
f 3146//3146 3147//3147 3148//3148
f 3146//3146 3148//3148 3149//3149
f 2098//2098 3150//3150 3151//3151
f 2098//2098 3151//3151 2099//2099
f 3022//3022 2914//2914 2915//2915
f 3022//3022 2915//2915 3023//3023
f 3152//3152 3153//3153 3154//3154
f 3152//3152 3154//3154 3155//3155
f 3156//3156 3139//3139 3142//3142
f 3156//3156 3142//3142 3157//3157
f 3158//3158 2097//2097 2100//2100
f 3158//3158 2100//2100 3159//3159
f 1745//1745 2854//2854 2857//2857
f 1745//1745 2857//2857 2932//2932
f 2984//2984 1794//1794 1973//1973
f 2984//2984 1973//1973 2985//2985
f 1906//1906 1811//1811 3024//3024
f 1906//1906 3024//3024 3160//3160
f 2083//2083 2456//2456 2459//2459
f 2083//2083 2459//2459 2084//2084
f 1962//1962 2093//2093 3161//3161
f 1962//1962 3161//3161 3040//3040
f 2094//2094 1806//1806 3162//3162
f 2094//2094 3162//3162 3088//3088
f 2431//2431 3163//3163 3164//3164
f 2431//2431 3164//3164 2432//2432
f 3165//3165 2940//2940 2943//2943
f 3165//3165 2943//2943 3166//3166
f 3167//3167 2987//2987 2989//2989
f 3167//3167 2989//2989 3168//3168
f 2376//2376 3169//3169 3170//3170
f 2376//2376 3170//3170 2377//2377
f 1921//1921 1747//1747 1750//1750
f 1921//1921 1750//1750 2948//2948
f 1934//1934 2120//2120 3171//3171
f 1934//1934 3171//3171 3172//3172
f 3002//3002 1985//1985 2921//2921
f 3002//3002 2921//2921 3003//3003
f 3173//3173 3174//3174 3175//3175
f 3173//3173 3175//3175 3176//3176
f 1752//1752 3177//3177 3178//3178
f 1752//1752 3178//3178 1753//1753
f 3179//3179 3180//3180 3181//3181
f 3179//3179 3181//3181 3182//3182
f 2464//2464 2072//2072 2073//2073
f 2464//2464 2073//2073 2465//2465
f 3183//3183 2866//2866 2869//2869
f 3183//3183 2869//2869 3184//3184
f 2927//2927 3179//3179 3182//3182
f 2927//2927 3182//3182 2928//2928
f 2076//2076 1994//1994 3185//3185
f 2076//2076 3185//3185 3186//3186
f 1951//1951 3082//3082 3083//3083
f 1951//1951 3083//3083 3187//3187
f 2935//2935 2994//2994 2997//2997
f 2935//2935 2997//2997 2936//2936
f 3188//3188 3189//3189 3190//3190
f 3188//3188 3190//3190 3191//3191
f 1896//1896 1830//1830 2947//2947
f 1896//1896 2947//2947 3192//3192
f 2849//2849 2020//2020 2515//2515
f 2849//2849 2515//2515 2850//2850
f 1933//1933 2024//2024 2025//2025
f 1933//1933 2025//2025 2965//2965
f 2974//2974 3193//3193 3194//3194
f 2974//2974 3194//3194 2975//2975
f 3195//3195 3196//3196 3197//3197
f 3195//3195 3197//3197 3198//3198
f 2978//2978 1991//1991 3095//3095
f 2978//2978 3095//3095 2979//2979
f 2475//2475 3199//3199 3200//3200
f 2475//2475 3200//3200 2476//2476
f 1786//1786 3201//3201 3202//3202
f 1786//1786 3202//3202 1787//1787
f 3203//3203 3204//3204 3205//3205
f 3203//3203 3205//3205 3206//3206
f 3207//3207 1914//1914 1917//1917
f 3207//3207 1917//1917 3208//3208
f 1922//1922 1951//1951 3187//3187
f 1922//1922 3187//3187 3209//3209
f 3210//3210 2950//2950 2953//2953
f 3210//3210 2953//2953 3211//3211
f 2107//2107 2102//2102 3212//3212
f 2107//2107 3212//3212 2955//2955
f 2000//2000 1793//1793 3213//3213
f 2000//2000 3213//3213 2525//2525
f 2120//2120 2258//2258 2259//2259
f 2120//2120 2259//2259 3171//3171
f 3214//3214 3215//3215 3216//3216
f 3214//3214 3216//3216 3217//3217
f 2960//2960 2076//2076 3186//3186
f 2960//2960 3186//3186 2961//2961
f 2923//2923 3218//3218 3219//3219
f 2923//2923 3219//3219 2924//2924
f 3220//3220 3221//3221 3222//3222
f 3220//3220 3222//3222 3223//3223
f 3224//3224 2043//2043 2046//2046
f 3224//3224 2046//2046 3225//3225
f 1826//1826 1824//1824 1825//1825
f 1824//1824 1826//1826 1823//1823
f 1823//1823 1826//1826 1822//1822
f 1845//1845 1843//1843 1844//1844
f 1843//1843 1845//1845 1842//1842
f 1842//1842 1845//1845 1846//1846
f 1849//1849 1847//1847 1848//1848
f 1847//1847 1849//1849 1850//1850
f 1847//1847 1850//1850 1851//1851
f 1854//1854 1852//1852 1853//1853
f 1852//1852 1854//1854 1855//1855
f 1852//1852 1855//1855 1856//1856
f 1858//1858 1861//1861 1857//1857
f 1861//1861 1858//1858 1860//1860
f 1860//1860 1858//1858 1859//1859
f 1863//1863 1866//1866 1862//1862
f 1866//1866 1863//1863 1865//1865
f 1865//1865 1863//1863 1864//1864
f 1867//1867 1870//1870 1871//1871
f 1870//1870 1867//1867 1868//1868
f 1870//1870 1868//1868 1869//1869
f 1873//1873 1826//1826 1872//1872
f 1826//1826 1873//1873 1843//1843
f 1826//1826 1843//1843 1822//1822
f 1851//1851 1853//1853 1847//1847
f 1853//1853 1851//1851 1874//1874
f 1853//1853 1874//1874 1783//1783
f 1857//1857 1775//1775 1863//1863
f 1775//1775 1857//1857 1861//1861
f 1775//1775 1861//1861 1875//1875
f 1867//1867 1877//1877 1823//1823
f 1877//1877 1867//1867 1876//1876
f 1876//1876 1867//1867 1871//1871
f 1878//1878 1842//1842 1846//1846
f 1842//1842 1878//1878 1879//1879
f 1842//1842 1879//1879 1848//1848
f 1856//1856 1858//1858 1852//1852
f 1858//1858 1856//1856 1880//1880
f 1858//1858 1880//1880 1881//1881
f 1862//1862 1883//1883 1868//1868
f 1883//1883 1862//1862 1882//1882
f 1882//1882 1862//1862 1866//1866
f 2053//2053 2130//2130 2050//2050
f 2130//2130 2053//2053 2131//2131
f 2131//2131 2053//2053 1792//1792
f 2131//2131 1792//1792 2223//2223
f 2223//2223 1792//1792 1791//1791
f 2223//2223 1791//1791 2224//2224
f 2224//2224 1791//1791 1952//1952
f 2224//2224 1952//1952 2066//2066
f 2066//2066 1952//1952 1951//1951
f 2066//2066 1951//1951 2063//2063
f 2063//2063 1951//1951 1922//1922
f 2063//2063 1922//1922 1819//1819
f 1819//1819 1922//1922 1921//1921
f 1819//1819 1921//1921 1820//1820
f 1820//1820 1921//1921 1738//1738
f 1820//1820 1738//1738 1745//1745
f 1745//1745 1738//1738 1737//1737
f 1745//1745 1737//1737 1746//1746
f 1746//1746 1737//1737 1827//1827
f 1746//1746 1827//1827 1945//1945
f 1945//1945 1827//1827 1830//1830
f 1945//1945 1830//1830 1946//1946
f 1946//1946 1830//1830 1896//1896
f 1946//1946 1896//1896 2116//2116
f 2116//2116 1896//1896 1899//1899
f 2116//2116 1899//1899 2113//2113
f 2113//2113 1899//1899 1929//1929
f 2113//2113 1929//1929 1940//1940
f 1940//1940 1929//1929 1928//1928
f 1940//1940 1928//1928 1941//1941
f 1941//1941 1928//1928 2117//2117
f 1941//1941 2117//2117 1909//1909
f 1909//1909 2117//2117 2120//2120
f 1909//1909 2120//2120 1906//1906
f 1906//1906 2120//2120 1934//1934
f 1906//1906 1934//1934 1811//1811
f 1811//1811 1934//1934 1933//1933
f 1811//1811 1933//1933 1812//1812
f 1812//1812 1933//1933 1742//1742
f 1812//1812 1742//1742 1741//1741
#1454 polygons

g Object_12

#
# object Object_12
#

v 52.1172 48.065666 -100.70842
v 52.1172 48.05762 -99.492836
v 52.1172 48.04958 -98.27724
v 52.1172 47.094177 -97.52562
v 52.1172 46.138775 -96.774
v 52.1172 44.955456 -97.05234
v 52.1172 43.772133 -97.33068
v 52.1172 43.251953 -98.429375
v 52.1172 42.73178 -99.52807
v 52.1172 43.26645 -100.61979
v 52.1172 43.801117 -101.7115
v 52.1172 44.98802 -101.97416
v 52.1172 46.174923 -102.23681
v 52.1172 47.120296 -101.47262
v 49.198536 51.184784 -106.5007
v 49.198536 47.81801 -109.22225
v 55.015114 49.561108 -116.63289
v 55.015114 55.496662 -111.83485
v 49.198536 54.52291 -99.45005
v 49.198536 54.55155 -103.77915
v 55.015114 61.43222 -107.03679
v 55.015114 61.381718 -99.404655
v 49.198536 51.09177 -92.44418
v 49.198536 54.494267 -95.12094
v 55.015114 61.33122 -91.77252
v 55.015114 55.332684 -87.05345
v 49.198536 43.475086 -90.758675
v 49.198536 47.689278 -89.76743
v 55.015114 49.334152 -82.33437
v 55.015114 41.904606 -84.081924
v 49.198536 37.40837 -95.662735
v 49.198536 39.260895 -91.74992
v 55.015114 34.47506 -85.82947
v 55.015114 31.209103 -92.72769
v 49.198536 37.459988 -103.46351
v 49.198536 35.55585 -99.575554
v 55.015118 27.943146 -99.625916
v 55.015114 31.300102 -106.48034
v 49.198536 43.59107 -108.286865
v 49.198536 39.364124 -107.35147
v 55.015114 34.657066 -113.33473
v 55.015114 42.109085 -114.98381
v 54.509003 48.347317 -102.99053
v 54.509003 46.67095 -104.345634
v 49.198536 47.81801 -109.22225
v 49.198536 51.184784 -106.5007
v 54.509003 50.00942 -99.47991
v 54.509003 50.02368 -101.63544
v 49.198536 54.55155 -103.77915
v 49.198536 54.52291 -99.45005
v 54.509003 48.301006 -95.991585
v 54.509003 49.995155 -97.324394
v 49.198536 54.494267 -95.12094
v 49.198536 51.09177 -92.44418
v 54.509003 44.508545 -95.15236
v 54.509003 46.606857 -94.6588
v 49.198536 47.689278 -89.76743
v 49.198536 43.475086 -90.758675
v 54.509003 41.487846 -97.594154
v 54.509003 42.41024 -95.645905
v 49.198536 39.260895 -91.74992
v 49.198536 37.40837 -95.662735
v 54.509003 41.513546 -101.47828
v 54.509003 40.56545 -99.542404
v 49.198536 35.55585 -99.575554
v 49.198536 37.459988 -103.46351
v 54.509003 44.566296 -103.8799
v 54.509003 42.46164 -103.41415
v 49.198536 39.364124 -107.35147
v 49.198536 43.59107 -108.286865
v 55.015114 41.904606 -84.081924
v 55.015114 49.334152 -82.33437
v 55.06767 49.608044 -81.09667
v 55.015114 41.670662 -83.08732
v 55.015114 61.381718 -99.404655
v 55.015114 61.43222 -107.03679
v 55.06767 62.577938 -107.57924
v 55.015114 62.403442 -99.3979
v 55.015114 42.109085 -114.98381
v 55.015114 34.657066 -113.33473
v 55.067673 33.873272 -114.33103
v 55.015114 41.88832 -115.981415
v 55.015114 31.209103 -92.72769
v 55.015114 34.47506 -85.82947
v 55.067673 33.67816 -84.843636
v 55.015118 30.285627 -92.290474
v 55.015114 55.332684 -87.05345
v 55.015114 61.33122 -91.77252
v 55.06767 62.469658 -91.21497
v 55.015114 55.96443 -86.25042
v 55.015114 55.496662 -111.83485
v 55.015114 49.561108 -116.63289
v 55.06767 49.851353 -117.86685
v 55.015114 56.138985 -112.62944
v 55.015114 31.300102 -106.48034
v 55.015118 27.943146 -99.625916
v 55.067673 26.675531 -99.634315
v 55.015118 30.382498 -106.929726
v 55.015114 41.88832 -115.981415
v 55.067673 33.873272 -114.33103
v 53.656296 34.248055 -113.85463
v 53.553627 42.042107 -115.286476
v 55.015118 30.285627 -92.290474
v 55.067673 33.67816 -84.843636
v 53.65731 34.05848 -85.31412
v 53.553627 30.928934 -92.59505
v 55.015114 55.96443 -86.25042
v 55.06767 62.469658 -91.21497
v 53.657307 61.926334 -91.481064
v 53.553627 55.524345 -86.80982
v 55.015114 56.138985 -112.62944
v 55.06767 49.851353 -117.86685
v 53.657307 49.71283 -117.27794
v 53.553627 55.691532 -112.07591
v 55.015118 30.382498 -106.929726
v 55.067673 26.675531 -99.634315
v 53.656296 27.28166 -99.6303
v 53.553627 31.021713 -106.61667
v 55.015114 41.670662 -83.08732
v 55.06767 49.608044 -81.09667
v 53.657307 49.47733 -81.68737
v 53.553627 41.83363 -83.780174
v 55.015114 62.403442 -99.3979
v 55.06767 62.577938 -107.57924
v 53.657307 62.031143 -107.320366
v 53.553627 61.691692 -99.40261
v 54.509003 47.8535 -102.379654
v 54.509003 46.471325 -103.49694
v 54.509003 46.67095 -104.345634
v 54.509003 48.347317 -102.99053
v 54.509003 49.22392 -99.485115
v 54.509003 49.23568 -101.26235
v 54.509003 50.02368 -101.63544
v 54.509003 50.00942 -99.47991
v 54.509003 47.81532 -96.60897
v 54.509003 49.21216 -97.70786
v 54.509003 49.995155 -97.324394
v 54.509003 48.301006 -95.991585
v 54.509003 44.688404 -95.91701
v 54.509003 46.41848 -95.51006
v 54.509003 46.606857 -94.6588
v 54.509003 44.508545 -95.15236
v 54.509003 42.19781 -97.9303
v 54.509003 42.958332 -96.32394
v 54.509003 42.41024 -95.645905
v 54.509003 41.487846 -97.594154
v 54.509003 42.218998 -101.13278
v 54.509003 41.437286 -99.536644
v 54.509003 40.56545 -99.542404
v 54.509003 41.513546 -101.47828
v 54.509003 44.73602 -103.11293
v 54.509003 43.000713 -102.72892
v 54.509003 42.46164 -103.41415
v 54.509003 44.566296 -103.8799
v 54.509003 46.471325 -103.49694
v 54.509003 47.8535 -102.379654
v 54.509003 49.23568 -101.26235
v 54.509003 49.22392 -99.485115
v 54.509003 49.21216 -97.70786
v 54.509003 47.81532 -96.60897
v 54.509003 46.41848 -95.51006
v 54.509003 44.688404 -95.91701
v 54.509003 42.958332 -96.32394
v 54.509003 42.19781 -97.9303
v 54.509003 41.437286 -99.536644
v 54.509003 42.218998 -101.13278
v 54.509003 43.000713 -102.72892
v 54.509003 44.73602 -103.11293
v 44.7128 47.782955 -99.223076
v 52.90994 36.971737 -115.28835
v 52.92079 32.226677 -111.953285
v 44.712803 44.983868 -97.23325
v 46.821743 44.027294 -98.75114
v 55.25883 31.984169 -112.882744
v 57.550213 34.51773 -109.965096
v 48.93068 43.108902 -100.31459
v 48.93068 43.108902 -100.31459
v 57.550213 34.51773 -109.965096
v 57.550213 38.179417 -112.56814
v 48.93068 45.283234 -101.86028
v 46.82174 46.514004 -100.5189
v 55.250275 36.197968 -115.85531
v 52.90994 36.971737 -115.28835
v 44.7128 47.782955 -99.223076
v 46.821743 44.027294 -98.75114
v 46.82174 46.514004 -100.5189
v 55.25883 31.984169 -112.882744
v 52.92079 32.226677 -111.953285
v 52.90994 36.971737 -115.28835
v 55.250275 36.197968 -115.85531
v 57.550213 34.51773 -109.965096
v 55.25883 31.984169 -112.882744
v 55.250275 36.197968 -115.85531
v 57.550213 38.179417 -112.56814
v 44.712803 44.983868 -97.23325
v 44.7128 47.782955 -99.223076
v 48.93068 45.283234 -101.86028
v 57.550213 38.179417 -112.56814
v 44.712803 44.983868 -97.23325
v 52.92079 32.226677 -111.953285
v 44.712803 44.76162 -97.377205
v 52.90985 62.803207 -104.410484
v 52.921127 60.588467 -109.771
v 44.712803 43.432594 -100.543915
v 46.821743 45.12302 -101.14513
v 55.260002 61.549843 -109.805084
v 57.55021 58.146282 -107.97005
v 48.93068 46.849567 -101.6991
v 48.93068 46.849567 -101.6991
v 57.55021 58.146282 -107.97005
v 57.55021 59.88488 -103.82746
v 48.93068 47.881958 -99.2392
v 46.82174 46.30373 -98.33182
v 55.249672 63.524723 -105.04111
v 52.90985 62.803207 -104.410484
v 44.712803 44.76162 -97.377205
v 46.821743 45.12302 -101.14513
v 46.82174 46.30373 -98.33182
v 55.260002 61.549843 -109.805084
v 52.921127 60.588467 -109.771
v 52.90985 62.803207 -104.410484
v 55.249672 63.524723 -105.04111
v 57.55021 58.146282 -107.97005
v 55.260002 61.549843 -109.805084
v 55.249672 63.524723 -105.04111
v 57.55021 59.88488 -103.82746
v 44.712803 43.432594 -100.543915
v 44.712803 44.76162 -97.377205
v 48.93068 47.881958 -99.2392
v 57.55021 59.88488 -103.82746
v 44.712803 43.432594 -100.543915
v 52.921127 60.588467 -109.771
v 44.7128 46.73012 -97.5833
v 52.90965 52.37625 -116.10529
v 52.921516 46.795734 -117.68645
v 44.712803 43.42048 -98.50012
v 46.82174 43.9949 -100.19984
v 55.2616 47.364433 -118.46492
v 57.550213 46.697994 -114.65245
v 48.93068 44.62877 -101.898674
v 48.93068 44.62877 -101.898674
v 57.550213 46.697994 -114.65245
v 57.55021 51.027576 -113.453094
v 48.93068 47.199707 -101.18649
v 46.82174 46.935192 -99.38534
v 55.248646 52.327126 -117.06077
v 52.90965 52.37625 -116.10529
v 44.7128 46.73012 -97.5833
v 46.82174 43.9949 -100.19984
v 46.82174 46.935192 -99.38534
v 55.2616 47.364433 -118.46492
v 52.921516 46.795734 -117.68645
v 52.90965 52.37625 -116.10529
v 55.248646 52.327126 -117.06077
v 57.550213 46.697994 -114.65245
v 55.2616 47.364433 -118.46492
v 55.248646 52.327126 -117.06077
v 57.55021 51.027576 -113.453094
v 44.712803 43.42048 -98.50012
v 44.7128 46.73012 -97.5833
v 48.93068 47.199707 -101.18649
v 57.55021 51.027576 -113.453094
v 44.712803 43.42048 -98.50012
v 52.921516 46.795734 -117.68645
v 44.7128 47.14798 -101.10191
v 52.90973 27.836329 -102.5202
v 52.921406 27.526575 -96.72833
v 44.7128 46.984356 -97.67153
v 46.821743 45.199768 -97.856575
v 55.261097 26.64256 -97.111244
v 57.550213 30.50698 -97.30268
v 48.93068 43.402912 -98.09981
v 48.93068 43.402912 -98.09981
v 57.550213 30.50698 -97.30268
v 57.550213 30.721033 -101.79022
v 48.93068 43.530018 -100.76453
v 46.821743 45.345135 -100.90414
v 55.248997 26.914724 -102.261444
v 52.90973 27.836329 -102.5202
v 44.7128 47.14798 -101.10191
v 46.821743 45.199768 -97.856575
v 46.821743 45.345135 -100.90414
v 55.261097 26.64256 -97.111244
v 52.921406 27.526575 -96.72833
v 52.90973 27.836329 -102.5202
v 55.248997 26.914724 -102.261444
v 57.550213 30.50698 -97.30268
v 55.261097 26.64256 -97.111244
v 55.248997 26.914724 -102.261444
v 57.550213 30.721033 -101.79022
v 44.7128 46.984356 -97.67153
v 44.7128 47.14798 -101.10191
v 48.93068 43.530018 -100.76453
v 57.550213 30.721033 -101.79022
v 44.7128 46.984356 -97.67153
v 52.921406 27.526575 -96.72833
v 44.712803 45.214256 -101.754654
v 52.90678 32.589996 -87.08317
v 52.9211 37.05505 -83.38294
v 44.7128 47.873985 -99.58206
v 46.82174 46.66342 -98.25785
v 55.26721 36.21425 -82.88765
v 57.550213 38.366364 -86.11932
v 48.93068 45.3988 -96.9584
v 48.93068 45.3988 -96.9584
v 57.550213 38.366364 -86.11932
v 57.550213 34.886982 -88.96145
v 48.93068 43.33272 -98.646065
v 46.82174 44.300518 -100.18798
v 55.23996 32.257504 -86.19668
v 52.90678 32.589996 -87.08317
v 44.712803 45.214256 -101.754654
v 46.82174 46.66342 -98.25785
v 46.82174 44.300518 -100.18798
v 55.26721 36.21425 -82.88765
v 52.9211 37.05505 -83.38294
v 52.90678 32.589996 -87.08317
v 55.23996 32.257504 -86.19668
v 57.550213 38.366364 -86.11932
v 55.26721 36.21425 -82.88765
v 55.23996 32.257504 -86.19668
v 57.550213 34.886982 -88.96145
v 44.7128 47.873985 -99.58206
v 44.712803 45.214256 -101.754654
v 48.93068 43.33272 -98.646065
v 57.550213 34.886982 -88.96145
v 44.7128 47.873985 -99.58206
v 52.9211 37.05505 -83.38294
v 44.712803 43.589455 -100.67719
v 52.90777 47.0195 -81.62545
v 52.92168 52.707123 -82.75993
v 44.7128 46.952698 -101.37209
v 46.82174 47.217422 -99.59757
v 55.266495 52.56026 -81.79806
v 57.55021 51.40907 -85.504486
v 48.93068 47.42885 -97.7967
v 48.93068 47.42885 -97.7967
v 57.55021 51.40907 -85.504486
v 57.550213 47.009365 -84.595436
v 48.93068 44.816273 -97.2569
v 46.821743 44.22951 -98.98022
v 55.242535 47.498367 -80.80568
v 52.90777 47.0195 -81.62545
v 44.712803 43.589455 -100.67719
v 46.82174 47.217422 -99.59757
v 46.821743 44.22951 -98.98022
v 55.266495 52.56026 -81.79806
v 52.92168 52.707123 -82.75993
v 52.90777 47.0195 -81.62545
v 55.242535 47.498367 -80.80568
v 57.55021 51.40907 -85.504486
v 55.266495 52.56026 -81.79806
v 55.242535 47.498367 -80.80568
v 57.550213 47.009365 -84.595436
v 44.7128 46.952698 -101.37209
v 44.712803 43.589455 -100.67719
v 48.93068 44.816273 -97.2569
v 57.550213 47.009365 -84.595436
v 44.7128 46.952698 -101.37209
v 52.92168 52.707123 -82.75993
v 44.712803 43.41845 -98.69141
v 52.906364 60.5616 -89.708626
v 52.92079 63.15758 -94.89374
v 44.712803 44.934017 -101.773186
v 46.82174 46.49747 -100.89308
v 55.267338 63.83117 -94.18626
v 57.55021 60.196587 -95.55274
v 48.93068 48.049026 -99.95471
v 48.93068 48.049026 -99.95471
v 57.55021 60.196587 -95.55274
v 57.55021 58.213963 -91.52125
v 48.93068 46.871727 -97.56079
v 46.82174 45.15104 -98.15523
v 55.238922 61.49935 -89.58554
v 52.906364 60.5616 -89.708626
v 44.712803 43.41845 -98.69141
v 46.82174 46.49747 -100.89308
v 46.82174 45.15104 -98.15523
v 55.267338 63.83117 -94.18626
v 52.92079 63.15758 -94.89374
v 52.906364 60.5616 -89.708626
v 55.238922 61.49935 -89.58554
v 57.55021 60.196587 -95.55274
v 55.267338 63.83117 -94.18626
v 55.238922 61.49935 -89.58554
v 57.55021 58.213963 -91.52125
v 44.712803 44.934017 -101.773186
v 44.712803 43.41845 -98.69141
v 48.93068 46.871727 -97.56079
v 57.55021 58.213963 -91.52125
v 44.712803 44.934017 -101.773186
v 52.92079 63.15758 -94.89374
# 392 vertices

vn 0.8073233 -0.53335273 0.25251552
vn 0.8558166 -0.5172682 -0.0034181392
vn 0.8073265 -0.5299672 -0.25953594
vn 0.85582566 -0.31981295 -0.40654922
vn 0.80732536 -0.12747878 -0.57617265
vn 0.8558204 0.118414715 -0.5035369
vn 0.8073286 0.3709629 -0.45891964
vn 0.85582364 0.46752605 -0.22132635
vn 0.8073129 0.59011096 0.0038758835
vn 0.85581446 0.4645607 0.22751933
vn 0.8073227 0.36485636 0.46379936
vn 0.8558172 0.11176109 0.505061
vn 0.8073246 -0.13510847 0.57443255
vn 0.85582185 -0.32518294 0.40227473
vn 0.7855931 -0.38896632 0.4811952
vn 0.8155278 -0.13248274 0.56334955
vn 0.8155278 -0.13248274 0.56334955
vn 0.7855931 -0.38896632 0.4811952
vn 0.7855859 -0.61873925 -0.0040895264
vn 0.8155266 -0.52306366 0.24763049
vn 0.8155266 -0.52306366 0.24763049
vn 0.7855859 -0.61873925 -0.0040895264
vn 0.7855985 -0.38255996 -0.48629525
vn 0.8155288 -0.5197385 -0.25452846
vn 0.8155288 -0.5197385 -0.25452846
vn 0.7855985 -0.38255996 -0.48629525
vn 0.78558403 0.14166826 -0.60231876
vn 0.8155234 -0.12503545 -0.56505555
vn 0.8155234 -0.12503545 -0.56505555
vn 0.78558403 0.14166826 -0.60231876
vn 0.7855962 0.5592349 -0.26475456
vn 0.81552577 0.36381578 -0.4500621
vn 0.81552577 0.36381578 -0.4500621
vn 0.7855962 0.5592349 -0.26475456
vn 0.78558904 0.55568963 0.2721378
vn 0.81552994 0.5787022 0.003814881
vn 0.81552994 0.5787022 0.003814881
vn 0.78558904 0.55568963 0.2721378
vn 0.7855956 0.13367431 0.6041282
vn 0.8155381 0.35780895 0.45482993
vn 0.8155381 0.35780895 0.45482993
vn 0.7855956 0.13367431 0.6041282
vn 0.6751052 0.46376297 -0.573722
vn 0.7126003 0.1606243 -0.68293536
vn 0.7126003 0.1606243 -0.68293536
vn 0.6751052 0.46376297 -0.573722
vn 0.6751084 0.7377027 0.0048525035
vn 0.71259326 0.634098 -0.30021757
vn 0.71259326 0.634098 -0.30021757
vn 0.6751084 0.7377027 0.0048525035
vn 0.67510957 0.45613623 0.57979894
vn 0.712594 0.63007003 0.30858016
vn 0.712594 0.63007003 0.30858016
vn 0.67510957 0.45613623 0.57979894
vn 0.67511624 -0.16889344 0.71811783
vn 0.71259373 0.15158913 0.68500435
vn 0.71259373 0.15158913 0.68500435
vn 0.67511624 -0.16889344 0.71811783
vn 0.6751079 -0.6667761 0.31565663
vn 0.7125921 -0.44103244 0.5456217
vn 0.7125921 -0.44103244 0.5456217
vn 0.6751079 -0.6667761 0.31565663
vn 0.6751056 -0.6625317 -0.32447547
vn 0.7125865 -0.701569 -0.004638877
vn 0.7125865 -0.701569 -0.004638877
vn 0.6751056 -0.6625317 -0.32447547
vn 0.6751044 -0.15936863 -0.7203026
vn 0.71260154 -0.43377462 -0.5513971
vn 0.71260154 -0.43377462 -0.5513971
vn 0.6751044 -0.15936863 -0.7203026
vn 0.99976265 0.0049746353 -0.021210508
vn 0.99978137 -0.00451677 -0.020417403
vn 0.99978137 -0.00451677 -0.020417403
vn 0.99976265 0.0049746353 -0.021210508
vn 0.99976265 -0.02179028 -0.00012207487
vn 0.9997816 -0.01889136 0.008942153
vn 0.9997816 -0.01889136 0.008942153
vn 0.99976265 -0.02179028 -0.00012207487
vn 0.9997628 0.0046999673 0.021271547
vn 0.99978185 0.012909749 0.016419385
vn 0.99978185 0.012909749 0.016419385
vn 0.9997628 0.0046999673 0.021271547
vn 0.9997629 0.01968466 -0.009308211
vn 0.9997816 0.013123381 -0.016266784
vn 0.9997816 0.013123381 -0.016266784
vn 0.9997629 0.01968466 -0.009308211
vn 0.9997629 -0.013458674 -0.017121004
vn 0.9997817 -0.018769287 -0.009186309
vn 0.9997817 -0.018769287 -0.009186309
vn 0.9997629 -0.013458674 -0.017121004
vn 0.99976265 -0.01370282 0.01693789
vn 0.9997815 -0.004760925 0.020356368
vn 0.9997815 -0.004760925 0.020356368
vn 0.99976265 -0.01370282 0.01693789
vn 0.9997628 0.019562583 0.009582878
vn 0.9997815 0.020905798 0.00012207717
vn 0.9997815 0.020905798 0.00012207717
vn 0.9997628 0.019562583 0.009582878
vn -0.42479998 -0.19559908 -0.88390386
vn -0.46572477 -0.54715043 -0.6955048
vn -0.46572477 -0.54715043 -0.6955048
vn -0.42479998 -0.19559908 -0.88390386
vn -0.42480186 -0.8182298 0.3873544
vn -0.46554366 -0.55636966 0.6882747
vn -0.46554366 -0.55636966 0.6882747
vn -0.42480186 -0.8182298 0.3873544
vn -0.42471275 0.5597625 0.7115372
vn -0.4655433 0.79481715 0.3892752
vn -0.4655433 0.79481715 0.3892752
vn -0.42471275 0.5597625 0.7115372
vn -0.42470527 0.56912196 -0.70407796
vn -0.46553788 0.20261604 -0.86152273
vn -0.46553788 0.20261604 -0.86152273
vn -0.42470527 0.56912196 -0.70407796
vn -0.42485753 -0.8130006 -0.3981533
vn -0.4656894 -0.8849291 -0.00582913
vn -0.4656894 -0.8849291 -0.00582913
vn -0.42485753 -0.8130006 -0.3981533
vn -0.42470875 -0.20728819 0.8812799
vn -0.4655422 0.19120368 0.86412483
vn -0.4655422 0.19120368 0.86412483
vn -0.42470875 -0.20728819 0.8812799
vn -0.4247016 0.9053137 0.005981711
vn -0.465539 0.7999066 -0.378712
vn -0.465539 0.7999066 -0.378712
vn -0.4247016 0.9053137 0.005981711
vn 1 8.4293696E-08 0
vn 1 8.4293696E-08 0
vn 1 8.4293696E-08 0
vn 1 8.4293696E-08 0
vn 1 8.4293696E-08 0
vn 1 8.4293696E-08 0
vn 1 8.4293696E-08 0
vn 1 8.4293696E-08 0
vn 1 8.4293696E-08 0
vn 1 8.4293696E-08 0
vn 1 8.4293696E-08 0
vn 1 8.4293696E-08 0
vn 1 8.4293696E-08 0
vn 1 8.4293696E-08 0
vn 1 8.4293696E-08 0
vn 1 8.4293696E-08 0
vn 1 8.4293696E-08 0
vn 1 8.4293696E-08 0
vn 1 8.4293696E-08 0
vn 1 8.4293696E-08 0
vn 1 8.4293696E-08 0
vn 1 8.4293696E-08 0
vn 1 8.4293696E-08 0
vn 1 8.4293696E-08 0
vn 1 8.4293696E-08 0
vn 1 8.4293696E-08 0
vn 1 8.4293696E-08 0
vn 1 8.4293696E-08 0
vn 0.50347924 -0.19782697 0.8410548
vn 0.46484256 -0.5566146 0.6885505
vn 0.5034831 -0.78090686 0.36971533
vn 0.46484408 -0.8853734 -0.005829243
vn 0.5034739 -0.7759484 -0.380024
vn 0.46484295 -0.5474286 -0.69587564
vn 0.5034703 -0.18668406 -0.84360343
vn 0.46484455 0.20271148 -0.8618745
vn 0.50347406 0.54314905 -0.67193973
vn 0.46483704 0.8002426 -0.37886468
vn 0.50347185 0.86399287 0.0057070525
vn 0.46484134 0.7951532 0.3894279
vn 0.50348085 0.53421414 0.67905986
vn 0.4648367 0.1912939 0.8644846
vn -0.9306322 -0.21186669 -0.29838952
vn -0.7251646 -0.3973284 -0.5623757
vn -0.71867216 -0.4012394 -0.5679061
vn -0.9306322 -0.21186669 -0.29838952
vn 0.1964821 -0.6879313 0.6986741
vn 0.13749048 -0.70951766 0.6911449
vn 0.064577386 -0.73204935 0.678184
vn 0.064577386 -0.73204935 0.678184
vn 0.77109855 0.3689164 0.5189488
vn 0.84864134 0.30647168 0.43114164
vn 0.84864134 0.30647168 0.43114164
vn 0.7686977 0.37059984 0.5213057
vn 0.19330835 0.85621536 -0.47908998
vn 0.14536335 0.8556085 -0.49679315
vn 0.21006122 0.85590136 -0.472554
vn 0.21006122 0.85590136 -0.472554
vn 0.67636675 0.42675024 0.60034347
vn 0.67631245 0.426785 0.60037994
vn -0.38426596 -0.532009 -0.75452375
vn -0.71867216 -0.4012394 -0.5679061
vn -0.7251646 -0.3973284 -0.5623757
vn -0.38426596 -0.532009 -0.75452375
vn 0.87407494 -0.28010678 -0.39690447
vn 0.87407494 -0.28010678 -0.39690447
vn 0.87407494 -0.28010678 -0.39690447
vn 0.87407494 -0.28010678 -0.39690447
vn 0.67487895 0.42754856 0.6014489
vn 0.67487895 0.42754856 0.6014489
vn 0.088902116 0.85206324 -0.5158341
vn 0.088902116 0.85206324 -0.5158341
vn 0.21800125 -0.6793043 0.7007291
vn 0.21800125 -0.6793043 0.7007291
vn -0.9306291 0.33754486 -0.14139654
vn -0.7252398 0.63569486 -0.26442274
vn -0.7186379 0.64206487 -0.26704383
vn -0.9306291 0.33754486 -0.14139654
vn 0.1964511 -0.5311839 -0.8241667
vn 0.13748698 -0.5191238 -0.84356856
vn 0.06460889 -0.50155014 -0.8627127
vn 0.06460889 -0.50155014 -0.8627127
vn 0.77110595 -0.5871037 0.24638398
vn 0.8486436 -0.4877556 0.20469135
vn 0.8486436 -0.4877556 0.20469135
vn 0.7686925 -0.5897876 0.24751243
vn 0.19331172 0.28007928 0.9403118
vn 0.14539249 0.29749924 0.94358647
vn 0.2100971 0.2737611 0.9385702
vn 0.2100971 0.2737611 0.9385702
vn 0.67636573 -0.6791734 0.285049
vn 0.6763186 -0.6792179 0.28505483
vn -0.38433376 0.85277945 -0.35363096
vn -0.7186379 0.64206487 -0.26704383
vn -0.7252398 0.63569486 -0.26442274
vn -0.38433376 0.85277945 -0.35363096
vn 0.874138 0.44860542 -0.18610759
vn 0.874138 0.44860542 -0.18610759
vn 0.874138 0.44860542 -0.18610759
vn 0.874138 0.44860542 -0.18610759
vn 0.67487824 -0.6804326 0.28557116
vn 0.67487824 -0.6804326 0.28557116
vn 0.08887171 0.31688026 0.9442928
vn 0.08887171 0.31688026 0.9442928
vn 0.21793981 -0.5350679 -0.8162136
vn 0.21793981 -0.5350679 -0.8162136
vn -0.93063 0.097906366 -0.3526219
vn -0.7253269 0.1861385 -0.66276187
vn -0.71859425 0.18805641 -0.6695201
vn -0.93063 0.097906366 -0.3526219
vn 0.19642082 -0.97609144 -0.09308316
vn 0.13746019 -0.983859 -0.11457042
vn 0.064669244 -0.98801297 -0.14017247
vn 0.064669244 -0.98801297 -0.14017247
vn 0.7710953 -0.16996074 0.61361676
vn 0.8486338 -0.14121 0.5097846
vn 0.8486338 -0.14121 0.5097846
vn 0.7686943 -0.17075646 0.61640203
vn 0.19334218 0.91183686 0.3621772
vn 0.14539528 0.9252015 0.35051754
vn 0.21012627 0.90654945 0.3660807
vn 0.21012627 0.90654945 0.3660807
vn 0.6763603 -0.19663335 0.7098395
vn 0.6763125 -0.1966372 0.7098839
vn -0.3844516 0.250716 -0.8884472
vn -0.71859425 0.18805641 -0.6695201
vn -0.7253269 0.1861385 -0.66276187
vn -0.3844516 0.250716 -0.8884472
vn 0.8741917 0.13205661 -0.46727931
vn 0.8741917 0.13205661 -0.46727931
vn 0.8741917 0.13205661 -0.46727931
vn 0.8741917 0.13205661 -0.46727931
vn 0.6748689 -0.19700071 0.711156
vn 0.6748689 -0.19700071 0.711156
vn 0.0888709 0.9377536 0.3357382
vn 0.0888709 0.9377536 0.3357382
vn 0.21790726 -0.97225064 -0.08511809
vn 0.21790726 -0.97225064 -0.08511809
vn -0.9306316 -0.36553234 -0.017640281
vn -0.72529364 -0.6875413 -0.03515836
vn -0.71861273 -0.6945025 -0.03552473
vn -0.9306316 -0.36553234 -0.017640281
vn 0.19642347 0.12464164 0.9725649
vn 0.1374581 0.10541305 0.9848824
vn 0.06463956 0.08133355 0.9945887
vn 0.06463956 0.08133355 0.9945887
vn 0.7710999 0.6359912 0.030336158
vn 0.84863865 0.5283736 0.025178082
vn 0.84863865 0.5283736 0.025178082
vn 0.7686922 0.63889325 0.030458366
vn 0.1933398 0.15195563 -0.9692932
vn 0.14539273 0.13764092 -0.979753
vn 0.21009158 0.15692781 -0.9650053
vn 0.21009158 0.15692781 -0.9650053
vn 0.6763683 0.73572844 0.035066657
vn 0.6763049 0.73578686 0.03506653
vn -0.38442087 -0.9218962 -0.04825099
vn -0.71861273 -0.6945025 -0.03552473
vn -0.72529364 -0.6875413 -0.03515836
vn -0.38442087 -0.9218962 -0.04825099
vn 0.8741756 -0.48494092 -0.025483053
vn 0.8741756 -0.48494092 -0.025483053
vn 0.8741756 -0.48494092 -0.025483053
vn 0.8741756 -0.48494092 -0.025483053
vn 0.67487 0.73709863 0.035158064
vn 0.67487 0.73709863 0.035158064
vn 0.08887205 0.12045949 -0.98873216
vn 0.08887205 0.12045949 -0.98873216
vn 0.21790682 0.13156812 0.96706074
vn 0.21790682 0.13156812 0.96706074
vn -0.93062806 -0.23173389 0.28325057
vn -0.72579163 -0.438173 0.5303123
vn -0.7183941 -0.4431405 0.53622437
vn -0.93062806 -0.23173389 0.28325057
vn 0.1961456 0.8558445 0.47859907
vn 0.13727722 0.85430545 0.5013155
vn 0.06482265 0.8478226 0.5263031
vn 0.06482265 0.8478226 0.5263031
vn 0.7711057 0.40279645 -0.4931036
vn 0.84864354 0.33464158 -0.40965736
vn 0.84864354 0.33464158 -0.40965736
vn 0.76869524 0.40462792 -0.4953624
vn 0.19349396 -0.68858194 -0.698867
vn 0.14536491 -0.70558256 -0.69355786
vn 0.21033812 -0.68216425 -0.7002927
vn 0.21033812 -0.68216425 -0.7002927
vn 0.676369 0.465969 -0.57043654
vn 0.67631453 0.466004 -0.5704726
vn -0.3849373 -0.58935434 0.71027094
vn -0.7183941 -0.4431405 0.53622437
vn -0.72579163 -0.438173 0.5303123
vn -0.3849373 -0.58935434 0.71027094
vn 0.87385404 -0.31166124 0.37315732
vn 0.87385404 -0.31166124 0.37315732
vn 0.87385404 -0.31166124 0.37315732
vn 0.87385404 -0.31166124 0.37315732
vn 0.6748749 0.4668244 -0.57150584
vn 0.6748749 0.4668244 -0.57150584
vn 0.088656686 -0.7231085 -0.6850213
vn 0.088656686 -0.7231085 -0.6850213
vn 0.21757248 0.85554934 0.4697846
vn 0.21757248 0.85554934 0.4697846
vn -0.93062973 0.07376544 0.358451
vn -0.72570145 0.1357161 0.6744912
vn -0.71842235 0.1371533 0.6819519
vn -0.93062973 0.07376544 0.358451
vn 0.1962401 0.91103655 -0.36263227
vn 0.13733594 0.9277201 -0.3470939
vn 0.06479193 0.9430397 -0.32631004
vn 0.06479193 0.9430397 -0.32631004
vn 0.77110326 -0.12882236 -0.62354195
vn 0.8486406 -0.10702991 -0.51802874
vn 0.8486406 -0.10702991 -0.51802874
vn 0.76869804 -0.12940319 -0.626385
vn 0.19345923 -0.9766039 0.093906574
vn 0.14539164 -0.9831935 0.11041701
vn 0.21027476 -0.9736724 0.08801627
vn 0.21027476 -0.9736724 0.08801627
vn 0.67637175 -0.14902635 -0.7213269
vn 0.6763089 -0.14902595 -0.72138596
vn -0.38481823 0.18033868 0.9052032
vn -0.71842235 0.1371533 0.6819519
vn -0.72570145 0.1357161 0.6744912
vn -0.38481823 0.18033868 0.9052032
vn 0.87404746 0.09372541 0.47671434
vn 0.87404746 0.09372541 0.47671434
vn 0.87404746 0.09372541 0.47671434
vn 0.87404746 0.09372541 0.47671434
vn 0.67487615 -0.14930099 -0.7226696
vn 0.67487615 -0.14930099 -0.7226696
vn 0.08871796 -0.9876159 0.12939931
vn 0.08871796 -0.9876159 0.12939931
vn 0.2176616 0.904004 -0.36796787
vn 0.2176616 0.904004 -0.36796787
vn -0.93062276 0.32829523 0.1617519
vn -0.7258185 0.61552036 0.30711928
vn -0.7183685 0.6224455 0.31065816
vn -0.93062276 0.32829523 0.1617519
vn 0.19611558 0.2728711 -0.94184935
vn 0.13724358 0.29536217 -0.94547635
vn 0.0648223 0.3211513 -0.9448068
vn 0.0648223 0.3211513 -0.9448068
vn 0.7711026 -0.5713532 -0.28099188
vn 0.8486334 -0.47468773 -0.2334375
vn 0.8486334 -0.47468773 -0.2334375
vn 0.7687056 -0.5739578 -0.28224832
vn 0.19352268 -0.5252365 0.828659
vn 0.14536326 -0.5162027 0.8440405
vn 0.21033843 -0.52807385 0.8227368
vn 0.21033843 -0.52807385 0.8227368
vn 0.67637455 -0.66096205 -0.32503334
vn 0.67630744 -0.6610172 -0.32506093
vn -0.38497287 0.8249417 0.41384426
vn -0.7183685 0.6224455 0.31065816
vn -0.7258185 0.61552036 0.30711928
vn -0.38497287 0.8249417 0.41384426
vn 0.8737542 0.4339779 0.21958303
vn 0.8737542 0.4339779 0.21958303
vn 0.8737542 0.4339779 0.21958303
vn 0.8737542 0.4339779 0.21958303
vn 0.67488194 -0.6621856 -0.32564506
vn 0.67488194 -0.6621856 -0.32564506
vn 0.08862835 -0.5039362 0.8591819
vn 0.08862835 -0.5039362 0.8591819
vn 0.217542 0.26435873 -0.93956906
vn 0.217542 0.26435873 -0.93956906
# 392 vertex normals

usemtl Material_007
s 128
f 3240//3240 3241//3241 3242//3242
f 3240//3240 3242//3242 3243//3243
f 3244//3244 3245//3245 3246//3246
f 3244//3244 3246//3246 3247//3247
f 3248//3248 3249//3249 3250//3250
f 3248//3248 3250//3250 3251//3251
f 3252//3252 3253//3253 3254//3254
f 3252//3252 3254//3254 3255//3255
f 3256//3256 3257//3257 3258//3258
f 3256//3256 3258//3258 3259//3259
f 3260//3260 3261//3261 3262//3262
f 3260//3260 3262//3262 3263//3263
f 3264//3264 3265//3265 3266//3266
f 3264//3264 3266//3266 3267//3267
f 3268//3268 3269//3269 3270//3270
f 3268//3268 3270//3270 3271//3271
f 3272//3272 3273//3273 3274//3274
f 3272//3272 3274//3274 3275//3275
f 3276//3276 3277//3277 3278//3278
f 3276//3276 3278//3278 3279//3279
f 3280//3280 3281//3281 3282//3282
f 3280//3280 3282//3282 3283//3283
f 3284//3284 3285//3285 3286//3286
f 3284//3284 3286//3286 3287//3287
f 3288//3288 3289//3289 3290//3290
f 3288//3288 3290//3290 3291//3291
f 3292//3292 3293//3293 3294//3294
f 3292//3292 3294//3294 3295//3295
f 3296//3296 3297//3297 3298//3298
f 3296//3296 3298//3298 3299//3299
f 3300//3300 3301//3301 3302//3302
f 3300//3300 3302//3302 3303//3303
f 3304//3304 3305//3305 3306//3306
f 3304//3304 3306//3306 3307//3307
f 3308//3308 3309//3309 3310//3310
f 3308//3308 3310//3310 3311//3311
f 3312//3312 3313//3313 3314//3314
f 3312//3312 3314//3314 3315//3315
f 3316//3316 3317//3317 3318//3318
f 3316//3316 3318//3318 3319//3319
f 3320//3320 3321//3321 3322//3322
f 3320//3320 3322//3322 3323//3323
f 3324//3324 3325//3325 3326//3326
f 3324//3324 3326//3326 3327//3327
f 3328//3328 3329//3329 3330//3330
f 3328//3328 3330//3330 3331//3331
f 3332//3332 3333//3333 3334//3334
f 3332//3332 3334//3334 3335//3335
f 3336//3336 3337//3337 3338//3338
f 3336//3336 3338//3338 3339//3339
f 3340//3340 3341//3341 3342//3342
f 3340//3340 3342//3342 3343//3343
f 3344//3344 3345//3345 3346//3346
f 3344//3344 3346//3346 3347//3347
f 3348//3348 3349//3349 3350//3350
f 3348//3348 3350//3350 3351//3351
f 3337//3337 3324//3324 3327//3327
f 3337//3337 3327//3327 3338//3338
f 3317//3317 3304//3304 3307//3307
f 3317//3317 3307//3307 3318//3318
f 3269//3269 3292//3292 3295//3295
f 3269//3269 3295//3295 3270//3270
f 3241//3241 3264//3264 3267//3267
f 3241//3241 3267//3267 3242//3242
f 3325//3325 3340//3340 3343//3343
f 3325//3325 3343//3343 3326//3326
f 3305//3305 3320//3320 3323//3323
f 3305//3305 3323//3323 3306//3306
f 3293//3293 3288//3288 3291//3291
f 3293//3293 3291//3291 3294//3294
f 3265//3265 3260//3260 3263//3263
f 3265//3265 3263//3263 3266//3266
f 3341//3341 3328//3328 3331//3331
f 3341//3341 3331//3331 3342//3342
f 3321//3321 3308//3308 3311//3311
f 3321//3321 3311//3311 3322//3322
f 3289//3289 3284//3284 3287//3287
f 3289//3289 3287//3287 3290//3290
f 3261//3261 3256//3256 3259//3259
f 3261//3261 3259//3259 3262//3262
f 3329//3329 3344//3344 3347//3347
f 3329//3329 3347//3347 3330//3330
f 3309//3309 3296//3296 3299//3299
f 3309//3309 3299//3299 3310//3310
f 3285//3285 3280//3280 3283//3283
f 3285//3285 3283//3283 3286//3286
f 3257//3257 3252//3252 3255//3255
f 3257//3257 3255//3255 3258//3258
f 3345//3345 3332//3332 3335//3335
f 3345//3345 3335//3335 3346//3346
f 3297//3297 3312//3312 3315//3315
f 3297//3297 3315//3315 3298//3298
f 3281//3281 3276//3276 3279//3279
f 3281//3281 3279//3279 3282//3282
f 3253//3253 3248//3248 3251//3251
f 3253//3253 3251//3251 3254//3254
f 3333//3333 3348//3348 3351//3351
f 3333//3333 3351//3351 3334//3334
f 3313//3313 3300//3300 3303//3303
f 3313//3313 3303//3303 3314//3314
f 3277//3277 3272//3272 3275//3275
f 3277//3277 3275//3275 3278//3278
f 3249//3249 3244//3244 3247//3247
f 3249//3249 3247//3247 3250//3250
f 3349//3349 3336//3336 3339//3339
f 3349//3349 3339//3339 3350//3350
f 3301//3301 3316//3316 3319//3319
f 3301//3301 3319//3319 3302//3302
f 3273//3273 3268//3268 3271//3271
f 3273//3273 3271//3271 3274//3274
f 3245//3245 3240//3240 3243//3243
f 3245//3245 3243//3243 3246//3246
f 3352//3352 3353//3353 3354//3354
f 3352//3352 3354//3354 3355//3355
f 3356//3356 3357//3357 3358//3358
f 3356//3356 3358//3358 3359//3359
f 3360//3360 3361//3361 3362//3362
f 3360//3360 3362//3362 3363//3363
f 3364//3364 3365//3365 3366//3366
f 3364//3364 3366//3366 3367//3367
f 3368//3368 3369//3369 3370//3370
f 3368//3368 3370//3370 3371//3371
f 3372//3372 3373//3373 3374//3374
f 3372//3372 3374//3374 3375//3375
f 3376//3376 3377//3377 3378//3378
f 3376//3376 3378//3378 3379//3379
f 3353//3353 3376//3376 3379//3379
f 3353//3353 3379//3379 3354//3354
f 3377//3377 3372//3372 3375//3375
f 3377//3377 3375//3375 3378//3378
f 3373//3373 3368//3368 3371//3371
f 3373//3373 3371//3371 3374//3374
f 3369//3369 3364//3364 3367//3367
f 3369//3369 3367//3367 3370//3370
f 3365//3365 3360//3360 3363//3363
f 3365//3365 3363//3363 3366//3366
f 3361//3361 3356//3356 3359//3359
f 3361//3361 3359//3359 3362//3362
f 3357//3357 3352//3352 3355//3355
f 3357//3357 3355//3355 3358//3358
f 3239//3239 3238//3238 3380//3380
f 3239//3239 3380//3380 3381//3381
f 3227//3227 3226//3226 3382//3382
f 3227//3227 3382//3382 3383//3383
f 3229//3229 3228//3228 3384//3384
f 3229//3229 3384//3384 3385//3385
f 3231//3231 3230//3230 3386//3386
f 3231//3231 3386//3386 3387//3387
f 3233//3233 3232//3232 3388//3388
f 3233//3233 3388//3388 3389//3389
f 3235//3235 3234//3234 3390//3390
f 3235//3235 3390//3390 3391//3391
f 3237//3237 3236//3236 3392//3392
f 3237//3237 3392//3392 3393//3393
f 3238//3238 3237//3237 3393//3393
f 3238//3238 3393//3393 3380//3380
f 3236//3236 3235//3235 3391//3391
f 3236//3236 3391//3391 3392//3392
f 3234//3234 3233//3233 3389//3389
f 3234//3234 3389//3389 3390//3390
f 3232//3232 3231//3231 3387//3387
f 3232//3232 3387//3387 3388//3388
f 3230//3230 3229//3229 3385//3385
f 3230//3230 3385//3385 3386//3386
f 3228//3228 3227//3227 3383//3383
f 3228//3228 3383//3383 3384//3384
f 3226//3226 3239//3239 3381//3381
f 3226//3226 3381//3381 3382//3382
f 3394//3394 3395//3395 3396//3396
f 3394//3394 3396//3396 3397//3397
f 3398//3398 3399//3399 3400//3400
f 3398//3398 3400//3400 3401//3401
f 3402//3402 3403//3403 3404//3404
f 3402//3402 3404//3404 3405//3405
f 3406//3406 3407//3407 3408//3408
f 3406//3406 3408//3408 3409//3409
f 3410//3410 3402//3402 3405//3405
f 3410//3410 3405//3405 3411//3411
f 3412//3412 3413//3413 3414//3414
f 3412//3412 3414//3414 3415//3415
f 3416//3416 3417//3417 3418//3418
f 3416//3416 3418//3418 3419//3419
f 3420//3420 3410//3410 3411//3411
f 3420//3420 3411//3411 3421//3421
f 3422//3422 3423//3423 3407//3407
f 3422//3422 3407//3407 3406//3406
f 3424//3424 3425//3425 3399//3399
f 3424//3424 3399//3399 3398//3398
f 3426//3426 3427//3427 3428//3428
f 3426//3426 3428//3428 3429//3429
f 3430//3430 3431//3431 3432//3432
f 3430//3430 3432//3432 3433//3433
f 3434//3434 3435//3435 3436//3436
f 3434//3434 3436//3436 3437//3437
f 3438//3438 3439//3439 3440//3440
f 3438//3438 3440//3440 3441//3441
f 3442//3442 3434//3434 3437//3437
f 3442//3442 3437//3437 3443//3443
f 3444//3444 3445//3445 3446//3446
f 3444//3444 3446//3446 3447//3447
f 3448//3448 3449//3449 3450//3450
f 3448//3448 3450//3450 3451//3451
f 3452//3452 3442//3442 3443//3443
f 3452//3452 3443//3443 3453//3453
f 3454//3454 3455//3455 3439//3439
f 3454//3454 3439//3439 3438//3438
f 3456//3456 3457//3457 3431//3431
f 3456//3456 3431//3431 3430//3430
f 3458//3458 3459//3459 3460//3460
f 3458//3458 3460//3460 3461//3461
f 3462//3462 3463//3463 3464//3464
f 3462//3462 3464//3464 3465//3465
f 3466//3466 3467//3467 3468//3468
f 3466//3466 3468//3468 3469//3469
f 3470//3470 3471//3471 3472//3472
f 3470//3470 3472//3472 3473//3473
f 3474//3474 3466//3466 3469//3469
f 3474//3474 3469//3469 3475//3475
f 3476//3476 3477//3477 3478//3478
f 3476//3476 3478//3478 3479//3479
f 3480//3480 3481//3481 3482//3482
f 3480//3480 3482//3482 3483//3483
f 3484//3484 3474//3474 3475//3475
f 3484//3484 3475//3475 3485//3485
f 3486//3486 3487//3487 3471//3471
f 3486//3486 3471//3471 3470//3470
f 3488//3488 3489//3489 3463//3463
f 3488//3488 3463//3463 3462//3462
f 3490//3490 3491//3491 3492//3492
f 3490//3490 3492//3492 3493//3493
f 3494//3494 3495//3495 3496//3496
f 3494//3494 3496//3496 3497//3497
f 3498//3498 3499//3499 3500//3500
f 3498//3498 3500//3500 3501//3501
f 3502//3502 3503//3503 3504//3504
f 3502//3502 3504//3504 3505//3505
f 3506//3506 3498//3498 3501//3501
f 3506//3506 3501//3501 3507//3507
f 3508//3508 3509//3509 3510//3510
f 3508//3508 3510//3510 3511//3511
f 3512//3512 3513//3513 3514//3514
f 3512//3512 3514//3514 3515//3515
f 3516//3516 3506//3506 3507//3507
f 3516//3516 3507//3507 3517//3517
f 3518//3518 3519//3519 3503//3503
f 3518//3518 3503//3503 3502//3502
f 3520//3520 3521//3521 3495//3495
f 3520//3520 3495//3495 3494//3494
f 3522//3522 3523//3523 3524//3524
f 3522//3522 3524//3524 3525//3525
f 3526//3526 3527//3527 3528//3528
f 3526//3526 3528//3528 3529//3529
f 3530//3530 3531//3531 3532//3532
f 3530//3530 3532//3532 3533//3533
f 3534//3534 3535//3535 3536//3536
f 3534//3534 3536//3536 3537//3537
f 3538//3538 3530//3530 3533//3533
f 3538//3538 3533//3533 3539//3539
f 3540//3540 3541//3541 3542//3542
f 3540//3540 3542//3542 3543//3543
f 3544//3544 3545//3545 3546//3546
f 3544//3544 3546//3546 3547//3547
f 3548//3548 3538//3538 3539//3539
f 3548//3548 3539//3539 3549//3549
f 3550//3550 3551//3551 3535//3535
f 3550//3550 3535//3535 3534//3534
f 3552//3552 3553//3553 3527//3527
f 3552//3552 3527//3527 3526//3526
f 3554//3554 3555//3555 3556//3556
f 3554//3554 3556//3556 3557//3557
f 3558//3558 3559//3559 3560//3560
f 3558//3558 3560//3560 3561//3561
f 3562//3562 3563//3563 3564//3564
f 3562//3562 3564//3564 3565//3565
f 3566//3566 3567//3567 3568//3568
f 3566//3566 3568//3568 3569//3569
f 3570//3570 3562//3562 3565//3565
f 3570//3570 3565//3565 3571//3571
f 3572//3572 3573//3573 3574//3574
f 3572//3572 3574//3574 3575//3575
f 3576//3576 3577//3577 3578//3578
f 3576//3576 3578//3578 3579//3579
f 3580//3580 3570//3570 3571//3571
f 3580//3580 3571//3571 3581//3581
f 3582//3582 3583//3583 3567//3567
f 3582//3582 3567//3567 3566//3566
f 3584//3584 3585//3585 3559//3559
f 3584//3584 3559//3559 3558//3558
f 3586//3586 3587//3587 3588//3588
f 3586//3586 3588//3588 3589//3589
f 3590//3590 3591//3591 3592//3592
f 3590//3590 3592//3592 3593//3593
f 3594//3594 3595//3595 3596//3596
f 3594//3594 3596//3596 3597//3597
f 3598//3598 3599//3599 3600//3600
f 3598//3598 3600//3600 3601//3601
f 3602//3602 3594//3594 3597//3597
f 3602//3602 3597//3597 3603//3603
f 3604//3604 3605//3605 3606//3606
f 3604//3604 3606//3606 3607//3607
f 3608//3608 3609//3609 3610//3610
f 3608//3608 3610//3610 3611//3611
f 3612//3612 3602//3602 3603//3603
f 3612//3612 3603//3603 3613//3613
f 3614//3614 3615//3615 3599//3599
f 3614//3614 3599//3599 3598//3598
f 3616//3616 3617//3617 3591//3591
f 3616//3616 3591//3591 3590//3590
f 3239//3239 3237//3237 3238//3238
f 3237//3237 3239//3239 3236//3236
f 3236//3236 3239//3239 3235//3235
f 3235//3235 3239//3239 3226//3226
f 3235//3235 3226//3226 3227//3227
f 3235//3235 3227//3227 3234//3234
f 3234//3234 3227//3227 3233//3233
f 3233//3233 3227//3227 3228//3228
f 3233//3233 3228//3228 3232//3232
f 3232//3232 3228//3228 3229//3229
f 3232//3232 3229//3229 3230//3230
f 3232//3232 3230//3230 3231//3231
#320 polygons

g Object_14

#
# object Object_14
#

v 42.048 21.423185 103.04566
v 42.048004 20.637636 105.432205
v 38.942173 22.20365 108.002594
v 38.94217 22.732252 105.75529
v 42.048 41.871944 137.87027
v 42.048004 44.37345 138.10507
v 38.942173 46.53093 136.00636
v 38.94217 44.22234 135.99109
v 42.047997 71.27316 110.18501
v 42.048 70.94544 107.69397
v 38.94217 68.419266 106.057594
v 38.942165 68.91808 108.31171
v 42.04799 23.388361 98.95792
v 44.904556 23.148247 98.8132
v 44.785446 22.14796 98.21034
v 41.80123 22.398808 98.36153
v 44.904564 25.874098 95.126366
v 42.048 26.08479 95.31088
v 41.801247 25.215723 94.55153
v 44.785454 24.995617 94.358765
v 47.761124 21.8092 100.68531
v 47.76966 20.749079 100.166115
v 47.76112 70.895294 119.58768
v 47.76112 71.48276 117.09012
v 47.769657 72.6423 117.30398
v 47.769657 72.02859 119.91314
v 55.27569 40.193974 88.17583
v 55.275715 36.06704 89.50704
v 55.62004 35.64403 88.48834
v 55.620018 39.955383 87.09764
v 53.450447 37.781017 87.81622
v 50.60578 37.675507 87.48194
v 50.741432 37.32437 86.37275
v 53.71321 37.434597 86.72197
v 47.76112 44.076195 138.651
v 44.90456 41.832554 138.14755
v 44.785454 41.667183 139.30237
v 47.769657 44.01108 139.82831
v 56.888847 32.31351 128.65837
v 56.52863 33.07913 127.71124
v 56.529884 36.403343 129.91904
v 56.889805 35.673897 130.889
v 47.76112 39.48488 138.01917
v 47.76112 44.076195 138.651
v 47.769657 44.01108 139.82831
v 47.76966 39.2146 139.16824
v 56.888844 64.419174 121.553635
v 56.528625 63.325424 121.017975
v 56.52988 64.73816 117.28583
v 56.8898 65.84612 117.781136
v 44.904564 33.160778 135.29317
v 42.048 33.29378 135.0467
v 41.801247 32.746853 136.06296
v 44.785454 32.607906 136.32043
v 42.048 37.73963 87.681496
v 42.048004 35.383976 88.55531
v 38.942173 34.35075 91.382286
v 38.94217 36.437347 90.39438
v 55.27571 69.86558 108.148125
v 55.27571 69.34731 105.80612
v 53.450443 70.806984 107.720314
v 53.450443 71.13261 110.19538
v 55.275715 33.89908 90.53346
v 53.450447 35.440468 88.684425
v 53.450447 37.781017 87.81622
v 44.904552 37.36174 137.13028
v 44.785446 36.996586 138.23964
v 55.275715 25.414204 126.6062
v 55.275715 26.897306 128.49141
v 53.450447 24.751648 127.40011
v 53.450447 23.384382 125.31144
v 55.27571 63.953697 128.73662
v 55.27571 65.46162 126.87119
v 53.450443 64.87513 129.20589
v 53.450443 63.14307 131.00365
v 42.048004 53.32721 136.92711
v 38.94217 54.62949 134.21422
v 38.942223 50.664894 135.49298
v 42.04799 48.906013 137.93935
v 47.761124 46.99065 85.957596
v 47.76112 44.424976 85.94062
v 47.769657 44.375446 84.76256
v 47.76966 47.055763 84.78029
v 42.048 67.8046 99.22683
v 38.94217 64.86995 98.560875
v 38.942223 66.99885 102.14152
v 42.047985 69.77526 103.311935
v 53.553627 42.042107 96.52736
v 53.656296 34.248055 97.9592
v 56.529884 36.637245 94.570274
v 56.529884 37.454178 94.1835
v 53.629303 42.012127 96.39189
v 38.942226 21.784275 112.147156
v 42.04799 19.790636 109.888
v 42.048004 19.793678 114.42359
v 38.942173 22.14877 116.2969
v 55.27571 44.170975 136.95123
v 55.27572 46.569588 136.9671
v 53.450447 44.378582 137.96422
v 53.450447 41.893116 137.73093
v 55.275692 67.726906 123.17361
v 55.620018 68.71862 123.6593
v 55.620037 66.35211 127.522125
v 50.60578 57.873196 89.37776
v 53.450443 57.707325 89.68657
v 53.71321 58.251316 88.67589
v 50.741436 58.4246 88.35329
v 53.553627 55.691532 99.737915
v 53.657307 49.71283 94.53589
v 56.52988 53.85176 94.29201
v 56.52988 54.6635 94.68956
v 53.629303 55.778755 99.63002
v 53.553627 61.691692 112.41122
v 53.657307 62.031143 104.49347
v 56.52988 64.80239 107.577354
v 56.52988 64.99769 108.45987
v 53.629303 61.830437 112.41213
v 53.553627 55.524345 125.004005
v 53.657307 61.926334 120.33276
v 56.52988 61.243103 124.42219
v 56.52988 60.67489 125.125114
v 53.629303 55.610134 125.11305
v 53.553627 41.83363 128.03366
v 53.657307 49.47733 130.12646
v 56.52988 45.8541 132.142
v 56.52988 44.950253 132.13602
v 53.629303 41.80186 128.16872
v 53.553627 30.928934 119.21878
v 53.65731 34.05848 126.49971
v 56.529884 30.22362 124.92362
v 56.529884 29.66476 124.213234
v 53.629307 30.80353 119.27815
v 53.553627 31.021713 105.19717
v 53.656296 27.28166 112.183525
v 56.529884 26.121733 108.20264
v 56.529884 26.32869 107.32278
v 53.629307 30.89711 105.13614
v 56.52988 45.21274 92.46659
v 56.52988 46.11659 92.47257
v 56.52988 64.94511 116.40597
v 56.529884 37.215084 130.31659
v 56.529884 29.823738 100.18642
v 56.529884 30.391958 99.483475
v 56.52988 60.843224 99.68498
v 56.52988 61.40209 100.39536
v 56.52988 54.429604 130.03831
v 56.52988 53.612667 130.4251
v 56.529884 26.264446 117.031235
v 56.529884 26.069153 116.14872
v 56.52863 33.284103 96.7339
v 56.52863 25.722662 112.17321
v 56.528625 49.81393 131.64754
v 56.528625 63.439182 103.826836
v 56.528625 50.069534 93.0194
v 56.52862 41.252914 92.96107
v 56.52862 27.741425 103.59063
v 56.52862 27.627666 120.78175
v 56.52862 40.997314 131.58919
v 56.52862 57.78274 127.8747
v 56.528618 65.34418 112.435394
v 56.52862 57.987713 96.89736
v 38.94217 22.64758 118.551
v 42.048004 20.1214 116.91462
v 42.04799 21.29158 121.29667
v 38.942223 24.067991 122.46709
v 42.048 41.871944 137.87027
v 41.801247 41.708332 139.0127
v 42.048004 24.638329 127.48392
v 44.904564 24.411558 127.64827
v 44.785458 23.467726 128.33391
v 41.80125 23.704634 128.16222
v 38.94217 56.716087 133.22632
v 42.048 55.682865 136.05328
v 42.047985 59.69465 133.93736
v 38.94222 60.21791 130.97011
v 44.904564 30.986082 133.98253
v 47.761124 32.7891 135.40959
v 47.76966 32.219616 136.44205
v 44.785458 30.336033 134.95122
v 53.450447 33.35952 134.92203
v 50.60578 33.19364 135.23083
v 50.741432 32.642242 136.25531
v 53.71321 32.815525 135.93271
v 56.889805 25.220722 106.82745
v 56.888847 26.647673 103.05496
v 42.04799 23.388361 98.95792
v 38.942223 24.204361 101.858345
v 38.94217 26.380463 98.30619
v 42.048 26.08479 95.31088
v 56.889805 28.58669 124.77065
v 56.888844 26.526924 121.302895
v 42.048 23.262243 125.38177
v 42.048004 24.638329 127.48392
v 38.942173 27.624336 127.862175
v 38.94217 26.196898 126.04772
v 56.8898 44.713894 133.32643
v 56.88884 40.71846 132.7747
v 42.047985 37.449394 136.86398
v 38.942223 40.095528 135.42303
v 38.94217 36.14821 134.09192
v 42.048 33.29378 135.0467
v 56.8898 61.45822 126.05212
v 56.88884 58.53575 128.83188
v 42.048 63.238815 131.10709
v 42.048 64.982056 129.29773
v 38.94217 64.68638 126.302414
v 38.942165 63.235054 128.09781
v 56.8898 66.210846 108.425415
v 56.88884 66.56203 112.44345
v 42.04798 71.27621 114.7206
v 38.94222 69.28257 112.46145
v 38.942165 68.8632 116.60601
v 42.047997 70.42921 119.1764
v 56.8898 55.392952 93.71959
v 56.88884 58.75333 95.950226
v 42.048004 27.828022 93.50152
v 38.942173 27.831789 96.51078
v 38.942226 30.848927 93.63849
v 42.04799 31.372189 90.67124
v 56.888847 24.504812 112.16515
v 56.889805 24.909143 108.15212
v 56.889805 25.15002 117.511856
v 56.889805 24.855997 116.18319
v 44.904556 27.399397 131.12617
v 42.04799 27.593918 130.92429
v 41.801235 26.79229 131.75632
v 44.785446 26.58908 131.96724
v 55.27571 54.9998 135.10156
v 53.450443 53.285824 136.79237
v 53.450462 48.887596 137.79935
v 55.275696 50.872868 136.43277
v 47.761124 19.523027 116.7463
v 47.761124 20.077383 119.25142
v 47.76966 18.93988 119.56185
v 47.769665 18.360748 116.94479
v 56.8898 55.146145 131.01785
v 55.275692 67.868805 101.729645
v 55.620018 68.86687 101.25711
v 55.620037 70.41144 105.51575
v 55.27571 65.65264 98.002396
v 53.450443 67.682465 99.29716
v 53.450462 69.64289 103.36104
v 47.76112 71.54382 107.8623
v 44.90456 71.55225 110.161705
v 44.78545 72.71491 110.06596
v 47.769653 72.7061 107.66381
v 44.90456 70.69908 119.25122
v 42.047997 70.42921 119.1764
v 41.801243 71.54167 119.483475
v 44.78545 71.82361 119.56165
v 55.275692 23.339931 101.43499
v 53.450466 23.50929 99.0308
v 53.450447 26.19171 95.4027
v 55.275715 25.605228 97.7374
v 47.76112 35.093323 136.53809
v 47.76966 34.6268 137.62099
v 55.27569 39.875145 136.35999
v 53.450462 37.493538 136.72987
v 53.450447 33.35952 134.92203
v 55.275715 35.766186 134.97429
v 56.889805 29.428087 125.84017
v 44.90455 71.555336 114.746796
v 47.76112 71.9495 112.47909
v 47.769653 73.129906 112.48691
v 44.785442 72.71813 114.85594
v 55.27569 70.24507 112.46782
v 53.450462 71.135635 114.707405
v 53.450443 70.29302 119.14006
v 55.27571 69.80845 116.782104
v 56.8898 62.31369 124.99382
v 56.8898 53.916214 131.60016
v 56.888847 50.077072 132.83664
v 55.27571 46.89587 87.657364
v 53.450447 49.17373 86.87766
v 53.450462 53.573303 87.87873
v 55.275696 51.1917 88.248604
v 47.761124 55.651913 136.67412
v 47.76112 57.97087 135.57622
v 47.769657 58.526638 136.61613
v 47.76966 56.10406 137.76309
v 56.8898 61.638756 98.768425
v 42.048 64.982056 129.29773
v 44.90456 65.19274 129.48224
v 44.78545 66.07122 130.24983
v 41.801247 65.85112 130.05708
v 55.27572 27.113144 95.87199
v 53.450447 27.923765 93.60495
v 53.450466 31.449522 90.789375
v 55.275696 30.253796 92.881996
v 42.047985 37.449394 136.86398
v 41.80123 37.088154 137.96143
v 56.888847 40.98977 91.77196
v 56.8898 44.99216 91.27317
v 44.90456 69.90522 121.66304
v 44.78545 70.99428 122.081245
v 56.889805 35.920692 93.590744
v 56.889805 37.150623 93.00844
v 56.889805 28.753149 99.61478
v 56.889805 29.60862 98.55648
v 56.889805 36.896015 131.48755
v 56.8898 66.15771 116.456474
v 56.8898 54.170834 93.121056
v 56.8898 46.352947 91.282166
v 55.27571 57.45485 90.68932
v 55.27571 55.30066 89.63431
v 53.450443 57.707325 89.68657
v 53.450443 59.84543 90.97517
v 56.888847 50.348385 91.833885
v 44.904552 67.918594 125.7954
v 42.047985 67.67848 125.65069
v 41.80123 68.66804 126.24707
v 44.785442 68.91888 126.39825
v 53.450447 46.68826 86.64437
v 55.27571 44.497253 87.641495
v 53.450462 42.179245 86.80925
v 38.94217 44.535908 88.602234
v 42.048 46.69339 86.50352
v 42.047985 42.160828 86.669266
v 38.942223 40.401947 89.11562
v 56.888847 32.53109 95.77671
v 47.76112 67.04067 97.0167
v 47.76112 65.45428 95.0002
v 47.769657 66.344444 94.22696
v 47.769657 68.001724 96.33357
v 53.450443 66.31519 97.20849
v 55.27571 64.16954 96.11719
v 55.27569 61.068726 93.08591
v 53.450462 63.374966 93.785995
v 38.942165 63.442505 96.74642
v 42.047997 66.42851 97.12467
v 42.047985 63.472927 93.68431
v 38.94222 60.46364 93.83444
v 53.450462 67.55755 125.577805
v 55.27571 69.25923 119.11704
v 53.450443 69.51251 121.51129
v 47.761124 25.612568 129.6084
v 47.769665 24.722403 130.38164
v 44.90456 49.234287 86.46104
v 44.785454 49.399662 85.30624
v 53.450466 27.691881 130.8226
v 55.275696 29.998114 131.5227
v 55.275715 33.611996 133.91927
v 53.450447 31.221418 133.63344
v 53.450462 42.179245 86.80925
v 53.71323 42.02936 85.670006
v 47.761127 28.926609 132.84824
v 47.769665 28.184532 133.76624
v 47.761124 51.581963 86.589424
v 44.904556 53.7051 87.47832
v 44.785446 54.070255 86.368965
v 47.76966 51.852245 85.44035
v 56.888844 64.539925 103.305695
v 56.8898 65.916824 107.09674
v 56.8898 62.480152 99.837944
v 42.047985 42.160828 86.669266
v 41.80123 42.01012 85.52376
v 38.556686 40.172646 88.07944
v 53.450443 55.626373 135.92416
v 55.27571 57.167767 134.07515
v 55.27569 60.813038 131.7266
v 53.450462 59.617317 133.81923
v 56.8898 46.07468 133.33543
v 44.90456 66.65529 96.96033
v 42.047997 66.42851 97.12467
v 41.801243 67.36221 96.44637
v 44.78545 67.59912 96.27468
v 53.450447 20.259861 116.88829
v 55.275715 21.719536 118.802475
v 55.275692 23.19804 122.87896
v 53.450466 21.423956 121.24756
v 53.450466 19.931215 109.9012
v 55.275696 20.821766 112.140785
v 55.27572 21.20127 116.46047
v 53.450447 19.934242 114.41322
v 55.275715 21.807611 105.491554
v 55.27572 21.258396 107.8265
v 53.450447 20.773813 105.468544
v 53.450447 21.554325 103.09731
v 38.942223 66.86248 122.75026
v 42.047985 67.67848 125.65069
v 42.048 69.643654 121.56294
v 38.94217 68.33459 118.85332
v 38.942226 30.603205 130.77414
v 42.04799 27.593918 130.92429
v 42.048004 31.14188 133.7498
v 38.942173 34.074867 133.0765
v 55.275715 36.06704 89.50704
v 55.62004 35.64403 88.48834
v 55.62002 29.303913 132.38147
v 55.62005 26.064552 129.21474
v 50.605785 24.468218 127.60636
v 53.450447 24.751648 127.40011
v 53.71321 23.823015 128.07468
v 50.74144 23.526915 128.29015
v 42.048004 49.194897 86.73831
v 38.942173 46.844505 88.61751
v 38.942223 50.971313 89.185555
v 42.04799 53.617447 87.74461
v 42.047985 63.472927 93.68431
v 44.904552 63.667446 93.482414
v 44.785442 64.47777 92.64136
v 41.801228 64.27456 92.85228
v 56.643806 22.455902 112.151596
v 56.644203 22.818495 116.288765
v 56.644203 22.818495 116.288765
v 56.643806 22.455902 112.151596
v 56.644203 22.873209 108.01959
v 56.644203 22.873209 108.01959
v 56.643803 50.519775 134.8372
v 56.644203 54.472534 133.5631
v 56.644203 54.472534 133.5631
v 56.643803 50.519775 134.8372
v 56.644203 46.39851 135.34981
v 56.644203 46.39851 135.34981
v 56.643803 66.39181 102.42892
v 56.6442 64.27008 98.85879
v 56.6442 64.27008 98.85879
v 56.643803 66.39181 102.42892
v 56.6442 67.80863 106.332794
v 56.6442 67.80863 106.332794
v 56.643803 40.547062 89.77139
v 56.644203 36.594307 91.04551
v 56.644203 36.594307 91.04551
v 56.643803 40.547062 89.77139
v 56.644203 44.66833 89.25879
v 56.644203 44.66833 89.25879
v 56.643806 24.807543 102.15376
v 56.644203 23.33918 106.038536
v 56.644203 23.33918 106.038536
v 56.643806 24.807543 102.15376
v 56.644203 26.976337 98.612015
v 56.644203 26.976337 98.612015
v 56.643806 24.67504 122.17967
v 56.644203 26.796768 125.74981
v 56.644203 26.796768 125.74981
v 56.643806 24.67504 122.17967
v 56.644203 23.258204 118.27581
v 56.644203 23.258204 118.27581
v 56.6438 40.249317 134.76923
v 56.644203 44.363438 135.33635
v 56.644203 44.363438 135.33635
v 56.6438 40.249317 134.76923
v 56.644203 36.313763 133.44293
v 56.644203 36.313763 133.44293
v 56.643795 59.802624 130.44223
v 56.644196 62.811127 127.57928
v 56.644196 62.811127 127.57928
v 56.643795 59.802624 130.44223
v 56.644203 56.311916 132.69225
v 56.644203 56.311916 132.69225
v 56.643795 68.61093 112.45701
v 56.6442 68.24835 108.31983
v 56.6442 68.24835 108.31983
v 56.643795 68.61093 112.45701
v 56.644196 68.193634 116.58901
v 56.644196 68.193634 116.58901
v 56.643795 60.04141 94.35679
v 56.644203 56.580776 92.06078
v 56.644203 56.580776 92.06078
v 56.643795 60.04141 94.35679
v 56.6442 63.011757 97.2593
v 56.6442 63.011757 97.2593
v 56.643803 31.025433 130.25182
v 56.644203 28.055094 127.34929
v 56.644203 28.055094 127.34929
v 56.643803 31.025433 130.25182
v 56.644203 34.486076 132.54782
v 56.644203 34.486076 132.54782
v 56.643803 66.25929 122.45484
v 56.6442 64.0905 125.99659
v 56.6442 64.0905 125.99659
v 56.643803 66.25929 122.45484
v 56.6442 67.72766 118.57005
v 56.6442 67.72766 118.57005
v 56.644203 46.703407 89.27225
v 56.643803 50.817528 89.839355
v 56.643803 50.817528 89.839355
v 56.644203 46.703407 89.27225
v 56.644203 54.75308 91.165665
v 56.644203 54.75308 91.165665
v 56.644203 28.255713 97.02932
v 56.643803 31.26421 94.16636
v 56.643803 31.26421 94.16636
v 56.644203 28.255713 97.02932
v 56.644203 34.75493 91.91636
v 56.644203 34.75493 91.91636
v 42.048 59.92496 90.858795
v 42.048 57.773056 89.56189
v 38.94217 54.918636 90.51667
v 38.94217 56.99198 91.53209
v 44.90456 57.90606 89.31542
v 44.90456 60.08076 90.62607
v 47.76112 58.277744 89.199005
v 47.761124 55.973522 88.0705
v 50.60578 57.873196 89.37776
v 50.60578 60.040993 90.68425
v 50.60579 42.133465 86.461296
v 50.60578 37.675507 87.48194
v 47.76112 35.414925 87.93447
v 47.76112 39.825703 86.511635
v 42.048 37.73963 87.681496
v 38.94217 36.437347 90.39438
v 38.55663 36.030895 89.41534
v 41.801247 37.391365 86.581215
v 50.60578 46.70372 86.294174
v 47.76112 44.424976 85.94062
v 44.90456 46.706284 86.22375
v 44.904552 42.12426 86.3913
v 44.904564 27.635794 93.29784
v 47.761124 25.843302 94.7381
v 47.769665 24.96345 93.953156
v 44.785458 26.836035 92.44854
v 53.450447 35.440468 88.684425
v 55.620045 33.379192 89.56063
v 53.71321 34.989464 87.628975
v 44.904564 27.635794 93.29784
v 44.904556 31.218641 90.436676
v 47.761124 29.199926 91.542404
v 47.761124 25.843302 94.7381
v 50.605785 27.683672 93.349556
v 50.605793 31.25731 90.495735
v 50.60579 63.61846 93.533264
v 47.76112 62.140236 91.76037
v 42.048004 31.14188 133.7498
v 41.80125 30.498795 134.70808
v 50.605778 66.598625 97.00223
v 47.76112 65.45428 95.0002
v 44.90456 66.65529 96.96033
v 44.904552 63.667446 93.482414
v 42.048004 35.383976 88.55531
v 44.904564 35.274208 88.29765
v 44.785454 34.815773 87.224915
v 41.80125 34.930447 87.49409
v 55.62002 51.111458 137.51096
v 55.620045 46.61589 138.06917
v 44.90456 49.234287 86.46104
v 44.904556 53.7051 87.47832
v 47.761124 51.581963 86.589424
v 47.761124 46.99065 85.957596
v 50.605785 49.2237 86.53071
v 50.605793 53.68303 87.545364
v 50.605793 67.85813 125.75896
v 50.60578 69.839645 121.63722
v 47.76112 70.895294 119.58768
v 47.76112 69.257645 123.92329
v 44.904552 67.918594 125.7954
v 44.90456 69.90522 121.66304
v 50.60578 65.13928 129.43633
v 47.76112 66.83648 127.87517
v 38.556633 33.85105 90.44738
v 44.90455 71.555336 114.746796
v 44.90456 70.69908 119.25122
v 47.76112 71.48276 117.09012
v 47.76112 71.9495 112.47909
v 50.60579 71.485054 114.7402
v 50.605778 70.631 119.233055
v 47.761127 28.926609 132.84824
v 47.769665 28.184532 133.76624
v 47.761124 29.199926 91.542404
v 44.904556 31.218641 90.436676
v 44.785446 30.578985 89.45952
v 47.769665 28.470062 90.614655
v 50.605793 27.448385 131.07533
v 50.605785 31.02585 133.92435
v 47.761124 32.7891 135.40959
v 47.761127 28.926609 132.84824
v 44.904556 27.399397 131.12617
v 44.904564 30.986082 133.98253
v 50.605785 24.468218 127.60636
v 47.761124 25.612568 129.6084
v 55.275696 30.253796 92.881996
v 53.450466 31.449522 90.789375
v 53.713234 30.820179 89.82798
v 55.62002 29.571024 92.014114
v 44.904552 37.36174 137.13028
v 44.904564 33.160778 135.29317
v 47.76112 35.093323 136.53809
v 47.76112 39.48488 138.01917
v 50.60579 37.383812 137.06323
v 50.60578 33.19364 135.23083
v 44.90456 46.706284 86.22375
v 42.048 46.69339 86.50352
v 41.801247 46.745224 85.3506
v 44.78545 46.758694 85.05835
v 42.04799 31.372189 90.67124
v 38.942226 30.848927 93.63849
v 38.55669 30.192753 92.80441
v 41.801235 30.739395 89.70457
v 44.904556 23.148247 98.8132
v 44.904564 25.874098 95.126366
v 47.761124 24.230362 96.73343
v 47.761124 21.8092 100.68531
v 50.605793 23.208712 98.84964
v 50.60578 25.92756 95.17228
v 47.76112 35.414925 87.93447
v 44.904564 37.65481 87.41458
v 44.785454 37.302757 86.302376
v 47.76966 34.962784 86.845505
v 53.450462 63.374966 93.785995
v 55.620014 61.762924 92.22713
v 53.713226 64.17222 92.95851
v 44.904552 42.12426 86.3913
v 44.785442 41.97192 85.233376
v 38.556683 61.130795 93.00911
v 44.90456 68.04595 99.08475
v 44.904552 70.038124 103.21443
v 47.76112 69.409325 101.00028
v 47.76112 67.04067 97.0167
v 50.60578 67.98488 99.1199
v 50.60579 69.97193 103.23898
v 50.60579 59.809532 134.11285
v 50.60578 63.38317 131.25905
v 47.76112 65.22354 129.8705
v 47.76112 61.866913 133.0662
v 53.450466 27.691881 130.8226
v 50.605793 27.448385 131.07533
v 50.741444 26.640251 131.91412
v 53.713234 26.894632 131.6501
v 50.60578 55.764385 136.24638
v 47.76112 57.97087 135.57622
v 44.90456 55.792633 136.31094
v 44.904552 59.848198 134.17192
v 44.90456 60.08076 90.62607
v 42.048 59.92496 90.858795
v 41.801243 60.568047 89.90051
v 44.78545 60.73081 89.65738
v 55.27571 57.45485 90.68932
v 53.450443 59.84543 90.97517
v 53.713207 60.484962 90.022064
v 55.620037 57.98756 89.72345
v 44.90456 53.412025 137.19402
v 44.904556 48.94258 138.2173
v 47.761124 51.24114 138.09697
v 47.761124 55.651913 136.67412
v 50.605785 53.391335 137.12665
v 50.605793 48.933372 138.14731
v 50.605793 21.09492 121.36962
v 50.60578 23.081966 125.488686
v 47.761124 24.02617 127.59189
v 47.761124 21.65752 123.60832
v 44.90456 57.90606 89.31542
v 47.761124 55.973522 88.0705
v 47.769657 56.44004 86.98761
v 44.78545 58.458935 88.28817
v 50.605785 19.91501 116.95113
v 47.761124 20.077383 119.25142
v 44.904564 19.845785 116.96431
v 44.904556 21.028723 121.394165
v 50.605797 19.581799 109.8684
v 50.605785 19.584866 114.4417
v 47.761124 19.523027 116.7463
v 47.761124 19.117357 112.1295
v 44.904556 19.511513 109.8618
v 44.904564 19.51459 114.446884
v 50.605785 20.435837 105.37554
v 47.761124 19.584085 107.51848
v 38.94217 56.99198 91.53209
v 38.55663 57.504005 90.60388
v 44.90456 44.360554 138.38484
v 44.90456 41.832554 138.14755
v 47.76112 44.076195 138.651
v 47.761124 46.64186 138.66797
v 50.605785 44.36312 138.31442
v 50.60578 41.84314 138.07788
v 44.904564 20.367756 105.35737
v 44.904564 21.161623 102.94556
v 47.761124 20.171549 105.02091
v 50.60578 21.227196 102.97138
v 44.90456 65.19274 129.48224
v 44.90456 63.431046 131.31076
v 44.904564 24.411558 127.64827
v 44.904564 23.020897 125.52386
v 44.904564 35.274208 88.29765
v 44.904564 37.65481 87.41458
v 47.761124 33.095974 89.03237
v 50.605785 35.30246 88.36221
v 44.90456 71.22106 107.644295
v 44.90456 71.55225 110.161705
v 47.76112 71.54382 107.8623
v 47.76112 70.98946 105.35718
v 50.605778 71.15183 107.65746
v 50.605778 71.48198 110.16689
v 55.620045 55.737106 88.62129
v 47.76112 71.54382 107.8623
v 47.769653 72.7061 107.66381
v 50.60578 37.675507 87.48194
v 50.60579 42.133465 86.461296
v 50.741444 41.981537 85.306496
v 50.741432 37.32437 86.37275
v 42.048 57.773056 89.56189
v 41.801247 58.319984 88.545654
v 38.556633 55.338017 89.54308
v 55.27571 44.497253 87.641495
v 53.450447 46.68826 86.64437
v 53.71321 46.739864 85.49775
v 55.62004 44.450954 86.53944
v 42.047997 71.27316 110.18501
v 41.801243 72.42335 110.0903
v 50.605793 31.25731 90.495735
v 50.605785 35.30246 88.36221
v 50.74144 34.84528 87.292366
v 50.741444 30.619375 89.521225
v 38.94217 44.535908 88.602234
v 38.55663 44.491337 87.5431
v 55.275696 51.1917 88.248604
v 53.450462 53.573303 87.87873
v 53.713234 53.932564 86.78726
v 55.62002 51.444542 87.17367
v 53.450443 70.29302 119.14006
v 50.605778 70.631 119.233055
v 50.74143 71.75249 119.54267
v 53.713207 71.399414 119.44552
v 50.60578 60.040993 90.68425
v 50.60579 63.61846 93.533264
v 50.74144 64.4266 92.694466
v 50.74143 60.689266 89.718155
v 55.620026 19.717522 112.13348
v 55.62005 20.173664 107.6264
v 53.450447 49.17373 86.87766
v 55.620045 46.95675 86.556015
v 53.71321 49.336395 85.74147
v 42.04799 53.617447 87.74461
v 38.942223 50.971313 89.185555
v 38.55669 51.214306 88.1525
v 41.80123 53.978683 86.647156
v 50.605793 53.68303 87.545364
v 50.60578 57.873196 89.37776
v 50.741436 58.4246 88.35329
v 50.741444 54.047195 86.43901
v 42.048004 49.194897 86.73831
v 41.801247 49.35851 85.5959
v 38.556633 46.90309 87.55907
v 55.620037 57.98756 89.72345
v 47.76112 71.48276 117.09012
v 47.769657 72.6423 117.30398
v 44.904564 20.367756 105.35737
v 47.761124 19.584085 107.51848
v 47.769665 18.424536 107.30463
v 44.785458 19.243227 105.04695
v 55.275692 67.726906 123.17361
v 53.450462 67.55755 125.577805
v 53.71323 68.5417 126.17093
v 55.620018 68.71862 123.6593
v 47.761124 19.117357 112.1295
v 47.769665 17.936947 112.1217
v 38.942223 66.86248 122.75026
v 38.556686 67.815575 123.21703
v 42.04798 71.27621 114.7206
v 41.801228 72.42653 114.828575
v 50.605793 67.85813 125.75896
v 50.60578 65.13928 129.43633
v 50.741436 66.01537 130.20186
v 50.74144 68.85571 126.36018
v 53.450443 69.51251 121.51129
v 55.620037 70.31942 119.42147
v 53.713207 70.58402 121.922714
v 50.605785 20.435837 105.37554
v 53.450447 20.773813 105.468544
v 53.71321 19.667423 105.163086
v 50.74144 19.31435 105.06593
v 42.048 69.643654 121.56294
v 41.801247 70.72102 121.97666
v 38.556633 69.35346 119.145966
v 47.76112 66.83648 127.87517
v 47.769657 67.78841 128.57095
v 50.605778 71.48198 110.16689
v 50.60579 71.485054 114.7402
v 50.74144 72.64471 114.849045
v 50.74143 72.64149 110.07138
v 55.27571 69.80845 116.782104
v 55.620037 70.89318 116.98219
v 47.76112 69.257645 123.92329
v 47.76966 70.31776 124.44248
v 42.048004 19.793678 114.42359
v 44.904564 19.51459 114.446884
v 44.785458 18.351933 114.542625
v 41.80125 18.643496 114.51829
v 38.942165 68.8632 116.60601
v 38.55663 69.905685 116.79823
v 55.62004 24.714731 97.08648
v 55.62005 26.290031 95.1377
v 50.605793 27.448385 131.07533
v 50.605785 24.468218 127.60636
v 50.74144 23.526915 128.29015
v 50.741444 26.640251 131.91412
v 47.761124 19.117357 112.1295
v 44.904556 19.511513 109.8618
v 44.78545 18.348715 109.75266
v 47.769665 17.936947 112.1217
v 53.450462 71.135635 114.707405
v 55.620014 71.34931 112.47513
v 53.713226 72.27967 114.81479
v 50.60578 65.13928 129.43633
v 53.450443 64.87513 129.20589
v 53.713207 65.73942 129.96114
v 50.741436 66.01537 130.20186
v 38.556683 70.34381 112.468475
v 50.60578 41.84314 138.07788
v 50.60579 37.383812 137.06323
v 50.741444 37.01964 138.16959
v 50.741432 41.678238 139.22958
v 55.275696 29.998114 131.5227
v 55.62002 29.303913 132.38147
v 38.942226 30.603205 130.77414
v 38.55669 29.936047 131.59949
v 55.62005 26.290031 95.1377
v 55.62004 24.714731 97.08648
v 53.71321 25.327423 94.64745
v 53.71321 27.136877 92.76936
v 55.620045 33.079285 134.88513
v 55.62004 35.329735 135.9873
v 53.71321 32.815525 135.93271
v 53.71321 30.581882 134.58653
v 55.620037 70.31942 119.42147
v 55.620037 70.89318 116.98219
v 53.713207 71.399414 119.44552
v 53.713207 70.58402 121.922714
v 55.620045 46.95675 86.556015
v 55.62004 44.450954 86.53944
v 53.71321 46.739864 85.49775
v 53.71321 49.336395 85.74147
v 41.801247 49.35851 85.5959
v 41.801247 46.745224 85.3506
v 38.55663 44.491337 87.5431
v 38.556633 46.90309 87.55907
v 41.801235 30.739395 89.70457
v 38.55669 30.192753 92.80441
v 38.556633 33.85105 90.44738
v 41.80125 34.930447 87.49409
v 55.62005 20.113981 116.646194
v 55.62004 20.655405 119.09284
v 53.71321 19.130514 117.093124
v 53.71321 18.790335 114.50746
v 55.620045 55.422806 136.12027
v 55.620037 57.68765 135.04797
v 53.71321 56.077377 136.97961
v 53.71321 53.63224 137.88663
v 55.620045 66.551674 97.363304
v 55.620037 65.0023 95.39386
v 53.713207 67.243835 96.533936
v 53.713207 68.672195 98.715935
v 38.556633 26.824066 128.55739
v 41.80125 23.704634 128.16222
v 41.801235 26.79229 131.75632
v 38.55669 29.936047 131.59949
v 38.556633 65.54223 126.92792
v 41.801247 65.85112 130.05708
v 41.80123 68.66804 126.24707
v 38.556686 67.815575 123.21703
v 41.80123 53.978683 86.647156
v 38.55669 51.214306 88.1525
v 38.556633 55.338017 89.54308
v 41.801247 58.319984 88.545654
v 41.801247 41.708332 139.0127
v 38.55663 44.163754 137.04955
v 38.556686 39.85254 136.4561
v 41.80123 37.088154 137.96143
v 53.71321 19.667423 105.163086
v 55.62005 20.173664 107.6264
v 55.620026 19.717522 112.13348
v 53.713238 18.787174 109.793816
v 41.80123 49.056717 139.08485
v 38.55669 50.8942 136.52917
v 38.556633 46.575504 137.06549
v 41.801247 44.321617 139.25798
v 41.80123 70.85851 102.91011
v 38.556686 67.95804 101.68739
v 38.556633 69.44192 105.77846
v 41.801247 72.08098 107.48796
v 41.801247 20.34582 102.631935
v 38.556633 21.713377 105.46264
v 38.556686 23.251272 101.39156
v 41.80123 22.398808 98.36153
v 38.556686 23.108809 122.9212
v 41.80123 20.208334 121.698494
v 41.801247 22.267048 125.96613
v 38.556633 25.33284 126.66186
v 55.62002 51.111458 137.51096
v 53.713234 49.037476 138.9386
v 53.71321 44.326973 139.11084
v 55.620045 46.61589 138.06917
v 38.556683 60.87409 131.8042
v 41.801228 60.327442 134.90404
v 41.801243 64.02998 131.94728
v 38.55663 64.026054 128.80354
v 55.620018 68.86687 101.25711
v 53.71323 70.72022 102.96141
v 53.713207 71.93633 107.51548
v 55.620037 70.41144 105.51575
v 55.62004 20.747421 105.187126
v 53.71321 20.482817 102.68589
v 53.71323 22.525137 98.43766
v 55.620018 22.348215 100.949295
v 55.62004 44.110092 138.05258
v 53.71321 41.73045 138.86713
v 53.71323 37.134274 137.82133
v 55.620018 39.622303 137.43492
v 55.620037 70.952866 107.96241
v 53.713207 72.276505 110.10114
v 53.713226 72.27967 114.81479
v 55.620014 71.34931 112.47513
v 55.62002 51.444542 87.17367
v 53.713234 53.932564 86.78726
v 53.71321 58.251316 88.67589
v 55.620045 55.737106 88.62129
v 38.556683 61.130795 93.00911
v 41.801228 64.27456 92.85228
v 41.801243 60.568047 89.90051
v 38.55663 57.504005 90.60388
v 55.62002 29.571024 92.014114
v 53.713234 30.820179 89.82798
v 53.71321 34.989464 87.628975
v 55.620045 33.379192 89.56063
v 38.556686 40.172646 88.07944
v 41.80123 42.01012 85.52376
v 41.801247 37.391365 86.581215
v 38.55663 36.030895 89.41534
v 53.71323 42.02936 85.670006
v 55.620018 39.955383 87.09764
v 55.62004 35.64403 88.48834
v 53.71321 37.434597 86.72197
v 53.713226 64.17222 92.95851
v 55.620014 61.762924 92.22713
v 55.620037 57.98756 89.72345
v 53.713207 60.484962 90.022064
v 53.713207 65.73942 129.96114
v 55.620037 66.35211 127.522125
v 55.620018 68.71862 123.6593
v 53.71323 68.5417 126.17093
v 41.801247 70.72102 121.97666
v 41.801243 71.54167 119.483475
v 38.55663 69.905685 116.79823
v 38.556633 69.35346 119.145966
v 53.71321 23.823015 128.07468
v 55.62005 26.064552 129.21474
v 55.62002 29.303913 132.38147
v 53.713234 26.894632 131.6501
v 41.80125 30.498795 134.70808
v 41.801247 32.746853 136.06296
v 38.55663 35.72883 135.0655
v 38.556633 33.56284 134.00471
v 41.80125 27.036856 92.66131
v 41.801247 25.215723 94.55153
v 38.556633 25.52461 97.68069
v 38.556633 27.040787 95.805046
v 53.713226 60.246655 134.78062
v 55.620014 61.49581 132.59448
v 55.620037 64.77681 129.47089
v 53.713207 63.929962 131.83923
v 53.71323 20.34662 121.647194
v 55.620018 22.199986 123.351494
v 55.62004 24.515175 127.245285
v 53.71321 22.39465 125.89267
v 41.801247 68.7998 98.64246
v 41.801243 67.36221 96.44637
v 38.55663 64.242775 96.05121
v 38.556633 65.734 97.94675
v 41.801247 53.675476 138.02737
v 41.801243 56.13639 137.11452
v 38.55663 57.21579 134.16122
v 38.556633 55.03595 135.19327
v 41.80125 18.643496 114.51829
v 41.801247 18.985867 117.12064
v 38.556633 21.624926 118.83015
v 38.556637 21.10382 116.47531
v 41.801243 72.42335 110.0903
v 38.55663 69.96303 108.13329
v 38.556683 70.34381 112.468475
v 41.801228 72.42653 114.828575
v 44.785442 41.97192 85.233376
v 44.785454 37.302757 86.302376
v 44.785446 30.578985 89.45952
v 44.785454 34.815773 87.224915
v 47.76966 32.540203 87.99247
v 47.769665 28.470062 90.614655
v 50.741444 30.619375 89.521225
v 50.74144 34.84528 87.292366
v 44.785442 64.47777 92.64136
v 44.78545 60.73081 89.65738
v 44.785446 54.070255 86.368965
v 44.78545 58.458935 88.28817
v 47.769657 56.44004 86.98761
v 47.76966 51.852245 85.44035
v 50.741444 54.047195 86.43901
v 50.741436 58.4246 88.35329
v 44.78545 66.07122 130.24983
v 44.785442 68.91888 126.39825
v 44.78545 72.71491 110.06596
v 44.785442 72.71813 114.85594
v 47.769653 73.129906 112.48691
v 47.769653 72.7061 107.66381
v 50.74143 72.64149 110.07138
v 50.74144 72.64471 114.849045
v 44.785458 23.467726 128.33391
v 44.785446 26.58908 131.96724
v 44.785454 41.667183 139.30237
v 44.785446 36.996586 138.23964
v 47.76966 39.2146 139.16824
v 47.769657 44.01108 139.82831
v 50.741432 41.678238 139.22958
v 50.741444 37.01964 138.16959
v 44.785454 20.072567 102.52736
v 44.785446 22.14796 98.21034
v 47.76966 20.749079 100.166115
v 47.76966 19.03825 104.69546
v 50.741432 20.141068 102.55434
v 50.741444 22.211126 98.24841
v 44.785442 71.13312 102.80825
v 44.78545 72.36892 107.436066
v 47.769657 72.12697 105.046745
v 47.76966 70.47622 100.49516
v 50.74144 71.06397 102.8339
v 50.74143 72.29659 107.449814
v 44.785442 60.487854 135.14908
v 44.78545 64.2308 132.16006
v 44.785446 49.094917 139.37523
v 44.785454 44.308147 139.55025
v 47.76966 46.691395 139.84604
v 47.76966 51.496185 139.24951
v 50.741444 49.0853 139.3021
v 50.741436 44.310825 139.47668
v 44.785446 19.93373 121.80035
v 44.785454 22.014915 126.11457
v 44.785458 19.243227 105.04695
v 44.78545 18.348715 109.75266
v 41.801235 18.640316 109.78003
v 41.80125 19.525167 105.125114
v 44.78545 67.59912 96.27468
v 44.78545 69.051926 98.494026
v 47.769657 68.001724 96.33357
v 47.769657 66.344444 94.22696
v 50.74143 67.539925 96.31846
v 50.741436 68.98812 98.530754
v 44.78545 56.25107 137.38368
v 44.785454 53.76408 138.30621
v 47.76966 56.10406 137.76309
v 47.769657 58.526638 136.61613
v 50.741432 56.221558 137.31624
v 50.741436 53.742466 138.23584
v 44.785454 18.697926 117.17254
v 44.785458 18.351933 114.542625
v 47.769665 18.360748 116.94479
v 47.76966 18.93988 119.56185
v 50.741432 18.770252 117.158775
v 50.74144 18.425346 114.53722
v 44.78545 46.758694 85.05835
v 44.785454 49.399662 85.30624
v 47.76966 47.055763 84.78029
v 47.769657 44.375446 84.76256
v 50.741432 46.756012 85.13191
v 50.741436 49.388603 85.37902
v 44.78545 71.82361 119.56165
v 44.78545 70.99428 122.081245
v 47.769657 72.02859 119.91314
v 47.769657 72.6423 117.30398
v 50.74143 71.75249 119.54267
v 50.74143 70.92577 122.05426
v 44.785454 32.607906 136.32043
v 44.785458 30.336033 134.95122
v 47.76966 32.219616 136.44205
v 47.76966 34.6268 137.62099
v 50.741432 32.642242 136.25531
v 50.74144 30.377583 134.89044
v 44.785454 24.995617 94.358765
v 44.785458 26.836035 92.44854
v 47.769665 24.96345 93.953156
v 47.76966 23.278437 96.03765
v 50.741432 25.05147 94.40672
v 50.74144 26.886051 92.50256
v 38.556637 21.161156 107.81037
v 38.55669 20.72304 112.14013
v 50.741444 18.422144 109.75955
v 50.74144 19.31435 105.06593
v 50.741432 22.078718 126.077835
v 50.741444 20.00288 121.774704
v 50.74143 64.180786 132.10605
v 50.741444 60.44746 135.08737
v 50.741444 26.640251 131.91412
v 50.74144 23.526915 128.29015
v 50.74144 68.85571 126.36018
v 50.741436 66.01537 130.20186
v 50.74143 60.689266 89.718155
v 50.74144 64.4266 92.694466
v 50.741432 37.32437 86.37275
v 50.741444 41.981537 85.306496
v 47.769665 18.424536 107.30463
v 47.769665 17.936947 112.1217
v 47.76966 20.590624 124.11344
v 47.76966 23.06512 128.27502
v 47.769653 62.596775 133.99394
v 47.769653 66.10339 130.65546
v 47.769665 24.722403 130.38164
v 47.769665 28.184532 133.76624
v 47.769657 67.78841 128.57095
v 47.76966 70.31776 124.44248
v 47.769653 62.882313 90.842354
v 47.769657 58.847225 88.16654
v 47.76966 39.570652 85.35909
v 47.76966 34.962784 86.845505
v 50.605793 31.25731 90.495735
v 50.741444 30.619375 89.521225
v 47.761124 20.171549 105.02091
v 44.904564 21.161623 102.94556
v 44.785454 20.072567 102.52736
v 47.76966 19.03825 104.69546
v 47.76112 35.093323 136.53809
v 47.76966 34.6268 137.62099
v 47.76112 69.409325 101.00028
v 44.904552 70.038124 103.21443
v 44.785442 71.13312 102.80825
v 47.76966 70.47622 100.49516
v 47.761124 24.230362 96.73343
v 47.76966 23.278437 96.03765
v 50.605785 27.683672 93.349556
v 53.450447 27.923765 93.60495
v 53.71321 27.136877 92.76936
v 50.74144 26.886051 92.50256
v 38.556637 21.161156 107.81037
v 38.55669 20.72304 112.14013
v 42.048 70.94544 107.69397
v 44.90456 71.22106 107.644295
v 44.78545 72.36892 107.436066
v 41.801247 72.08098 107.48796
v 44.90456 68.04595 99.08475
v 44.78545 69.051926 98.494026
v 47.761124 24.230362 96.73343
v 47.76966 23.278437 96.03765
v 42.047985 59.69465 133.93736
v 44.904552 59.848198 134.17192
v 44.785442 60.487854 135.14908
v 41.801228 60.327442 134.90404
v 53.450447 26.19171 95.4027
v 50.60578 25.92756 95.17228
v 50.741432 25.05147 94.40672
v 53.71321 25.327423 94.64745
v 50.605793 53.68303 87.545364
v 50.741444 54.047195 86.43901
v 38.556686 23.108809 122.9212
v 38.556633 25.33284 126.66186
v 47.76112 65.22354 129.8705
v 44.90456 63.431046 131.31076
v 44.78545 64.2308 132.16006
v 47.769653 66.10339 130.65546
v 50.605785 49.2237 86.53071
v 50.741436 49.388603 85.37902
v 42.048004 20.637636 105.432205
v 41.80125 19.525167 105.125114
v 44.90456 55.792633 136.31094
v 42.048 55.682865 136.05328
v 41.801243 56.13639 137.11452
v 44.78545 56.25107 137.38368
v 42.048 21.423185 103.04566
v 41.801247 20.34582 102.631935
v 47.76112 58.277744 89.199005
v 47.769657 58.847225 88.16654
v 42.04799 19.790636 109.888
v 38.942226 21.784275 112.147156
v 38.55669 20.72304 112.14013
v 41.801235 18.640316 109.78003
v 38.556633 46.575504 137.06549
v 38.55669 50.8942 136.52917
v 47.761124 51.24114 138.09697
v 44.904556 48.94258 138.2173
v 44.785446 49.094917 139.37523
v 47.76966 51.496185 139.24951
v 50.60578 69.839645 121.63722
v 50.74143 70.92577 122.05426
v 55.275715 21.807611 105.491554
v 53.450447 21.554325 103.09731
v 53.71321 20.482817 102.68589
v 55.62004 20.747421 105.187126
v 42.048004 44.37345 138.10507
v 44.90456 44.360554 138.38484
v 44.785454 44.308147 139.55025
v 41.801247 44.321617 139.25798
v 47.761124 20.171549 105.02091
v 47.76966 19.03825 104.69546
v 38.556683 60.87409 131.8042
v 38.55663 64.026054 128.80354
v 44.90456 53.412025 137.19402
v 44.785454 53.76408 138.30621
v 50.60579 71.485054 114.7402
v 50.74144 72.64471 114.849045
v 50.60578 60.040993 90.68425
v 50.74143 60.689266 89.718155
v 55.62004 20.747421 105.187126
v 55.620018 22.348215 100.949295
v 55.275696 20.821766 112.140785
v 53.450466 19.931215 109.9012
v 53.713238 18.787174 109.793816
v 55.620026 19.717522 112.13348
v 42.04799 21.29158 121.29667
v 44.904556 21.028723 121.394165
v 44.785446 19.93373 121.80035
v 41.80123 20.208334 121.698494
v 38.94217 22.732252 105.75529
v 38.556633 21.713377 105.46264
v 38.556633 69.44192 105.77846
v 38.556686 67.95804 101.68739
v 47.761124 24.02617 127.59189
v 44.904564 23.020897 125.52386
v 44.785454 22.014915 126.11457
v 47.76966 23.06512 128.27502
v 42.047985 69.77526 103.311935
v 41.80123 70.85851 102.91011
v 53.450443 71.13261 110.19538
v 50.605778 71.48198 110.16689
v 50.74143 72.64149 110.07138
v 53.713207 72.276505 110.10114
v 50.60579 42.133465 86.461296
v 50.741444 41.981537 85.306496
v 55.62002 51.444542 87.17367
v 38.556637 21.10382 116.47531
v 38.556686 23.251272 101.39156
v 38.556633 21.713377 105.46264
v 44.904564 19.845785 116.96431
v 42.048004 20.1214 116.91462
v 41.801247 18.985867 117.12064
v 44.785454 18.697926 117.17254
v 53.450447 19.934242 114.41322
v 55.62005 20.113981 116.646194
v 53.71321 18.790335 114.50746
v 47.76112 70.98946 105.35718
v 47.769657 72.12697 105.046745
v 50.605785 31.02585 133.92435
v 53.450447 31.221418 133.63344
v 53.71321 30.581882 134.58653
v 50.74144 30.377583 134.89044
v 38.94217 22.64758 118.551
v 38.556633 21.624926 118.83015
v 38.556686 39.85254 136.4561
v 38.55663 44.163754 137.04955
v 47.76112 69.409325 101.00028
v 47.76966 70.47622 100.49516
v 47.76112 39.825703 86.511635
v 47.76112 35.414925 87.93447
v 47.76966 34.962784 86.845505
v 47.76966 39.570652 85.35909
v 55.275715 21.719536 118.802475
v 53.450447 20.259861 116.88829
v 53.71321 19.130514 117.093124
v 55.62004 20.655405 119.09284
v 50.60579 37.383812 137.06323
v 53.450462 37.493538 136.72987
v 53.71323 37.134274 137.82133
v 50.741444 37.01964 138.16959
v 38.556633 26.824066 128.55739
v 38.55669 29.936047 131.59949
v 50.605778 71.15183 107.65746
v 53.450443 70.806984 107.720314
v 53.713207 71.93633 107.51548
v 50.74143 72.29659 107.449814
v 53.450466 21.423956 121.24756
v 55.620018 22.199986 123.351494
v 53.71323 20.34662 121.647194
v 53.450447 41.893116 137.73093
v 50.60578 41.84314 138.07788
v 50.741432 41.678238 139.22958
v 53.71321 41.73045 138.86713
v 42.048 23.262243 125.38177
v 38.94217 26.196898 126.04772
v 38.556633 25.33284 126.66186
v 41.801247 22.267048 125.96613
v 38.55663 69.96303 108.13329
v 42.048 67.8046 99.22683
v 41.801247 68.7998 98.64246
v 50.605793 23.208712 98.84964
v 53.450466 23.50929 99.0308
v 53.71323 22.525137 98.43766
v 50.741444 22.211126 98.24841
v 50.60578 46.70372 86.294174
v 50.741432 46.756012 85.13191
v 55.275715 25.414204 126.6062
v 53.450447 23.384382 125.31144
v 53.71321 22.39465 125.89267
v 55.62004 24.515175 127.245285
v 38.556633 65.54223 126.92792
v 38.556686 67.815575 123.21703
v 50.60578 21.227196 102.97138
v 50.741432 20.141068 102.55434
v 53.450462 69.64289 103.36104
v 50.60579 69.97193 103.23898
v 50.74144 71.06397 102.8339
v 53.71323 70.72022 102.96141
v 47.76112 44.424976 85.94062
v 47.769657 44.375446 84.76256
v 55.62004 24.515175 127.245285
v 42.048004 53.32721 136.92711
v 41.801247 53.675476 138.02737
v 38.556633 55.03595 135.19327
v 42.04799 48.906013 137.93935
v 38.942223 50.664894 135.49298
v 38.55669 50.8942 136.52917
v 41.80123 49.056717 139.08485
v 38.55669 51.214306 88.1525
v 50.60579 59.809532 134.11285
v 53.450462 59.617317 133.81923
v 53.713226 60.246655 134.78062
v 50.741444 60.44746 135.08737
v 50.60578 67.98488 99.1199
v 53.450443 67.682465 99.29716
v 53.713207 68.672195 98.715935
v 50.741436 68.98812 98.530754
v 55.62002 29.571024 92.014114
v 53.450443 53.285824 136.79237
v 55.620045 55.422806 136.12027
v 53.71321 53.63224 137.88663
v 55.275696 50.872868 136.43277
v 53.450462 48.887596 137.79935
v 53.713234 49.037476 138.9386
v 55.62002 51.111458 137.51096
v 38.55663 57.504005 90.60388
v 53.450443 63.14307 131.00365
v 50.60578 63.38317 131.25905
v 50.74143 64.180786 132.10605
v 53.713207 63.929962 131.83923
v 47.761124 33.095974 89.03237
v 47.76966 32.540203 87.99247
v 38.94217 56.716087 133.22632
v 38.55663 57.21579 134.16122
v 47.76112 61.866913 133.0662
v 47.76112 65.22354 129.8705
v 47.769653 66.10339 130.65546
v 47.769653 62.596775 133.99394
v 47.761124 29.199926 91.542404
v 47.769665 28.470062 90.614655
v 55.27571 57.167767 134.07515
v 53.450443 55.626373 135.92416
v 53.71321 56.077377 136.97961
v 55.620037 57.68765 135.04797
v 38.55669 30.192753 92.80441
v 50.605793 48.933372 138.14731
v 50.741444 49.0853 139.3021
v 55.62004 44.450954 86.53944
v 42.048 63.238815 131.10709
v 41.801243 64.02998 131.94728
v 50.605785 35.30246 88.36221
v 50.74144 34.84528 87.292366
v 53.450447 44.378582 137.96422
v 53.71321 44.326973 139.11084
v 38.55663 36.030895 89.41534
v 50.605785 53.391335 137.12665
v 50.741436 53.742466 138.23584
v 38.94217 44.22234 135.99109
v 38.55663 44.163754 137.04955
v 50.60578 55.764385 136.24638
v 50.741432 56.221558 137.31624
v 42.048004 27.828022 93.50152
v 41.80125 27.036856 92.66131
v 55.27571 44.170975 136.95123
v 55.62004 44.110092 138.05258
v 50.60578 23.081966 125.488686
v 50.741432 22.078718 126.077835
v 55.620014 61.49581 132.59448
v 38.55663 44.491337 87.5431
v 47.76112 57.97087 135.57622
v 47.769657 58.526638 136.61613
v 55.620037 65.0023 95.39386
v 55.620045 66.551674 97.363304
v 55.62004 44.110092 138.05258
v 55.620018 39.622303 137.43492
v 38.942165 63.235054 128.09781
v 38.55663 64.026054 128.80354
v 50.605785 19.584866 114.4417
v 50.74144 18.425346 114.53722
v 55.27571 63.953697 128.73662
v 55.620037 64.77681 129.47089
v 50.60579 63.61846 93.533264
v 50.74144 64.4266 92.694466
v 50.60578 25.92756 95.17228
v 50.605785 27.683672 93.349556
v 50.74144 26.886051 92.50256
v 50.741432 25.05147 94.40672
v 38.556633 65.734 97.94675
v 38.55663 64.242775 96.05121
v 47.761124 46.64186 138.66797
v 47.76966 46.691395 139.84604
v 50.60578 33.19364 135.23083
v 50.605785 31.02585 133.92435
v 50.74144 30.377583 134.89044
v 50.741432 32.642242 136.25531
v 47.76112 62.140236 91.76037
v 47.76112 58.277744 89.199005
v 47.769657 58.847225 88.16654
v 47.769653 62.882313 90.842354
v 47.761124 51.24114 138.09697
v 47.76966 51.496185 139.24951
v 50.605778 70.631 119.233055
v 50.60578 69.839645 121.63722
v 50.74143 70.92577 122.05426
v 50.74143 71.75249 119.54267
v 38.942223 66.99885 102.14152
v 38.556686 67.95804 101.68739
v 50.60578 46.70372 86.294174
v 50.605785 49.2237 86.53071
v 50.741436 49.388603 85.37902
v 50.741432 46.756012 85.13191
v 55.620037 70.89318 116.98219
v 50.605785 44.36312 138.31442
v 50.741436 44.310825 139.47668
v 50.605785 19.91501 116.95113
v 50.605785 19.584866 114.4417
v 50.74144 18.425346 114.53722
v 50.741432 18.770252 117.158775
v 53.450443 66.31519 97.20849
v 50.605778 66.598625 97.00223
v 50.74143 67.539925 96.31846
v 53.713207 67.243835 96.533936
v 55.275692 67.868805 101.729645
v 55.620018 68.86687 101.25711
v 38.55663 69.905685 116.79823
v 50.60578 55.764385 136.24638
v 50.605785 53.391335 137.12665
v 50.741436 53.742466 138.23584
v 50.741432 56.221558 137.31624
v 38.942165 63.442505 96.74642
v 38.55663 64.242775 96.05121
v 50.605778 66.598625 97.00223
v 50.60578 67.98488 99.1199
v 50.741436 68.98812 98.530754
v 50.74143 67.539925 96.31846
v 55.27571 64.16954 96.11719
v 55.620037 65.0023 95.39386
v 47.76112 65.45428 95.0002
v 47.769657 66.344444 94.22696
v 38.55663 57.21579 134.16122
v 55.620037 57.68765 135.04797
v 55.620037 64.77681 129.47089
v 38.942165 68.91808 108.31171
v 38.55663 69.96303 108.13329
v 55.27571 69.86558 108.148125
v 55.620037 70.952866 107.96241
v 50.605793 21.09492 121.36962
v 50.741444 20.00288 121.774704
v 47.761124 51.581963 86.589424
v 47.76966 51.852245 85.44035
v 38.556633 33.56284 134.00471
v 38.55663 35.72883 135.0655
v 50.605797 19.581799 109.8684
v 50.605785 20.435837 105.37554
v 50.74144 19.31435 105.06593
v 50.741444 18.422144 109.75955
v 38.94217 26.380463 98.30619
v 38.556633 25.52461 97.68069
v 47.761124 21.65752 123.60832
v 47.761124 24.02617 127.59189
v 47.76966 23.06512 128.27502
v 47.76966 20.590624 124.11344
v 55.275715 25.605228 97.7374
v 55.62004 24.714731 97.08648
v 55.62004 35.329735 135.9873
v 55.620045 33.079285 134.88513
v 38.556633 27.040787 95.805046
v 50.60578 23.081966 125.488686
v 50.605793 21.09492 121.36962
v 50.741444 20.00288 121.774704
v 50.741432 22.078718 126.077835
v 38.556633 21.624926 118.83015
v 50.605785 19.91501 116.95113
v 50.741432 18.770252 117.158775
v 50.605793 48.933372 138.14731
v 50.605785 44.36312 138.31442
v 50.741436 44.310825 139.47668
v 50.741444 49.0853 139.3021
v 50.605793 67.85813 125.75896
v 50.74144 68.85571 126.36018
v 38.94217 36.14821 134.09192
v 38.55663 35.72883 135.0655
v 50.60578 63.38317 131.25905
v 50.60579 59.809532 134.11285
v 50.741444 60.44746 135.08737
v 50.74143 64.180786 132.10605
v 55.275715 35.766186 134.97429
v 55.62004 35.329735 135.9873
v 38.556633 25.52461 97.68069
v 47.761124 20.077383 119.25142
v 47.76966 18.93988 119.56185
v 55.62004 20.655405 119.09284
v 55.620037 70.952866 107.96241
v 50.60579 69.97193 103.23898
v 50.605778 71.15183 107.65746
v 50.74143 72.29659 107.449814
v 50.74144 71.06397 102.8339
v 50.605797 19.581799 109.8684
v 50.741444 18.422144 109.75955
v 50.60578 21.227196 102.97138
v 50.605793 23.208712 98.84964
v 50.741444 22.211126 98.24841
v 50.741432 20.141068 102.55434
v 47.76112 69.257645 123.92329
v 47.76966 70.31776 124.44248
# 1491 vertices

vn -0.90857905 0.30573848 -0.2846195
vn -0.8796431 0.39241046 -0.26877898
vn 0.0264292 0.97868 -0.20368312
vn -0.19898225 0.9787964 -0.048616327
vn -0.07528991 0.30573726 0.94913447
vn -0.0662871 0.39241192 0.9173979
vn -0.2044761 0.97867674 0.01953203
vn -0.0031130754 0.9787966 0.20481117
vn 0.94209546 0.30574095 -0.13776343
vn 0.9091544 0.39241067 -0.13947085
vn 0.06451691 0.9786819 0.19498561
vn 0.20038535 0.97879446 -0.04251249
vn 0.5424105 0.29587978 -0.78628623
vn 0.45537427 -0.34800822 -0.8194661
vn 0.45592287 -0.3459934 -0.82001406
vn 0.54135376 0.24217185 -0.80516386
vn -0.59171075 0.34770778 0.7273085
vn -0.6715805 -0.29564205 0.67939353
vn -0.6738262 -0.2421369 0.69808877
vn -0.59238183 0.34560174 0.7277659
vn 0.19050287 -0.907192 -0.37511516
vn 0.18827382 -0.90953666 -0.37053502
vn -0.12357037 -0.9044544 0.40828016
vn -0.0065308455 -0.9999776 -0.0015259378
vn -0.0065308455 -0.9999776 -0.0015259378
vn -0.1188726 -0.9123751 0.39171547
vn 0.115089215 -0.93697935 -0.32988536
vn -0.21635076 -0.82899415 -0.5157141
vn 0.08572922 -0.9602021 0.26582417
vn 0.4248584 -0.8892083 0.16971746
vn -0.88690805 0.42262477 0.18650064
vn -0.95338047 9.1396025E-05 0.30177104
vn -0.95338047 9.1396025E-05 0.30177104
vn -0.9032724 0.37883285 0.20145626
vn 0.7583971 0.6501465 0.046297327
vn 0.93217105 0.3478858 0.10016323
vn 0.9329231 0.3457759 0.100467235
vn 0.7583971 0.6501465 0.046297327
vn 0.042360544 -0.9977273 -0.05240113
vn 0.3738941 -0.8039131 -0.46252248
vn 0.18613638 -0.86866623 -0.4590994
vn 0.036195505 -0.9974472 -0.061556492
vn -0.40810627 -0.9071914 -0.102240235
vn 0.00091573107 -0.99997735 -0.006683606
vn 0.00091573107 -0.99997735 -0.006683606
vn -0.4031576 -0.90953124 -0.10107937
vn -0.0604886 -0.99772894 -0.029634003
vn -0.53414625 -0.8039054 -0.26157975
vn -0.48900884 -0.8686678 -0.079288855
vn -0.06805686 -0.99744755 -0.021607345
vn 0.8407438 0.34770578 0.41503105
vn 0.8117928 -0.2956439 0.50357455
vn 0.83052784 -0.24214177 0.5015884
vn 0.8413445 0.34559596 0.41557562
vn -0.34395567 0.30574504 -0.88781446
vn -0.3383 0.39240956 -0.8553175
vn 0.17572819 0.97868294 -0.106297635
vn -0.08603249 0.97879696 -0.18588965
vn 0.55093163 -0.82899123 -0.096165806
vn 0.3358339 -0.9379784 0.08609479
vn 0.9200705 -0.36446336 -0.14365514
vn 0.957044 -0.25510782 -0.1377931
vn 0.009186534 -0.93798697 -0.34654915
vn -0.3447734 -0.3644888 -0.86503136
vn -0.34730586 -0.25510815 -0.90238494
vn -0.9002504 -0.34800866 -0.26160917
vn -0.9009002 -0.34599784 -0.262039
vn -0.4546462 -0.82899636 0.32567164
vn -0.33992466 -0.9379825 0.06811924
vn -0.76662433 -0.3644664 0.5286318
vn -0.80246246 -0.25510716 0.53942055
vn 0.41869113 -0.8289891 0.37077606
vn 0.14206764 -0.937981 0.3162413
vn 0.68597937 -0.36445978 0.629763
vn 0.704444 -0.2551098 0.66232747
vn 0.22474173 0.38862875 0.89356524
vn -0.18598452 0.97808117 0.09363309
vn 0.067692004 0.9775994 0.1992921
vn 0.2259635 0.3005218 0.9266214
vn 0.42555183 -0.9044498 0.029603064
vn -3.035017E-05 -0.99997747 0.0067141256
vn -3.035017E-05 -0.99997747 0.0067141256
vn 0.40834835 -0.9123744 0.02871866
vn 0.82115513 0.3886343 -0.41793278
vn 0.13266681 0.9780794 0.16050048
vn 0.17924005 0.9775962 -0.11035801
vn 0.85310054 0.3005218 -0.42650452
vn 0.1433201 -0.7482792 0.6477172
vn 0.469874 -0.64999825 0.59726113
vn 0.18003395 -0.8686729 0.461514
vn 0.13202634 -0.88746876 0.44155225
vn 0.1404494 -0.7598055 0.63479894
vn -0.20936348 0.9775984 0.021638278
vn -0.95366997 0.3005243 0.014099958
vn -0.92116916 0.38863474 0.020264925
vn -0.049899124 0.97808063 -0.20215945
vn -0.02880974 -0.8289859 0.5585271
vn -0.15866986 -0.93798125 0.3082453
vn -0.06466993 -0.36445916 0.9289711
vn -0.07858753 -0.25511205 0.9637126
vn 0.51284015 -0.82861924 0.2244667
vn -0.23817278 -0.96019965 -0.14591298
vn -0.42997903 -0.8901415 0.15088488
vn 0.88056326 9.1705304E-05 0.47392875
vn 0.7516022 -0.4224804 0.5065615
vn 0.77371895 -0.37868023 0.507898
vn 0.88056326 9.1705304E-05 0.47392875
vn -0.41704825 -0.74827605 0.51590085
vn -0.17399174 -0.64991343 0.739824
vn -0.24857812 -0.86866593 0.42851904
vn -0.26286432 -0.8874767 0.3785334
vn -0.40871412 -0.7598082 0.50561297
vn -0.6633718 -0.7482773 -0.004364289
vn -0.6869069 -0.6499172 0.32521796
vn -0.4900155 -0.86866695 0.07281872
vn -0.45986295 -0.88746744 0.030458149
vn -0.6501266 -0.7598139 -0.004272732
vn -0.4101777 -0.7482694 -0.5213897
vn -0.6825421 -0.6499168 -0.3342821
vn -0.36244786 -0.86867285 -0.33769682
vn -0.31056145 -0.8874628 -0.3405313
vn -0.40197083 -0.75981086 -0.5109862
vn 0.1518957 -0.74827725 -0.64576226
vn -0.16419591 -0.6499172 -0.74205613
vn 0.038027268 -0.8686725 -0.49392527
vn 0.07260574 -0.88747287 -0.45510492
vn 0.14884289 -0.7598091 -0.63287926
vn 0.59958637 -0.7482771 -0.28386194
vn 0.4777848 -0.64991534 -0.59104306
vn 0.40990204 -0.86866474 -0.278212
vn 0.40108415 -0.88746923 -0.22700219
vn 0.5876215 -0.759812 -0.27818474
vn 0.5957744 -0.7482809 0.29176795
vn 0.75992334 -0.64999366 0.0050051166
vn 0.47308058 -0.8686722 0.1469812
vn 0.427546 -0.8874726 0.17203768
vn 0.5838949 -0.7598078 0.2859351
vn 0.066562206 -0.88746345 0.4560462
vn 0.03149567 -0.86866003 0.4944065
vn -0.45940784 -0.8874726 -0.0365622
vn 0.1378864 -0.8874711 -0.4397528
vn 0.39806068 -0.8874646 0.2322808
vn 0.40615395 -0.8686771 0.28361788
vn -0.3150207 -0.8874725 0.3363844
vn -0.36690068 -0.8686657 0.332872
vn -0.257857 -0.88746935 -0.38197896
vn -0.24287367 -0.86867535 -0.43175873
vn 0.42979893 -0.8874613 -0.16638948
vn 0.4749999 -0.868666 -0.14069319
vn 0.3676904 -0.8039563 0.46739516
vn 0.59466463 -0.80396444 0.003906444
vn -0.12848513 -0.80390275 -0.5807168
vn -0.53756195 -0.80390173 0.25449815
vn -0.13617711 -0.80390966 0.57895166
vn 0.09409148 -0.90013945 0.42531848
vn 0.39120072 -0.9001458 0.19157168
vn 0.39370266 -0.9001443 -0.18638305
vn 0.099737294 -0.90013695 -0.4240355
vn -0.26933277 -0.9001366 -0.34236562
vn -0.4356013 -0.9001352 -0.0028688107
vn -0.27382126 -0.9001438 0.33876705
vn -0.19718298 0.9779181 0.06924746
vn -0.91690886 0.30378464 0.2588305
vn -0.883846 0.39135197 0.25624207
vn -0.10321505 0.97684866 -0.18738599
vn 0.93560606 -0.2954592 0.19324952
vn 0.95249856 -0.2419546 0.18494524
vn -0.5129102 0.29564196 -0.80592746
vn -0.57739717 -0.34770805 -0.738723
vn -0.5776965 -0.3455987 -0.73947847
vn -0.5306407 0.24214076 -0.81227356
vn 0.11139392 0.977918 0.17682667
vn 0.45638388 0.3037881 0.83631736
vn 0.44649494 0.39134702 0.8046676
vn -0.15973528 0.976844 0.14233944
vn -0.7964021 -0.34789008 -0.49468797
vn -0.37053165 -0.9044627 -0.21131392
vn -0.3554306 -0.91238225 -0.20304662
vn -0.796944 -0.34578103 -0.49529374
vn 0.75160205 0.42248064 0.5065615
vn 0.88056326 -9.14084E-05 0.47392875
vn 0.88056326 -9.14084E-05 0.47392875
vn 0.77371883 0.37868047 0.507898
vn 0.06808758 -0.9974454 0.021607298
vn 0.060488936 -0.99772894 0.029634003
vn -0.7514137 0.3913478 -0.531248
vn 0.08215634 0.9768445 -0.19754794
vn -0.17707175 0.97792214 -0.11096729
vn -0.774054 0.30378622 -0.5554767
vn 0.059328802 -0.99744743 -0.039735537
vn 0.060885683 -0.99772894 -0.028809989
vn -0.789027 0.30574667 0.5328747
vn -0.75859064 0.39241853 0.5201424
vn -0.14273718 0.97868097 -0.14768109
vn -0.162085 0.9787958 0.12524875
vn 0.0058903024 -0.99744695 -0.07116991
vn 0.015412277 -0.997728 -0.06558539
vn -0.3507008 0.3913528 0.8507949
vn -0.21088447 0.9768429 -0.036134157
vn -0.06875957 0.97792166 0.19733611
vn -0.36931217 0.30378744 0.8782493
vn -0.051942945 -0.9974481 -0.04898278
vn -0.041658297 -0.9977279 -0.052950505
vn 0.6950984 0.30573845 0.6506629
vn 0.6759138 0.392419 0.6238172
vn -0.112217955 0.9786783 0.17203473
vn 0.15817797 0.9787939 0.13016203
vn -0.070711896 -0.997446 0.010071204
vn -0.06735539 -0.99772894 -0.0004272668
vn 0.9075057 0.39134216 0.15259378
vn 0.01168852 0.9768445 0.21363133
vn 0.20771135 0.97791666 0.023133313
vn 0.9384091 0.30378982 0.16462141
vn -0.03619517 -0.9974472 0.061556492
vn -0.04236021 -0.9977273 0.05240113
vn -0.590185 0.38863447 -0.7075627
vn 0.12692912 0.9780788 -0.16507825
vn -0.14746992 0.97759753 -0.150186
vn -0.6056548 0.30052307 -0.73679596
vn 0.06735573 -0.99772894 0.0004272668
vn 0.070559725 -0.9974472 0.010986782
vn 0.06836229 -0.997446 -0.020691747
vn 0.07071224 -0.997446 -0.010071204
vn 0.6975787 0.34801126 0.6263163
vn 0.6458775 -0.29588333 0.70377225
vn 0.6645207 -0.24216813 0.706942
vn 0.6979995 0.34596327 0.6269819
vn -0.05319438 -0.9340936 0.35304326
vn 0.23002172 -0.35945266 0.90436935
vn 0.22733666 -0.24989016 0.94120836
vn 0.14423224 -0.8286174 0.5409162
vn -0.06579836 -0.9044547 -0.42146444
vn 0.0065617007 -0.99997747 -0.0014343814
vn 0.0065617007 -0.99997747 -0.0014343814
vn -0.06283913 -0.9123752 -0.4045031
vn -0.03537114 -0.9974465 -0.06204475
vn 0.49525794 -0.8286137 -0.2609961
vn -0.26258793 -0.9601984 0.09522022
vn -0.15009141 -0.8901425 0.43025437
vn 0.35603386 -0.9340924 -0.026673533
vn 0.8305112 -0.35945162 -0.4254947
vn 0.867019 -0.24989077 -0.43108317
vn -0.123570986 0.6501433 -0.74969584
vn -0.109778345 0.34789062 -0.9310859
vn -0.1096235 0.3457777 -0.9318908
vn -0.123570986 0.6501433 -0.74969584
vn 0.21754338 0.3477094 -0.91201603
vn 0.3102924 -0.2956429 -0.903501
vn 0.30418816 -0.24214189 -0.92132354
vn 0.21793474 0.345595 -0.912726
vn -0.18613829 -0.93697935 -0.29567295
vn -0.7613345 -0.36589605 -0.5352475
vn -0.78448063 -0.25435203 -0.56559277
vn -0.46578944 -0.82729393 -0.31404632
vn 0.6961506 0.65003586 0.3046766
vn 0.6961506 0.65003586 0.3046766
vn -0.24680549 -0.9369887 0.24726343
vn -0.35240856 -0.3658983 0.8613517
vn -0.3768499 -0.25434628 0.8906696
vn -0.20252785 -0.8272945 0.52399075
vn 0.05258413 -0.9974473 -0.048311327
vn -0.054720383 -0.34800735 0.93589354
vn -0.008850517 -0.9071936 0.42062044
vn -0.00885037 -0.90952855 0.4155473
vn -0.05499495 -0.34599245 0.9366242
vn 0.2959801 -0.9369849 0.18562074
vn 0.9181761 -0.3658969 0.15189503
vn 0.95219743 -0.2543464 0.16919814
vn 0.5559375 -0.82728326 0.080845304
vn -0.058809575 -0.99744624 -0.040528975
vn -0.025544098 -0.9974472 -0.06668366
vn -0.0145574175 -0.9977287 -0.06576855
vn 0.2011216 -0.9341006 -0.29496792
vn 0.18512686 -0.35944992 -0.9146167
vn 0.20353034 -0.24991894 -0.9466341
vn 0.10471127 -0.82862484 -0.5499242
vn -0.39625567 -0.9044546 0.15793467
vn -0.0028685941 -0.99997747 -0.006073232
vn -0.0028685941 -0.99997747 -0.006073232
vn -0.3803639 -0.9123794 0.15128498
vn -0.052583795 -0.9974473 0.048311327
vn -0.6715806 0.2956418 0.67939353
vn -0.5917106 -0.34770796 0.7273085
vn -0.5923817 -0.34560192 0.7277659
vn -0.67382634 0.24213666 0.69808877
vn -0.1052302 -0.9341025 -0.3411441
vn -0.59963876 -0.35945377 -0.7150009
vn -0.6132049 -0.24989669 -0.749354
vn -0.3646408 -0.8286213 -0.4247634
vn -0.88727427 0.29588002 -0.35383543
vn -0.9054485 0.24217097 -0.34859213
vn 0.014557755 -0.9977287 0.06576855
vn 0.00497473 -0.9974454 0.07126136
vn -0.3050676 -0.34788585 0.8865152
vn -0.3055516 -0.34577513 0.887174
vn 0.035371475 -0.9974465 0.06204475
vn 0.025544433 -0.9974472 0.06668366
vn 0.05880991 -0.99744624 0.040528975
vn 0.05194328 -0.9974481 0.04898278
vn 0.026429461 -0.9974465 -0.066347905
vn -0.07055938 -0.9974472 -0.010986782
vn -0.026429126 -0.9974465 0.066347905
vn -0.005889966 -0.99744695 0.07116991
vn 0.26829636 -0.82899886 -0.4906912
vn 0.27668932 -0.93798417 -0.208875
vn 0.46133 -0.36446154 -0.8089144
vn 0.48894575 -0.25510865 -0.83417726
vn -0.0154119395 -0.997728 0.06558539
vn 0.45537415 0.3480084 -0.8194661
vn 0.5424106 -0.2958796 -0.78628623
vn 0.5413539 -0.24217167 -0.80516386
vn 0.45592275 0.34599358 -0.82001406
vn -0.04690849 -0.25434986 -0.9659741
vn -0.04486291 -0.82728076 -0.55999464
vn -0.056217007 -0.3658993 -0.9289551
vn -0.023652313 0.9779171 -0.20765059
vn -0.04831132 0.30378416 -0.95151526
vn -0.053163856 0.39134288 -0.9187081
vn 0.20566612 0.9768463 -0.05893183
vn 0.041658632 -0.9977279 0.052950505
vn 0.24213678 -0.90445685 0.35118052
vn -0.005279576 -0.99997747 0.0041505503
vn -0.005279576 -0.99997747 0.0041505503
vn 0.23212996 -0.9123745 0.33717725
vn 0.7259865 -0.25434536 -0.6389462
vn 0.409841 -0.8272809 -0.3842353
vn 0.32967302 -0.9369826 -0.11566933
vn 0.6912358 -0.36589795 -0.6231468
vn 0.14758958 0.9779194 -0.14795597
vn 0.7137859 0.30378947 -0.6310481
vn 0.6851331 0.39135218 -0.61435837
vn 0.17432329 0.9768461 0.12402845
vn 0.87761414 -0.2498922 0.40908122
vn 0.24284086 -0.9340989 0.26170152
vn 0.85049057 -0.35946006 0.38399798
vn -0.27247882 -0.90634054 -0.32295838
vn -0.26689053 -0.9102362 -0.31660652
vn 0.93217117 -0.3478855 0.10016323
vn 0.9329232 -0.3457756 0.100467235
vn -0.5941221 -0.24989338 0.7645733
vn -0.33296096 -0.82861847 0.45003158
vn -0.30918863 -0.9340974 0.17850609
vn -0.5636263 -0.35945377 0.7437194
vn 0.9057238 -0.42290694 -0.028535623
vn 0.92456853 -0.37886083 -0.040467992
vn 0.004700056 -0.99997735 -0.004821962
vn 0.004700056 -0.99997735 -0.004821962
vn -0.73831207 0.6505091 -0.17813852
vn -0.9002505 0.34800836 -0.26160917
vn -0.9009098 0.34597066 -0.26204175
vn -0.73831207 0.6505091 -0.17813852
vn -0.060885347 -0.99772894 0.028809989
vn -0.068361945 -0.997446 0.020691747
vn -0.059328467 -0.99744743 0.039735537
vn 0.95292985 0.2958833 -0.066165514
vn 0.9670311 0.24216996 -0.07877004
vn 0.57572275 0.8037048 0.15033984
vn 0.4613884 -0.25434643 0.8499581
vn 0.28340003 -0.8272798 0.48506975
vn 0.039400794 -0.9369783 0.34715897
vn 0.45369917 -0.36589515 0.81257486
vn -0.004974404 -0.99744755 -0.07123099
vn -0.5773973 0.34770787 -0.738723
vn -0.51291007 -0.29564214 -0.80592746
vn -0.5306406 -0.24214093 -0.81227356
vn -0.5776966 0.34559852 -0.73947847
vn -0.93132263 -0.25434682 0.26066417
vn -0.53595334 -0.8272931 0.16834573
vn -0.34722084 -0.9369809 -0.038790353
vn -0.89315414 -0.36589888 0.2615219
vn -0.96819663 -0.24989282 0.01220775
vn -0.5594433 -0.828621 0.020264605
vn -0.3323522 -0.93409634 -0.13040785
vn -0.9328788 -0.3594547 0.023011439
vn -0.5381099 -0.8289861 -0.15238108
vn -0.26521286 -0.9379812 -0.22327943
vn -0.8912888 -0.36446297 -0.2697611
vn -0.9220659 -0.2551072 -0.29105824
vn 0.19803986 0.9775956 0.0713237
vn 0.86536074 0.30051887 0.40104768
vn 0.83874327 0.38863847 0.38140514
vn -0.042757463 0.97807705 0.20380673
vn -0.11359347 0.97759825 0.17719579
vn -0.5835639 0.30052567 0.7544121
vn -0.5585032 0.38863266 0.7328294
vn -0.18918848 0.97807825 -0.087010145
vn -0.67673033 0.7345028 0.050417535
vn -0.67673033 0.7345028 0.050417535
vn 0.1952631 -0.9602004 -0.19971877
vn -0.05142393 -0.8901402 -0.45277607
vn -0.5877325 9.1457536E-05 -0.8090553
vn -0.45736262 -0.4224792 -0.7825157
vn -0.47673276 -0.3786763 -0.79330343
vn -0.5877325 9.1457536E-05 -0.8090553
vn 0.18522258 0.38863492 -0.9025827
vn 0.20820174 0.9780791 -0.0036623029
vn 0.025453031 0.977598 -0.20893595
vn 0.19843447 0.3005206 -0.9329047
vn 0.64587736 0.29588357 0.70377225
vn 0.69757885 -0.34801102 0.6263163
vn 0.6979922 -0.34598985 0.62697524
vn 0.66452056 0.24216837 0.706942
vn -0.6139798 -0.78931135 -0.0040590186
vn -0.60882634 -0.78763825 0.094639875
vn -0.110295884 -0.99376315 0.016419278
vn -0.11053853 -0.99387157 -0.0007019298
vn -0.6075352 -0.7876261 -0.10269535
vn -0.11008208 -0.9937616 -0.017884169
vn 0.13263644 -0.78931725 0.599488
vn 0.22776264 -0.7876316 0.5725039
vn 0.040560007 -0.99376184 0.1038869
vn 0.023865832 -0.9938737 0.10791431
vn 0.035036057 -0.7876368 0.6151429
vn 0.007019552 -0.9937617 0.111303024
vn 0.55492985 -0.7893167 -0.2627394
vn 0.5074692 -0.7876329 -0.34944195
vn 0.0922593 -0.99376184 -0.06265564
vn 0.09991825 -0.9938706 -0.047303922
vn 0.59191805 -0.78763676 -0.17105955
vn 0.10693907 -0.9937628 -0.031617783
vn -0.13263617 -0.78931725 -0.599488
vn -0.22776785 -0.7876201 -0.57251775
vn -0.04055967 -0.99376184 -0.1038869
vn -0.023865497 -0.9938737 -0.10791431
vn -0.03503579 -0.7876368 -0.6151429
vn -0.0070192167 -0.9937617 -0.111303024
vn -0.55141455 -0.78930926 -0.27006137
vn -0.5896202 -0.7876254 -0.17886978
vn -0.106511384 -0.99376196 -0.033052154
vn -0.09927712 -0.99387145 -0.048616264
vn -0.50279987 -0.78763354 -0.35612583
vn -0.09140454 -0.993763 -0.06387649
vn -0.5549296 -0.78931695 0.2627394
vn -0.50746894 -0.787633 0.34944195
vn -0.092258975 -0.99376184 0.06265564
vn -0.099917926 -0.9938706 0.047303922
vn -0.5919178 -0.787637 0.17105955
vn -0.10693874 -0.9937628 0.031617783
vn -0.1405703 -0.7893124 0.5976837
vn -0.043184403 -0.78763705 0.6146243
vn -0.008514639 -0.9937603 0.11121131
vn -0.025299817 -0.99387133 0.10760887
vn -0.23529987 -0.7876294 0.56945044
vn -0.04193304 -0.9937621 0.10333758
vn 0.3796258 -0.7893125 0.4825662
vn 0.45360455 -0.7876352 0.4169816
vn 0.081638575 -0.99376076 0.07599239
vn 0.06833154 -0.99387205 0.08688675
vn 0.29847518 -0.7876322 0.5390252
vn 0.054629266 -0.99376124 0.09723368
vn 0.61398005 -0.7893111 0.0040590186
vn 0.6088266 -0.787638 -0.094639875
vn 0.11029621 -0.99376315 -0.016419278
vn 0.110538855 -0.99387157 0.0007019298
vn 0.6075354 -0.78762585 0.10269535
vn 0.11008241 -0.9937616 0.017884169
vn 0.38597447 -0.789314 -0.47750098
vn 0.30558586 -0.7876317 -0.5350268
vn 0.05591107 -0.99376136 -0.09650124
vn 0.06949119 -0.9938712 -0.08597111
vn 0.45909548 -0.7876309 -0.4109366
vn 0.0826154 -0.9937634 -0.07489391
vn -0.069490865 -0.9938712 0.08597111
vn -0.08261507 -0.9937634 0.07489391
vn -0.45909524 -0.78763103 0.4109366
vn -0.38597423 -0.7893141 0.47750098
vn -0.055910736 -0.99376136 0.09650124
vn -0.30558562 -0.7876318 0.5350268
vn 0.099277444 -0.99387145 0.048616264
vn 0.09140487 -0.993763 0.06387649
vn 0.5028001 -0.7876334 0.35612583
vn 0.5514193 -0.7893155 0.27003303
vn 0.10651171 -0.99376196 0.033052154
vn 0.5896204 -0.78762513 0.17886978
vn 0.008514974 -0.9937603 -0.11121131
vn 0.025300153 -0.99387133 -0.10760887
vn 0.14057057 -0.7893124 -0.5976837
vn 0.043183856 -0.7876222 -0.6146432
vn 0.041933376 -0.9937621 -0.10333758
vn 0.23530014 -0.7876293 -0.56945044
vn -0.08163825 -0.99376076 -0.07599239
vn -0.06833121 -0.99387205 -0.08688675
vn -0.37962556 -0.7893126 -0.4825662
vn -0.4536043 -0.7876353 -0.4169816
vn -0.05462893 -0.99376124 -0.09723368
vn -0.29847494 -0.78763235 -0.5390252
vn 0.479669 0.30574068 -0.8224599
vn 0.45778796 0.39241597 -0.7977719
vn 0.19269589 0.9786787 0.07110893
vn 0.09167809 0.9787965 -0.18317337
vn 0.4910518 0.10492465 -0.86478835
vn 0.50002646 0.104894556 -0.8596341
vn 0.49599835 -0.03311327 -0.8676919
vn 0.41099727 -0.07754832 -0.90833235
vn 0.4658829 -0.13062415 -0.87515175
vn 0.5399467 -0.13410154 -0.8309478
vn -0.09946028 -0.12997898 -0.98651564
vn -0.31297767 -0.13410285 -0.9402455
vn -0.36910233 -0.033113677 -0.92879874
vn -0.185465 -0.08398879 -0.979055
vn -0.92680985 -0.29545745 0.23179406
vn -0.8371173 -0.52438486 0.15574063
vn -0.8371173 -0.52438486 0.15574063
vn -0.9384222 -0.24195313 0.24662234
vn -0.002716181 -0.13049982 -0.99144465
vn -0.059421152 -0.032381028 -0.9977077
vn -0.051851504 0.10272636 -0.9933573
vn -0.06216652 0.10147452 -0.9928939
vn 0.6595123 -0.34788418 -0.66634846
vn 0.2884939 -0.9044537 -0.31422108
vn 0.27705485 -0.912376 -0.30134812
vn 0.66021603 -0.34577933 -0.666747
vn 0.86466926 -0.42247677 -0.27177322
vn 0.45286804 -0.89014065 0.050600104
vn 0.87949586 -0.3786793 -0.28825173
vn -0.64032793 0.107916564 -0.76048285
vn -0.63251996 0.10660507 -0.7671727
vn -0.63437694 -0.031404603 -0.7723858
vn -0.70912075 -0.08096837 -0.7004227
vn -0.65860075 -0.13407022 -0.74045277
vn -0.56936324 -0.12998068 -0.81174546
vn 0.7092696 -0.12998177 -0.69285023
vn 0.649813 -0.08398849 -0.75543964
vn -0.75909483 0.29545265 -0.58007133
vn -0.7779332 0.2419557 -0.57989436
vn 0.773452 -0.13050061 -0.6202754
vn 0.7429879 -0.032380655 -0.6685212
vn 0.7443065 0.102728345 -0.65988994
vn 0.7375179 0.10147522 -0.6676603
vn 0.8998613 0.29564053 -0.3206967
vn 0.8486799 -0.3477059 -0.39855114
vn 0.8494883 -0.34559372 -0.3986659
vn 0.9099854 0.24213801 -0.33659422
vn -0.03439526 -0.9602029 -0.27717763
vn -0.3860632 -0.8901431 -0.24207544
vn 0.19532295 0.10791596 -0.9747836
vn 0.20542255 0.106602475 -0.97285026
vn 0.20832308 -0.031404074 -0.9775558
vn 0.10547535 -0.08096818 -0.9911202
vn 0.1682524 -0.13407083 -0.9765839
vn 0.27964216 -0.12997876 -0.95126545
vn 0.8651879 -0.12998098 0.4843087
vn 0.9146618 -0.13407092 0.381338
vn 0.9427985 -0.080967225 0.32338122
vn 0.90668356 -0.03140371 0.4206409
vn 0.9027543 0.10660329 0.416738
vn 0.90687835 0.10791609 0.4073399
vn 0.7495518 -0.1306221 0.6489299
vn 0.7941055 -0.07754876 0.6028122
vn 0.5925564 0.8054876 -0.008179087
vn 0.9818354 0.10147674 0.16031772
vn 0.97999716 0.10272728 0.17044888
vn 0.98591715 -0.032380518 0.16407028
vn 0.99577886 -0.08398853 0.037019726
vn 0.98391557 -0.12998204 0.12253547
vn 0.9671995 -0.13049792 0.21793424
vn 0.58789545 0.6505215 0.48083344
vn 0.58789545 0.6505215 0.48083344
vn -0.5996105 0.6505163 0.46615
vn -0.76584834 0.34801006 0.5407083
vn -0.7665806 0.3459652 0.54098284
vn -0.5996105 0.6505163 0.46615
vn -0.66468275 -0.12998238 0.735732
vn -0.5753178 -0.13407104 0.8068671
vn -0.5250509 -0.08096731 0.8472107
vn -0.6118467 -0.031404246 0.7903528
vn -0.6071873 0.10660483 0.7873749
vn -0.5989348 0.10791498 0.7934933
vn -0.7994618 -0.13062418 0.58634317
vn -0.7644123 -0.077549204 0.64004695
vn -0.6377265 0.73483795 0.23090726
vn -0.8036414 0.42290956 0.418698
vn -0.8154458 0.3788667 0.43761653
vn -0.6377265 0.73483795 0.23090726
vn -0.37477148 0.10147511 0.9215471
vn -0.38426378 0.10272663 0.9174904
vn -0.3793218 -0.032380823 0.92469805
vn -0.25767344 -0.08398882 0.9625749
vn -0.33839297 -0.12997985 0.93198466
vn -0.42771947 -0.130498 0.8944419
vn -0.9375584 0.34770826 -0.009125324
vn -0.9498961 -0.2956353 -0.10147486
vn -0.96591127 -0.24214178 -0.091558464
vn -0.93833643 0.34559673 -0.009369326
vn -0.8298487 -0.29588422 0.4730788
vn -0.76382864 -0.52489585 0.37556642
vn -0.76382864 -0.52489585 0.37556642
vn -0.8370911 -0.24217303 0.49054125
vn -0.8150347 0.10147483 -0.57045716
vn -0.80897456 0.10272776 -0.5787981
vn -0.81709397 -0.032381143 -0.57559454
vn -0.8811022 -0.08398731 -0.4654085
vn -0.83329976 -0.12998195 -0.5373233
vn -0.77683693 -0.13050044 -0.616031
vn -0.7033988 0.6501432 0.28730455
vn -0.8833199 0.34788924 0.3141961
vn -0.8841288 0.34577748 0.31425175
vn -0.7033988 0.6501432 0.28730455
vn 0.5870388 -0.42290583 0.690316
vn 0.13217781 -0.88920075 0.43800828
vn 0.6081027 -0.37886998 0.6976165
vn 0.9246081 -0.34800968 -0.15488467
vn 0.92537785 -0.34599793 -0.15479423
vn 0.24140985 0.803703 0.5438591
vn 0.88390493 0.107916996 -0.4550453
vn 0.8886886 0.10660372 -0.44594657
vn 0.89417523 -0.03140387 -0.44661456
vn 0.84065145 -0.08096731 -0.53549
vn 0.86843705 -0.13407274 -0.47732753
vn 0.9180824 -0.12998167 -0.37447214
vn 0.5176421 -0.12998267 0.8456662
vn 0.68995655 -0.134103 0.7113202
vn 0.7355567 -0.03311381 0.6766535
vn 0.59191585 -0.083988175 0.80161184
vn 0.5870387 0.422906 0.690316
vn 0.7201384 1.2140626E-07 0.69383055
vn 0.7201384 1.2140626E-07 0.69383055
vn 0.60810256 0.37887016 0.6976165
vn 0.43261373 -0.13050124 0.89208454
vn 0.48643997 -0.032380417 0.8731138
vn 0.4777187 0.102728084 0.87248605
vn 0.48680866 0.10147578 0.86759436
vn -0.7964022 0.34788978 -0.49468797
vn -0.7590947 -0.2954529 -0.58007133
vn -0.77793306 -0.24195597 -0.57989436
vn -0.79694414 0.34578073 -0.49529374
vn -0.46135843 0.7345048 -0.49764562
vn -0.69879824 0.42262977 -0.57711804
vn -0.72068435 0.37883675 -0.5806004
vn -0.46135843 0.7345048 -0.49764562
vn 0.24693143 0.1079162 0.9630051
vn 0.23701501 0.10660492 0.96563935
vn 0.2364297 -0.031403877 0.97114104
vn 0.33497882 -0.080967404 0.9387403
vn 0.2721119 -0.13407212 0.9528798
vn 0.16077676 -0.12998255 0.9783943
vn -0.93965095 -0.12998079 0.3164825
vn -0.8470215 -0.1341002 0.5143655
vn -0.82337713 -0.033113454 0.56652766
vn -0.9132262 -0.08398901 0.3987029
vn 0.8407439 -0.34770548 0.41503105
vn 0.3856149 -0.9063395 0.17277128
vn 0.3778293 -0.91023856 0.16944325
vn 0.8413446 -0.34559566 0.41557562
vn -0.9659871 -0.13049936 0.22324641
vn -0.9594672 -0.032381184 0.279954
vn -0.9569134 0.10272901 0.27159443
vn -0.9541701 0.10147483 0.28153586
vn -0.98964167 -0.12998085 -0.060946565
vn -0.9895401 -0.13406906 0.053255223
vn -0.9897413 -0.0809679 0.11771299
vn -0.999403 -0.031404134 0.014404929
vn -0.9941695 0.10660411 0.016205803
vn -0.9938081 0.10791364 0.026459636
vn -0.95688266 -0.13062428 -0.25944757
vn -0.97701603 -0.077549845 -0.19855893
vn -0.6436922 -0.5243906 -0.5573823
vn -0.6436922 -0.5243906 -0.5573823
vn -0.0672031 0.1049247 0.9922069
vn -0.07751962 0.10489561 0.9914574
vn -0.07040764 -0.03311327 0.99696857
vn 0.023805186 -0.07754992 0.9967042
vn -0.040010728 -0.13062243 0.9906246
vn -0.12595257 -0.13410124 0.98293084
vn -0.9523696 0.104923464 -0.28632733
vn -0.94934434 0.10489253 -0.29621422
vn -0.9563085 -0.033113122 -0.2904785
vn -0.9302614 -0.13410236 -0.34151193
vn 0.73383343 0.10492503 0.67117757
vn 0.7268142 0.10489454 0.6787771
vn -0.81765836 0.10492332 0.5660618
vn -0.82350445 0.104894966 0.55752796
vn -0.36992466 0.10492536 -0.9231178
vn -0.36030546 0.1048932 -0.92691827
vn -0.45390564 -0.077548265 -0.88766885
vn -0.393728 -0.13062218 -0.909899
vn 0.9822918 0.10492527 -0.15522079
vn 0.983856 0.10489557 -0.14499798
vn 0.9876445 -0.033112563 -0.1531731
vn 0.96641505 -0.077548645 -0.24500662
vn 0.9746945 -0.1306224 -0.18140666
vn 0.9863145 -0.13410053 -0.09592136
vn 0.24277909 -0.8901487 0.38560805
vn -0.006713956 -0.99997735 0.0005798562
vn -0.006713956 -0.99997735 0.0005798562
vn -0.024079503 0.99415004 -0.10528987
vn -0.024079503 0.99415004 -0.10528987
vn -0.024079503 0.99415004 -0.10528987
vn -0.024079503 0.99415004 -0.10528987
vn 0.8117927 0.2956442 0.50357455
vn 0.8305277 0.24214204 0.5015884
vn 0.37584695 0.80550003 0.45815805
vn -0.65277505 0.7344442 -0.18567875
vn -0.89696056 0.42247772 -0.13028663
vn -0.91746545 0.3786809 -0.12189331
vn -0.65277505 0.7344442 -0.18567875
vn -0.019745737 -0.29545435 -0.9551528
vn -0.031617664 -0.24195479 -0.96977234
vn -0.050386768 0.9941511 -0.09552396
vn -0.050386768 0.9941511 -0.09552396
vn -0.050386768 0.9941511 -0.09552396
vn -0.050386768 0.9941511 -0.09552396
vn -0.8394628 -0.5245347 -0.14200613
vn -0.8394628 -0.5245347 -0.14200613
vn -0.5781562 0.73484164 -0.3546028
vn -0.82842153 0.42290863 -0.3672412
vn -0.8505721 0.37886608 -0.36467475
vn -0.5781562 0.73484164 -0.3546028
vn 0.32661793 0.42247933 -0.84547734
vn 0.26609623 -9.151251E-05 -0.9639466
vn 0.26609623 -9.151251E-05 -0.9639466
vn 0.3229806 0.37867758 -0.8673448
vn 0.06726346 0.99415267 -0.08447627
vn 0.06726346 0.99415267 -0.08447627
vn 0.06726346 0.99415267 -0.08447627
vn 0.06726346 0.99415267 -0.08447627
vn 0.2778802 -0.9602044 0.028108457
vn 0.3219155 -0.8901502 -0.3224952
vn 0.87999994 -0.42263418 0.21674964
vn 0.35322902 -0.8930213 0.27882314
vn 0.9012309 -0.3788342 0.21039909
vn -0.88727415 -0.29588032 -0.35383543
vn -0.7698701 -0.524895 -0.36302254
vn -0.7698701 -0.524895 -0.36302254
vn -0.9054484 -0.24217127 -0.34859213
vn 0.043275572 0.99415183 -0.09894214
vn 0.043275572 0.99415183 -0.09894214
vn 0.043275572 0.99415183 -0.09894214
vn 0.043275572 0.99415183 -0.09894214
vn 0.93560594 0.2954595 0.19324952
vn 0.95249844 0.24195492 0.18494524
vn 0.50210327 0.8103788 0.30195788
vn -0.15436709 -0.9602022 0.23277166
vn 0.142098 0.6500316 -0.7465033
vn 0.142098 0.6500316 -0.7465033
vn 0.2175435 -0.34770933 -0.91201603
vn 0.082616635 -0.9063397 -0.41439474
vn 0.08109021 -0.91024125 -0.4060607
vn 0.21793486 -0.34559494 -0.912726
vn 0.4743649 0.7348493 -0.48474166
vn 0.5423855 0.42290333 -0.7259275
vn 0.5448043 0.37886968 -0.74809504
vn 0.4743649 0.7348493 -0.48474166
vn 0.0066837757 -0.99997747 0.00067141256
vn 0.0066837757 -0.99997747 0.00067141256
vn 0.5252275 -0.5248917 -0.6697947
vn 0.5252275 -0.5248917 -0.6697947
vn -0.14752802 0.29587996 0.94376403
vn -0.13837391 0.24216951 0.96031594
vn 0.08685629 0.9941493 0.06421152
vn 0.08685629 0.9941493 0.06421152
vn 0.08685629 0.9941493 0.06421152
vn 0.08685629 0.9941493 0.06421152
vn -0.40715364 -0.42262688 0.80969906
vn -0.3504488 -0.8930146 0.28233066
vn -0.40565702 -0.37883106 0.83182293
vn 0.26609623 9.160224E-05 -0.9639466
vn 0.32661805 -0.4224792 -0.84547734
vn 0.32298073 -0.37867746 -0.8673448
vn 0.26609623 9.160224E-05 -0.9639466
vn -0.39660436 0.29546177 0.86914176
vn -0.3922609 0.24195467 0.8874623
vn -0.40609357 0.8103861 0.4223298
vn -0.25422782 -0.9063396 0.3375159
vn -0.24925268 -0.91024446 0.3306484
vn 0.1080059 0.9941503 -6.103762E-05
vn 0.1080059 0.9941503 -6.103762E-05
vn 0.1080059 0.9941503 -6.103762E-05
vn 0.1080059 0.9941503 -6.103762E-05
vn 0.3262799 0.73444295 -0.5950926
vn 0.3262799 0.73444295 -0.5950926
vn -0.005737357 -0.99997747 -0.0035096565
vn -0.005737357 -0.99997747 -0.0035096565
vn -0.019745838 0.29545435 -0.9551528
vn -0.10974807 -0.34789184 -0.931089
vn -0.10962338 -0.34577775 -0.9318908
vn -0.031617746 0.24195479 -0.96977234
vn 0.32524368 -0.5245342 -0.78681666
vn 0.32524368 -0.5245342 -0.78681666
vn 0.21677497 -0.9603645 0.17523877
vn 0.43825102 -0.89301234 -0.10229923
vn -0.08191278 0.9941517 0.07037648
vn -0.08191278 0.9941517 0.07037648
vn -0.08191278 0.9941517 0.07037648
vn -0.08191278 0.9941517 0.07037648
vn -0.009369465 0.65051395 0.75943655
vn -0.054720502 0.34800735 0.93589354
vn -0.054964643 0.34599304 0.93662584
vn -0.009369465 0.65051395 0.75943655
vn -0.17368679 -0.42290968 0.88937074
vn -0.2599924 -0.8892057 0.37645358
vn -0.16626938 -0.3788673 0.9103923
vn -0.6579902 9.144615E-05 0.7530265
vn -0.661112 -0.42248076 0.6200329
vn -0.6673331 -0.37868255 0.64130026
vn -0.6579902 9.144615E-05 0.7530265
vn -0.27467695 0.8037042 0.5278372
vn -0.023957422 0.9941498 0.105320364
vn -0.023957422 0.9941498 0.105320364
vn -0.023957422 0.9941498 0.105320364
vn -0.023957422 0.9941498 0.105320364
vn 0.3670258 0.7348454 0.57034594
vn 0.3670258 0.7348454 0.57034594
vn 0.53612596 -0.5248949 0.6611009
vn 0.53612596 -0.5248949 0.6611009
vn -0.6449933 -0.50848097 -0.57046545
vn -0.6449933 -0.50848097 -0.57046545
vn -0.68597925 -0.36446002 -0.629763
vn -0.7044439 -0.25511003 -0.66232747
vn -0.41265294 -0.508484 0.75575227
vn -0.41265294 -0.508484 0.75575227
vn -0.46132988 -0.36446172 0.8089144
vn -0.4889457 -0.25510883 0.83417726
vn 0.8286338 -0.5084845 0.23411474
vn 0.8286338 -0.5084845 0.23411474
vn 0.89128894 -0.36446267 0.2697611
vn 0.92206603 -0.2551069 0.29105824
vn 0.04385565 -0.5084743 -0.85995966
vn 0.04385565 -0.5084743 -0.85995966
vn 0.06467005 -0.36445916 -0.9289711
vn 0.07858531 -0.25510454 -0.9637147
vn 0.075320154 0.30573657 -0.9491323
vn 0.066286966 0.39241192 -0.9173979
vn 0.041933708 0.58914864 -0.80693585
vn 0.041933708 0.58914864 -0.80693585
vn -0.44649506 0.39134684 -0.8046676
vn -0.4057585 0.5908599 -0.6973124
vn -0.4057585 0.5908599 -0.6973124
vn -0.456384 0.30378792 -0.83631736
vn -0.84815973 -0.5084809 0.14856759
vn -0.84815973 -0.5084809 0.14856759
vn -0.9200704 -0.36446366 0.14365514
vn -0.95703983 -0.25510702 0.13782302
vn 0.33357525 -0.5084807 0.7938356
vn 0.33357525 -0.5084807 0.7938356
vn 0.34477735 -0.36446223 0.86504096
vn 0.34730592 -0.25510803 0.90238494
vn 0.69969374 -0.5084879 -0.50186527
vn 0.69969374 -0.5084879 -0.50186527
vn 0.76662445 -0.36446616 -0.5286318
vn 0.8024626 -0.25510687 -0.53942055
vn -0.5895433 0.5908553 0.550753
vn -0.713786 0.30378923 0.6310481
vn -0.6851204 0.3913446 0.6143774
vn -0.5895433 0.5908553 0.550753
vn 0.66813093 0.59085596 0.45220616
vn 0.7740539 0.30378646 0.5554767
vn 0.7514136 0.39134803 0.531248
vn 0.66813093 0.59085596 0.45220616
vn 0.35070068 0.39135292 -0.8507949
vn 0.29219443 0.59085923 -0.7520026
vn 0.29219443 0.59085923 -0.7520026
vn 0.36931205 0.30378756 -0.8782493
vn -0.1852227 0.38863486 0.9025827
vn -0.14676747 0.5858182 0.7970423
vn -0.14676747 0.5858182 0.7970423
vn -0.19843456 0.30052054 0.9329047
vn -0.9521973 -0.2543467 -0.16919814
vn -0.84938896 -0.51294184 -0.12421448
vn -0.84938896 -0.51294184 -0.12421448
vn -0.918176 -0.3658972 -0.15189503
vn 0.053133283 0.39134347 0.9187095
vn 0.06302265 0.5908573 0.8043107
vn 0.06302265 0.5908573 0.8043107
vn 0.048311215 0.30378416 0.95151526
vn 0.88384587 0.39135227 -0.25624207
vn 0.7701216 0.59085196 -0.24043031
vn 0.7701216 0.59085196 -0.24043031
vn 0.91690874 0.30378494 -0.2588305
vn -0.8387434 0.38863817 -0.38140514
vn -0.74439704 0.5858184 -0.32045293
vn -0.74439704 0.5858184 -0.32045293
vn -0.86536086 0.30051857 -0.40104768
vn -0.7146677 0.5858154 0.38219163
vn -0.85310066 0.3005215 0.42650452
vn -0.82115525 0.388634 0.41793278
vn -0.7146677 0.5858154 0.38219163
vn 0.067875445 -0.5129412 0.85573614
vn 0.056217134 -0.3658993 0.9289551
vn 0.04690858 -0.25434986 0.9659741
vn 0.067875445 -0.5129412 0.85573614
vn 0.5316447 0.5858166 0.6116968
vn 0.60565466 0.30052325 0.73679596
vn 0.59018487 0.38863465 0.7075627
vn 0.5316447 0.5858166 0.6116968
vn 0.81917304 -0.5129406 -0.25660768
vn 0.89315426 -0.36589858 -0.2615219
vn 0.93132275 -0.25434652 -0.26066417
vn 0.81917304 -0.5129406 -0.25660768
vn -0.79451007 -0.5024096 -0.3410842
vn -0.85049045 -0.35946035 -0.38399798
vn -0.877614 -0.2498925 -0.40908122
vn -0.79451007 -0.5024096 -0.3410842
vn -0.15573682 -0.5023987 0.850495
vn -0.18512674 -0.35944998 0.9146167
vn -0.20353025 -0.249919 0.9466341
vn -0.15573682 -0.5023987 0.850495
vn 0.8638286 -0.5023968 -0.037385266
vn 0.9328789 -0.3594544 -0.023011439
vn 0.96819675 -0.24989249 -0.01220775
vn 0.8638286 -0.5023968 -0.037385266
vn 0.31010547 -0.5129358 -0.80045706
vn 0.35240868 -0.3658982 -0.8613517
vn 0.37684995 -0.25434616 -0.8906696
vn 0.31010547 -0.5129358 -0.80045706
vn 0.4780564 0.5858207 -0.6544283
vn 0.5835638 0.30052584 -0.7544121
vn 0.5585031 0.38863283 -0.7328294
vn 0.4780564 0.5858207 -0.6544283
vn -0.43246084 -0.5129409 -0.74153167
vn -0.45369905 -0.36589533 -0.81257486
vn -0.46138835 -0.2543466 -0.8499581
vn -0.43246084 -0.5129409 -0.74153167
vn -0.21357118 0.5858097 -0.78180194
vn -0.22596359 0.30052173 -0.9266214
vn -0.22471288 0.38863137 -0.89357144
vn -0.21357118 0.5858097 -0.78180194
vn -0.22733657 -0.24989025 -0.94120836
vn -0.22868308 -0.50238276 -0.83385587
vn -0.22868308 -0.50238276 -0.83385587
vn -0.2300216 -0.35945272 -0.90436935
vn 0.5941177 -0.24992178 -0.76456743
vn 0.5093285 -0.5024005 -0.6986976
vn 0.5093285 -0.5024005 -0.6986976
vn 0.5636264 -0.3594536 -0.7437194
vn 0.78448075 -0.2543518 0.56559277
vn 0.71137244 -0.51293635 0.480464
vn 0.71137244 -0.51293635 0.480464
vn 0.7613346 -0.3658958 0.5352475
vn 0.90857893 0.30573878 0.2846195
vn 0.87964296 0.39241076 0.26877898
vn 0.7773688 0.58915365 0.22044425
vn 0.7773688 0.58915365 0.22044425
vn -0.72598636 -0.2543456 0.6389462
vn -0.6267174 -0.512941 0.58661485
vn -0.6267174 -0.512941 0.58661485
vn -0.69123566 -0.3658982 0.6231468
vn -0.47966912 0.3057405 0.8224599
vn -0.45778808 0.3924158 0.7977719
vn -0.3879061 0.58915323 0.7088212
vn -0.3879061 0.58915323 0.7088212
vn -0.6950985 0.3057382 -0.6506629
vn -0.67591393 0.39241877 -0.6238172
vn -0.6047368 0.5891413 -0.535916
vn -0.6047368 0.5891413 -0.535916
vn 0.6132003 -0.24992509 0.74934834
vn 0.56783605 -0.5024032 0.65203786
vn 0.56783605 -0.5024032 0.65203786
vn 0.5996389 -0.3594536 0.7150009
vn -0.8670189 -0.24989107 0.43108317
vn -0.76204133 -0.5024121 0.40850347
vn -0.76204133 -0.5024121 0.40850347
vn -0.8305111 -0.35945192 0.4254947
vn 0.78902686 0.3057469 -0.5328747
vn 0.7585905 0.39241877 -0.5201424
vn 0.65705305 0.58914757 -0.4703047
vn 0.65705305 0.58914757 -0.4703047
vn 0.34394625 0.3057369 0.88782096
vn 0.33829987 0.39240968 0.8553175
vn 0.3123073 0.589151 0.74522835
vn 0.3123073 0.589151 0.74522835
vn -0.9420956 0.30574065 0.13776343
vn -0.90915453 0.39241037 0.13947085
vn -0.7960404 0.58914846 0.13865012
vn -0.7960404 0.58914846 0.13865012
vn 0.92116904 0.38863504 -0.020264925
vn 0.8097255 0.58580905 -0.034242123
vn 0.8097255 0.58580905 -0.034242123
vn 0.95366985 0.3005246 -0.014099958
vn -0.23701504 0.106604844 -0.96563935
vn -0.24693146 0.10791611 -0.9630051
vn -0.48680872 0.10147562 -0.86759436
vn -0.47771877 0.10272792 -0.87248605
vn -0.5022221 0.09927852 -0.85902077
vn -0.5022221 0.09927852 -0.85902077
vn -0.46248993 -0.1310806 -0.8768814
vn -0.46248993 -0.1310806 -0.8768814
vn 0.6071873 0.10660504 -0.7873749
vn 0.5989348 0.107915185 -0.7934933
vn 0.37477142 0.10147523 -0.9215471
vn 0.38426372 0.102726765 -0.9174904
vn 0.35845274 0.099280335 -0.92825377
vn 0.35845274 0.099280335 -0.92825377
vn 0.39721 -0.13108075 -0.9083183
vn 0.39721 -0.13108075 -0.9083183
vn 0.80897456 0.10272803 0.5787981
vn 0.8150347 0.1014751 0.57045716
vn 0.9938081 0.10791397 -0.026459636
vn 0.9941695 0.106604435 -0.016205803
vn 0.99293697 0.11014338 -0.044100013
vn 0.99293697 0.11014338 -0.044100013
vn 0.9913719 -0.13107798 -0.0006408943
vn 0.9913719 -0.13107798 -0.0006408943
vn -0.7443065 0.10272809 0.65988994
vn -0.7375179 0.10147496 0.6676603
vn -0.19532298 0.1079159 0.9747836
vn -0.20542258 0.1066024 0.97285026
vn -0.17792657 0.11011301 0.9778636
vn -0.17792657 0.11011301 0.9778636
vn -0.2199516 -0.13107984 0.966664
vn -0.2199516 -0.13107984 0.966664
vn -0.90687835 0.107915774 -0.4073399
vn -0.9027543 0.10660299 -0.416738
vn -0.9137452 0.11014368 -0.39107317
vn -0.9137452 0.11014368 -0.39107317
vn -0.8934881 -0.13108128 -0.42953107
vn -0.8934881 -0.13108128 -0.42953107
vn 0.9541701 0.10147516 -0.28153586
vn 0.9569134 0.102729335 -0.27159443
vn 0.949239 0.09927916 -0.2984779
vn 0.949239 0.09927916 -0.2984779
vn 0.95781505 -0.13107985 -0.255751
vn 0.95781505 -0.13107985 -0.255751
vn 0.63251996 0.10660528 0.7671727
vn 0.64032793 0.10791677 0.76048285
vn 0.062166482 0.10147454 0.9928939
vn 0.051851466 0.10272638 0.9933573
vn 0.07977579 0.09927725 0.99185675
vn 0.07977579 0.09927725 0.99185675
vn 0.036195666 -0.13107951 0.99071085
vn 0.036195666 -0.13107951 0.99071085
vn -0.8886886 0.10660342 0.44594657
vn -0.88390493 0.1079167 0.4550453
vn -0.97999716 0.10272695 -0.17044888
vn -0.9818354 0.10147641 -0.16031772
vn -0.9075058 0.39134187 -0.15259378
vn -0.9384092 0.30378953 -0.16462141
vn 0.81765836 0.104923606 -0.5660618
vn 0.82350445 0.10489525 -0.55752796
vn 0.80746824 0.104954526 -0.5804994
vn 0.80746824 0.104954526 -0.5804994
vn 0.8294319 -0.13135634 -0.54294413
vn 0.8294319 -0.13135634 -0.54294413
vn 0.3699246 0.104925476 0.9231178
vn 0.3603054 0.10489332 0.92691827
vn 0.38627806 0.10495466 0.91639185
vn 0.38627806 0.10495466 0.91639185
vn 0.3447713 -0.131353 0.92945105
vn 0.3447713 -0.131353 0.92945105
vn -0.9822918 0.10492494 0.15522079
vn -0.983856 0.10489524 0.14499798
vn -0.9793746 0.104923025 0.17267464
vn -0.9793746 0.104923025 0.17267464
vn -0.9828659 -0.13135415 0.1293092
vn -0.9828659 -0.13135415 0.1293092
vn 0.06720307 0.10492473 -0.9922069
vn 0.07751959 0.10489564 -0.9914574
vn 0.049562857 0.10495489 -0.99324125
vn 0.049562857 0.10495489 -0.99324125
vn 0.09262651 -0.13135564 -0.98699856
vn 0.09262651 -0.13135564 -0.98699856
vn 0.9523696 0.10492379 0.28632733
vn 0.94934434 0.10489284 0.29621422
vn 0.95731246 0.10495418 0.26932806
vn 0.95731246 0.10495418 0.26932806
vn 0.9416349 -0.13135386 0.3099515
vn 0.9416349 -0.13135386 0.3099515
vn -0.49105185 0.104924485 0.86478835
vn -0.50002646 0.10489439 0.8596341
vn -0.47561437 0.10492562 0.8733737
vn -0.47561437 0.10492562 0.8733737
vn -0.5117066 -0.13135245 0.84906
vn -0.5117066 -0.13135245 0.84906
vn -0.73383343 0.104924776 -0.67117757
vn -0.7268142 0.1048943 -0.6787771
vn -0.7456481 0.1049253 -0.65802705
vn -0.7456481 0.1049253 -0.65802705
vn -0.7139056 -0.13135484 -0.6878116
vn -0.7139056 -0.13135484 -0.6878116
vn -0.7981748 0.590856 -0.117499806
vn -0.7981748 0.590856 -0.117499806
vn -0.9739327 -0.13108066 -0.18513022
vn -0.9739327 -0.13108066 -0.18513022
vn -0.89290184 -0.13108034 0.43074876
vn -0.89290184 -0.13108034 0.43074876
vn 0.61862737 -0.13108052 0.77467287
vn 0.61862737 -0.13108052 0.77467287
vn -0.75198156 -0.13107808 0.64602053
vn -0.75198156 -0.13107808 0.64602053
vn 0.79715157 -0.13107818 0.58937943
vn 0.79715157 -0.13107818 0.58937943
vn 0.6175914 -0.13108088 -0.775499
vn 0.6175914 -0.13108088 -0.775499
vn -0.22123612 -0.13108146 -0.9663707
vn -0.22123612 -0.13108146 -0.9663707
vn -0.9847419 0.09927975 -0.14292279
vn -0.9847419 0.09927975 -0.14292279
vn -0.87547743 0.11011358 0.470547
vn -0.87547743 0.11011358 0.470547
vn 0.6535664 0.11011301 0.7488165
vn 0.6535664 0.11011301 0.7488165
vn -0.72571695 0.099278964 0.6807926
vn -0.72571695 0.099278964 0.6807926
vn 0.8252111 0.0992794 0.556031
vn 0.8252111 0.0992794 0.556031
vn 0.5845949 0.110143825 -0.80381423
vn 0.5845949 0.110143825 -0.80381423
vn -0.26392856 0.1101126 -0.9582364
vn -0.26392856 0.1101126 -0.9582364
vn -0.8366787 -1.4105348E-07 0.54769415
vn -0.8366787 -1.4105348E-07 0.54769415
vn -0.21390913 0.6501503 0.729073
vn -0.30506772 0.34788573 0.8865152
vn -0.30552408 0.3457783 0.88718235
vn -0.21390913 0.6501503 0.729073
vn 0.0029604873 -0.99997735 -0.0060427124
vn 0.0029604873 -0.99997735 -0.0060427124
vn -0.32103327 0.6505201 -0.6883031
vn -0.35674047 0.34801182 -0.86696255
vn -0.35682422 0.34598997 -0.867737
vn -0.32103327 0.6505201 -0.6883031
vn -0.4519333 0.6500354 0.6109094
vn -0.4519333 0.6500354 0.6109094
vn 0.72801447 -9.1436064E-05 -0.6855617
vn 0.7181472 -0.42262968 -0.5528552
vn 0.7264125 -0.37883177 -0.5734208
vn 0.72801447 -9.1436064E-05 -0.6855617
vn 0.36302844 0.80549926 -0.46838164
vn 0.3193474 0.9470865 0.032319292
vn 0.11243283 0.29563993 0.9486601
vn 0.19968684 -0.3477046 0.91609323
vn 0.1996288 -0.34560397 0.91690046
vn 0.12564927 0.24214277 0.96207035
vn 0.50289744 -0.3478897 0.791244
vn 0.50310844 -0.345782 0.7920333
vn 0.005218876 -0.9999776 0.0042115883
vn 0.005218876 -0.9999776 0.0042115883
vn -0.8298488 0.29588392 0.4730788
vn -0.7658356 -0.34801844 0.54072094
vn -0.76657236 -0.3459923 0.5409771
vn -0.8370912 0.24217276 0.49054125
vn -0.6611121 0.42248052 0.6200329
vn -0.6579902 -9.166801E-05 0.7530265
vn -0.6579902 -9.166801E-05 0.7530265
vn -0.66733325 0.37868232 0.64130026
vn -0.9498729 -1.6013661E-07 -0.3126365
vn -0.9498729 -1.6013661E-07 -0.3126365
vn 0.018433472 0.80369306 -0.5947585
vn 0.27588937 0.94708854 -0.1640383
vn 0.509061 0.6501516 -0.56405675
vn 0.65951216 0.34788442 -0.66634846
vn 0.6602159 0.34577957 -0.666747
vn 0.509061 0.6501516 -0.56405675
vn 0.9899056 -9.138931E-05 0.14172898
vn 0.9899056 -9.138931E-05 0.14172898
vn 0.31029227 0.29564303 -0.903501
vn 0.3041881 0.24214198 -0.92132354
vn 0.8486901 0.34771043 -0.39852548
vn 0.8998614 -0.29564023 -0.3206967
vn 0.90998554 -0.24213772 -0.33659422
vn 0.8494882 0.34559402 -0.3986659
vn -0.39660424 -0.2954619 0.86914176
vn -0.39226085 -0.24195479 0.8874623
vn -0.66318816 0.6501561 -0.370781
vn -0.66318816 0.6501561 -0.370781
vn -0.14752793 -0.29588002 0.94376403
vn -0.18259698 -0.5249018 0.8313462
vn -0.18259698 -0.5249018 0.8313462
vn -0.13837382 -0.24216957 0.96031594
vn -0.5374166 0.8054989 -0.24970987
vn -0.039522022 0.94709027 -0.31852484
vn 0.74249184 0.6505084 -0.15982698
vn 0.924608 0.34800997 -0.15488467
vn 0.9253875 0.34597138 -0.15479587
vn 0.74249184 0.6505084 -0.15982698
vn -0.35844728 -9.161785E-05 0.93354994
vn -0.35844728 -9.161785E-05 0.93354994
vn -0.38249448 0.73450017 0.5605421
vn -0.40715376 0.42262676 0.80969906
vn -0.40565714 0.37883094 0.83182293
vn -0.38249448 0.73450017 0.5605421
vn -0.9498962 0.295635 -0.10147486
vn -0.93755805 -0.34770846 -0.009155841
vn -0.9383363 -0.34559703 -0.009369326
vn -0.9659114 0.24214146 -0.091558464
vn 0.006287032 -0.99997747 0.0023804628
vn 0.006287032 -0.99997747 0.0023804628
vn -0.5839561 0.80369467 0.11432524
vn -0.22132237 0.9470893 -0.23246156
vn -0.8833198 -0.34788954 0.3141961
vn -0.8841287 -0.34577778 0.31425175
vn -0.093449436 -1.5754397E-08 0.9956241
vn -0.093449436 -1.5754397E-08 0.9956241
vn -0.8303656 9.1417525E-05 -0.557219
vn -0.8303656 9.1417525E-05 -0.557219
vn 0.261306 -0.9601967 0.09869926
vn 0.39760345 -0.88920546 -0.22632991
vn -0.2170553 0.73485017 0.64255905
vn -0.17368694 0.42290962 0.88937074
vn -0.1662695 0.37886724 0.9103923
vn -0.2170553 0.73485017 0.64255905
vn -0.27653342 0.2958824 -0.914321
vn -0.35674036 -0.34801194 -0.86696255
vn -0.35682788 -0.34596324 -0.86774623
vn -0.2919793 0.24217154 -0.92525727
vn -0.4001664 -0.52437925 0.75159395
vn -0.4001664 -0.52437925 0.75159395
vn -0.12384635 0.8054887 0.5795259
vn -0.30174008 0.9470916 0.10941009
vn 0.43663383 0.6501442 0.6218226
vn 0.5028973 0.34788987 0.791244
vn 0.5031083 0.3457822 0.7920333
vn 0.43663383 0.6501442 0.6218226
vn -0.2765333 -0.29588252 -0.914321
vn -0.29197925 -0.24217163 -0.92525727
vn 0.015503594 0.42262748 -0.9061709
vn -0.08206546 9.154303E-05 -0.9966269
vn -0.08206546 9.154303E-05 -0.9966269
vn 0.004577769 0.3788309 -0.9254547
vn 0.99145675 1.671471E-07 -0.13043636
vn 0.99145675 1.671471E-07 -0.13043636
vn -0.08923869 -0.9602027 0.2646646
vn 0.18262877 0.8103853 -0.55670685
vn 0.47650284 0.80370396 -0.35637772
vn 0.30027354 0.9470875 0.11340756
vn 0.19968672 0.34770465 0.91609323
vn 0.112432934 -0.29563987 0.9486601
vn 0.12564936 -0.24214274 0.96207035
vn 0.19962868 0.34560403 0.91690046
vn 0.015503737 -0.42262748 -0.9061709
vn 0.19321698 -0.89302117 -0.40642372
vn 0.0045778966 -0.3788309 -0.9254547
vn 0.10535367 -0.9063393 0.4092062
vn 0.10309403 -0.9102353 0.40105286
vn -0.8303656 -9.1697504E-05 -0.557219
vn -0.6987981 -0.42263 -0.57711804
vn -0.72068423 -0.378837 -0.5806004
vn -0.8303656 -9.1697504E-05 -0.557219
vn 0.048342317 -0.52453154 0.85001755
vn 0.048342317 -0.52453154 0.85001755
vn -0.45348877 0.8036994 -0.3852471
vn 0.043733276 0.94708985 -0.31797534
vn -0.006317213 -0.99997747 0.0022889066
vn -0.006317213 -0.99997747 0.0022889066
vn 0.4120457 -0.9071959 -0.084936135
vn 0.002044925 -0.99997747 0.006408938
vn 0.002044925 -0.99997747 0.006408938
vn 0.40709558 -0.9095327 -0.08380568
vn -0.035768278 0.7344374 0.67773324
vn 0.07254445 0.4224795 0.9034647
vn 0.085301034 0.378682 0.92158765
vn -0.035768278 0.7344374 0.67773324
vn -0.9498729 -1.6013661E-07 -0.3126365
vn -0.8284214 -0.42290893 -0.3672412
vn -0.850572 -0.37886637 -0.36467475
vn -0.9498729 -1.6013661E-07 -0.3126365
vn -0.13983932 0.8054945 -0.5758677
vn 0.22437473 0.94709283 -0.22950207
vn 0.17847721 9.158816E-05 0.9839441
vn 0.0725446 -0.4224795 0.9034647
vn 0.08530117 -0.378682 0.92158765
vn 0.17847721 9.158816E-05 0.9839441
vn -0.22938175 -0.4229037 -0.8766622
vn 0.07092624 -0.88920087 -0.451986
vn -0.2451909 -0.37886494 -0.89238036
vn 0.8799998 0.42263448 0.21674964
vn 0.9899056 9.172309E-05 0.14172898
vn 0.9899056 9.172309E-05 0.14172898
vn 0.90123075 0.3788345 0.21039909
vn 0.43222117 -0.29546192 0.85199016
vn 0.33809453 -0.5243851 0.78148097
vn 0.33809453 -0.5243851 0.78148097
vn 0.44927543 -0.24195737 0.86000484
vn -0.31974486 0.94708765 0.02807723
vn 0.43224585 0.29545814 0.8519789
vn 0.44927537 0.24195752 0.86000484
vn 0.5161689 8.701957E-08 -0.8564869
vn 0.54238564 -0.42290315 -0.7259275
vn 0.5448044 -0.3788695 -0.74809504
vn 0.5161689 8.701957E-08 -0.8564869
vn -0.9989905 -9.172652E-05 -0.04492451
vn -0.9989905 -9.172652E-05 -0.04492451
vn 0.1997448 0.73449373 0.648553
vn 0.37919948 0.42262825 0.8231605
vn 0.3973915 0.3788359 0.835801
vn 0.1997448 0.73449373 0.648553
vn -0.5303048 0.80549777 0.26448092
vn -0.2736927 0.9470898 -0.16767026
vn -0.35847393 9.149599E-05 0.9335398
vn -0.35847393 9.149599E-05 0.9335398
vn -0.2293819 0.42290363 -0.8766622
vn -0.34776658 -5.8629062E-08 -0.9375811
vn -0.34776658 -5.8629062E-08 -0.9375811
vn -0.24519102 0.37886488 -0.89238036
vn -0.7594105 0.6500293 0.027528359
vn -0.7594105 0.6500293 0.027528359
vn 0.24006666 -0.9602049 -0.14273976
vn -0.92680997 0.29545715 0.23179406
vn -0.9384223 0.2419528 0.24662234
vn -0.5834035 0.8103739 -0.054171428
vn 0.95293 -0.295883 -0.066165514
vn 0.8511397 -0.5248932 -0.0069582933
vn 0.8511397 -0.5248932 -0.0069582933
vn 0.96703124 -0.24216963 -0.07877004
vn -0.102573425 0.9470861 0.30414912
vn -0.8366787 -1.4105348E-07 0.54769415
vn -0.80364126 -0.42290986 0.418698
vn -0.81544566 -0.378867 0.43761653
vn -0.8366787 -1.4105348E-07 0.54769415
vn 0.5063718 -9.147173E-05 0.86231524
vn 0.37917346 -0.42263302 0.82317007
vn 0.39739162 -0.37883577 0.835801
vn 0.5063718 -9.147173E-05 0.86231524
vn 0.15125409 -0.96019995 0.23481591
vn -0.88690794 -0.42262506 0.18650064
vn -0.43923104 -0.89302003 -0.097935855
vn -0.9032723 -0.37883314 0.20145626
vn 0.67475253 0.73484546 0.06863806
vn 0.9057237 0.42290723 -0.028535623
vn 0.9245684 0.37886113 -0.040467992
vn 0.67475253 0.73484546 0.06863806
vn -0.1773758 0.9470918 0.26749784
vn 0.7181471 0.42262992 -0.5528552
vn 0.72801447 9.1681526E-05 -0.6855617
vn 0.72801447 9.1681526E-05 -0.6855617
vn 0.72641236 0.378832 -0.5734208
vn 0.37551147 -0.90633607 -0.193768
vn 0.36803576 -0.9102464 -0.18974023
vn 0.81794614 -0.52453405 -0.23627993
vn 0.81794614 -0.52453405 -0.23627993
vn -0.33440232 -0.907193 0.25529584
vn -0.004638681 -0.99997735 -0.004883
vn -0.004638681 -0.99997735 -0.004883
vn -0.33040157 -0.9095357 0.2521503
vn 0.0036319003 -0.99997747 0.0056459694
vn 0.0036319003 -0.99997747 0.0056459694
vn 0.668702 0.7344402 -0.11591122
vn 0.86466914 0.42247707 -0.27177322
vn 0.87949574 0.3786796 -0.28825173
vn 0.668702 0.7344402 -0.11591122
vn 0.17383501 0.9470904 0.26981685
vn 0.99145675 1.671471E-07 -0.13043636
vn 0.99145675 1.671471E-07 -0.13043636
vn -0.0018309552 -0.96035993 0.27875704
vn 0.73445195 -0.29545924 -0.61097
vn 0.7384775 -0.24195756 -0.6293707
vn 0.9195566 9.17109E-05 -0.39295778
vn 0.9195566 9.17109E-05 -0.39295778
vn -0.89696044 -0.42247802 -0.13028663
vn -0.9174653 -0.3786812 -0.12189331
vn 0.09851494 0.9470938 0.3054639
vn -0.95338047 -9.171748E-05 0.30177104
vn -0.95338047 -9.171748E-05 0.30177104
vn 0.8217942 -0.52438307 0.2228827
vn 0.8217942 -0.52438307 0.2228827
vn 0.9195566 -9.140084E-05 -0.39295778
vn 0.9195566 -9.140084E-05 -0.39295778
vn 0.7344381 0.29545394 -0.6109891
vn 0.7384774 0.2419578 -0.6293707
vn 0.6315932 0.734504 0.24818155
vn 0.6315932 0.734504 0.24818155
vn 0.5063718 9.164247E-05 0.86231524
vn 0.5063718 9.164247E-05 0.86231524
vn -0.45644087 -0.88919944 0.031403974
vn -0.0021060007 0.9472927 0.32036248
vn 0.67225343 0.6500355 -0.35430115
vn 0.67225343 0.6500355 -0.35430115
vn -0.21909371 -0.96036303 0.1723392
vn 0.0022280535 -0.89302284 0.4500059
vn 0.038057692 -0.96019727 -0.2767182
vn -0.30915645 -0.8891991 -0.3372645
vn 0.6866467 -0.524377 -0.5035327
vn 0.6866467 -0.524377 -0.5035327
vn -0.08206546 -9.157069E-05 -0.9966269
vn -0.08206546 -9.157069E-05 -0.9966269
vn 0.5878333 0.7345096 -0.33903956
vn 0.5878333 0.7345096 -0.33903956
vn 0.7201384 1.2140626E-07 0.69383055
vn 0.7201384 1.2140626E-07 0.69383055
vn -0.077609144 0.99417615 -0.07477074
vn -0.077609144 0.99417615 -0.07477074
vn -0.077609144 0.99417615 -0.07477074
vn -0.077609144 0.99417615 -0.07477074
vn 0.076970235 0.8103863 0.580818
vn -0.25178656 0.9472967 0.19807199
vn -0.42239037 -0.90633905 0.011658466
vn -0.41393292 -0.9102377 0.011261616
vn -0.055635743 0.99417686 0.092288524
vn -0.055635743 0.99417686 0.092288524
vn -0.055635743 0.99417686 0.092288524
vn -0.055635743 0.99417686 0.092288524
vn 0.32332462 -0.9071945 0.26918274
vn -0.003723119 -0.99997735 0.00561545
vn -0.003723119 -0.99997735 0.00561545
vn 0.31935376 -0.9095351 0.2660059
vn -0.00082383765 -0.99997735 -0.006683606
vn -0.00082383765 -0.99997735 -0.006683606
vn 0.10235951 0.99417675 0.033692632
vn 0.10235951 0.99417675 0.033692632
vn 0.10235951 0.99417675 0.033692632
vn 0.10235951 0.99417675 0.033692632
vn -0.1961753 -0.52489436 -0.828252
vn -0.1961753 -0.52489436 -0.828252
vn 0.010070985 0.9941754 -0.10730356
vn 0.010070985 0.9941754 -0.10730356
vn 0.010070985 0.9941754 -0.10730356
vn 0.010070985 0.9941754 -0.10730356
vn -0.27134234 -0.9603651 -0.063814774
vn -0.9989905 9.138969E-05 -0.04492451
vn -0.9989905 9.138969E-05 -0.04492451
vn -0.106846064 0.9941765 0.014038593
vn -0.106846064 0.9941765 0.014038593
vn -0.106846064 0.9941765 0.014038593
vn -0.106846064 0.9941765 0.014038593
vn -0.45736274 0.42247903 -0.7825157
vn -0.5877125 -9.1657355E-05 -0.8090699
vn -0.5877125 -9.1657355E-05 -0.8090699
vn -0.47670928 0.37868163 -0.79331493
vn -0.08319638 0.73484933 -0.6731084
vn -0.08319638 0.73484933 -0.6731084
vn -0.31184915 0.94729704 -0.07333854
vn 0.037476737 0.9941756 0.101047255
vn 0.037476737 0.9941756 0.101047255
vn 0.037476737 0.9941756 0.101047255
vn 0.037476737 0.9941756 0.101047255
vn -0.41237682 -0.5245355 -0.7448543
vn -0.41237682 -0.5245355 -0.7448543
vn 0.09018237 0.9941748 -0.059023023
vn 0.09018237 0.9941748 -0.059023023
vn 0.09018237 0.9941748 -0.059023023
vn 0.09018237 0.9941748 -0.059023023
vn -0.26179567 0.7344497 -0.62613636
vn -0.26179567 0.7344497 -0.62613636
vn -0.49502662 0.6500351 -0.5765441
vn -0.49502662 0.6500351 -0.5765441
vn -0.13709415 0.94729745 -0.2895393
vn -0.119267486 -0.96036714 -0.2519331
vn -0.19257812 -0.9602058 -0.2022835
vn 0.034425862 -0.52438265 -0.8507866
vn 0.034425862 -0.52438265 -0.8507866
vn 0.10141427 0.73449904 -0.67098916
vn 0.10141427 0.73449904 -0.67098916
vn -0.3477934 -5.8633585E-08 -0.9375712
vn -0.34776658 -5.8629062E-08 -0.9375811
vn -0.0021361439 -0.99997735 0.0063784188
vn -0.0021361439 -0.99997735 0.0063784188
vn -0.3213701 0.81038326 -0.4898984
vn 0.14090851 0.9472956 -0.2877076
vn -0.10611405 0.99415004 -0.02014241
vn -0.10611405 0.99415004 -0.02014241
vn -0.10611405 0.99415004 -0.02014241
vn -0.10611405 0.99415004 -0.02014241
vn -0.6344286 -0.52452993 0.56777525
vn -0.6344286 -0.52452993 0.56777525
vn -0.17448147 -0.90720063 -0.38280967
vn 0.00579873 -0.99997723 -0.0034486183
vn 0.00579873 -0.99997723 -0.0034486183
vn -0.17231165 -0.9095353 -0.3782253
vn -0.5521809 0.73444027 0.39458048
vn -0.5521809 0.73444027 0.39458048
vn 0.122593924 -0.96036357 -0.25034517
vn -0.19727564 -0.89302087 -0.4044703
vn 0.54913396 0.81037956 -0.2042963
vn -0.09726384 0.99415267 0.046907526
vn -0.09726384 0.99415267 0.046907526
vn -0.09726384 0.99415267 0.046907526
vn -0.09726384 0.99415267 0.046907526
vn 0.31279442 0.9472955 -0.06921828
vn 0.17847721 -9.152799E-05 0.9839441
vn 0.17847721 -9.152799E-05 0.9839441
vn 0.0039367545 0.9941491 0.107944906
vn 0.0039367545 0.9941491 0.107944906
vn 0.0039367545 0.9941491 0.107944906
vn 0.0039367545 0.9941491 0.107944906
vn 0.5161689 8.701957E-08 -0.8564869
vn 0.5161689 8.701957E-08 -0.8564869
vn 0.6947088 -0.5245335 0.49218327
vn 0.6947088 -0.5245335 0.49218327
vn 0.0673855 0.9941522 0.08438468
vn 0.0673855 0.9941522 0.08438468
vn 0.0673855 0.9941522 0.08438468
vn 0.0673855 0.9941522 0.08438468
vn 0.50756395 0.7344435 0.45052373
vn 0.50756395 0.7344435 0.45052373
vn 0.24913119 0.9472974 0.20139872
vn 0.19584298 0.6500331 0.7342361
vn 0.19584298 0.6500331 0.7342361
vn 0.2721665 -0.9603644 -0.06021352
vn -0.27824455 -0.9601992 0.02444598
vn 0.10434371 0.9941509 -0.02786369
vn 0.10434371 0.9941509 -0.02786369
vn 0.10434371 0.9941509 -0.02786369
vn 0.10434371 0.9941509 -0.02786369
vn -0.093449436 -1.5754397E-08 0.9956241
vn -0.093449436 -1.5754397E-08 0.9956241
vn -0.09732486 0.9941524 -0.046785437
vn -0.09732486 0.9941524 -0.046785437
vn -0.09732486 0.9941524 -0.046785437
vn -0.09732486 0.9941524 -0.046785437
vn 0.3379694 0.65051657 -0.6801506
vn 0.3379694 0.65051657 -0.6801506
# 1491 vertex normals

usemtl Material_006
s 256
f 3760//3760 3767//3767 3706//3706
f 3767//3767 3707//3707 3706//3706
f 3766//3766 3768//3768 3751//3751
f 3768//3768 3752//3752 3751//3751
f 3658//3658 3657//3657 3746//3746
f 3657//3657 3747//3747 3746//3746
f 3764//3764 3769//3769 3741//3741
f 3769//3769 3742//3742 3741//3741
f 3666//3666 3665//3665 3736//3736
f 3665//3665 3737//3737 3736//3736
f 3762//3762 3770//3770 3731//3731
f 3770//3770 3732//3732 3731//3731
f 3756//3756 3771//3771 3726//3726
f 3771//3771 3727//3727 3726//3726
f 3708//3708 3772//3772 3709//3709
f 3772//3772 3755//3755 3709//3709
f 3753//3753 3773//3773 3754//3754
f 3773//3773 3759//3759 3754//3754
f 3748//3748 3774//3774 3749//3749
f 3774//3774 3765//3765 3749//3749
f 3743//3743 3775//3775 3744//3744
f 3775//3775 3758//3758 3744//3744
f 3738//3738 3776//3776 3739//3739
f 3776//3776 3763//3763 3739//3739
f 3733//3733 3777//3777 3734//3734
f 3777//3777 3757//3757 3734//3734
f 3728//3728 3778//3778 3729//3729
f 3778//3778 3761//3761 3729//3729
f 3618//3618 3619//3619 3620//3620
f 3618//3618 3620//3620 3621//3621
f 3622//3622 3623//3623 3624//3624
f 3622//3622 3624//3624 3625//3625
f 3626//3626 3627//3627 3628//3628
f 3626//3626 3628//3628 3629//3629
f 3630//3630 3631//3631 3632//3632
f 3630//3630 3632//3632 3633//3633
f 3634//3634 3635//3635 3636//3636
f 3634//3634 3636//3636 3637//3637
f 3631//3631 3638//3638 3639//3639
f 3631//3631 3639//3639 3632//3632
f 3640//3640 3641//3641 3642//3642
f 3640//3640 3642//3642 3643//3643
f 3644//3644 3645//3645 3646//3646
f 3644//3644 3646//3646 3647//3647
f 3648//3648 3649//3649 3650//3650
f 3648//3648 3650//3650 3651//3651
f 3652//3652 3653//3653 3654//3654
f 3652//3652 3654//3654 3655//3655
f 3656//3656 3657//3657 3658//3658
f 3656//3656 3658//3658 3659//3659
f 3660//3660 3661//3661 3662//3662
f 3660//3660 3662//3662 3663//3663
f 3664//3664 3665//3665 3666//3666
f 3664//3664 3666//3666 3667//3667
f 3668//3668 3669//3669 3670//3670
f 3668//3668 3670//3670 3671//3671
f 3672//3672 3673//3673 3674//3674
f 3672//3672 3674//3674 3675//3675
f 3676//3676 3677//3677 3678//3678
f 3676//3676 3678//3678 3679//3679
f 3645//3645 3680//3680 3681//3681
f 3645//3645 3681//3681 3682//3682
f 3683//3683 3660//3660 3663//3663
f 3683//3683 3663//3663 3684//3684
f 3685//3685 3686//3686 3687//3687
f 3685//3685 3687//3687 3688//3688
f 3689//3689 3690//3690 3691//3691
f 3689//3689 3691//3691 3692//3692
f 3693//3693 3694//3694 3695//3695
f 3693//3693 3695//3695 3696//3696
f 3697//3697 3698//3698 3699//3699
f 3697//3697 3699//3699 3700//3700
f 3701//3701 3702//3702 3703//3703
f 3701//3701 3703//3703 3704//3704
f 3710//3710 3711//3711 3712//3712
f 3710//3710 3712//3712 3713//3713
f 3714//3714 3715//3715 3716//3716
f 3714//3714 3716//3716 3717//3717
f 3690//3690 3718//3718 3719//3719
f 3690//3690 3719//3719 3720//3720
f 3721//3721 3722//3722 3723//3723
f 3721//3721 3723//3723 3724//3724
f 3779//3779 3780//3780 3781//3781
f 3779//3779 3781//3781 3782//3782
f 3653//3653 3783//3783 3784//3784
f 3653//3653 3784//3784 3654//3654
f 3785//3785 3786//3786 3787//3787
f 3785//3785 3787//3787 3788//3788
f 3789//3789 3790//3790 3791//3791
f 3789//3789 3791//3791 3792//3792
f 3793//3793 3794//3794 3795//3795
f 3793//3793 3795//3795 3796//3796
f 3797//3797 3798//3798 3799//3799
f 3797//3797 3799//3799 3800//3800
f 3753//3753 3801//3801 3802//3802
f 3753//3753 3802//3802 3773//3773
f 3803//3803 3804//3804 3805//3805
f 3803//3803 3805//3805 3806//3806
f 3748//3748 3807//3807 3808//3808
f 3748//3748 3808//3808 3774//3774
f 3809//3809 3810//3810 3811//3811
f 3809//3809 3811//3811 3812//3812
f 3743//3743 3813//3813 3814//3814
f 3743//3743 3814//3814 3775//3775
f 3815//3815 3816//3816 3817//3817
f 3815//3815 3817//3817 3818//3818
f 3738//3738 3819//3819 3820//3820
f 3738//3738 3820//3820 3776//3776
f 3821//3821 3822//3822 3823//3823
f 3821//3821 3823//3823 3824//3824
f 3733//3733 3825//3825 3826//3826
f 3733//3733 3826//3826 3777//3777
f 3827//3827 3828//3828 3829//3829
f 3827//3827 3829//3829 3830//3830
f 3728//3728 3831//3831 3832//3832
f 3728//3728 3832//3832 3778//3778
f 3833//3833 3834//3834 3835//3835
f 3833//3833 3835//3835 3836//3836
f 3768//3768 3837//3837 3838//3838
f 3768//3768 3838//3838 3752//3752
f 3766//3766 3765//3765 3839//3839
f 3766//3766 3839//3839 3840//3840
f 3774//3774 3808//3808 3839//3839
f 3774//3774 3839//3839 3765//3765
f 3841//3841 3842//3842 3843//3843
f 3841//3841 3843//3843 3844//3844
f 3845//3845 3846//3846 3847//3847
f 3845//3845 3847//3847 3848//3848
f 3849//3849 3850//3850 3851//3851
f 3849//3849 3851//3851 3852//3852
f 3776//3776 3820//3820 3853//3853
f 3776//3776 3853//3853 3763//3763
f 3677//3677 3854//3854 3855//3855
f 3677//3677 3855//3855 3856//3856
f 3857//3857 3858//3858 3859//3859
f 3857//3857 3859//3859 3854//3854
f 3860//3860 3861//3861 3862//3862
f 3860//3860 3862//3862 3863//3863
f 3864//3864 3865//3865 3866//3866
f 3864//3864 3866//3866 3867//3867
f 3868//3868 3869//3869 3870//3870
f 3868//3868 3870//3870 3871//3871
f 3872//3872 3668//3668 3671//3671
f 3872//3872 3671//3671 3873//3873
f 3874//3874 3875//3875 3876//3876
f 3874//3874 3876//3876 3877//3877
f 3878//3878 3747//3747 3657//3657
f 3878//3878 3657//3657 3656//3656
f 3766//3766 3840//3840 3837//3837
f 3766//3766 3837//3837 3768//3768
f 3879//3879 3880//3880 3881//3881
f 3879//3879 3881//3881 3882//3882
f 3883//3883 3884//3884 3885//3885
f 3883//3883 3885//3885 3886//3886
f 3887//3887 3737//3737 3665//3665
f 3887//3887 3665//3665 3664//3664
f 3764//3764 3888//3888 3889//3889
f 3764//3764 3889//3889 3769//3769
f 3890//3890 3891//3891 3892//3892
f 3890//3890 3892//3892 3893//3893
f 3894//3894 3895//3895 3896//3896
f 3894//3894 3896//3896 3897//3897
f 3778//3778 3832//3832 3898//3898
f 3778//3778 3898//3898 3761//3761
f 3899//3899 3900//3900 3901//3901
f 3899//3899 3901//3901 3902//3902
f 3903//3903 3904//3904 3905//3905
f 3903//3903 3905//3905 3906//3906
f 3907//3907 3683//3683 3684//3684
f 3907//3907 3684//3684 3908//3908
f 3772//3772 3909//3909 3910//3910
f 3772//3772 3910//3910 3755//3755
f 3911//3911 3640//3640 3643//3643
f 3911//3911 3643//3643 3912//3912
f 3708//3708 3707//3707 3913//3913
f 3708//3708 3913//3913 3914//3914
f 3760//3760 3759//3759 3915//3915
f 3760//3760 3915//3915 3916//3916
f 3748//3748 3747//3747 3878//3878
f 3748//3748 3878//3878 3807//3807
f 3658//3658 3758//3758 3917//3917
f 3658//3658 3917//3917 3659//3659
f 3738//3738 3737//3737 3887//3887
f 3738//3738 3887//3887 3819//3819
f 3666//3666 3757//3757 3918//3918
f 3666//3666 3918//3918 3667//3667
f 3728//3728 3727//3727 3919//3919
f 3728//3728 3919//3919 3831//3831
f 3756//3756 3755//3755 3910//3910
f 3756//3756 3910//3910 3920//3920
f 3921//3921 3922//3922 3923//3923
f 3921//3921 3923//3923 3924//3924
f 3919//3919 3727//3727 3771//3771
f 3919//3919 3771//3771 3925//3925
f 3926//3926 3927//3927 3928//3928
f 3926//3926 3928//3928 3929//3929
f 3930//3930 3931//3931 3644//3644
f 3930//3930 3644//3644 3932//3932
f 3933//3933 3934//3934 3935//3935
f 3933//3933 3935//3935 3936//3936
f 3937//3937 3767//3767 3760//3760
f 3937//3937 3760//3760 3916//3916
f 3938//3938 3939//3939 3940//3940
f 3938//3938 3940//3940 3941//3941
f 3942//3942 3943//3943 3944//3944
f 3942//3942 3944//3944 3945//3945
f 3946//3946 3947//3947 3948//3948
f 3946//3946 3948//3948 3949//3949
f 3925//3925 3771//3771 3756//3756
f 3925//3925 3756//3756 3920//3920
f 3950//3950 3718//3718 3951//3951
f 3950//3950 3951//3951 3952//3952
f 3786//3786 3953//3953 3954//3954
f 3786//3786 3954//3954 3787//3787
f 3777//3777 3826//3826 3918//3918
f 3777//3777 3918//3918 3757//3757
f 3955//3955 3697//3697 3700//3700
f 3955//3955 3700//3700 3956//3956
f 3957//3957 3958//3958 3959//3959
f 3957//3957 3959//3959 3960//3960
f 3961//3961 3644//3644 3647//3647
f 3961//3961 3647//3647 3962//3962
f 3775//3775 3814//3814 3917//3917
f 3775//3775 3917//3917 3758//3758
f 3953//3953 3963//3963 3964//3964
f 3953//3953 3964//3964 3954//3954
f 3773//3773 3802//3802 3915//3915
f 3773//3773 3915//3915 3759//3759
f 3965//3965 3966//3966 3967//3967
f 3965//3965 3967//3967 3968//3968
f 3770//3770 3969//3969 3970//3970
f 3770//3770 3970//3970 3732//3732
f 3762//3762 3761//3761 3898//3898
f 3762//3762 3898//3898 3971//3971
f 3936//3936 3972//3972 3973//3973
f 3936//3936 3973//3973 3974//3974
f 3975//3975 3976//3976 3977//3977
f 3975//3975 3977//3977 3978//3978
f 3769//3769 3889//3889 3979//3979
f 3769//3769 3979//3979 3742//3742
f 3764//3764 3763//3763 3853//3853
f 3764//3764 3853//3853 3888//3888
f 3980//3980 3981//3981 3982//3982
f 3980//3980 3982//3982 3983//3983
f 3984//3984 3985//3985 3986//3986
f 3984//3984 3986//3986 3987//3987
f 3988//3988 3989//3989 3990//3990
f 3988//3988 3990//3990 3991//3991
f 3992//3992 3993//3993 3994//3994
f 3992//3992 3994//3994 3995//3995
f 3743//3743 3742//3742 3979//3979
f 3743//3743 3979//3979 3813//3813
f 3753//3753 3752//3752 3838//3838
f 3753//3753 3838//3838 3801//3801
f 3996//3996 3997//3997 3998//3998
f 3996//3996 3998//3998 3999//3999
f 4000//4000 4001//4001 4002//4002
f 4000//4000 4002//4002 4003//4003
f 3913//3913 3707//3707 3767//3767
f 3913//3913 3767//3767 3937//3937
f 3733//3733 3732//3732 3970//3970
f 3733//3733 3970//3970 3825//3825
f 4004//4004 3648//3648 3651//3651
f 4004//4004 3651//3651 4005//4005
f 3686//3686 3958//3958 4006//4006
f 3686//3686 4006//4006 4007//4007
f 4008//4008 4009//4009 4010//4010
f 4008//4008 4010//4010 4011//4011
f 3762//3762 3971//3971 3969//3969
f 3762//3762 3969//3969 3770//3770
f 4012//4012 4013//4013 4014//4014
f 4012//4012 4014//4014 4015//4015
f 4016//4016 4017//4017 4018//4018
f 4016//4016 4018//4018 4019//4019
f 3708//3708 3914//3914 3909//3909
f 3708//3708 3909//3909 3772//3772
f 3990//3990 3989//3989 4020//4020
f 3990//3990 4020//4020 4021//4021
f 4022//4022 4023//4023 3837//3837
f 4022//4022 3837//3837 3840//3840
f 3989//3989 3993//3993 4024//4024
f 3989//3989 4024//4024 4020//4020
f 4023//4023 4025//4025 3838//3838
f 4023//4023 3838//3838 3837//3837
f 3845//3845 3848//3848 4026//4026
f 3845//3845 4026//4026 4027//4027
f 4028//4028 4029//4029 3889//3889
f 4028//4028 3889//3889 3888//3888
f 3848//3848 3715//3715 4030//4030
f 3848//3848 4030//4030 4026//4026
f 4029//4029 4031//4031 3979//3979
f 4029//4029 3979//3979 3889//3889
f 3857//3857 3854//3854 4032//4032
f 3857//3857 4032//4032 4033//4033
f 4034//4034 4035//4035 3969//3969
f 4034//4034 3969//3969 3971//3971
f 3854//3854 3677//3677 4036//4036
f 3854//3854 4036//4036 4032//4032
f 4035//4035 4037//4037 3970//3970
f 4035//4035 3970//3970 3969//3969
f 3645//3645 3644//3644 4038//4038
f 3645//3645 4038//4038 4039//4039
f 4040//4040 4041//4041 3909//3909
f 4040//4040 3909//3909 3914//3914
f 3644//3644 3931//3931 4042//4042
f 3644//3644 4042//4042 4038//4038
f 4041//4041 4043//4043 3910//3910
f 4041//4041 3910//3910 3909//3909
f 3992//3992 3868//3868 4044//4044
f 3992//3992 4044//4044 4045//4045
f 4046//4046 4047//4047 3802//3802
f 4046//4046 3802//3802 3801//3801
f 3868//3868 3871//3871 4048//4048
f 3868//3868 4048//4048 4044//4044
f 4047//4047 4049//4049 3915//3915
f 4047//4047 3915//3915 3802//3802
f 3685//3685 3986//3986 4050//4050
f 3685//3685 4050//4050 4051//4051
f 4052//4052 4053//4053 3808//3808
f 4052//4052 3808//3808 3807//3807
f 3986//3986 3985//3985 4054//4054
f 3986//3986 4054//4054 4050//4050
f 4053//4053 4055//4055 3839//3839
f 4053//4053 3839//3839 3808//3808
f 3714//3714 3874//3874 4056//4056
f 3714//3714 4056//4056 4057//4057
f 4058//4058 4059//4059 3814//3814
f 4058//4058 3814//3814 3813//3813
f 3874//3874 3877//3877 4060//4060
f 3874//3874 4060//4060 4056//4056
f 4059//4059 4061//4061 3917//3917
f 4059//4059 3917//3917 3814//3814
f 3689//3689 3977//3977 4062//4062
f 3689//3689 4062//4062 4063//4063
f 4064//4064 4065//4065 3820//3820
f 4064//4064 3820//3820 3819//3819
f 3977//3977 3976//3976 4066//4066
f 3977//3977 4066//4066 4062//4062
f 4065//4065 4067//4067 3853//3853
f 4065//4065 3853//3853 3820//3820
f 3676//3676 3883//3883 4068//4068
f 3676//3676 4068//4068 4069//4069
f 4070//4070 4071//4071 3826//3826
f 4070//4070 3826//3826 3825//3825
f 3883//3883 3886//3886 4072//4072
f 3883//3883 4072//4072 4068//4068
f 4071//4071 4073//4073 3918//3918
f 4071//4071 3918//3918 3826//3826
f 3921//3921 3944//3944 4074//4074
f 3921//3921 4074//4074 4075//4075
f 4076//4076 4077//4077 3832//3832
f 4076//4076 3832//3832 3831//3831
f 3944//3944 3943//3943 4078//4078
f 3944//3944 4078//4078 4074//4074
f 4077//4077 4079//4079 3898//3898
f 4077//4077 3898//3898 3832//3832
f 3878//3878 3656//3656 4080//4080
f 3878//3878 4080//4080 4081//4081
f 4082//4082 4083//4083 3958//3958
f 4082//4082 3958//3958 3686//3686
f 3656//3656 3659//3659 4084//4084
f 3656//3656 4084//4084 4080//4080
f 4083//4083 4085//4085 3959//3959
f 4083//4083 3959//3959 3958//3958
f 3887//3887 3664//3664 4086//4086
f 3887//3887 4086//4086 4087//4087
f 4088//4088 4089//4089 3718//3718
f 4088//4088 3718//3718 3690//3690
f 3664//3664 3667//3667 4090//4090
f 3664//3664 4090//4090 4086//4086
f 4089//4089 4091//4091 3951//3951
f 4089//4089 3951//3951 3718//3718
f 3925//3925 3920//3920 4092//4092
f 3925//3925 4092//4092 4093//4093
f 4094//4094 4095//4095 3890//3890
f 4094//4094 3890//3890 3893//3893
f 3919//3919 3925//3925 4093//4093
f 3919//3919 4093//4093 4096//4096
f 4097//4097 4094//4094 3893//3893
f 4097//4097 3893//3893 3922//3922
f 3937//3937 3916//3916 4098//4098
f 3937//3937 4098//4098 4099//4099
f 4100//4100 4101//4101 3903//3903
f 4100//4100 3903//3903 3906//3906
f 3913//3913 3937//3937 4099//4099
f 3913//3913 4099//4099 4102//4102
f 4103//4103 4100//4100 3906//3906
f 4103//4103 3906//3906 3680//3680
f 3831//3831 3919//3919 4096//4096
f 3831//3831 4096//4096 4076//4076
f 4075//4075 4097//4097 3922//3922
f 4075//4075 3922//3922 3921//3921
f 3931//3931 3890//3890 4095//4095
f 3931//3931 4095//4095 4042//4042
f 4043//4043 4092//4092 3920//3920
f 4043//4043 3920//3920 3910//3910
f 3825//3825 3970//3970 4037//4037
f 3825//3825 4037//4037 4070//4070
f 4069//4069 4036//4036 3677//3677
f 4069//4069 3677//3677 3676//3676
f 3943//3943 3857//3857 4033//4033
f 3943//3943 4033//4033 4078//4078
f 4079//4079 4034//4034 3971//3971
f 4079//4079 3971//3971 3898//3898
f 3819//3819 3887//3887 4087//4087
f 3819//3819 4087//4087 4064//4064
f 4063//4063 4088//4088 3690//3690
f 4063//4063 3690//3690 3689//3689
f 3886//3886 3951//3951 4091//4091
f 3886//3886 4091//4091 4072//4072
f 4073//4073 4090//4090 3667//3667
f 4073//4073 3667//3667 3918//3918
f 3813//3813 3979//3979 4031//4031
f 3813//3813 4031//4031 4058//4058
f 4057//4057 4030//4030 3715//3715
f 4057//4057 3715//3715 3714//3714
f 3976//3976 3845//3845 4027//4027
f 3976//3976 4027//4027 4066//4066
f 4067//4067 4028//4028 3888//3888
f 4067//4067 3888//3888 3853//3853
f 3807//3807 3878//3878 4081//4081
f 3807//3807 4081//4081 4052//4052
f 4051//4051 4082//4082 3686//3686
f 4051//4051 3686//3686 3685//3685
f 3877//3877 3959//3959 4085//4085
f 3877//3877 4085//4085 4060//4060
f 4061//4061 4084//4084 3659//3659
f 4061//4061 3659//3659 3917//3917
f 3801//3801 3838//3838 4025//4025
f 3801//3801 4025//4025 4046//4046
f 4045//4045 4024//4024 3993//3993
f 4045//4045 3993//3993 3992//3992
f 3985//3985 3990//3990 4021//4021
f 3985//3985 4021//4021 4054//4054
f 4055//4055 4022//4022 3840//3840
f 4055//4055 3840//3840 3839//3839
f 3914//3914 3913//3913 4102//4102
f 3914//3914 4102//4102 4040//4040
f 4039//4039 4103//4103 3680//3680
f 4039//4039 3680//3680 3645//3645
f 3871//3871 3903//3903 4101//4101
f 3871//3871 4101//4101 4048//4048
f 4049//4049 4098//4098 3916//3916
f 4049//4049 3916//3916 3915//3915
f 4104//4104 4105//4105 4106//4106
f 4104//4104 4106//4106 4107//4107
f 4108//4108 4109//4109 4110//4110
f 4108//4108 4110//4110 4111//4111
f 4112//4112 4113//4113 3924//3924
f 4112//4112 3924//3924 3923//3923
f 4114//4114 4115//4115 4116//4116
f 4114//4114 4116//4116 4117//4117
f 4118//4118 4119//4119 4120//4120
f 4118//4118 4120//4120 4121//4121
f 4122//4122 4114//4114 4117//4117
f 4122//4122 4117//4117 4123//4123
f 4124//4124 4125//4125 3935//3935
f 4124//4124 3935//3935 3934//3934
f 4126//4126 4127//4127 4128//4128
f 4126//4126 4128//4128 4129//4129
f 4130//4130 3680//3680 4131//4131
f 4130//4130 4131//4131 4132//4132
f 4133//4133 4134//4134 4135//4135
f 4133//4133 4135//4135 4136//4136
f 4137//4137 4138//4138 3905//3905
f 4137//4137 3905//3905 3904//3904
f 4139//4139 4113//4113 4110//4110
f 4139//4139 4110//4110 4140//4140
f 4141//4141 3793//3793 3796//3796
f 4141//4141 3796//3796 4142//4142
f 4143//4143 4139//4139 4140//4140
f 4143//4143 4140//4140 4144//4144
f 4145//4145 4146//4146 3948//3948
f 4145//4145 3948//3948 3947//3947
f 4147//4147 4148//4148 4149//4149
f 4147//4147 4149//4149 4150//4150
f 3715//3715 3848//3848 4151//4151
f 3715//3715 4151//4151 4152//4152
f 4153//4153 4154//4154 4155//4155
f 4153//4153 4155//4155 4156//4156
f 4157//4157 4158//4158 3892//3892
f 4157//4157 3892//3892 3891//3891
f 4159//4159 4160//4160 4161//4161
f 4159//4159 4161//4161 4162//4162
f 4163//4163 4164//4164 3998//3998
f 4163//4163 3998//3998 3997//3997
f 4165//4165 4159//4159 4162//4162
f 4165//4165 4162//4162 4166//4166
f 3674//3674 4147//4147 4150//4150
f 3674//3674 4150//4150 4167//4167
f 4168//4168 4169//4169 4170//4170
f 4168//4168 4170//4170 4171//4171
f 4172//4172 4173//4173 3885//3885
f 4172//4172 3885//3885 3884//3884
f 4174//4174 3841//3841 3844//3844
f 4174//4174 3844//3844 4175//4175
f 4176//4176 4177//4177 4178//4178
f 4176//4176 4178//4178 4179//4179
f 4180//4180 4181//4181 4182//4182
f 4180//4180 4182//4182 4183//4183
f 4184//4184 4185//4185 4002//4002
f 4184//4184 4002//4002 4001//4001
f 4186//4186 4180//4180 4183//4183
f 4186//4186 4183//4183 4187//4187
f 4188//4188 4189//4189 4190//4190
f 4188//4188 4190//4190 4191//4191
f 4192//4192 4193//4193 4194//4194
f 4192//4192 4194//4194 4195//4195
f 4196//4196 4197//4197 3876//3876
f 4196//4196 3876//3876 3875//3875
f 4198//4198 4199//4199 4200//4200
f 4198//4198 4200//4200 4201//4201
f 4202//4202 4203//4203 4204//4204
f 4202//4202 4204//4204 4205//4205
f 4206//4206 4207//4207 4208//4208
f 4206//4206 4208//4208 4209//4209
f 4210//4210 4211//4211 3870//3870
f 4210//4210 3870//3870 3869//3869
f 4212//4212 4213//4213 4214//4214
f 4212//4212 4214//4214 4215//4215
f 4216//4216 3944//3944 4217//4217
f 4216//4216 4217//4217 4218//4218
f 3972//3972 4219//4219 4220//4220
f 3972//3972 4220//4220 3973//3973
f 3949//3949 4016//4016 4019//4019
f 3949//3949 4019//4019 4221//4221
f 4222//4222 4223//4223 4224//4224
f 4222//4222 4224//4224 4225//4225
f 4226//4226 4227//4227 3859//3859
f 4226//4226 3859//3859 3858//3858
f 4228//4228 4229//4229 4230//4230
f 4228//4228 4230//4230 4231//4231
f 4232//4232 4233//4233 4234//4234
f 4232//4232 4234//4234 4235//4235
f 4236//4236 4228//4228 4231//4231
f 4236//4236 4231//4231 4237//4237
f 4238//4238 4239//4239 3791//3791
f 4238//4238 3791//3791 3790//3790
f 4240//4240 4241//4241 4242//4242
f 4240//4240 4242//4242 4243//4243
f 4244//4244 4245//4245 4246//4246
f 4244//4244 4246//4246 4247//4247
f 4248//4248 4249//4249 4250//4250
f 4248//4248 4250//4250 4251//4251
f 4252//4252 4253//4253 3847//3847
f 4252//4252 3847//3847 3846//3846
f 4254//4254 4255//4255 4256//4256
f 4254//4254 4256//4256 4257//4257
f 4258//4258 4259//4259 4260//4260
f 4258//4258 4260//4260 4261//4261
f 4262//4262 4254//4254 4257//4257
f 4262//4262 4257//4257 4263//4263
f 4264//4264 4265//4265 3781//3781
f 4264//4264 3781//3781 3780//3780
f 4266//4266 4267//4267 4268//4268
f 4266//4266 4268//4268 4269//4269
f 4270//4270 4271//4271 3712//3712
f 4270//4270 3712//3712 3711//3711
f 4272//4272 4266//4266 4269//4269
f 4272//4272 4269//4269 4273//4273
f 4241//4241 4274//4274 4275//4275
f 4241//4241 4275//4275 4242//4242
f 4276//4276 4277//4277 4278//4278
f 4276//4276 4278//4278 4279//4279
f 4280//4280 4281//4281 3717//3717
f 4280//4280 3717//3717 3716//3716
f 4282//4282 4283//4283 4284//4284
f 4282//4282 4284//4284 4273//4273
f 4272//4272 4285//4285 3995//3995
f 4272//4272 3995//3995 3994//3994
f 4286//4286 4287//4287 4230//4230
f 4286//4286 4230//4230 4166//4166
f 4165//4165 4229//4229 3692//3692
f 4165//4165 3692//3692 3691//3691
f 4288//4288 4289//4289 4256//4256
f 4288//4288 4256//4256 4187//4187
f 4186//4186 4255//4255 3688//3688
f 4186//4186 3688//3688 3687//3687
f 4290//4290 4291//4291 4116//4116
f 4290//4290 4116//4116 4292//4292
f 4293//4293 4115//4115 3682//3682
f 4293//4293 3682//3682 3681//3681
f 4294//4294 4295//4295 4296//4296
f 4294//4294 4296//4296 4297//4297
f 4298//4298 4299//4299 3679//3679
f 4298//4298 3679//3679 3678//3678
f 3722//3722 3922//3922 4300//4300
f 3722//3722 4300//4300 3723//3723
f 3880//3880 4301//4301 4302//4302
f 3880//3880 4302//4302 3881//3881
f 4303//4303 4304//4304 4305//4305
f 4303//4303 4305//4305 4306//4306
f 4106//4106 4307//4307 4308//4308
f 4106//4106 4308//4308 4309//4309
f 4310//4310 4311//4311 4312//4312
f 4310//4310 4312//4312 4313//4313
f 3861//3861 4314//4314 4315//4315
f 3861//3861 4315//4315 3862//3862
f 4316//4316 4317//4317 4318//4318
f 4316//4316 4318//4318 4319//4319
f 4199//4199 4320//4320 4321//4321
f 4199//4199 4321//4321 4200//4200
f 4322//4322 4323//4323 4324//4324
f 4322//4322 4324//4324 4325//4325
f 4326//4326 4327//4327 4328//4328
f 4326//4326 4328//4328 4329//4329
f 4330//4330 4331//4331 4332//4332
f 4330//4330 4332//4332 4333//4333
f 3993//3993 3989//3989 4334//4334
f 3993//3993 4334//4334 4335//4335
f 4336//4336 3890//3890 4337//4337
f 4336//4336 4337//4337 4338//4338
f 4339//4339 4340//4340 4341//4341
f 4339//4339 4341//4341 4342//4342
f 4343//4343 4344//4344 4345//4345
f 4343//4343 4345//4345 4346//4346
f 4208//4208 4136//4136 4137//4137
f 4208//4208 4137//4137 4211//4211
f 4194//4194 4182//4182 4181//4181
f 4194//4194 4181//4181 4197//4197
f 4170//4170 4161//4161 4160//4160
f 4170//4170 4160//4160 4173//4173
f 4123//4123 4156//4156 4157//4157
f 4123//4123 4157//4157 4122//4122
f 4263//4263 4268//4268 4267//4267
f 4263//4263 4267//4267 4262//4262
f 4237//4237 4251//4251 4252//4252
f 4237//4237 4252//4252 4236//4236
f 4144//4144 4225//4225 4226//4226
f 4144//4144 4226//4226 4143//4143
f 4297//4297 4296//4296 4299//4299
f 4297//4297 4299//4299 4298//4298
f 4292//4292 4116//4116 4115//4115
f 4292//4292 4115//4115 4293//4293
f 4187//4187 4256//4256 4255//4255
f 4187//4187 4255//4255 4186//4186
f 4166//4166 4230//4230 4229//4229
f 4166//4166 4229//4229 4165//4165
f 4273//4273 4284//4284 4285//4285
f 4273//4273 4285//4285 4272//4272
f 4279//4279 4278//4278 4281//4281
f 4279//4279 4281//4281 4280//4280
f 4013//4013 4347//4347 4348//4348
f 4013//4013 4348//4348 4349//4349
f 3988//3988 3991//3991 4267//4267
f 3988//3988 4267//4267 4266//4266
f 3984//3984 3987//3987 4254//4254
f 3984//3984 4254//4254 4262//4262
f 3944//3944 3921//3921 4350//4350
f 3944//3944 4350//4350 4217//4217
f 4251//4251 4250//4250 4253//4253
f 4251//4251 4253//4253 4252//4252
f 4250//4250 4279//4279 4280//4280
f 4250//4250 4280//4280 4253//4253
f 3975//3975 3978//3978 4228//4228
f 3975//3975 4228//4228 4236//4236
f 4351//4351 3864//3864 3867//3867
f 4351//4351 3867//3867 4352//4352
f 4225//4225 4224//4224 4227//4227
f 4225//4225 4227//4227 4226//4226
f 4224//4224 4297//4297 4298//4298
f 4224//4224 4298//4298 4227//4227
f 4284//4284 4209//4209 4210//4210
f 4284//4284 4210//4210 4285//4285
f 4209//4209 4208//4208 4211//4211
f 4209//4209 4211//4211 4210//4210
f 4278//4278 4195//4195 4196//4196
f 4278//4278 4196//4196 4281//4281
f 4195//4195 4194//4194 4197//4197
f 4195//4195 4197//4197 4196//4196
f 4353//4353 4354//4354 4355//4355
f 4353//4353 4355//4355 4356//4356
f 3957//3957 3960//3960 4181//4181
f 3957//3957 4181//4181 4180//4180
f 4296//4296 4171//4171 4172//4172
f 4296//4296 4172//4172 4299//4299
f 4171//4171 4170//4170 4173//4173
f 4171//4171 4173//4173 4172//4172
f 4357//4357 4358//4358 4359//4359
f 4357//4357 4359//4359 4360//4360
f 3950//3950 3952//3952 4160//4160
f 3950//3950 4160//4160 4159//4159
f 4156//4156 4155//4155 4158//4158
f 4156//4156 4158//4158 4157//4157
f 4155//4155 4111//4111 4112//4112
f 4155//4155 4112//4112 4158//4158
f 3942//3942 3945//3945 4139//4139
f 3942//3942 4139//4139 4143//4143
f 4354//4354 4361//4361 4362//4362
f 4354//4354 4362//4362 4355//4355
f 4136//4136 4135//4135 4138//4138
f 4136//4136 4138//4138 4137//4137
f 4135//4135 4292//4292 4293//4293
f 4135//4135 4293//4293 4138//4138
f 3930//3930 3932//3932 4114//4114
f 3930//3930 4114//4114 4122//4122
f 3927//3927 4363//4363 4364//4364
f 3927//3927 4364//4364 3928//3928
f 4111//4111 4110//4110 4113//4113
f 4111//4111 4113//4113 4112//4112
f 4365//4365 3879//3879 3882//3882
f 4365//4365 3882//3882 4366//4366
f 4367//4367 4368//4368 4369//4369
f 4367//4367 4369//4369 4370//4370
f 4371//4371 3951//3951 4372//4372
f 4371//4371 4372//4372 4373//4373
f 4374//4374 4375//4375 4376//4376
f 4374//4374 4376//4376 4377//4377
f 3999//3999 4378//4378 4379//4379
f 3999//3999 4379//4379 4380//4380
f 3900//3900 4381//4381 4382//4382
f 3900//3900 4382//4382 3901//3901
f 4383//4383 4384//4384 4385//4385
f 4383//4383 4385//4385 4386//4386
f 3627//3627 3626//3626 4295//4295
f 3627//3627 4295//4295 4294//4294
f 3673//3673 3672//3672 4291//4291
f 3673//3673 4291//4291 4290//4290
f 3810//3810 3809//3809 4289//4289
f 3810//3810 4289//4289 4288//4288
f 3822//3822 3821//3821 4287//4287
f 3822//3822 4287//4287 4286//4286
f 3619//3619 3618//3618 4283//4283
f 3619//3619 4283//4283 4282//4282
f 3623//3623 3622//3622 4277//4277
f 3623//3623 4277//4277 4276//4276
f 4387//4387 4326//4326 4329//4329
f 4387//4387 4329//4329 4388//4388
f 4269//4269 4268//4268 4271//4271
f 4269//4269 4271//4271 4270//4270
f 4263//4263 4257//4257 4265//4265
f 4263//4263 4265//4265 4264//4264
f 4381//4381 4389//4389 4390//4390
f 4381//4381 4390//4390 4382//4382
f 3693//3693 3696//3696 4249//4249
f 3693//3693 4249//4249 4248//4248
f 4391//4391 4392//4392 4393//4393
f 4391//4391 4393//4393 4394//4394
f 4237//4237 4231//4231 4239//4239
f 4237//4237 4239//4239 4238//4238
f 3865//3865 4395//4395 4396//4396
f 3865//3865 4396//4396 3866//3866
f 3701//3701 3704//3704 4223//4223
f 3701//3701 4223//4223 4222//4222
f 3903//3903 3871//3871 4397//4397
f 3903//3903 4397//4397 4398//4398
f 4399//4399 4400//4400 4401//4401
f 4399//4399 4401//4401 4402//4402
f 3803//3803 3806//3806 4207//4207
f 3803//3803 4207//4207 4206//4206
f 4403//4403 4404//4404 4405//4405
f 4403//4403 4405//4405 4406//4406
f 3815//3815 3818//3818 4193//4193
f 3815//3815 4193//4193 4192//4192
f 4407//4407 3883//3883 4408//4408
f 4407//4407 4408//4408 4409//4409
f 4183//4183 4182//4182 4185//4185
f 4183//4183 4185//4185 4184//4184
f 4410//4410 4411//4411 4412//4412
f 4410//4410 4412//4412 4413//4413
f 3827//3827 3830//3830 4169//4169
f 3827//3827 4169//4169 4168//4168
f 3828//3828 4365//4365 4366//4366
f 3828//3828 4366//4366 4414//4414
f 4162//4162 4161//4161 4164//4164
f 4162//4162 4164//4164 4163//4163
f 4012//4012 4015//4015 4154//4154
f 4012//4012 4154//4154 4153//4153
f 4415//4415 4416//4416 4417//4417
f 4415//4415 4417//4417 4418//4418
f 4144//4144 4140//4140 4146//4146
f 4144//4144 4146//4146 4145//4145
f 4419//4419 4232//4232 4235//4235
f 4419//4419 4235//4235 4420//4420
f 3833//3833 3836//3836 4134//4134
f 3833//3833 4134//4134 4133//4133
f 4378//4378 3911//3911 3912//3912
f 4378//4378 3912//3912 4379//4379
f 4123//4123 4117//4117 4125//4125
f 4123//4123 4125//4125 4124//4124
f 3842//3842 4421//4421 4422//4422
f 3842//3842 4422//4422 3843//3843
f 4105//4105 4104//4104 4109//4109
f 4105//4105 4109//4109 4108//4108
f 4423//4423 4424//4424 4425//4425
f 4423//4423 4425//4425 4426//4426
f 4427//4427 4428//4428 4429//4429
f 4427//4427 4429//4429 4430//4430
f 4431//4431 4432//4432 4433//4433
f 4431//4431 4433//4433 4434//4434
f 4435//4435 4436//4436 4437//4437
f 4435//4435 4437//4437 4438//4438
f 4439//4439 4440//4440 4441//4441
f 4439//4439 4441//4441 4442//4442
f 4443//4443 4444//4444 4445//4445
f 4443//4443 4445//4445 4446//4446
f 4447//4447 4448//4448 4449//4449
f 4447//4447 4449//4449 4450//4450
f 4451//4451 4452//4452 4453//4453
f 4451//4451 4453//4453 4454//4454
f 4455//4455 4456//4456 4457//4457
f 4455//4455 4457//4457 4458//4458
f 4459//4459 4460//4460 4461//4461
f 4459//4459 4461//4461 4462//4462
f 4463//4463 4464//4464 4465//4465
f 4463//4463 4465//4465 4466//4466
f 4467//4467 4468//4468 4469//4469
f 4467//4467 4469//4469 4470//4470
f 4471//4471 4472//4472 4473//4473
f 4471//4471 4473//4473 4474//4474
f 4475//4475 4476//4476 4477//4477
f 4475//4475 4477//4477 4478//4478
f 4479//4479 4480//4480 4481//4481
f 4479//4479 4481//4481 4482//4482
f 4483//4483 4484//4484 4485//4485
f 4483//4483 4485//4485 4486//4486
f 4487//4487 4488//4488 4489//4489
f 4487//4487 4489//4489 4490//4490
f 4491//4491 4492//4492 4493//4493
f 4491//4491 4493//4493 4494//4494
f 4495//4495 4496//4496 4497//4497
f 4495//4495 4497//4497 4498//4498
f 4499//4499 4500//4500 4501//4501
f 4499//4499 4501//4501 4502//4502
f 4503//4503 4504//4504 4505//4505
f 4503//4503 4505//4505 4506//4506
f 4507//4507 4508//4508 4509//4509
f 4507//4507 4509//4509 4510//4510
f 4511//4511 4512//4512 4513//4513
f 4511//4511 4513//4513 4514//4514
f 4515//4515 4516//4516 4517//4517
f 4515//4515 4517//4517 4518//4518
f 4519//4519 4520//4520 4521//4521
f 4519//4519 4521//4521 4522//4522
f 4523//4523 4524//4524 4525//4525
f 4523//4523 4525//4525 4526//4526
f 4527//4527 4528//4528 4529//4529
f 4527//4527 4529//4529 4530//4530
f 4531//4531 4532//4532 4533//4533
f 4531//4531 4533//4533 4534//4534
f 4535//4535 4536//4536 4537//4537
f 4535//4535 4537//4537 4538//4538
f 4539//4539 4540//4540 4541//4541
f 4539//4539 4541//4541 4542//4542
f 4543//4543 4544//4544 4545//4545
f 4543//4543 4545//4545 4546//4546
f 4547//4547 4548//4548 4549//4549
f 4547//4547 4549//4549 4550//4550
f 4551//4551 4552//4552 4553//4553
f 4551//4551 4553//4553 4554//4554
f 4555//4555 4556//4556 4557//4557
f 4555//4555 4557//4557 4558//4558
f 4559//4559 4560//4560 4561//4561
f 4559//4559 4561//4561 4562//4562
f 4563//4563 4564//4564 4565//4565
f 4563//4563 4565//4565 4566//4566
f 4567//4567 4568//4568 4569//4569
f 4567//4567 4569//4569 4570//4570
f 4571//4571 4572//4572 4573//4573
f 4571//4571 4573//4573 4574//4574
f 4575//4575 4576//4576 4577//4577
f 4575//4575 4577//4577 4578//4578
f 4579//4579 4580//4580 4581//4581
f 4579//4579 4581//4581 4582//4582
f 4583//4583 4584//4584 4585//4585
f 4583//4583 4585//4585 4586//4586
f 4587//4587 4588//4588 4533//4533
f 4587//4587 4533//4533 4532//4532
f 4589//4589 4590//4590 4591//4591
f 4589//4589 4591//4591 4592//4592
f 4593//4593 4594//4594 4529//4529
f 4593//4593 4529//4529 4528//4528
f 4595//4595 4596//4596 4525//4525
f 4595//4595 4525//4525 4524//4524
f 4597//4597 4598//4598 4599//4599
f 4597//4597 4599//4599 4600//4600
f 4601//4601 4602//4602 4521//4521
f 4601//4601 4521//4521 4520//4520
f 4603//4603 4604//4604 4465//4465
f 4603//4603 4465//4465 4464//4464
f 4605//4605 4606//4606 4607//4607
f 4605//4605 4607//4607 4608//4608
f 4609//4609 4610//4610 4517//4517
f 4609//4609 4517//4517 4516//4516
f 4611//4611 4612//4612 4461//4461
f 4611//4611 4461//4461 4460//4460
f 4613//4613 4614//4614 4615//4615
f 4613//4613 4615//4615 4616//4616
f 4617//4617 4618//4618 4513//4513
f 4617//4617 4513//4513 4512//4512
f 4619//4619 4620//4620 4621//4621
f 4619//4619 4621//4621 4622//4622
f 4623//4623 4624//4624 4509//4509
f 4623//4623 4509//4509 4508//4508
f 4625//4625 4626//4626 4627//4627
f 4625//4625 4627//4627 4628//4628
f 4629//4629 4630//4630 4505//4505
f 4629//4629 4505//4505 4504//4504
f 4631//4631 4632//4632 4501//4501
f 4631//4631 4501//4501 4500//4500
f 4633//4633 4634//4634 4635//4635
f 4633//4633 4635//4635 4636//4636
f 4637//4637 4638//4638 4497//4497
f 4637//4637 4497//4497 4496//4496
f 4639//4639 4640//4640 4493//4493
f 4639//4639 4493//4493 4492//4492
f 4641//4641 4642//4642 4643//4643
f 4641//4641 4643//4643 4644//4644
f 4645//4645 4646//4646 4647//4647
f 4645//4645 4647//4647 4648//4648
f 4649//4649 4650//4650 4458//4458
f 4649//4649 4458//4458 4457//4457
f 4651//4651 4652//4652 4653//4653
f 4651//4651 4653//4653 4654//4654
f 4655//4655 4656//4656 4454//4454
f 4655//4655 4454//4454 4453//4453
f 4657//4657 4658//4658 4659//4659
f 4657//4657 4659//4659 4660//4660
f 4661//4661 4662//4662 4450//4450
f 4661//4661 4450//4450 4449//4449
f 4663//4663 4664//4664 4665//4665
f 4663//4663 4665//4665 4666//4666
f 4667//4667 4668//4668 4438//4438
f 4667//4667 4438//4438 4437//4437
f 4669//4669 4670//4670 4671//4671
f 4669//4669 4671//4671 4672//4672
f 4673//4673 4674//4674 4434//4434
f 4673//4673 4434//4434 4433//4433
f 4675//4675 4676//4676 4677//4677
f 4675//4675 4677//4677 4678//4678
f 4679//4679 4680//4680 4430//4430
f 4679//4679 4430//4430 4429//4429
f 4681//4681 4682//4682 4683//4683
f 4681//4681 4683//4683 4684//4684
f 4685//4685 4686//4686 4426//4426
f 4685//4685 4426//4426 4425//4425
f 4687//4687 4644//4644 4643//4643
f 4687//4687 4643//4643 4688//4688
f 4475//4475 4478//4478 4689//4689
f 4475//4475 4689//4689 4690//4690
f 4567//4567 4570//4570 4691//4691
f 4567//4567 4691//4691 4692//4692
f 4563//4563 4566//4566 4693//4693
f 4563//4563 4693//4693 4694//4694
f 4551//4551 4554//4554 4695//4695
f 4551//4551 4695//4695 4696//4696
f 4543//4543 4546//4546 4697//4697
f 4543//4543 4697//4697 4698//4698
f 4539//4539 4542//4542 4699//4699
f 4539//4539 4699//4699 4700//4700
f 4535//4535 4538//4538 4701//4701
f 4535//4535 4701//4701 4702//4702
f 4560//4560 4559//4559 4682//4682
f 4560//4560 4682//4682 4681//4681
f 4556//4556 4555//4555 4676//4676
f 4556//4556 4676//4676 4675//4675
f 4548//4548 4547//4547 4670//4670
f 4548//4548 4670//4670 4669//4669
f 4440//4440 4439//4439 4664//4664
f 4440//4440 4664//4664 4663//4663
f 4580//4580 4579//4579 4658//4658
f 4580//4580 4658//4658 4657//4657
f 4576//4576 4575//4575 4652//4652
f 4576//4576 4652//4652 4651//4651
f 4572//4572 4571//4571 4646//4646
f 4572//4572 4646//4646 4645//4645
f 4703//4703 4704//4704 4642//4642
f 4703//4703 4642//4642 4641//4641
f 4705//4705 4706//4706 4640//4640
f 4705//4705 4640//4640 4639//4639
f 4479//4479 4482//4482 4634//4634
f 4479//4479 4634//4634 4633//4633
f 4707//4707 4708//4708 4632//4632
f 4707//4707 4632//4632 4631//4631
f 4483//4483 4486//4486 4626//4626
f 4483//4483 4626//4626 4625//4625
f 4487//4487 4490//4490 4620//4620
f 4487//4487 4620//4620 4619//4619
f 4471//4471 4474//4474 4614//4614
f 4471//4471 4614//4614 4613//4613
f 4709//4709 4710//4710 4612//4612
f 4709//4709 4612//4612 4611//4611
f 4583//4583 4586//4586 4606//4606
f 4583//4583 4606//4606 4605//4605
f 4711//4711 4712//4712 4604//4604
f 4711//4711 4604//4604 4603//4603
f 4467//4467 4470//4470 4598//4598
f 4467//4467 4598//4598 4597//4597
f 4713//4713 4714//4714 4596//4596
f 4713//4713 4596//4596 4595//4595
f 4443//4443 4446//4446 4590//4590
f 4443//4443 4590//4590 4589//4589
f 4715//4715 4716//4716 4588//4588
f 4715//4715 4588//4588 4587//4587
f 4189//4189 4717//4717 4718//4718
f 4189//4189 4718//4718 4190//4190
f 4719//4719 4720//4720 4721//4721
f 4719//4719 4721//4721 4722//4722
f 3794//3794 4723//4723 4724//4724
f 3794//3794 4724//4724 3795//3795
f 4725//4725 4726//4726 4727//4727
f 4725//4725 4727//4727 4728//4728
f 4729//4729 3634//3634 3637//3637
f 4729//4729 3637//3637 4730//4730
f 4731//4731 4732//4732 4733//4733
f 4731//4731 4733//4733 4734//4734
f 3710//3710 3620//3620 4735//4735
f 3710//3710 4735//4735 4736//4736
f 4737//4737 4738//4738 4739//4739
f 4737//4737 4739//4739 4740//4740
f 4741//4741 3938//3938 3941//3941
f 4741//4741 3941//3941 4742//4742
f 4127//4127 4743//4743 4744//4744
f 4127//4127 4744//4744 4128//4128
f 4745//4745 4746//4746 4747//4747
f 4745//4745 4747//4747 4748//4748
f 4749//4749 4750//4750 4751//4751
f 4749//4749 4751//4751 4752//4752
f 4323//4323 4753//4753 4754//4754
f 4323//4323 4754//4754 4324//4324
f 4307//4307 4258//4258 4261//4261
f 4307//4307 4261//4261 4308//4308
f 3812//3812 3782//3782 4755//4755
f 3812//3812 4755//4755 4756//4756
f 4757//4757 4758//4758 4759//4759
f 4757//4757 4759//4759 4760//4760
f 4761//4761 4336//4336 4338//4338
f 4761//4761 4338//4338 4762//4762
f 3620//3620 4763//4763 4764//4764
f 3620//3620 4764//4764 4735//4735
f 4765//4765 4766//4766 4767//4767
f 4765//4765 4767//4767 4768//4768
f 4720//4720 4769//4769 4770//4770
f 4720//4720 4770//4770 4721//4721
f 4771//4771 4240//4240 4243//4243
f 4771//4771 4243//4243 4772//4772
f 4773//4773 4774//4774 4775//4775
f 4773//4773 4775//4775 4776//4776
f 3695//3695 3624//3624 4777//4777
f 3695//3695 4777//4777 4778//4778
f 4779//4779 4780//4780 4781//4781
f 4779//4779 4781//4781 4782//4782
f 4783//4783 4371//4371 4373//4373
f 4783//4783 4373//4373 4784//4784
f 4785//4785 4786//4786 4787//4787
f 4785//4785 4787//4787 4788//4788
f 4789//4789 4790//4790 4791//4791
f 4789//4789 4791//4791 4792//4792
f 3638//3638 4793//4793 4794//4794
f 3638//3638 4794//4794 3639//3639
f 4375//4375 3993//3993 4335//4335
f 4375//4375 4335//4335 4376//4376
f 3824//3824 3792//3792 4795//4795
f 3824//3824 4795//4795 4796//4796
f 4797//4797 3894//3894 3897//3897
f 4797//4797 3897//3897 4798//4798
f 4799//4799 4407//4407 4409//4409
f 4799//4799 4409//4409 4800//4800
f 4245//4245 4801//4801 4802//4802
f 4245//4245 4802//4802 4246//4246
f 3868//3868 3992//3992 4803//4803
f 3868//3868 4803//4803 4804//4804
f 4805//4805 4806//4806 4807//4807
f 4805//4805 4807//4807 4808//4808
f 4809//4809 4810//4810 4811//4811
f 4809//4809 4811//4811 4812//4812
f 4769//4769 4813//4813 4814//4814
f 4769//4769 4814//4814 4770//4770
f 3703//3703 3628//3628 4815//4815
f 3703//3703 4815//4815 4816//4816
f 4817//4817 4818//4818 4819//4819
f 4817//4817 4819//4819 4820//4820
f 4726//4726 4821//4821 4822//4822
f 4726//4726 4822//4822 4727//4727
f 4823//4823 4824//4824 4825//4825
f 4823//4823 4825//4825 4826//4826
f 4827//4827 3961//3961 3962//3962
f 4827//4827 3962//3962 4828//4828
f 3922//3922 3893//3893 4829//4829
f 3922//3922 4829//4829 4300//4300
f 3713//3713 4391//4391 4394//4394
f 3713//3713 4394//4394 4830//4830
f 3621//3621 3804//3804 4831//4831
f 3621//3621 4831//4831 4832//4832
f 4833//4833 4834//4834 4835//4835
f 4833//4833 4835//4835 4836//4836
f 4837//4837 3990//3990 4838//4838
f 4837//4837 4838//4838 4839//4839
f 4404//4404 4773//4773 4776//4776
f 4404//4404 4776//4776 4405//4405
f 4738//4738 4840//4840 4841//4841
f 4738//4738 4841//4841 4739//4739
f 4842//4842 4843//4843 4844//4844
f 4842//4842 4844//4844 4845//4845
f 4834//4834 4846//4846 4847//4847
f 4834//4834 4847//4847 4835//4835
f 3625//3625 3816//3816 4848//4848
f 3625//3625 4848//4848 4849//4849
f 4392//4392 3849//3849 3852//3852
f 4392//4392 3852//3852 4393//4393
f 4840//4840 4850//4850 4851//4851
f 4840//4840 4851//4851 4841//4841
f 4852//4852 4853//4853 4854//4854
f 4852//4852 4854//4854 4855//4855
f 4856//4856 4857//4857 4858//4858
f 4856//4856 4858//4858 4859//4859
f 4763//4763 4353//4353 4356//4356
f 4763//4763 4356//4356 4764//4764
f 4860//4860 4861//4861 4862//4862
f 4860//4860 4862//4862 4863//4863
f 4219//4219 4852//4852 4855//4855
f 4219//4219 4855//4855 4220//4220
f 3782//3782 4809//4809 4812//4812
f 3782//3782 4812//4812 4755//4755
f 4000//4000 3811//3811 4864//4864
f 4000//4000 4864//4864 4865//4865
f 4866//4866 4867//4867 4868//4868
f 4866//4866 4868//4868 4869//4869
f 4213//4213 4118//4118 4121//4121
f 4213//4213 4121//4121 4214//4214
f 4870//4870 3986//3986 4871//4871
f 4870//4870 4871//4871 4872//4872
f 4873//4873 4874//4874 4875//4875
f 4873//4873 4875//4875 4876//4876
f 4877//4877 4878//4878 4879//4879
f 4877//4877 4879//4879 4880//4880
f 3629//3629 3828//3828 4414//4414
f 3629//3629 4414//4414 4881//4881
f 4882//4882 4741//4741 4742//4742
f 4882//4882 4742//4742 4883//4883
f 4884//4884 4885//4885 4886//4886
f 4884//4884 4886//4886 4887//4887
f 4311//4311 4888//4888 4889//4889
f 4311//4311 4889//4889 4312//4312
f 4890//4890 4891//4891 4892//4892
f 4890//4890 4892//4892 4893//4893
f 3811//3811 3785//3785 3788//3788
f 3811//3811 3788//3788 4864//4864
f 3996//3996 3823//3823 4894//4894
f 3996//3996 4894//4894 4895//4895
f 4786//4786 4896//4896 4897//4897
f 4786//4786 4897//4897 4787//4787
f 4009//4009 3686//3686 4007//4007
f 4009//4009 4007//4007 4010//4010
f 4898//4898 4899//4899 4900//4900
f 4898//4898 4900//4900 4901//4901
f 4902//4902 4198//4198 4201//4201
f 4902//4902 4201//4201 4903//4903
f 3986//3986 3685//3685 4904//4904
f 3986//3986 4904//4904 4871//4871
f 3694//3694 4905//4905 4906//4906
f 3694//3694 4906//4906 4907//4907
f 4908//4908 4909//4909 4910//4910
f 4908//4908 4910//4910 4911//4911
f 4014//4014 4106//4106 4309//4309
f 4014//4014 4309//4309 4912//4912
f 4913//4913 4914//4914 4915//4915
f 4913//4913 4915//4915 4916//4916
f 4917//4917 4918//4918 4919//4919
f 4917//4917 4919//4919 4920//4920
f 4177//4177 4202//4202 4205//4205
f 4177//4177 4205//4205 4178//4178
f 3680//3680 3906//3906 4921//4921
f 3680//3680 4921//4921 4131//4131
f 4922//4922 3845//3845 4923//4923
f 4922//4922 4923//4923 4924//4924
f 4925//4925 4926//4926 4927//4927
f 4925//4925 4927//4927 4928//4928
f 4107//4107 3949//3949 4221//4221
f 4107//4107 4221//4221 4929//4929
f 4930//4930 4931//4931 4932//4932
f 4930//4930 4932//4932 4933//4933
f 4148//4148 4934//4934 4935//4935
f 4148//4148 4935//4935 4149//4149
f 4766//4766 4936//4936 4937//4937
f 4766//4766 4937//4937 4767//4767
f 4938//4938 4939//4939 4940//4940
f 4938//4938 4940//4940 4941//4941
f 4934//4934 4942//4942 4943//4943
f 4934//4934 4943//4943 4935//4935
f 4944//4944 4945//4945 4946//4946
f 4944//4944 4946//4946 4947//4947
f 3835//3835 3674//3674 4167//4167
f 3835//3835 4167//4167 4948//4948
f 4746//4746 4938//4938 4941//4941
f 4746//4746 4941//4941 4747//4747
f 4926//4926 4949//4949 4950//4950
f 4926//4926 4950//4950 4927//4927
f 3890//3890 3931//3931 4951//4951
f 3890//3890 4951//4951 4337//4337
f 3624//3624 4789//4789 4792//4792
f 3624//3624 4792//4792 4777//4777
f 4758//4758 4952//4952 4953//4953
f 4758//4758 4953//4953 4759//4759
f 4954//4954 4130//4130 4132//4132
f 4954//4954 4132//4132 4955//4955
f 4956//4956 3715//3715 4152//4152
f 4956//4956 4152//4152 4957//4957
f 3675//3675 3936//3936 3974//3974
f 3675//3675 3974//3974 4958//4958
f 4959//4959 4922//4922 4924//4924
f 4959//4959 4924//4924 4960//4960
f 3783//3783 4961//4961 4962//4962
f 3783//3783 4962//4962 3784//3784
f 4945//4945 4963//4963 4964//4964
f 4945//4945 4964//4964 4946//4946
f 4965//4965 4126//4126 4129//4129
f 4965//4965 4129//4129 4966//4966
f 4967//4967 4873//4873 4876//4876
f 4967//4967 4876//4876 4968//4968
f 4891//4891 4969//4969 4970//4970
f 4891//4891 4970//4970 4892//4892
f 3792//3792 4745//4745 4748//4748
f 3792//3792 4748//4748 4795//4795
f 4914//4914 3977//3977 4971//4971
f 4914//4914 4971//4971 4915//4915
f 3933//3933 4013//4013 4349//4349
f 3933//3933 4349//4349 4972//4972
f 4973//4973 4765//4765 4768//4768
f 4973//4973 4768//4768 4974//4974
f 3857//3857 3943//3943 4975//4975
f 3857//3857 4975//4975 4976//4976
f 3874//3874 3714//3714 4977//4977
f 3874//3874 4977//4977 4978//4978
f 4952//4952 4979//4979 4980//4980
f 4952//4952 4980//4980 4953//4953
f 4981//4981 4837//4837 4839//4839
f 4981//4981 4839//4839 4982//4982
f 4983//4983 4930//4930 4933//4933
f 4983//4983 4933//4933 4984//4984
f 4780//4780 4908//4908 4911//4911
f 4780//4780 4911//4911 4781//4781
f 4985//4985 4216//4216 4218//4218
f 4985//4985 4218//4218 4986//4986
f 3823//3823 3899//3899 3902//3902
f 3823//3823 3902//3902 4894//4894
f 4987//4987 4988//4988 4989//4989
f 4987//4987 4989//4989 4990//4990
f 4411//4411 3690//3690 3720//3720
f 4411//4411 3720//3720 4412//4412
f 3946//3946 3702//3702 4991//4991
f 3946//3946 4991//4991 4992//4992
f 4790//4790 4993//4993 4994//4994
f 4790//4790 4994//4994 4791//4791
f 4995//4995 4996//4996 4997//4997
f 4995//4995 4997//4997 4998//4998
f 4999//4999 5000//5000 5001//5001
f 4999//4999 5001//5001 5002//5002
f 3702//3702 4882//4882 4883//4883
f 3702//3702 4883//4883 4991//4991
f 4993//4993 5003//5003 5004//5004
f 4993//4993 5004//5004 4994//4994
f 5005//5005 5006//5006 5007//5007
f 5005//5005 5007//5007 5008//5008
f 4017//4017 4999//4999 5002//5002
f 4017//4017 5002//5002 4018//4018
f 4821//4821 5009//5009 5010//5010
f 4821//4821 5010//5010 4822//4822
f 5011//5011 5012//5012 5013//5013
f 5011//5011 5013//5013 5014//5014
f 3951//3951 3886//3886 5015//5015
f 3951//3951 5015//5015 4372//4372
f 4918//4918 3857//3857 4976//4976
f 4918//4918 4976//4976 4919//4919
f 5016//5016 4956//4956 4957//4957
f 5016//5016 4957//4957 5017//5017
f 5018//5018 5019//5019 5020//5020
f 5018//5018 5020//5020 5021//5021
f 5022//5022 5023//5023 5024//5024
f 5022//5022 5024//5024 5025//5025
f 5026//5026 4898//4898 4901//4901
f 5026//5026 4901//4901 5027//5027
f 3829//3829 3999//3999 4380//4380
f 3829//3829 4380//4380 5028//5028
f 5029//5029 5030//5030 5031//5031
f 5029//5029 5031//5031 5032//5032
f 3981//3981 5033//5033 5034//5034
f 3981//3981 5034//5034 3982//3982
f 4905//4905 4797//4797 4798//4798
f 4905//4905 4798//4798 4906//4906
f 5035//5035 5036//5036 5037//5037
f 5035//5035 5037//5037 5038//5038
f 5039//5039 5022//5022 5025//5025
f 5039//5039 5025//5025 5040//5040
f 5041//5041 3980//3980 3983//3983
f 5041//5041 3983//3983 5042//5042
f 3628//3628 4737//4737 4740//4740
f 3628//3628 4740//4740 4815//4815
f 4867//4867 3677//3677 3856//3856
f 4867//4867 3856//3856 4868//4868
f 3789//3789 3694//3694 4907//4907
f 3789//3789 4907//4907 5043//5043
f 3966//3966 4339//4339 4342//4342
f 3966//3966 4342//4342 3967//3967
f 3845//3845 3976//3976 5044//5044
f 3845//3845 5044//5044 4923//4923
f 3977//3977 3689//3689 5045//5045
f 3977//3977 5045//5045 4971//4971
f 4314//4314 5046//5046 5047//5047
f 4314//4314 5047//5047 4315//4315
f 5048//5048 4823//4823 4826//4826
f 5048//5048 4826//4826 5049//5049
f 5050//5050 4870//4870 4872//4872
f 5050//5050 4872//4872 5051//5051
f 4259//4259 5052//5052 5053//5053
f 4259//4259 5053//5053 4260//4260
f 3804//3804 3630//3630 3633//3633
f 3804//3804 3633//3633 4831//4831
f 3817//3817 4003//4003 5054//5054
f 3817//3817 5054//5054 5055//5055
f 4885//4885 3868//3868 4804//4804
f 4885//4885 4804//4804 4886//4886
f 5056//5056 5057//5057 5058//5058
f 5056//5056 5058//5058 5059//5059
f 3635//3635 5060//5060 5061//5061
f 3635//3635 5061//5061 3636//3636
f 5062//5062 5063//5063 5064//5064
f 5062//5062 5064//5064 5065//5065
f 4347//4347 3955//3955 3956//3956
f 4347//4347 3956//3956 4348//4348
f 5066//5066 4749//4749 4752//4752
f 5066//5066 4752//4752 5067//5067
f 4810//4810 5062//5062 5065//5065
f 4810//4810 5065//5065 4811//4811
f 3959//3959 3877//3877 5068//5068
f 3959//3959 5068//5068 5069//5069
f 3834//3834 4965//4965 4966//4966
f 3834//3834 4966//4966 5070//5070
f 4818//4818 4877//4877 4880//4880
f 4818//4818 4880//4880 4819//4819
f 5071//5071 5072//5072 5073//5073
f 5071//5071 5073//5073 5074//5074
f 3779//3779 3713//3713 4830//4830
f 3779//3779 4830//4830 5075//5075
f 4732//4732 3903//3903 4398//4398
f 4732//4732 4398//4398 4733//4733
f 3816//3816 3907//3907 3908//3908
f 3816//3816 3908//3908 4848//4848
f 4857//4857 5076//5076 5077//5077
f 4857//4857 5077//5077 4858//4858
f 5078//5078 5079//5079 5080//5080
f 5078//5078 5080//5080 5081//5081
f 4861//4861 3874//3874 4978//4978
f 4861//4861 4978//4978 4862//4862
f 4358//4358 5082//5082 5083//5083
f 4358//4358 5083//5083 4359//4359
f 3669//3669 5084//5084 5085//5085
f 3669//3669 5085//5085 3670//3670
f 5086//5086 5087//5087 5088//5088
f 5086//5086 5088//5088 5089//5089
f 5090//5090 3797//3797 3800//3800
f 5090//5090 3800//3800 5091//5091
f 3805//3805 3834//3834 5070//5070
f 3805//3805 5070//5070 5092//5092
f 5093//5093 4833//4833 4836//4836
f 5093//5093 4836//4836 5094//5094
f 3990//3990 3985//3985 5095//5095
f 3990//3990 5095//5095 4838//4838
f 3883//3883 3676//3676 5096//5096
f 3883//3883 5096//5096 4408//4408
f 4003//4003 4141//4141 4142//4142
f 4003//4003 4142//4142 5054//5054
f 5097//5097 5098//5098 5099//5099
f 5097//5097 5099//5099 5100//5100
f 4843//4843 3959//3959 5069//5069
f 4843//4843 5069//5069 4844//4844
f 4806//4806 5101//5101 5102//5102
f 4806//4806 5102//5102 4807//4807
f 5103//5103 5104//5104 5105//5105
f 5103//5103 5105//5105 5106//5106
f 5107//5107 3926//3926 3929//3929
f 5107//5107 3929//3929 5108//5108
f 3709//3709 3707//3707 3708//3708
f 3707//3707 3709//3709 3706//3706
f 3706//3706 3709//3709 3705//3705
f 3728//3728 3726//3726 3727//3727
f 3726//3726 3728//3728 3725//3725
f 3725//3725 3728//3728 3729//3729
f 3732//3732 3730//3730 3731//3731
f 3730//3730 3732//3732 3733//3733
f 3730//3730 3733//3733 3734//3734
f 3737//3737 3735//3735 3736//3736
f 3735//3735 3737//3737 3738//3738
f 3735//3735 3738//3738 3739//3739
f 3741//3741 3744//3744 3740//3740
f 3744//3744 3741//3741 3743//3743
f 3743//3743 3741//3741 3742//3742
f 3746//3746 3749//3749 3745//3745
f 3749//3749 3746//3746 3748//3748
f 3748//3748 3746//3746 3747//3747
f 3750//3750 3753//3753 3754//3754
f 3753//3753 3750//3750 3751//3751
f 3753//3753 3751//3751 3752//3752
f 3756//3756 3709//3709 3755//3755
f 3709//3709 3756//3756 3726//3726
f 3709//3709 3726//3726 3705//3705
f 3734//3734 3736//3736 3730//3730
f 3736//3736 3734//3734 3757//3757
f 3736//3736 3757//3757 3666//3666
f 3740//3740 3658//3658 3746//3746
f 3658//3658 3740//3740 3744//3744
f 3658//3658 3744//3744 3758//3758
f 3750//3750 3760//3760 3706//3706
f 3760//3760 3750//3750 3759//3759
f 3759//3759 3750//3750 3754//3754
f 3761//3761 3725//3725 3729//3729
f 3725//3725 3761//3761 3762//3762
f 3725//3725 3762//3762 3731//3731
f 3739//3739 3741//3741 3735//3735
f 3741//3741 3739//3739 3763//3763
f 3741//3741 3763//3763 3764//3764
f 3745//3745 3766//3766 3751//3751
f 3766//3766 3745//3745 3765//3765
f 3765//3765 3745//3745 3749//3749
f 3936//3936 4013//4013 3933//3933
f 4013//4013 3936//3936 4014//4014
f 4014//4014 3936//3936 3675//3675
f 4014//4014 3675//3675 4106//4106
f 4106//4106 3675//3675 3674//3674
f 4106//4106 3674//3674 4107//4107
f 4107//4107 3674//3674 3835//3835
f 4107//4107 3835//3835 3949//3949
f 3949//3949 3835//3835 3834//3834
f 3949//3949 3834//3834 3946//3946
f 3946//3946 3834//3834 3805//3805
f 3946//3946 3805//3805 3702//3702
f 3702//3702 3805//3805 3804//3804
f 3702//3702 3804//3804 3703//3703
f 3703//3703 3804//3804 3621//3621
f 3703//3703 3621//3621 3628//3628
f 3628//3628 3621//3621 3620//3620
f 3628//3628 3620//3620 3629//3629
f 3629//3629 3620//3620 3710//3710
f 3629//3629 3710//3710 3828//3828
f 3828//3828 3710//3710 3713//3713
f 3828//3828 3713//3713 3829//3829
f 3829//3829 3713//3713 3779//3779
f 3829//3829 3779//3779 3999//3999
f 3999//3999 3779//3779 3782//3782
f 3999//3999 3782//3782 3996//3996
f 3996//3996 3782//3782 3812//3812
f 3996//3996 3812//3812 3823//3823
f 3823//3823 3812//3812 3811//3811
f 3823//3823 3811//3811 3824//3824
f 3824//3824 3811//3811 4000//4000
f 3824//3824 4000//4000 3792//3792
f 3792//3792 4000//4000 4003//4003
f 3792//3792 4003//4003 3789//3789
f 3789//3789 4003//4003 3817//3817
f 3789//3789 3817//3817 3694//3694
f 3694//3694 3817//3817 3816//3816
f 3694//3694 3816//3816 3695//3695
f 3695//3695 3816//3816 3625//3625
f 3695//3695 3625//3625 3624//3624
#1454 polygons

g Object_15

#
# object Object_15
#

v 52.1172 48.065666 111.10541
v 52.1172 48.05762 112.321
v 52.1172 48.04958 113.5366
v 52.1172 47.094177 114.28821
v 52.1172 46.138775 115.039825
v 52.1172 44.955456 114.7615
v 52.1172 43.772133 114.48315
v 52.1172 43.251953 113.38445
v 52.1172 42.73178 112.28576
v 52.1172 43.26645 111.19404
v 52.1172 43.801117 110.10233
v 52.1172 44.98802 109.83967
v 52.1172 46.174923 109.57702
v 52.1172 47.120296 110.34122
v 49.198536 51.184784 105.313126
v 49.198536 47.81801 102.591576
v 55.015114 49.561108 95.18095
v 55.015114 55.496662 99.97898
v 49.198536 54.52291 112.363785
v 49.198536 54.55155 108.034676
v 55.015114 61.43222 104.77704
v 55.015114 61.381718 112.40917
v 49.198536 51.09177 119.369644
v 49.198536 54.494267 116.69289
v 55.015114 61.33122 120.041306
v 55.015114 55.332684 124.76038
v 49.198536 43.475086 121.05515
v 49.198536 47.689278 122.046394
v 55.015114 49.334152 129.47946
v 55.015114 41.904606 127.73191
v 49.198536 37.40837 116.15109
v 49.198536 39.260895 120.0639
v 55.015114 34.47506 125.98436
v 55.015114 31.209103 119.086136
v 49.198536 37.459988 108.35032
v 49.198536 35.55585 112.23827
v 55.015118 27.943146 112.18791
v 55.015114 31.300102 105.333496
v 49.198536 43.59107 103.52697
v 49.198536 39.364124 104.46236
v 55.015114 34.657066 98.4791
v 55.015114 42.109085 96.83002
v 54.509003 48.347317 108.823296
v 54.509003 46.67095 107.4682
v 49.198536 47.81801 102.591576
v 49.198536 51.184784 105.313126
v 54.509003 50.00942 112.333916
v 54.509003 50.02368 110.17839
v 49.198536 54.55155 108.034676
v 49.198536 54.52291 112.363785
v 54.509003 48.301006 115.82224
v 54.509003 49.995155 114.48944
v 49.198536 54.494267 116.69289
v 49.198536 51.09177 119.369644
v 54.509003 44.508545 116.661476
v 54.509003 46.606857 117.15503
v 49.198536 47.689278 122.046394
v 49.198536 43.475086 121.05515
v 54.509003 41.487846 114.21967
v 54.509003 42.41024 116.16792
v 49.198536 39.260895 120.0639
v 49.198536 37.40837 116.15109
v 54.509003 41.513546 110.335556
v 54.509003 40.56545 112.27142
v 49.198536 35.55585 112.23827
v 49.198536 37.459988 108.35032
v 54.509003 44.566296 107.93394
v 54.509003 42.46164 108.39968
v 49.198536 39.364124 104.46236
v 49.198536 43.59107 103.52697
v 55.015114 41.904606 127.73191
v 55.015114 49.334152 129.47946
v 55.06767 49.608044 130.71715
v 55.015114 41.670662 128.7265
v 55.015114 61.381718 112.40917
v 55.015114 61.43222 104.77704
v 55.06767 62.577938 104.23459
v 55.015114 62.403442 112.415924
v 55.015114 42.109085 96.83002
v 55.015114 34.657066 98.4791
v 55.067673 33.873272 97.482796
v 55.015114 41.88832 95.83241
v 55.015114 31.209103 119.086136
v 55.015114 34.47506 125.98436
v 55.067673 33.67816 126.97019
v 55.015118 30.285627 119.52335
v 55.015114 55.332684 124.76038
v 55.015114 61.33122 120.041306
v 55.06767 62.469658 120.598854
v 55.015114 55.96443 125.56341
v 55.015114 55.496662 99.97898
v 55.015114 49.561108 95.18095
v 55.06767 49.851353 93.946976
v 55.015114 56.138985 99.18439
v 55.015114 31.300102 105.333496
v 55.015118 27.943146 112.18791
v 55.067673 26.675531 112.17952
v 55.015118 30.382498 104.8841
v 55.015114 41.88832 95.83241
v 55.067673 33.873272 97.482796
v 53.656296 34.248055 97.9592
v 53.553627 42.042107 96.52736
v 55.015118 30.285627 119.52335
v 55.067673 33.67816 126.97019
v 53.65731 34.05848 126.49971
v 53.553627 30.928934 119.21878
v 55.015114 55.96443 125.56341
v 55.06767 62.469658 120.598854
v 53.657307 61.926334 120.33276
v 53.553627 55.524345 125.004005
v 55.015114 56.138985 99.18439
v 55.06767 49.851353 93.946976
v 53.657307 49.71283 94.53589
v 53.553627 55.691532 99.737915
v 55.015118 30.382498 104.8841
v 55.067673 26.675531 112.17952
v 53.656296 27.28166 112.183525
v 53.553627 31.021713 105.19717
v 55.015114 41.670662 128.7265
v 55.06767 49.608044 130.71715
v 53.657307 49.47733 130.12646
v 53.553627 41.83363 128.03366
v 55.015114 62.403442 112.415924
v 55.06767 62.577938 104.23459
v 53.657307 62.031143 104.49347
v 53.553627 61.691692 112.41122
v 54.509003 47.8535 109.43418
v 54.509003 46.471325 108.316895
v 54.509003 46.67095 107.4682
v 54.509003 48.347317 108.823296
v 54.509003 49.22392 112.32872
v 54.509003 49.23568 110.551476
v 54.509003 50.02368 110.17839
v 54.509003 50.00942 112.333916
v 54.509003 47.81532 115.204865
v 54.509003 49.21216 114.10597
v 54.509003 49.995155 114.48944
v 54.509003 48.301006 115.82224
v 54.509003 44.688404 115.89683
v 54.509003 46.41848 116.303764
v 54.509003 46.606857 117.15503
v 54.509003 44.508545 116.661476
v 54.509003 42.19781 113.88354
v 54.509003 42.958332 115.48989
v 54.509003 42.41024 116.16792
v 54.509003 41.487846 114.21967
v 54.509003 42.218998 110.68105
v 54.509003 41.437286 112.27719
v 54.509003 40.56545 112.27142
v 54.509003 41.513546 110.335556
v 54.509003 44.73602 108.7009
v 54.509003 43.000713 109.084915
v 54.509003 42.46164 108.39968
v 54.509003 44.566296 107.93394
v 54.509003 46.471325 108.316895
v 54.509003 47.8535 109.43418
v 54.509003 49.23568 110.551476
v 54.509003 49.22392 112.32872
v 54.509003 49.21216 114.10597
v 54.509003 47.81532 115.204865
v 54.509003 46.41848 116.303764
v 54.509003 44.688404 115.89683
v 54.509003 42.958332 115.48989
v 54.509003 42.19781 113.88354
v 54.509003 41.437286 112.27719
v 54.509003 42.218998 110.68105
v 54.509003 43.000713 109.084915
v 54.509003 44.73602 108.7009
v 44.7128 47.782955 112.59075
v 52.90994 36.971737 96.525475
v 52.92079 32.226677 99.86055
v 44.712803 44.983868 114.58058
v 46.821743 44.027294 113.0627
v 55.25883 31.984169 98.93108
v 57.550213 34.51773 101.84874
v 48.93068 43.108902 111.49924
v 48.93068 43.108902 111.49924
v 57.550213 34.51773 101.84874
v 57.550213 38.179417 99.24569
v 48.93068 45.283234 109.953545
v 46.82174 46.514004 111.29493
v 55.250275 36.197968 95.95852
v 52.90994 36.971737 96.525475
v 44.7128 47.782955 112.59075
v 46.821743 44.027294 113.0627
v 46.82174 46.514004 111.29493
v 55.25883 31.984169 98.93108
v 52.92079 32.226677 99.86055
v 52.90994 36.971737 96.525475
v 55.250275 36.197968 95.95852
v 57.550213 34.51773 101.84874
v 55.25883 31.984169 98.93108
v 55.250275 36.197968 95.95852
v 57.550213 38.179417 99.24569
v 44.712803 44.983868 114.58058
v 44.7128 47.782955 112.59075
v 48.93068 45.283234 109.953545
v 57.550213 38.179417 99.24569
v 44.712803 44.983868 114.58058
v 52.92079 32.226677 99.86055
v 44.712803 44.76162 114.43662
v 52.90985 62.803207 107.40334
v 52.921127 60.588467 102.04282
v 44.712803 43.432594 111.26991
v 46.821743 45.12302 110.6687
v 55.260002 61.549843 102.00875
v 57.55021 58.146282 103.84378
v 48.93068 46.849567 110.11474
v 48.93068 46.849567 110.11474
v 57.55021 58.146282 103.84378
v 57.55021 59.88488 107.98637
v 48.93068 47.881958 112.57464
v 46.82174 46.30373 113.48201
v 55.249672 63.524723 106.77272
v 52.90985 62.803207 107.40334
v 44.712803 44.76162 114.43662
v 46.821743 45.12302 110.6687
v 46.82174 46.30373 113.48201
v 55.260002 61.549843 102.00875
v 52.921127 60.588467 102.04282
v 52.90985 62.803207 107.40334
v 55.249672 63.524723 106.77272
v 57.55021 58.146282 103.84378
v 55.260002 61.549843 102.00875
v 55.249672 63.524723 106.77272
v 57.55021 59.88488 107.98637
v 44.712803 43.432594 111.26991
v 44.712803 44.76162 114.43662
v 48.93068 47.881958 112.57464
v 57.55021 59.88488 107.98637
v 44.712803 43.432594 111.26991
v 52.921127 60.588467 102.04282
v 44.7128 46.73012 114.23054
v 52.90965 52.37625 95.708534
v 52.921516 46.795734 94.12738
v 44.712803 43.42048 113.313705
v 46.82174 43.9949 111.61399
v 55.2616 47.364433 93.34891
v 57.550213 46.697994 97.16138
v 48.93068 44.62877 109.91516
v 48.93068 44.62877 109.91516
v 57.550213 46.697994 97.16138
v 57.55021 51.027576 98.36073
v 48.93068 47.199707 110.627335
v 46.82174 46.935192 112.4285
v 55.248646 52.327126 94.75306
v 52.90965 52.37625 95.708534
v 44.7128 46.73012 114.23054
v 46.82174 43.9949 111.61399
v 46.82174 46.935192 112.4285
v 55.2616 47.364433 93.34891
v 52.921516 46.795734 94.12738
v 52.90965 52.37625 95.708534
v 55.248646 52.327126 94.75306
v 57.550213 46.697994 97.16138
v 55.2616 47.364433 93.34891
v 55.248646 52.327126 94.75306
v 57.55021 51.027576 98.36073
v 44.712803 43.42048 113.313705
v 44.7128 46.73012 114.23054
v 48.93068 47.199707 110.627335
v 57.55021 51.027576 98.36073
v 44.712803 43.42048 113.313705
v 52.921516 46.795734 94.12738
v 44.7128 47.14798 110.71192
v 52.90973 27.836329 109.293625
v 52.921406 27.526575 115.085495
v 44.7128 46.984356 114.1423
v 46.821743 45.199768 113.95726
v 55.261097 26.64256 114.70258
v 57.550213 30.50698 114.51115
v 48.93068 43.402912 113.71403
v 48.93068 43.402912 113.71403
v 57.550213 30.50698 114.51115
v 57.550213 30.721033 110.023605
v 48.93068 43.530018 111.0493
v 46.821743 45.345135 110.90969
v 55.248997 26.914724 109.55238
v 52.90973 27.836329 109.293625
v 44.7128 47.14798 110.71192
v 46.821743 45.199768 113.95726
v 46.821743 45.345135 110.90969
v 55.261097 26.64256 114.70258
v 52.921406 27.526575 115.085495
v 52.90973 27.836329 109.293625
v 55.248997 26.914724 109.55238
v 57.550213 30.50698 114.51115
v 55.261097 26.64256 114.70258
v 55.248997 26.914724 109.55238
v 57.550213 30.721033 110.023605
v 44.7128 46.984356 114.1423
v 44.7128 47.14798 110.71192
v 48.93068 43.530018 111.0493
v 57.550213 30.721033 110.023605
v 44.7128 46.984356 114.1423
v 52.921406 27.526575 115.085495
v 44.712803 45.214256 110.05917
v 52.90678 32.589996 124.73067
v 52.9211 37.05505 128.4309
v 44.7128 47.873985 112.231766
v 46.82174 46.66342 113.55598
v 55.26721 36.21425 128.92618
v 57.550213 38.366364 125.6945
v 48.93068 45.3988 114.85544
v 48.93068 45.3988 114.85544
v 57.550213 38.366364 125.6945
v 57.550213 34.886982 122.85238
v 48.93068 43.33272 113.16776
v 46.82174 44.300518 111.62585
v 55.23996 32.257504 125.61715
v 52.90678 32.589996 124.73067
v 44.712803 45.214256 110.05917
v 46.82174 46.66342 113.55598
v 46.82174 44.300518 111.62585
v 55.26721 36.21425 128.92618
v 52.9211 37.05505 128.4309
v 52.90678 32.589996 124.73067
v 55.23996 32.257504 125.61715
v 57.550213 38.366364 125.6945
v 55.26721 36.21425 128.92618
v 55.23996 32.257504 125.61715
v 57.550213 34.886982 122.85238
v 44.7128 47.873985 112.231766
v 44.712803 45.214256 110.05917
v 48.93068 43.33272 113.16776
v 57.550213 34.886982 122.85238
v 44.7128 47.873985 112.231766
v 52.9211 37.05505 128.4309
v 44.712803 43.589455 111.13664
v 52.90777 47.0195 130.18839
v 52.92168 52.707123 129.0539
v 44.7128 46.952698 110.441734
v 46.82174 47.217422 112.216255
v 55.266495 52.56026 130.01578
v 57.55021 51.40907 126.30934
v 48.93068 47.42885 114.017136
v 48.93068 47.42885 114.017136
v 57.55021 51.40907 126.30934
v 57.550213 47.009365 127.21839
v 48.93068 44.816273 114.55693
v 46.821743 44.22951 112.83361
v 55.242535 47.498367 131.00815
v 52.90777 47.0195 130.18839
v 44.712803 43.589455 111.13664
v 46.82174 47.217422 112.216255
v 46.821743 44.22951 112.83361
v 55.266495 52.56026 130.01578
v 52.92168 52.707123 129.0539
v 52.90777 47.0195 130.18839
v 55.242535 47.498367 131.00815
v 57.55021 51.40907 126.30934
v 55.266495 52.56026 130.01578
v 55.242535 47.498367 131.00815
v 57.550213 47.009365 127.21839
v 44.7128 46.952698 110.441734
v 44.712803 43.589455 111.13664
v 48.93068 44.816273 114.55693
v 57.550213 47.009365 127.21839
v 44.7128 46.952698 110.441734
v 52.92168 52.707123 129.0539
v 44.712803 43.41845 113.12242
v 52.906364 60.5616 122.1052
v 52.92079 63.15758 116.92009
v 44.712803 44.934017 110.04064
v 46.82174 46.49747 110.92075
v 55.267338 63.83117 117.62757
v 57.55021 60.196587 116.261086
v 48.93068 48.049026 111.85912
v 48.93068 48.049026 111.85912
v 57.55021 60.196587 116.261086
v 57.55021 58.213963 120.29259
v 48.93068 46.871727 114.253044
v 46.82174 45.15104 113.6586
v 55.238922 61.49935 122.228294
v 52.906364 60.5616 122.1052
v 44.712803 43.41845 113.12242
v 46.82174 46.49747 110.92075
v 46.82174 45.15104 113.6586
v 55.267338 63.83117 117.62757
v 52.92079 63.15758 116.92009
v 52.906364 60.5616 122.1052
v 55.238922 61.49935 122.228294
v 57.55021 60.196587 116.261086
v 55.267338 63.83117 117.62757
v 55.238922 61.49935 122.228294
v 57.55021 58.213963 120.29259
v 44.712803 44.934017 110.04064
v 44.712803 43.41845 113.12242
v 48.93068 46.871727 114.253044
v 57.55021 58.213963 120.29259
v 44.712803 44.934017 110.04064
v 52.92079 63.15758 116.92009
# 392 vertices

vn -0.5333527 -0.80732334 0.25251552
vn -0.5172681 -0.8558166 -0.0034181392
vn -0.5299671 -0.8073265 -0.25953594
vn -0.31981286 -0.8558257 -0.40654922
vn -0.12747872 -0.80732536 -0.57617265
vn 0.11841478 -0.8558204 -0.5035369
vn 0.37096298 -0.8073286 -0.45891964
vn 0.46752614 -0.85582364 -0.22132635
vn 0.590111 -0.80731285 0.0038758835
vn 0.46456078 -0.85581446 0.22751933
vn 0.36485645 -0.8073227 0.46379936
vn 0.11176116 -0.8558172 0.505061
vn -0.13510841 -0.8073246 0.57443255
vn -0.32518286 -0.8558219 0.40227473
vn -0.38896626 -0.7855931 0.4811952
vn -0.13248268 -0.8155278 0.56334955
vn -0.13248268 -0.8155278 0.56334955
vn -0.38896626 -0.7855931 0.4811952
vn -0.6187392 -0.78558594 -0.0040895264
vn -0.5230636 -0.8155266 0.24763049
vn -0.5230636 -0.8155266 0.24763049
vn -0.6187392 -0.78558594 -0.0040895264
vn -0.3825599 -0.7855985 -0.48629525
vn -0.51973844 -0.8155288 -0.25452846
vn -0.51973844 -0.8155288 -0.25452846
vn -0.3825599 -0.7855985 -0.48629525
vn 0.14166833 -0.78558403 -0.60231876
vn -0.12503539 -0.8155234 -0.56505555
vn -0.12503539 -0.8155234 -0.56505555
vn 0.14166833 -0.78558403 -0.60231876
vn 0.559235 -0.78559613 -0.26475456
vn 0.36381587 -0.81552577 -0.4500621
vn 0.36381587 -0.81552577 -0.4500621
vn 0.559235 -0.78559613 -0.26475456
vn 0.5556897 -0.785589 0.2721378
vn 0.5787023 -0.8155299 0.003814881
vn 0.5787023 -0.8155299 0.003814881
vn 0.5556897 -0.785589 0.2721378
vn 0.13367438 -0.7855956 0.6041282
vn 0.35780904 -0.8155381 0.45482993
vn 0.35780904 -0.8155381 0.45482993
vn 0.13367438 -0.7855956 0.6041282
vn 0.46376303 -0.6751052 -0.573722
vn 0.16062436 -0.7126003 -0.68293536
vn 0.16062436 -0.7126003 -0.68293536
vn 0.46376303 -0.6751052 -0.573722
vn 0.7377028 -0.6751083 0.0048525035
vn 0.63409805 -0.7125932 -0.30021757
vn 0.63409805 -0.7125932 -0.30021757
vn 0.7377028 -0.6751083 0.0048525035
vn 0.4561363 -0.67510957 0.57979894
vn 0.6300701 -0.7125939 0.30858016
vn 0.6300701 -0.7125939 0.30858016
vn 0.4561363 -0.67510957 0.57979894
vn -0.16889338 -0.67511624 0.71811783
vn 0.15158918 -0.71259373 0.68500435
vn 0.15158918 -0.71259373 0.68500435
vn -0.16889338 -0.67511624 0.71811783
vn -0.66677606 -0.67510796 0.31565663
vn -0.44103238 -0.7125921 0.5456217
vn -0.44103238 -0.7125921 0.5456217
vn -0.66677606 -0.67510796 0.31565663
vn -0.6625316 -0.67510563 -0.32447547
vn -0.70156896 -0.7125866 -0.004638877
vn -0.70156896 -0.7125866 -0.004638877
vn -0.6625316 -0.67510563 -0.32447547
vn -0.15936857 -0.6751044 -0.7203026
vn -0.43377456 -0.71260154 -0.5513971
vn -0.43377456 -0.71260154 -0.5513971
vn -0.15936857 -0.6751044 -0.7203026
vn 0.0049747196 -0.99976265 -0.021210508
vn -0.004516686 -0.99978137 -0.020417403
vn -0.004516686 -0.99978137 -0.020417403
vn 0.0049747196 -0.99976265 -0.021210508
vn -0.021790195 -0.99976265 -0.00012207487
vn -0.018891277 -0.9997816 0.008942153
vn -0.018891277 -0.9997816 0.008942153
vn -0.021790195 -0.99976265 -0.00012207487
vn 0.0047000516 -0.9997628 0.021271547
vn 0.012909833 -0.99978185 0.016419385
vn 0.012909833 -0.99978185 0.016419385
vn 0.0047000516 -0.9997628 0.021271547
vn 0.019684743 -0.9997629 -0.009308211
vn 0.013123466 -0.9997816 -0.016266784
vn 0.013123466 -0.9997816 -0.016266784
vn 0.019684743 -0.9997629 -0.009308211
vn -0.013458589 -0.9997629 -0.017121004
vn -0.018769203 -0.9997817 -0.009186309
vn -0.018769203 -0.9997817 -0.009186309
vn -0.013458589 -0.9997629 -0.017121004
vn -0.013702735 -0.99976265 0.01693789
vn -0.004760841 -0.9997815 0.020356368
vn -0.004760841 -0.9997815 0.020356368
vn -0.013702735 -0.99976265 0.01693789
vn 0.019562667 -0.9997628 0.009582878
vn 0.020905882 -0.9997815 0.00012207717
vn 0.020905882 -0.9997815 0.00012207717
vn 0.019562667 -0.9997628 0.009582878
vn -0.19559912 0.42479998 -0.88390386
vn -0.54715043 0.46572474 -0.6955048
vn -0.54715043 0.46572474 -0.6955048
vn -0.19559912 0.42479998 -0.88390386
vn -0.8182298 0.42480177 0.3873544
vn -0.55636966 0.46554363 0.6882747
vn -0.55636966 0.46554363 0.6882747
vn -0.8182298 0.42480177 0.3873544
vn 0.5597625 0.42471278 0.7115372
vn 0.79481715 0.46554336 0.3892752
vn 0.79481715 0.46554336 0.3892752
vn 0.5597625 0.42471278 0.7115372
vn 0.56912196 0.4247053 -0.70407796
vn 0.202616 0.46553788 -0.86152273
vn 0.202616 0.46553788 -0.86152273
vn 0.56912196 0.4247053 -0.70407796
vn -0.8130006 0.42485744 -0.3981533
vn -0.8849291 0.46568933 -0.00582913
vn -0.8849291 0.46568933 -0.00582913
vn -0.8130006 0.42485744 -0.3981533
vn -0.20728824 0.42470875 0.8812799
vn 0.19120365 0.4655422 0.86412483
vn 0.19120365 0.4655422 0.86412483
vn -0.20728824 0.42470875 0.8812799
vn 0.9053137 0.42470166 0.005981711
vn 0.7999066 0.4655391 -0.378712
vn 0.7999066 0.4655391 -0.378712
vn 0.9053137 0.42470166 0.005981711
vn 1.6858739E-07 -1 0
vn 1.6858739E-07 -1 0
vn 1.6858739E-07 -1 0
vn 1.6858739E-07 -1 0
vn 1.6858739E-07 -1 0
vn 1.6858739E-07 -1 0
vn 1.6858739E-07 -1 0
vn 1.6858739E-07 -1 0
vn 1.6858739E-07 -1 0
vn 1.6858739E-07 -1 0
vn 1.6858739E-07 -1 0
vn 1.6858739E-07 -1 0
vn 1.6858739E-07 -1 0
vn 1.6858739E-07 -1 0
vn 1.6858739E-07 -1 0
vn 1.6858739E-07 -1 0
vn 1.6858739E-07 -1 0
vn 1.6858739E-07 -1 0
vn 1.6858739E-07 -1 0
vn 1.6858739E-07 -1 0
vn 1.6858739E-07 -1 0
vn 1.6858739E-07 -1 0
vn 1.6858739E-07 -1 0
vn 1.6858739E-07 -1 0
vn 1.6858739E-07 -1 0
vn 1.6858739E-07 -1 0
vn 1.6858739E-07 -1 0
vn 1.6858739E-07 -1 0
vn -0.19782692 -0.5034793 0.8410548
vn -0.5566146 -0.4648426 0.6885505
vn -0.78090686 -0.5034832 0.36971533
vn -0.8853734 -0.46484414 -0.005829243
vn -0.7759484 -0.50347394 -0.380024
vn -0.5474286 -0.46484298 -0.69587564
vn -0.18668401 -0.50347036 -0.84360343
vn 0.20271151 -0.46484455 -0.8618745
vn 0.54314905 -0.503474 -0.67193973
vn 0.8002426 -0.46483696 -0.37886468
vn 0.86399287 -0.5034718 0.0057070525
vn 0.7951532 -0.46484128 0.3894279
vn 0.53421414 -0.5034808 0.67905986
vn 0.19129393 -0.4648367 0.8644846
vn -0.21186678 0.9306321 -0.29838952
vn -0.39732847 0.7251646 -0.5623757
vn -0.40123945 0.71867216 -0.5679061
vn -0.21186678 0.9306321 -0.29838952
vn -0.68793124 -0.19648217 0.6986741
vn -0.70951766 -0.13749054 0.6911449
vn -0.73204935 -0.06457745 0.678184
vn -0.73204935 -0.06457745 0.678184
vn 0.36891645 -0.77109855 0.5189488
vn 0.30647177 -0.8486413 0.43114164
vn 0.30647177 -0.8486413 0.43114164
vn 0.3705999 -0.7686977 0.5213057
vn 0.8562154 -0.19330828 -0.47908998
vn 0.8556085 -0.14536327 -0.49679315
vn 0.8559014 -0.21006115 -0.472554
vn 0.8559014 -0.21006115 -0.472554
vn 0.4267503 -0.67636675 0.60034347
vn 0.42678505 -0.67631245 0.60037994
vn -0.532009 0.38426593 -0.75452375
vn -0.40123945 0.71867216 -0.5679061
vn -0.39732847 0.7251646 -0.5623757
vn -0.532009 0.38426593 -0.75452375
vn -0.2801067 -0.874075 -0.39690447
vn -0.2801067 -0.874075 -0.39690447
vn -0.2801067 -0.874075 -0.39690447
vn -0.2801067 -0.874075 -0.39690447
vn 0.42754862 -0.67487895 0.6014489
vn 0.42754862 -0.67487895 0.6014489
vn 0.85206324 -0.08890205 -0.5158341
vn 0.85206324 -0.08890205 -0.5158341
vn -0.67930424 -0.2180013 0.7007291
vn -0.67930424 -0.2180013 0.7007291
vn 0.3375448 0.93062913 -0.14139654
vn 0.6356948 0.7252399 -0.26442274
vn 0.6420648 0.71863794 -0.26704383
vn 0.3375448 0.93062913 -0.14139654
vn -0.53118384 -0.19645114 -0.8241667
vn -0.5191238 -0.13748702 -0.84356856
vn -0.50155014 -0.064608924 -0.8627127
vn -0.50155014 -0.064608924 -0.8627127
vn -0.58710366 -0.771106 0.24638398
vn -0.4877555 -0.8486436 0.20469135
vn -0.4877555 -0.8486436 0.20469135
vn -0.58978754 -0.76869255 0.24751243
vn 0.28007928 -0.1933117 0.9403118
vn 0.29749927 -0.14539248 0.94358647
vn 0.2737611 -0.21009709 0.9385702
vn 0.2737611 -0.21009709 0.9385702
vn -0.67917335 -0.6763658 0.285049
vn -0.6792178 -0.67631865 0.28505483
vn 0.85277945 0.38433385 -0.35363096
vn 0.6420648 0.71863794 -0.26704383
vn 0.6356948 0.7252399 -0.26442274
vn 0.85277945 0.38433385 -0.35363096
vn 0.4486055 -0.874138 -0.18610759
vn 0.4486055 -0.874138 -0.18610759
vn 0.4486055 -0.874138 -0.18610759
vn 0.4486055 -0.874138 -0.18610759
vn -0.68043256 -0.6748783 0.28557116
vn -0.68043256 -0.6748783 0.28557116
vn 0.3168803 -0.08887169 0.9442928
vn 0.3168803 -0.08887169 0.9442928
vn -0.53506786 -0.21793985 -0.8162136
vn -0.53506786 -0.21793985 -0.8162136
vn 0.09790629 0.93063 -0.3526219
vn 0.18613844 0.72532696 -0.66276187
vn 0.18805635 0.7185943 -0.6695201
vn 0.09790629 0.93063 -0.3526219
vn -0.9760914 -0.1964209 -0.09308316
vn -0.983859 -0.13746026 -0.11457042
vn -0.98801297 -0.064669326 -0.14017247
vn -0.98801297 -0.064669326 -0.14017247
vn -0.16996066 -0.7710953 0.61361676
vn -0.14120993 -0.8486338 0.5097846
vn -0.14120993 -0.8486338 0.5097846
vn -0.17075638 -0.7686943 0.61640203
vn 0.9118369 -0.1933421 0.3621772
vn 0.9252015 -0.1453952 0.35051754
vn 0.9065495 -0.21012619 0.3660807
vn 0.9065495 -0.21012619 0.3660807
vn -0.1966333 -0.67636037 0.7098395
vn -0.19663714 -0.67631257 0.7098839
vn 0.25071597 0.3844516 -0.8884472
vn 0.18805635 0.7185943 -0.6695201
vn 0.18613844 0.72532696 -0.66276187
vn 0.25071597 0.3844516 -0.8884472
vn 0.13205668 -0.8741917 -0.46727931
vn 0.13205668 -0.8741917 -0.46727931
vn 0.13205668 -0.8741917 -0.46727931
vn 0.13205668 -0.8741917 -0.46727931
vn -0.19700065 -0.67486894 0.711156
vn -0.19700065 -0.67486894 0.711156
vn 0.9377536 -0.08887082 0.3357382
vn 0.9377536 -0.08887082 0.3357382
vn -0.9722506 -0.21790735 -0.08511809
vn -0.9722506 -0.21790735 -0.08511809
vn -0.3655324 0.9306316 -0.017640281
vn -0.68754137 0.7252936 -0.03515836
vn -0.69450253 0.7186127 -0.03552473
vn -0.3655324 0.9306316 -0.017640281
vn 0.12464166 -0.19642347 0.9725649
vn 0.10541306 -0.1374581 0.9848824
vn 0.08133355 -0.06463955 0.9945887
vn 0.08133355 -0.06463955 0.9945887
vn 0.6359913 -0.77109987 0.030336158
vn 0.52837366 -0.84863865 0.025178082
vn 0.52837366 -0.84863865 0.025178082
vn 0.6388933 -0.76869214 0.030458366
vn 0.15195565 -0.19333978 -0.9692932
vn 0.13764094 -0.14539272 -0.979753
vn 0.15692782 -0.21009156 -0.9650053
vn 0.15692782 -0.21009156 -0.9650053
vn 0.7357285 -0.67636824 0.035066657
vn 0.7357869 -0.6763048 0.03506653
vn -0.9218962 0.3844208 -0.04825099
vn -0.69450253 0.7186127 -0.03552473
vn -0.68754137 0.7252936 -0.03515836
vn -0.9218962 0.3844208 -0.04825099
vn -0.48494083 -0.8741756 -0.025483053
vn -0.48494083 -0.8741756 -0.025483053
vn -0.48494083 -0.8741756 -0.025483053
vn -0.48494083 -0.8741756 -0.025483053
vn 0.7370987 -0.67486995 0.035158064
vn 0.7370987 -0.67486995 0.035158064
vn 0.1204595 -0.08887204 -0.98873216
vn 0.1204595 -0.08887204 -0.98873216
vn 0.13156813 -0.21790682 0.96706074
vn 0.13156813 -0.21790682 0.96706074
vn -0.23173398 0.930628 0.28325057
vn -0.43817306 0.72579163 0.5303123
vn -0.44314057 0.7183941 0.53622437
vn -0.23173398 0.930628 0.28325057
vn 0.85584456 -0.19614552 0.47859907
vn 0.85430545 -0.13727714 0.5013155
vn 0.8478226 -0.064822584 0.5263031
vn 0.8478226 -0.064822584 0.5263031
vn 0.4027965 -0.7711057 -0.4931036
vn 0.33464167 -0.8486435 -0.40965736
vn 0.33464167 -0.8486435 -0.40965736
vn 0.40462798 -0.76869524 -0.4953624
vn -0.6885819 -0.19349402 -0.698867
vn -0.70558256 -0.14536497 -0.69355786
vn -0.6821642 -0.21033818 -0.7002927
vn -0.6821642 -0.21033818 -0.7002927
vn 0.46596906 -0.676369 -0.57043654
vn 0.46600407 -0.67631453 -0.5704726
vn -0.58935434 0.38493726 0.71027094
vn -0.44314057 0.7183941 0.53622437
vn -0.43817306 0.72579163 0.5303123
vn -0.58935434 0.38493726 0.71027094
vn -0.31166115 -0.8738541 0.37315732
vn -0.31166115 -0.8738541 0.37315732
vn -0.31166115 -0.8738541 0.37315732
vn -0.31166115 -0.8738541 0.37315732
vn 0.46682447 -0.6748749 -0.57150584
vn 0.46682447 -0.6748749 -0.57150584
vn -0.7231085 -0.088656746 -0.6850213
vn -0.7231085 -0.088656746 -0.6850213
vn 0.8555494 -0.2175724 0.4697846
vn 0.8555494 -0.2175724 0.4697846
vn 0.07376537 0.93062973 0.358451
vn 0.13571604 0.72570145 0.6744912
vn 0.13715324 0.71842235 0.6819519
vn 0.07376537 0.93062973 0.358451
vn 0.9110366 -0.19624002 -0.36263227
vn 0.9277201 -0.13733587 -0.3470939
vn 0.9430397 -0.06479186 -0.32631004
vn 0.9430397 -0.06479186 -0.32631004
vn -0.12882228 -0.77110326 -0.62354195
vn -0.10702984 -0.8486406 -0.51802874
vn -0.10702984 -0.8486406 -0.51802874
vn -0.12940311 -0.76869804 -0.626385
vn -0.97660387 -0.1934593 0.093906574
vn -0.9831935 -0.14539172 0.11041701
vn -0.97367233 -0.21027483 0.08801627
vn -0.97367233 -0.21027483 0.08801627
vn -0.14902629 -0.67637175 -0.7213269
vn -0.14902589 -0.6763089 -0.72138596
vn 0.18033865 0.38481823 0.9052032
vn 0.13715324 0.71842235 0.6819519
vn 0.13571604 0.72570145 0.6744912
vn 0.18033865 0.38481823 0.9052032
vn 0.09372549 -0.87404746 0.47671434
vn 0.09372549 -0.87404746 0.47671434
vn 0.09372549 -0.87404746 0.47671434
vn 0.09372549 -0.87404746 0.47671434
vn -0.14930093 -0.67487615 -0.7226696
vn -0.14930093 -0.67487615 -0.7226696
vn -0.9876159 -0.08871804 0.12939931
vn -0.9876159 -0.08871804 0.12939931
vn 0.90400404 -0.21766153 -0.36796787
vn 0.90400404 -0.21766153 -0.36796787
vn 0.32829517 0.9306228 0.1617519
vn 0.6155203 0.7258186 0.30711928
vn 0.62244546 0.71836853 0.31065816
vn 0.32829517 0.9306228 0.1617519
vn 0.2728711 -0.19611557 -0.94184935
vn 0.2953622 -0.13724357 -0.94547635
vn 0.3211513 -0.06482228 -0.9448068
vn 0.3211513 -0.06482228 -0.9448068
vn -0.57135314 -0.77110267 -0.28099188
vn -0.47468764 -0.8486334 -0.2334375
vn -0.47468764 -0.8486334 -0.2334375
vn -0.57395774 -0.76870567 -0.28224832
vn -0.5252364 -0.19352272 0.828659
vn -0.5162027 -0.1453633 0.8440405
vn -0.5280738 -0.21033847 0.8227368
vn -0.5280738 -0.21033847 0.8227368
vn -0.660962 -0.6763746 -0.32503334
vn -0.6610171 -0.6763075 -0.32506093
vn 0.8249417 0.38497296 0.41384426
vn 0.62244546 0.71836853 0.31065816
vn 0.6155203 0.7258186 0.30711928
vn 0.8249417 0.38497296 0.41384426
vn 0.433978 -0.8737542 0.21958303
vn 0.433978 -0.8737542 0.21958303
vn 0.433978 -0.8737542 0.21958303
vn 0.433978 -0.8737542 0.21958303
vn -0.66218555 -0.674882 -0.32564506
vn -0.66218555 -0.674882 -0.32564506
vn -0.5039362 -0.08862839 0.8591819
vn -0.5039362 -0.08862839 0.8591819
vn 0.26435873 -0.21754196 -0.93956906
vn 0.26435873 -0.21754196 -0.93956906
# 392 vertex normals

usemtl Material_007
s 512
f 5123//5123 5124//5124 5125//5125
f 5123//5123 5125//5125 5126//5126
f 5127//5127 5128//5128 5129//5129
f 5127//5127 5129//5129 5130//5130
f 5131//5131 5132//5132 5133//5133
f 5131//5131 5133//5133 5134//5134
f 5135//5135 5136//5136 5137//5137
f 5135//5135 5137//5137 5138//5138
f 5139//5139 5140//5140 5141//5141
f 5139//5139 5141//5141 5142//5142
f 5143//5143 5144//5144 5145//5145
f 5143//5143 5145//5145 5146//5146
f 5147//5147 5148//5148 5149//5149
f 5147//5147 5149//5149 5150//5150
f 5151//5151 5152//5152 5153//5153
f 5151//5151 5153//5153 5154//5154
f 5155//5155 5156//5156 5157//5157
f 5155//5155 5157//5157 5158//5158
f 5159//5159 5160//5160 5161//5161
f 5159//5159 5161//5161 5162//5162
f 5163//5163 5164//5164 5165//5165
f 5163//5163 5165//5165 5166//5166
f 5167//5167 5168//5168 5169//5169
f 5167//5167 5169//5169 5170//5170
f 5171//5171 5172//5172 5173//5173
f 5171//5171 5173//5173 5174//5174
f 5175//5175 5176//5176 5177//5177
f 5175//5175 5177//5177 5178//5178
f 5179//5179 5180//5180 5181//5181
f 5179//5179 5181//5181 5182//5182
f 5183//5183 5184//5184 5185//5185
f 5183//5183 5185//5185 5186//5186
f 5187//5187 5188//5188 5189//5189
f 5187//5187 5189//5189 5190//5190
f 5191//5191 5192//5192 5193//5193
f 5191//5191 5193//5193 5194//5194
f 5195//5195 5196//5196 5197//5197
f 5195//5195 5197//5197 5198//5198
f 5199//5199 5200//5200 5201//5201
f 5199//5199 5201//5201 5202//5202
f 5203//5203 5204//5204 5205//5205
f 5203//5203 5205//5205 5206//5206
f 5207//5207 5208//5208 5209//5209
f 5207//5207 5209//5209 5210//5210
f 5211//5211 5212//5212 5213//5213
f 5211//5211 5213//5213 5214//5214
f 5215//5215 5216//5216 5217//5217
f 5215//5215 5217//5217 5218//5218
f 5219//5219 5220//5220 5221//5221
f 5219//5219 5221//5221 5222//5222
f 5223//5223 5224//5224 5225//5225
f 5223//5223 5225//5225 5226//5226
f 5227//5227 5228//5228 5229//5229
f 5227//5227 5229//5229 5230//5230
f 5231//5231 5232//5232 5233//5233
f 5231//5231 5233//5233 5234//5234
f 5220//5220 5207//5207 5210//5210
f 5220//5220 5210//5210 5221//5221
f 5200//5200 5187//5187 5190//5190
f 5200//5200 5190//5190 5201//5201
f 5152//5152 5175//5175 5178//5178
f 5152//5152 5178//5178 5153//5153
f 5124//5124 5147//5147 5150//5150
f 5124//5124 5150//5150 5125//5125
f 5208//5208 5223//5223 5226//5226
f 5208//5208 5226//5226 5209//5209
f 5188//5188 5203//5203 5206//5206
f 5188//5188 5206//5206 5189//5189
f 5176//5176 5171//5171 5174//5174
f 5176//5176 5174//5174 5177//5177
f 5148//5148 5143//5143 5146//5146
f 5148//5148 5146//5146 5149//5149
f 5224//5224 5211//5211 5214//5214
f 5224//5224 5214//5214 5225//5225
f 5204//5204 5191//5191 5194//5194
f 5204//5204 5194//5194 5205//5205
f 5172//5172 5167//5167 5170//5170
f 5172//5172 5170//5170 5173//5173
f 5144//5144 5139//5139 5142//5142
f 5144//5144 5142//5142 5145//5145
f 5212//5212 5227//5227 5230//5230
f 5212//5212 5230//5230 5213//5213
f 5192//5192 5179//5179 5182//5182
f 5192//5192 5182//5182 5193//5193
f 5168//5168 5163//5163 5166//5166
f 5168//5168 5166//5166 5169//5169
f 5140//5140 5135//5135 5138//5138
f 5140//5140 5138//5138 5141//5141
f 5228//5228 5215//5215 5218//5218
f 5228//5228 5218//5218 5229//5229
f 5180//5180 5195//5195 5198//5198
f 5180//5180 5198//5198 5181//5181
f 5164//5164 5159//5159 5162//5162
f 5164//5164 5162//5162 5165//5165
f 5136//5136 5131//5131 5134//5134
f 5136//5136 5134//5134 5137//5137
f 5216//5216 5231//5231 5234//5234
f 5216//5216 5234//5234 5217//5217
f 5196//5196 5183//5183 5186//5186
f 5196//5196 5186//5186 5197//5197
f 5160//5160 5155//5155 5158//5158
f 5160//5160 5158//5158 5161//5161
f 5132//5132 5127//5127 5130//5130
f 5132//5132 5130//5130 5133//5133
f 5232//5232 5219//5219 5222//5222
f 5232//5232 5222//5222 5233//5233
f 5184//5184 5199//5199 5202//5202
f 5184//5184 5202//5202 5185//5185
f 5156//5156 5151//5151 5154//5154
f 5156//5156 5154//5154 5157//5157
f 5128//5128 5123//5123 5126//5126
f 5128//5128 5126//5126 5129//5129
f 5235//5235 5236//5236 5237//5237
f 5235//5235 5237//5237 5238//5238
f 5239//5239 5240//5240 5241//5241
f 5239//5239 5241//5241 5242//5242
f 5243//5243 5244//5244 5245//5245
f 5243//5243 5245//5245 5246//5246
f 5247//5247 5248//5248 5249//5249
f 5247//5247 5249//5249 5250//5250
f 5251//5251 5252//5252 5253//5253
f 5251//5251 5253//5253 5254//5254
f 5255//5255 5256//5256 5257//5257
f 5255//5255 5257//5257 5258//5258
f 5259//5259 5260//5260 5261//5261
f 5259//5259 5261//5261 5262//5262
f 5236//5236 5259//5259 5262//5262
f 5236//5236 5262//5262 5237//5237
f 5260//5260 5255//5255 5258//5258
f 5260//5260 5258//5258 5261//5261
f 5256//5256 5251//5251 5254//5254
f 5256//5256 5254//5254 5257//5257
f 5252//5252 5247//5247 5250//5250
f 5252//5252 5250//5250 5253//5253
f 5248//5248 5243//5243 5246//5246
f 5248//5248 5246//5246 5249//5249
f 5244//5244 5239//5239 5242//5242
f 5244//5244 5242//5242 5245//5245
f 5240//5240 5235//5235 5238//5238
f 5240//5240 5238//5238 5241//5241
f 5122//5122 5121//5121 5263//5263
f 5122//5122 5263//5263 5264//5264
f 5110//5110 5109//5109 5265//5265
f 5110//5110 5265//5265 5266//5266
f 5112//5112 5111//5111 5267//5267
f 5112//5112 5267//5267 5268//5268
f 5114//5114 5113//5113 5269//5269
f 5114//5114 5269//5269 5270//5270
f 5116//5116 5115//5115 5271//5271
f 5116//5116 5271//5271 5272//5272
f 5118//5118 5117//5117 5273//5273
f 5118//5118 5273//5273 5274//5274
f 5120//5120 5119//5119 5275//5275
f 5120//5120 5275//5275 5276//5276
f 5121//5121 5120//5120 5276//5276
f 5121//5121 5276//5276 5263//5263
f 5119//5119 5118//5118 5274//5274
f 5119//5119 5274//5274 5275//5275
f 5117//5117 5116//5116 5272//5272
f 5117//5117 5272//5272 5273//5273
f 5115//5115 5114//5114 5270//5270
f 5115//5115 5270//5270 5271//5271
f 5113//5113 5112//5112 5268//5268
f 5113//5113 5268//5268 5269//5269
f 5111//5111 5110//5110 5266//5266
f 5111//5111 5266//5266 5267//5267
f 5109//5109 5122//5122 5264//5264
f 5109//5109 5264//5264 5265//5265
f 5277//5277 5278//5278 5279//5279
f 5277//5277 5279//5279 5280//5280
f 5281//5281 5282//5282 5283//5283
f 5281//5281 5283//5283 5284//5284
f 5285//5285 5286//5286 5287//5287
f 5285//5285 5287//5287 5288//5288
f 5289//5289 5290//5290 5291//5291
f 5289//5289 5291//5291 5292//5292
f 5293//5293 5285//5285 5288//5288
f 5293//5293 5288//5288 5294//5294
f 5295//5295 5296//5296 5297//5297
f 5295//5295 5297//5297 5298//5298
f 5299//5299 5300//5300 5301//5301
f 5299//5299 5301//5301 5302//5302
f 5303//5303 5293//5293 5294//5294
f 5303//5303 5294//5294 5304//5304
f 5305//5305 5306//5306 5290//5290
f 5305//5305 5290//5290 5289//5289
f 5307//5307 5308//5308 5282//5282
f 5307//5307 5282//5282 5281//5281
f 5309//5309 5310//5310 5311//5311
f 5309//5309 5311//5311 5312//5312
f 5313//5313 5314//5314 5315//5315
f 5313//5313 5315//5315 5316//5316
f 5317//5317 5318//5318 5319//5319
f 5317//5317 5319//5319 5320//5320
f 5321//5321 5322//5322 5323//5323
f 5321//5321 5323//5323 5324//5324
f 5325//5325 5317//5317 5320//5320
f 5325//5325 5320//5320 5326//5326
f 5327//5327 5328//5328 5329//5329
f 5327//5327 5329//5329 5330//5330
f 5331//5331 5332//5332 5333//5333
f 5331//5331 5333//5333 5334//5334
f 5335//5335 5325//5325 5326//5326
f 5335//5335 5326//5326 5336//5336
f 5337//5337 5338//5338 5322//5322
f 5337//5337 5322//5322 5321//5321
f 5339//5339 5340//5340 5314//5314
f 5339//5339 5314//5314 5313//5313
f 5341//5341 5342//5342 5343//5343
f 5341//5341 5343//5343 5344//5344
f 5345//5345 5346//5346 5347//5347
f 5345//5345 5347//5347 5348//5348
f 5349//5349 5350//5350 5351//5351
f 5349//5349 5351//5351 5352//5352
f 5353//5353 5354//5354 5355//5355
f 5353//5353 5355//5355 5356//5356
f 5357//5357 5349//5349 5352//5352
f 5357//5357 5352//5352 5358//5358
f 5359//5359 5360//5360 5361//5361
f 5359//5359 5361//5361 5362//5362
f 5363//5363 5364//5364 5365//5365
f 5363//5363 5365//5365 5366//5366
f 5367//5367 5357//5357 5358//5358
f 5367//5367 5358//5358 5368//5368
f 5369//5369 5370//5370 5354//5354
f 5369//5369 5354//5354 5353//5353
f 5371//5371 5372//5372 5346//5346
f 5371//5371 5346//5346 5345//5345
f 5373//5373 5374//5374 5375//5375
f 5373//5373 5375//5375 5376//5376
f 5377//5377 5378//5378 5379//5379
f 5377//5377 5379//5379 5380//5380
f 5381//5381 5382//5382 5383//5383
f 5381//5381 5383//5383 5384//5384
f 5385//5385 5386//5386 5387//5387
f 5385//5385 5387//5387 5388//5388
f 5389//5389 5381//5381 5384//5384
f 5389//5389 5384//5384 5390//5390
f 5391//5391 5392//5392 5393//5393
f 5391//5391 5393//5393 5394//5394
f 5395//5395 5396//5396 5397//5397
f 5395//5395 5397//5397 5398//5398
f 5399//5399 5389//5389 5390//5390
f 5399//5399 5390//5390 5400//5400
f 5401//5401 5402//5402 5386//5386
f 5401//5401 5386//5386 5385//5385
f 5403//5403 5404//5404 5378//5378
f 5403//5403 5378//5378 5377//5377
f 5405//5405 5406//5406 5407//5407
f 5405//5405 5407//5407 5408//5408
f 5409//5409 5410//5410 5411//5411
f 5409//5409 5411//5411 5412//5412
f 5413//5413 5414//5414 5415//5415
f 5413//5413 5415//5415 5416//5416
f 5417//5417 5418//5418 5419//5419
f 5417//5417 5419//5419 5420//5420
f 5421//5421 5413//5413 5416//5416
f 5421//5421 5416//5416 5422//5422
f 5423//5423 5424//5424 5425//5425
f 5423//5423 5425//5425 5426//5426
f 5427//5427 5428//5428 5429//5429
f 5427//5427 5429//5429 5430//5430
f 5431//5431 5421//5421 5422//5422
f 5431//5431 5422//5422 5432//5432
f 5433//5433 5434//5434 5418//5418
f 5433//5433 5418//5418 5417//5417
f 5435//5435 5436//5436 5410//5410
f 5435//5435 5410//5410 5409//5409
f 5437//5437 5438//5438 5439//5439
f 5437//5437 5439//5439 5440//5440
f 5441//5441 5442//5442 5443//5443
f 5441//5441 5443//5443 5444//5444
f 5445//5445 5446//5446 5447//5447
f 5445//5445 5447//5447 5448//5448
f 5449//5449 5450//5450 5451//5451
f 5449//5449 5451//5451 5452//5452
f 5453//5453 5445//5445 5448//5448
f 5453//5453 5448//5448 5454//5454
f 5455//5455 5456//5456 5457//5457
f 5455//5455 5457//5457 5458//5458
f 5459//5459 5460//5460 5461//5461
f 5459//5459 5461//5461 5462//5462
f 5463//5463 5453//5453 5454//5454
f 5463//5463 5454//5454 5464//5464
f 5465//5465 5466//5466 5450//5450
f 5465//5465 5450//5450 5449//5449
f 5467//5467 5468//5468 5442//5442
f 5467//5467 5442//5442 5441//5441
f 5469//5469 5470//5470 5471//5471
f 5469//5469 5471//5471 5472//5472
f 5473//5473 5474//5474 5475//5475
f 5473//5473 5475//5475 5476//5476
f 5477//5477 5478//5478 5479//5479
f 5477//5477 5479//5479 5480//5480
f 5481//5481 5482//5482 5483//5483
f 5481//5481 5483//5483 5484//5484
f 5485//5485 5477//5477 5480//5480
f 5485//5485 5480//5480 5486//5486
f 5487//5487 5488//5488 5489//5489
f 5487//5487 5489//5489 5490//5490
f 5491//5491 5492//5492 5493//5493
f 5491//5491 5493//5493 5494//5494
f 5495//5495 5485//5485 5486//5486
f 5495//5495 5486//5486 5496//5496
f 5497//5497 5498//5498 5482//5482
f 5497//5497 5482//5482 5481//5481
f 5499//5499 5500//5500 5474//5474
f 5499//5499 5474//5474 5473//5473
f 5122//5122 5120//5120 5121//5121
f 5120//5120 5122//5122 5119//5119
f 5119//5119 5122//5122 5118//5118
f 5118//5118 5122//5122 5109//5109
f 5118//5118 5109//5109 5110//5110
f 5118//5118 5110//5110 5117//5117
f 5117//5117 5110//5110 5116//5116
f 5116//5116 5110//5110 5111//5111
f 5116//5116 5111//5111 5115//5115
f 5115//5115 5111//5111 5112//5112
f 5115//5115 5112//5112 5113//5113
f 5115//5115 5113//5113 5114//5114
#320 polygons

g Object_17

#
# object Object_17
#

v -42.04797 21.42319 121.55776
v -42.047974 20.63764 119.17122
v -38.942142 22.203651 116.60082
v -38.94214 22.732254 118.84814
v -42.047977 41.87194 86.73314
v -42.04798 44.373447 86.498344
v -38.94215 46.53093 88.59706
v -38.942146 44.22234 88.61233
v -42.047974 71.27316 114.4184
v -42.047977 70.94544 116.90944
v -38.942146 68.419266 118.54582
v -38.942142 68.91808 116.2917
v -42.047955 23.388365 125.64551
v -44.904526 23.148249 125.79022
v -44.785416 22.147963 126.39308
v -41.8012 22.398811 126.2419
v -44.90453 25.874102 129.47705
v -42.04797 26.084793 129.29254
v -41.801212 25.215727 130.0519
v -44.78542 24.99562 130.24466
v -47.76109 21.809202 123.91811
v -47.769627 20.74908 124.43731
v -47.7611 70.895294 105.01574
v -47.761097 71.48276 107.5133
v -47.769634 72.6423 107.29944
v -47.769634 72.02859 104.69028
v -55.275658 40.193977 136.4276
v -55.27568 36.06704 135.09637
v -55.620007 35.644035 136.11508
v -55.619984 39.955383 137.50578
v -53.450413 37.78102 136.7872
v -50.60575 37.67551 137.12148
v -50.741398 37.324375 138.23067
v -53.71318 37.4346 137.88145
v -47.761097 44.07619 85.952415
v -44.904537 41.83255 86.455864
v -44.78543 41.66718 85.30105
v -47.769638 44.011078 84.77511
v -56.88882 32.313507 95.945045
v -56.528603 33.079124 96.89218
v -56.529858 36.40334 94.68439
v -56.88978 35.673893 93.71442
v -47.761097 39.484875 86.58425
v -47.761097 44.07619 85.952415
v -47.769638 44.011078 84.77511
v -47.769634 39.214596 85.43518
v -56.888824 64.41917 103.04978
v -56.528603 63.32542 103.58544
v -56.529858 64.73816 107.31759
v -56.88978 65.84612 106.82228
v -44.904537 33.160774 89.31025
v -42.047977 33.29378 89.55671
v -41.80122 32.74685 88.54047
v -44.785427 32.607906 88.28298
v -42.04797 37.739635 136.92192
v -42.04797 35.38398 136.04811
v -38.94214 34.350754 133.22113
v -38.94214 36.437355 134.20905
v -55.27569 69.86558 116.45529
v -55.27569 69.34731 118.797295
v -53.45042 70.806984 116.8831
v -53.45042 71.13261 114.408035
v -55.27568 33.89908 134.06996
v -53.450413 35.44047 135.91899
v -53.450413 37.78102 136.7872
v -44.90453 37.361736 87.47314
v -44.785423 36.996582 86.363785
v -55.27569 25.4142 97.99722
v -55.27569 26.897303 96.112015
v -53.45042 24.751644 97.203316
v -53.45042 23.384378 99.291985
v -55.27569 63.953693 95.8668
v -55.27569 65.46162 97.73222
v -53.450424 64.87513 95.39752
v -53.450424 63.143066 93.59976
v -42.04798 53.327206 87.67631
v -38.94215 54.62949 90.3892
v -38.9422 50.664894 89.110435
v -42.047966 48.90601 86.66408
v -47.761093 46.990654 138.64583
v -47.76109 44.424984 138.6628
v -47.769627 44.37545 139.84085
v -47.76963 47.055767 139.82314
v -42.047977 67.8046 125.37658
v -38.942142 64.86995 126.042534
v -38.942196 66.998856 122.46189
v -42.047962 69.77527 121.29148
v -53.553596 42.042107 128.07607
v -53.65626 34.24806 126.644226
v -56.52985 36.637245 130.03314
v -56.52985 37.454178 130.41992
v -53.629272 42.012127 128.21153
v -38.942196 21.784277 112.45627
v -42.04796 19.790638 114.71542
v -42.047974 19.79368 110.17983
v -38.942142 22.148771 108.306526
v -55.27569 44.170967 87.65219
v -55.275696 46.56958 87.636314
v -53.450424 44.378574 86.6392
v -53.450424 41.89311 86.87249
v -55.275673 67.726906 101.42981
v -55.62 68.71862 100.944115
v -55.620018 66.35211 97.08129
v -50.605755 57.8732 135.22566
v -53.450417 57.70733 134.91685
v -53.71318 58.251316 135.92752
v -50.74141 58.424603 136.25014
v -53.5536 55.691532 124.8655
v -53.65728 49.712833 130.06754
v -56.529854 53.85176 130.31142
v -56.529854 54.663506 129.91385
v -53.629276 55.778755 124.9734
v -53.5536 61.691692 112.1922
v -53.65728 62.031143 120.10995
v -56.529858 64.80239 117.02606
v -56.529858 64.99769 116.14355
v -53.62928 61.830437 112.191284
v -53.553604 55.524345 99.59941
v -53.657284 61.92633 104.27065
v -56.529858 61.243103 100.18123
v -56.529858 60.674885 99.4783
v -53.62928 55.610134 99.490364
v -53.553604 41.833626 96.56976
v -53.657284 49.477325 94.47696
v -56.529858 45.854095 92.46141
v -56.529858 44.95025 92.4674
v -53.62928 41.801857 96.4347
v -53.5536 30.928932 105.384636
v -53.657284 34.058475 98.103714
v -56.529854 30.223618 99.6798
v -56.529854 29.664757 100.39018
v -53.629276 30.803528 105.32527
v -53.553596 31.021715 119.40626
v -53.656265 27.281658 112.4199
v -56.529854 26.121733 116.40079
v -56.529854 26.32869 117.28065
v -53.629276 30.89711 119.467285
v -56.52985 45.212746 132.13683
v -56.52985 46.116592 132.13084
v -56.529858 64.94511 108.19745
v -56.529858 37.21508 94.286835
v -56.52985 29.82374 124.41701
v -56.52985 30.391958 125.11994
v -56.529854 60.843224 124.91844
v -56.529854 61.40209 124.20805
v -56.529858 54.4296 94.5651
v -56.529858 53.612663 94.17833
v -56.529854 26.264444 107.57219
v -56.529854 26.06915 108.454704
v -56.5286 33.284103 127.86952
v -56.5286 25.72266 112.430214
v -56.528603 49.813927 92.95588
v -56.528603 63.439182 120.77658
v -56.5286 50.069534 131.58401
v -56.52859 41.25292 131.64235
v -56.52859 27.741425 121.012794
v -56.528595 27.627665 103.82167
v -56.5286 40.99731 93.01424
v -56.5286 57.782738 96.728714
v -56.528595 65.34418 112.16802
v -56.528595 57.987717 127.706055
v -38.942142 22.647581 106.05242
v -42.047974 20.1214 107.688805
v -42.04796 21.29158 103.306755
v -38.942196 24.067991 102.13634
v -42.047977 41.87194 86.73314
v -41.801224 41.70833 85.59072
v -42.047977 24.638329 97.11951
v -44.904537 24.411556 96.955154
v -44.785427 23.467724 96.26951
v -41.801224 23.704632 96.4412
v -38.942146 56.716084 91.37709
v -42.047977 55.68286 88.550125
v -42.047962 59.694645 90.66606
v -38.9422 60.21791 93.6333
v -44.904537 30.98608 90.620895
v -47.7611 32.789097 89.19383
v -47.769638 32.219612 88.16137
v -44.78543 30.33603 89.65221
v -53.45042 33.359516 89.6814
v -50.60576 33.193638 89.37259
v -50.74141 32.64224 88.348114
v -53.71319 32.81552 88.670715
v -56.889774 25.220722 117.77597
v -56.888817 26.647673 121.54846
v -42.047955 23.388365 125.64551
v -38.942192 24.204365 122.74507
v -38.94214 26.380466 126.297226
v -42.04797 26.084793 129.29254
v -56.88978 28.586689 99.83277
v -56.888813 26.52692 103.30052
v -42.047974 23.262243 99.22166
v -42.047977 24.638329 97.11951
v -38.942146 27.624336 96.74124
v -38.942142 26.196896 98.555695
v -56.88978 44.71389 91.27699
v -56.888817 40.718456 91.82871
v -42.047962 37.449394 87.73944
v -38.9422 40.095528 89.18038
v -38.942142 36.148205 90.5115
v -42.047977 33.29378 89.55671
v -56.88978 61.458218 98.55131
v -56.888817 58.535748 95.771545
v -42.047977 63.238815 93.49634
v -42.04798 64.98205 95.30569
v -38.94215 64.68638 98.301
v -38.942146 63.235054 96.5056
v -56.88978 66.210846 116.178
v -56.888817 66.56203 112.159966
v -42.047962 71.27621 109.88282
v -38.942196 69.28258 112.14196
v -38.942142 68.8632 107.997406
v -42.047977 70.42921 105.42702
v -56.889774 55.392952 130.88382
v -56.888813 58.75333 128.65318
v -42.047974 27.828028 131.1019
v -38.942142 27.831793 128.09264
v -38.942192 30.848932 130.96494
v -42.04796 31.372194 133.93217
v -56.888817 24.504812 112.43827
v -56.889774 24.909142 116.4513
v -56.889774 25.150019 107.09156
v -56.889774 24.855995 108.420235
v -44.90453 27.399395 93.47725
v -42.047962 27.593918 93.67914
v -41.80121 26.792288 92.8471
v -44.78542 26.589079 92.636185
v -55.275692 54.999794 89.501854
v -53.450424 53.28582 87.81104
v -53.45044 48.88759 86.80407
v -55.275673 50.87286 88.170654
v -47.761093 19.523027 107.857124
v -47.761093 20.077383 105.352005
v -47.76963 18.939878 105.04157
v -47.769634 18.360748 107.65863
v -56.88978 55.14614 93.58556
v -55.27567 67.868805 122.87377
v -55.619995 68.86687 123.346306
v -55.620014 70.41144 119.08767
v -55.275684 65.65265 126.60102
v -53.45042 67.682465 125.30626
v -53.450436 69.64289 121.24238
v -47.761093 71.54382 116.74112
v -44.904537 71.55226 114.4417
v -44.785427 72.71491 114.537445
v -47.76963 72.7061 116.939606
v -44.904537 70.69908 105.35219
v -42.047977 70.42921 105.42702
v -41.80122 71.54167 105.11994
v -44.785427 71.82361 105.04176
v -55.275658 23.339931 123.168434
v -53.45043 23.509293 125.572624
v -53.450413 26.191711 129.20073
v -55.27568 25.60523 126.86603
v -47.761097 35.09332 88.06533
v -47.769634 34.626797 86.98244
v -55.275665 39.87514 88.24343
v -53.45044 37.493534 87.87355
v -53.45042 33.359516 89.6814
v -55.27569 35.766182 89.62913
v -56.88978 29.428083 98.76325
v -44.90453 71.555336 109.85662
v -47.761097 71.9495 112.12432
v -47.76963 73.129906 112.1165
v -44.78542 72.71813 109.747475
v -55.275665 70.24507 112.1356
v -53.45044 71.135635 109.89601
v -53.45042 70.29302 105.463356
v -55.27569 69.80845 107.82131
v -56.88978 62.31369 99.6096
v -56.88978 53.91621 93.00326
v -56.888824 50.07707 91.766785
v -55.27568 46.89587 136.94606
v -53.450417 49.17373 137.72575
v -53.45043 53.573303 136.72469
v -55.275665 51.191704 136.35481
v -47.7611 55.65191 87.92929
v -47.761097 57.970867 89.0272
v -47.769638 58.526634 87.98728
v -47.769638 56.104057 86.840324
v -56.889774 61.63876 125.83499
v -42.04798 64.98205 95.30569
v -44.90454 65.19274 95.12118
v -44.78543 66.07122 94.35358
v -41.801228 65.85112 94.54633
v -55.27569 27.113146 128.73143
v -53.450413 27.923767 130.99847
v -53.45043 31.449524 133.81404
v -55.275665 30.2538 131.72142
v -42.047962 37.449394 87.73944
v -41.80121 37.08815 86.64198
v -56.888817 40.989773 132.83147
v -56.88977 44.99216 133.33025
v -44.904537 69.90522 102.94038
v -44.785427 70.99428 102.52217
v -56.88977 35.920696 131.01268
v -56.88977 37.150627 131.59499
v -56.88977 28.75315 124.98865
v -56.88977 29.608622 126.04694
v -56.88978 36.89601 93.11588
v -56.88978 66.1577 108.14694
v -56.889774 54.170834 131.48236
v -56.88977 46.352947 133.32126
v -55.275684 57.454853 133.9141
v -55.275684 55.30066 134.96912
v -53.450417 57.70733 134.91685
v -53.450417 59.845432 133.62825
v -56.888817 50.34839 132.76953
v -44.904533 67.918594 98.808014
v -42.047966 67.67848 98.95273
v -41.801212 68.66804 98.356346
v -44.785423 68.91888 98.20516
v -53.450417 46.688263 137.95905
v -55.27568 44.497257 136.96193
v -53.45043 42.17925 137.79417
v -38.94214 44.535915 136.00119
v -42.04797 46.693394 138.0999
v -42.047955 42.160835 137.93416
v -38.942192 40.40195 135.4878
v -56.888817 32.53109 128.8267
v -47.761097 67.04067 127.586716
v -47.761093 65.45428 129.60321
v -47.76963 66.344444 130.37645
v -47.76963 68.00173 128.26984
v -53.450417 66.3152 127.39493
v -55.275684 64.16954 128.48622
v -55.27566 61.06873 131.51752
v -53.450436 63.374966 130.81741
v -38.94214 63.44251 127.856995
v -42.047974 66.42852 127.478745
v -42.04796 63.472935 130.9191
v -38.942192 60.463642 130.76897
v -53.45044 67.55755 99.02561
v -55.27569 69.25923 105.486374
v -53.450424 69.51251 103.092125
v -47.761097 25.612564 94.995026
v -47.769634 24.722399 94.22179
v -44.90453 49.23429 138.14238
v -44.785423 49.399666 139.29718
v -53.45044 27.691877 93.78082
v -55.27567 29.99811 93.08073
v -55.27569 33.61199 90.68415
v -53.45042 31.221415 90.969986
v -53.45043 42.17925 137.79417
v -53.713196 42.029366 138.93341
v -47.7611 28.926605 91.75519
v -47.769638 28.184528 90.83718
v -47.761093 51.581966 138.01399
v -44.904526 53.70511 137.1251
v -44.785416 54.07026 138.23445
v -47.76963 51.85225 139.16307
v -56.88882 64.539925 121.29772
v -56.88978 65.916824 117.506676
v -56.889774 62.480152 124.76547
v -42.047955 42.160835 137.93416
v -41.801197 42.010128 139.07967
v -38.556656 40.17265 136.52399
v -53.450424 55.626366 88.67925
v -55.275692 57.167763 90.528275
v -55.275665 60.813034 92.87682
v -53.45044 59.617313 90.784195
v -56.88978 46.074677 91.26798
v -44.904533 66.65529 127.64309
v -42.047974 66.42852 127.478745
v -41.801216 67.36222 128.15704
v -44.785423 67.59912 128.32874
v -53.450417 20.259861 107.71513
v -55.275684 21.719534 105.80095
v -55.27566 23.198036 101.724464
v -53.450436 21.423954 103.355865
v -53.450436 19.931215 114.702225
v -55.275665 20.821766 112.46264
v -55.275692 21.201267 108.14295
v -53.450417 19.93424 110.1902
v -55.275684 21.807611 119.11187
v -55.27569 21.258396 116.776924
v -53.450417 20.773813 119.13488
v -53.450417 21.554327 121.50611
v -38.9422 66.86249 101.85316
v -42.047966 67.67848 98.95273
v -42.04798 69.643654 103.040474
v -38.942146 68.33459 105.7501
v -38.9422 30.603203 93.82927
v -42.047962 27.593918 93.67914
v -42.047977 31.141876 90.85362
v -38.942146 34.074867 91.52692
v -55.27568 36.06704 135.09637
v -55.620007 35.644035 136.11508
v -55.619995 29.30391 92.22195
v -55.620018 26.064548 95.38869
v -50.60576 24.468216 96.99706
v -53.45042 24.751644 97.203316
v -53.713184 23.823011 96.528755
v -50.741413 23.526913 96.313286
v -42.047974 49.1949 137.8651
v -38.942142 46.84451 135.9859
v -38.942192 50.971317 135.41786
v -42.04796 53.61745 136.85881
v -42.04796 63.472935 130.9191
v -44.904526 63.66745 131.121
v -44.785416 64.47777 131.96205
v -41.8012 64.27456 131.75113
v -56.643776 22.4559 112.45183
v -56.644173 22.818493 108.31466
v -56.644173 22.818493 108.31466
v -56.643776 22.4559 112.45183
v -56.644173 22.873209 116.58383
v -56.644173 22.873209 116.58383
v -56.64378 50.51977 89.76622
v -56.64418 54.47253 91.04033
v -56.64418 54.47253 91.04033
v -56.64378 50.51977 89.76622
v -56.64418 46.398506 89.25361
v -56.64418 46.398506 89.25361
v -56.643776 66.391815 122.1745
v -56.644176 64.27008 125.74463
v -56.644176 64.27008 125.74463
v -56.643776 66.391815 122.1745
v -56.644176 67.80863 118.27062
v -56.644176 67.80863 118.27062
v -56.643772 40.547066 134.83203
v -56.644173 36.59431 133.5579
v -56.644173 36.59431 133.5579
v -56.643772 40.547066 134.83203
v -56.644173 44.668335 135.34464
v -56.644173 44.668335 135.34464
v -56.643772 24.807545 122.44966
v -56.644173 23.33918 118.56489
v -56.644173 23.33918 118.56489
v -56.643772 24.807545 122.44966
v -56.644173 26.97634 125.99141
v -56.644173 26.97634 125.99141
v -56.643776 24.675035 102.42375
v -56.644176 26.796764 98.85361
v -56.644176 26.796764 98.85361
v -56.643776 24.675035 102.42375
v -56.644173 23.258202 106.327614
v -56.644173 23.258202 106.327614
v -56.643776 40.24931 89.8342
v -56.64418 44.363434 89.267075
v -56.64418 44.363434 89.267075
v -56.643776 40.24931 89.8342
v -56.644176 36.31376 91.160484
v -56.644176 36.31376 91.160484
v -56.643776 59.80262 94.16119
v -56.644173 62.811127 97.02414
v -56.644173 62.811127 97.02414
v -56.643776 59.80262 94.16119
v -56.64418 56.311913 91.91118
v -56.64418 56.311913 91.91118
v -56.643772 68.61093 112.14641
v -56.644176 68.24835 116.283585
v -56.644176 68.24835 116.283585
v -56.643772 68.61093 112.14641
v -56.644173 68.193634 108.014404
v -56.644173 68.193634 108.014404
v -56.64377 60.04141 130.24663
v -56.644173 56.580776 132.54263
v -56.644173 56.580776 132.54263
v -56.64377 60.04141 130.24663
v -56.644173 63.011757 127.34412
v -56.644173 63.011757 127.34412
v -56.64378 31.025429 94.3516
v -56.644176 28.05509 97.25413
v -56.644176 28.05509 97.25413
v -56.64378 31.025429 94.3516
v -56.644176 34.486073 92.0556
v -56.644176 34.486073 92.0556
v -56.64378 66.25929 102.148575
v -56.64418 64.0905 98.60683
v -56.64418 64.0905 98.60683
v -56.64378 66.25929 102.148575
v -56.644176 67.72766 106.03336
v -56.644176 67.72766 106.03336
v -56.644173 46.703407 135.33118
v -56.643772 50.81753 134.76407
v -56.643772 50.81753 134.76407
v -56.644173 46.703407 135.33118
v -56.644173 54.75308 133.43776
v -56.644173 54.75308 133.43776
v -56.644173 28.255714 127.5741
v -56.643772 31.264212 130.43706
v -56.643772 31.264212 130.43706
v -56.644173 28.255714 127.5741
v -56.644173 34.754932 132.68706
v -56.644173 34.754932 132.68706
v -42.04797 59.92497 133.74461
v -42.047974 57.77306 135.04152
v -38.942142 54.91864 134.08675
v -38.94214 56.991985 133.07132
v -44.904533 57.906067 135.288
v -44.904533 60.080765 133.97736
v -47.76109 58.27775 135.4044
v -47.761093 55.973526 136.53291
v -50.605755 57.8732 135.22566
v -50.60575 60.040997 133.91917
v -50.60576 42.13347 138.14212
v -50.60575 37.67551 137.12148
v -47.76109 35.41493 136.66895
v -47.76109 39.825706 138.09178
v -42.04797 37.739635 136.92192
v -38.94214 36.437355 134.20905
v -38.5566 36.0309 135.18808
v -41.801212 37.39137 138.0222
v -50.60575 46.703724 138.30925
v -47.76109 44.424984 138.6628
v -44.90453 46.70629 138.37967
v -44.904522 42.124264 138.21213
v -44.90453 27.635798 131.30559
v -47.761093 25.843304 129.86533
v -47.76963 24.963451 130.65027
v -44.785423 26.836039 132.15488
v -53.450413 35.44047 135.91899
v -55.620014 33.379196 135.0428
v -53.71318 34.989468 136.97444
v -44.90453 27.635798 131.30559
v -44.904526 31.218645 134.16675
v -47.761093 29.19993 133.06102
v -47.761093 25.843304 129.86533
v -50.60575 27.683674 131.25386
v -50.605762 31.257313 134.10768
v -50.605762 63.618465 131.07016
v -47.761093 62.14024 132.84305
v -42.047977 31.141876 90.85362
v -41.801224 30.498793 89.89533
v -50.605755 66.598625 127.60119
v -47.761093 65.45428 129.60321
v -44.904533 66.65529 127.64309
v -44.904526 63.66745 131.121
v -42.04797 35.38398 136.04811
v -44.90453 35.274216 136.30577
v -44.78542 34.815777 137.37851
v -41.801216 34.93045 137.10933
v -55.62 51.111454 87.09247
v -55.62002 46.615883 86.534256
v -44.90453 49.23429 138.14238
v -44.904526 53.70511 137.1251
v -47.761093 51.581966 138.01399
v -47.761093 46.990654 138.64583
v -50.605755 49.223705 138.07271
v -50.605762 53.683033 137.05804
v -50.60577 67.85813 98.84445
v -50.605762 69.839645 102.966194
v -47.7611 70.895294 105.01574
v -47.7611 69.25764 100.68013
v -44.904533 67.918594 98.808014
v -44.904537 69.90522 102.94038
v -50.605762 65.139275 95.16709
v -47.7611 66.83648 96.72825
v -38.556602 33.85106 134.15604
v -44.90453 71.555336 109.85662
v -44.904537 70.69908 105.35219
v -47.761097 71.48276 107.5133
v -47.761097 71.9495 112.12432
v -50.605766 71.485054 109.86322
v -50.60576 70.631 105.37035
v -47.7611 28.926605 91.75519
v -47.769638 28.184528 90.83718
v -47.761093 29.19993 133.06102
v -44.904526 31.218645 134.16675
v -44.785416 30.57899 135.1439
v -47.76963 28.470066 133.98877
v -50.605766 27.448381 93.52808
v -50.60576 31.025846 90.67908
v -47.7611 32.789097 89.19383
v -47.7611 28.926605 91.75519
v -44.90453 27.399395 93.47725
v -44.904537 30.98608 90.620895
v -50.60576 24.468216 96.99706
v -47.761097 25.612564 94.995026
v -55.275665 30.2538 131.72142
v -53.45043 31.449524 133.81404
v -53.713203 30.820183 134.77544
v -55.61999 29.571026 132.58931
v -44.90453 37.361736 87.47314
v -44.904537 33.160774 89.31025
v -47.761097 35.09332 88.06533
v -47.761097 39.484875 86.58425
v -50.605766 37.38381 87.54019
v -50.60576 33.193638 89.37259
v -44.90453 46.70629 138.37967
v -42.04797 46.693394 138.0999
v -41.801212 46.745228 139.25282
v -44.78542 46.7587 139.54507
v -42.04796 31.372194 133.93217
v -38.942192 30.848932 130.96494
v -38.556656 30.192757 131.79901
v -41.8012 30.739399 134.89885
v -44.904526 23.148249 125.79022
v -44.90453 25.874102 129.47705
v -47.76109 24.230364 127.869995
v -47.76109 21.809202 123.91811
v -50.60576 23.208714 125.753784
v -50.60575 25.927563 129.43115
v -47.76109 35.41493 136.66895
v -44.90453 37.654816 137.18884
v -44.78542 37.30276 138.30104
v -47.769627 34.962788 137.75792
v -53.450436 63.374966 130.81741
v -55.619987 61.762924 132.37628
v -53.7132 64.17222 131.64491
v -44.904522 42.124264 138.21213
v -44.78541 41.971924 139.37004
v -38.556656 61.130802 131.5943
v -44.904533 68.04595 125.51867
v -44.90453 70.038124 121.388985
v -47.761097 69.409325 123.603134
v -47.761097 67.04067 127.586716
v -50.60576 67.98488 125.483505
v -50.605766 69.97193 121.36443
v -50.605766 59.80953 90.49056
v -50.60576 63.383167 93.34437
v -47.761097 65.22353 94.73292
v -47.761097 61.86691 91.537224
v -53.45044 27.691877 93.78082
v -50.605766 27.448381 93.52808
v -50.741417 26.640247 92.6893
v -53.713207 26.894629 92.95332
v -50.60576 55.76438 88.35703
v -47.761097 57.970867 89.0272
v -44.90454 55.79263 88.29247
v -44.90453 59.848194 90.431496
v -44.904533 60.080765 133.97736
v -42.04797 59.92497 133.74461
v -41.801216 60.568054 134.7029
v -44.785423 60.730816 134.94603
v -55.275684 57.454853 133.9141
v -53.450417 59.845432 133.62825
v -53.71318 60.484962 134.58136
v -55.62001 57.987564 134.87997
v -44.90454 53.41202 87.40939
v -44.904533 48.942577 86.386116
v -47.7611 51.241135 86.506454
v -47.7611 55.65191 87.92929
v -50.605762 53.39133 87.47676
v -50.60577 48.93337 86.456116
v -50.605762 21.094917 103.2338
v -50.605755 23.081964 99.11474
v -47.761093 24.026169 97.01153
v -47.761093 21.657518 100.9951
v -44.904533 57.906067 135.288
v -47.761093 55.973526 136.53291
v -47.76963 56.440044 137.6158
v -44.785423 58.45894 136.31525
v -50.605755 19.91501 107.65229
v -47.761093 20.077383 105.352005
v -44.904533 19.845785 107.639114
v -44.904526 21.02872 103.20926
v -50.605762 19.581799 114.73502
v -50.605755 19.584866 110.16172
v -47.761093 19.523027 107.857124
v -47.761093 19.117357 112.47392
v -44.904526 19.511513 114.74162
v -44.904533 19.514591 110.15654
v -50.605755 20.435839 119.227875
v -47.761093 19.584087 117.084946
v -38.94214 56.991985 133.07132
v -38.556602 57.504013 133.99953
v -44.904537 44.36055 86.21858
v -44.904537 41.83255 86.455864
v -47.761097 44.07619 85.952415
v -47.7611 46.641857 85.93545
v -50.605762 44.363113 86.289
v -50.60576 41.843136 86.525536
v -44.904533 20.367758 119.24605
v -44.90453 21.161625 121.65787
v -47.76109 20.171549 119.58251
v -50.60575 21.227198 121.63204
v -44.90454 65.19274 95.12118
v -44.90454 63.43104 93.292656
v -44.904537 24.411556 96.955154
v -44.904533 23.020897 99.07957
v -44.90453 35.274216 136.30577
v -44.90453 37.654816 137.18884
v -47.761093 33.095978 135.57104
v -50.60575 35.30246 136.24121
v -44.904537 71.22107 116.95912
v -44.904537 71.55226 114.4417
v -47.761093 71.54382 116.74112
v -47.761093 70.98946 119.24624
v -50.605755 71.15183 116.94595
v -50.605755 71.48198 114.43652
v -55.620014 55.73711 135.98213
v -47.761093 71.54382 116.74112
v -47.76963 72.7061 116.939606
v -50.60575 37.67551 137.12148
v -50.60576 42.13347 138.14212
v -50.741413 41.98154 139.29692
v -50.741398 37.324375 138.23067
v -42.047974 57.77306 135.04152
v -41.80122 58.31999 136.05777
v -38.556602 55.33802 135.06033
v -55.27568 44.497257 136.96193
v -53.450417 46.688263 137.95905
v -53.71318 46.73987 139.10567
v -55.620007 44.450954 138.06398
v -42.047974 71.27316 114.4184
v -41.80122 72.42335 114.51311
v -50.605762 31.257313 134.10768
v -50.60575 35.30246 136.24121
v -50.741405 34.845284 137.31105
v -50.741413 30.619379 135.0822
v -38.94214 44.535915 136.00119
v -38.5566 44.49134 137.06032
v -55.275665 51.191704 136.35481
v -53.45043 53.573303 136.72469
v -53.713203 53.932568 137.81615
v -55.61999 51.444542 137.42975
v -53.45042 70.29302 105.463356
v -50.60576 70.631 105.37035
v -50.74141 71.75249 105.060745
v -53.71319 71.399414 105.1579
v -50.60575 60.040997 133.91917
v -50.605762 63.618465 131.07016
v -50.741413 64.4266 131.90895
v -50.7414 60.68927 134.88525
v -55.61999 19.717522 112.46995
v -55.620014 20.173664 116.97702
v -53.450417 49.17373 137.72575
v -55.620014 46.956753 138.04741
v -53.71318 49.336395 138.86195
v -42.04796 53.61745 136.85881
v -38.942192 50.971317 135.41786
v -38.55666 51.214314 136.45093
v -41.801205 53.978687 137.95625
v -50.605762 53.683033 137.05804
v -50.605755 57.8732 135.22566
v -50.74141 58.424603 136.25014
v -50.741413 54.0472 138.1644
v -42.047974 49.1949 137.8651
v -41.801216 49.358517 139.00752
v -38.556602 46.903095 137.04436
v -55.62001 57.987564 134.87997
v -47.761097 71.48276 107.5133
v -47.769634 72.6423 107.29944
v -44.904533 20.367758 119.24605
v -47.761093 19.584087 117.084946
v -47.76963 18.424538 117.2988
v -44.785423 19.243229 119.55647
v -55.275673 67.726906 101.42981
v -53.45044 67.55755 99.02561
v -53.71321 68.541695 98.43249
v -55.62 68.71862 100.944115
v -47.761093 19.117357 112.47392
v -47.769634 17.936947 112.48173
v -38.9422 66.86249 101.85316
v -38.556667 67.815575 101.386375
v -42.047962 71.27621 109.88282
v -41.801205 72.42653 109.77483
v -50.60577 67.85813 98.84445
v -50.605762 65.139275 95.16709
v -50.741417 66.015366 94.40155
v -50.74142 68.85571 98.24323
v -53.450424 69.51251 103.092125
v -55.620014 70.31942 105.181946
v -53.71319 70.58402 102.6807
v -50.605755 20.435839 119.227875
v -53.450417 20.773813 119.13488
v -53.71318 19.667425 119.44033
v -50.741405 19.314352 119.53749
v -42.04798 69.643654 103.040474
v -41.801224 70.72102 102.626755
v -38.55661 69.35346 105.45745
v -47.7611 66.83648 96.72825
v -47.769638 67.78841 96.03246
v -50.605755 71.48198 114.43652
v -50.605766 71.485054 109.86322
v -50.74142 72.64471 109.754364
v -50.741405 72.64149 114.532036
v -55.27569 69.80845 107.82131
v -55.620014 70.89317 107.62122
v -47.7611 69.25764 100.68013
v -47.769638 70.31776 100.16093
v -42.047974 19.79368 110.17983
v -44.904533 19.514591 110.15654
v -44.785427 18.351933 110.0608
v -41.80122 18.643497 110.08514
v -38.942142 68.8632 107.997406
v -38.556606 69.90569 107.80518
v -55.620007 24.714733 127.51694
v -55.620014 26.290033 129.46573
v -50.605766 27.448381 93.52808
v -50.60576 24.468216 96.99706
v -50.741413 23.526913 96.313286
v -50.741417 26.640247 92.6893
v -47.761093 19.117357 112.47392
v -44.904526 19.511513 114.74162
v -44.785416 18.348717 114.85076
v -47.769634 17.936947 112.48173
v -53.45044 71.135635 109.89601
v -55.61999 71.34931 112.12829
v -53.713203 72.27967 109.78863
v -50.605762 65.139275 95.16709
v -53.450424 64.87513 95.39752
v -53.71319 65.73941 94.64227
v -50.741417 66.015366 94.40155
v -38.55666 70.34381 112.13494
v -50.60576 41.843136 86.525536
v -50.605766 37.38381 87.54019
v -50.74142 37.019638 86.43384
v -50.74141 41.678234 85.37384
v -55.27567 29.99811 93.08073
v -55.619995 29.30391 92.22195
v -38.9422 30.603203 93.82927
v -38.556664 29.936047 93.00394
v -55.620014 26.290033 129.46573
v -55.620007 24.714733 127.51694
v -53.71318 25.327425 129.95598
v -53.71318 27.136879 131.83406
v -55.62002 33.07928 89.718285
v -55.620014 35.32973 88.61612
v -53.71319 32.81552 88.670715
v -53.713184 30.581879 90.01689
v -55.620014 70.31942 105.181946
v -55.620014 70.89317 107.62122
v -53.71319 71.399414 105.1579
v -53.71319 70.58402 102.6807
v -55.620014 46.956753 138.04741
v -55.620007 44.450954 138.06398
v -53.71318 46.73987 139.10567
v -53.71318 49.336395 138.86195
v -41.801216 49.358517 139.00752
v -41.801212 46.745228 139.25282
v -38.5566 44.49134 137.06032
v -38.556602 46.903095 137.04436
v -41.8012 30.739399 134.89885
v -38.556656 30.192757 131.79901
v -38.556602 33.85106 134.15604
v -41.801216 34.93045 137.10933
v -55.620018 20.11398 107.95723
v -55.62001 20.655403 105.51058
v -53.71318 19.130512 107.5103
v -53.71318 18.790333 110.09596
v -55.62002 55.422802 88.483154
v -55.620018 57.68764 89.55544
v -53.71319 56.077374 87.6238
v -53.71319 53.632236 86.71679
v -55.620018 66.551674 127.24011
v -55.62001 65.0023 129.20956
v -53.713184 67.243835 128.06949
v -53.713184 68.672195 125.88748
v -38.556606 26.824066 96.046036
v -41.801224 23.704632 96.4412
v -41.80121 26.792288 92.8471
v -38.556664 29.936047 93.00394
v -38.55661 65.54223 97.67549
v -41.801228 65.85112 94.54633
v -41.801212 68.66804 98.356346
v -38.556667 67.815575 101.386375
v -41.801205 53.978687 137.95625
v -38.55666 51.214314 136.45093
v -38.556602 55.33802 135.06033
v -41.80122 58.31999 136.05777
v -41.801224 41.70833 85.59072
v -38.556606 44.163754 87.55388
v -38.556664 39.852535 88.147316
v -41.80121 37.08815 86.64198
v -53.71318 19.667425 119.44033
v -55.620014 20.173664 116.97702
v -55.61999 19.717522 112.46995
v -53.713203 18.787174 114.80961
v -41.801212 49.056713 85.51857
v -38.556667 50.894196 88.07425
v -38.55661 46.5755 87.537926
v -41.801228 44.321613 85.345436
v -41.80121 70.85851 121.693306
v -38.556664 67.95804 122.91602
v -38.556606 69.44192 118.82495
v -41.801224 72.08098 117.11545
v -41.801216 20.345823 121.97149
v -38.5566 21.71338 119.14078
v -38.556656 23.251276 123.21185
v -41.8012 22.398811 126.2419
v -38.55666 23.108809 101.68221
v -41.801205 20.208332 102.90492
v -41.80122 22.267046 98.63728
v -38.556602 25.33284 97.94157
v -55.62 51.111454 87.09247
v -53.71321 49.03747 85.66482
v -53.71319 44.32697 85.49258
v -55.62002 46.615883 86.534256
v -38.556664 60.87409 92.79922
v -41.80121 60.327442 89.69939
v -41.801224 64.02998 92.65613
v -38.556606 64.026054 95.799866
v -55.619995 68.86687 123.346306
v -53.713207 70.72022 121.642006
v -53.713184 71.93633 117.08794
v -55.620014 70.41144 119.08767
v -55.62001 20.747421 119.4163
v -53.71318 20.482817 121.917534
v -53.713196 22.525139 126.16576
v -55.619984 22.348215 123.65413
v -55.620018 44.11009 86.55084
v -53.71319 41.730442 85.73629
v -53.713203 37.13427 86.7821
v -55.61999 39.6223 87.1685
v -55.620014 70.952866 116.64101
v -53.713184 72.276505 114.50227
v -53.713203 72.27967 109.78863
v -55.61999 71.34931 112.12829
v -55.61999 51.444542 137.42975
v -53.713203 53.932568 137.81615
v -53.71318 58.251316 135.92752
v -55.620014 55.73711 135.98213
v -38.556656 61.130802 131.5943
v -41.8012 64.27456 131.75113
v -41.801216 60.568054 134.7029
v -38.556602 57.504013 133.99953
v -55.61999 29.571026 132.58931
v -53.713203 30.820183 134.77544
v -53.71318 34.989468 136.97444
v -55.620014 33.379196 135.0428
v -38.556656 40.17265 136.52399
v -41.801197 42.010128 139.07967
v -41.801212 37.39137 138.0222
v -38.5566 36.0309 135.18808
v -53.713196 42.029366 138.93341
v -55.619984 39.955383 137.50578
v -55.620007 35.644035 136.11508
v -53.71318 37.4346 137.88145
v -53.7132 64.17222 131.64491
v -55.619987 61.762924 132.37628
v -55.62001 57.987564 134.87997
v -53.71318 60.484962 134.58136
v -53.71319 65.73941 94.64227
v -55.620018 66.35211 97.08129
v -55.62 68.71862 100.944115
v -53.71321 68.541695 98.43249
v -41.801224 70.72102 102.626755
v -41.80122 71.54167 105.11994
v -38.556606 69.90569 107.80518
v -38.55661 69.35346 105.45745
v -53.713184 23.823011 96.528755
v -55.620018 26.064548 95.38869
v -55.619995 29.30391 92.22195
v -53.713207 26.894629 92.95332
v -41.801224 30.498793 89.89533
v -41.80122 32.74685 88.54047
v -38.556606 35.728825 89.53792
v -38.55661 33.562836 90.59871
v -41.801216 27.03686 131.94211
v -41.801212 25.215727 130.0519
v -38.5566 25.524614 126.92274
v -38.556602 27.04079 128.79837
v -53.713207 60.246647 89.8228
v -55.619995 61.495808 92.008934
v -55.620018 64.7768 95.13252
v -53.71319 63.92996 92.76418
v -53.7132 20.346619 102.95623
v -55.619987 22.199984 101.25193
v -55.620014 24.515171 97.35814
v -53.713184 22.394646 98.710754
v -41.80122 68.7998 125.96095
v -41.801216 67.36222 128.15704
v -38.556602 64.24278 128.5522
v -38.556606 65.73401 126.65666
v -41.801228 53.675472 86.576035
v -41.801224 56.136387 87.4889
v -38.556606 57.215786 90.44219
v -38.55661 55.035946 89.41015
v -41.80122 18.643497 110.08514
v -41.801216 18.985867 107.48278
v -38.556602 21.624928 105.77328
v -38.556606 21.103823 108.12811
v -41.80122 72.42335 114.51311
v -38.556606 69.96303 116.47012
v -38.55666 70.34381 112.13494
v -41.801205 72.42653 109.77483
v -44.78541 41.971924 139.37004
v -44.78542 37.30276 138.30104
v -44.785416 30.57899 135.1439
v -44.78542 34.815777 137.37851
v -47.769627 32.540207 136.61095
v -47.76963 28.470066 133.98877
v -50.741413 30.619379 135.0822
v -50.741405 34.845284 137.31105
v -44.785416 64.47777 131.96205
v -44.785423 60.730816 134.94603
v -44.785416 54.07026 138.23445
v -44.785423 58.45894 136.31525
v -47.76963 56.440044 137.6158
v -47.76963 51.85225 139.16307
v -50.741413 54.0472 138.1644
v -50.74141 58.424603 136.25014
v -44.78543 66.07122 94.35358
v -44.785423 68.91888 98.20516
v -44.785427 72.71491 114.537445
v -44.78542 72.71813 109.747475
v -47.76963 73.129906 112.1165
v -47.76963 72.7061 116.939606
v -50.741405 72.64149 114.532036
v -50.74142 72.64471 109.754364
v -44.785427 23.467724 96.26951
v -44.78542 26.589079 92.636185
v -44.78543 41.66718 85.30105
v -44.785423 36.996582 86.363785
v -47.769634 39.214596 85.43518
v -47.769638 44.011078 84.77511
v -50.74141 41.678234 85.37384
v -50.74142 37.019638 86.43384
v -44.78542 20.072569 122.076065
v -44.785416 22.147963 126.39308
v -47.769627 20.74908 124.43731
v -47.769627 19.038252 119.90797
v -50.7414 20.14107 122.04909
v -50.741413 22.211128 126.35501
v -44.78542 71.13312 121.795166
v -44.785427 72.36892 117.16735
v -47.769634 72.12697 119.55667
v -47.769634 70.47623 124.108246
v -50.741417 71.06397 121.769516
v -50.741405 72.29659 117.153595
v -44.78542 60.48785 89.45434
v -44.78543 64.2308 92.44335
v -44.785423 49.094913 85.22819
v -44.78543 44.308144 85.05317
v -47.769638 46.69139 84.757385
v -47.769638 51.49618 85.353905
v -50.74142 49.085297 85.301315
v -50.741413 44.31082 85.12674
v -44.785416 19.93373 102.80308
v -44.785427 22.014914 98.48885
v -44.785423 19.243229 119.55647
v -44.785416 18.348717 114.85076
v -41.801205 18.640318 114.823395
v -41.80122 19.52517 119.4783
v -44.785423 67.59912 128.32874
v -44.785423 69.051926 126.10939
v -47.76963 68.00173 128.26984
v -47.76963 66.344444 130.37645
v -50.741405 67.53993 128.28496
v -50.74141 68.98813 126.072655
v -44.78543 56.251064 87.219734
v -44.78543 53.764076 86.297195
v -47.769638 56.104057 86.840324
v -47.769638 58.526634 87.98728
v -50.74141 56.221554 87.287186
v -50.741417 53.742462 86.36758
v -44.785423 18.697926 107.430885
v -44.785427 18.351933 110.0608
v -47.769634 18.360748 107.65863
v -47.76963 18.939878 105.04157
v -50.7414 18.770252 107.44465
v -50.74141 18.425346 110.06621
v -44.78542 46.7587 139.54507
v -44.785423 49.399666 139.29718
v -47.76963 47.055767 139.82314
v -47.769627 44.37545 139.84085
v -50.7414 46.756016 139.47151
v -50.741405 49.388607 139.2244
v -44.785427 71.82361 105.04176
v -44.785427 70.99428 102.52217
v -47.769634 72.02859 104.69028
v -47.769634 72.6423 107.29944
v -50.74141 71.75249 105.060745
v -50.74141 70.92577 102.54916
v -44.785427 32.607906 88.28298
v -44.78543 30.33603 89.65221
v -47.769638 32.219612 88.16137
v -47.769634 34.626797 86.98244
v -50.74141 32.64224 88.348114
v -50.741413 30.377579 89.71298
v -44.78542 24.99562 130.24466
v -44.785423 26.836039 132.15488
v -47.76963 24.963451 130.65027
v -47.769627 23.278439 128.56577
v -50.7414 25.051474 130.1967
v -50.741405 26.886055 132.10086
v -38.556602 21.161158 116.79305
v -38.55666 20.723042 112.46329
v -50.741413 18.422144 114.843864
v -50.741405 19.314352 119.53749
v -50.741405 22.078716 98.52559
v -50.741417 20.002878 102.82872
v -50.74141 64.180786 92.497375
v -50.74142 60.447456 89.516045
v -50.741417 26.640247 92.6893
v -50.741413 23.526913 96.313286
v -50.74142 68.85571 98.24323
v -50.741417 66.015366 94.40155
v -50.7414 60.68927 134.88525
v -50.741413 64.4266 131.90895
v -50.741398 37.324375 138.23067
v -50.741413 41.98154 139.29692
v -47.76963 18.424538 117.2988
v -47.769634 17.936947 112.48173
v -47.76963 20.590622 100.48998
v -47.769634 23.065117 96.3284
v -47.769634 62.596775 90.609474
v -47.769634 66.10339 93.94797
v -47.769634 24.722399 94.22179
v -47.769638 28.184528 90.83718
v -47.769638 67.78841 96.03246
v -47.769638 70.31776 100.16093
v -47.769627 62.882317 133.76106
v -47.76963 58.84723 136.43687
v -47.769627 39.570656 139.24432
v -47.769627 34.962788 137.75792
v -50.605762 31.257313 134.10768
v -50.741413 30.619379 135.0822
v -47.76109 20.171549 119.58251
v -44.90453 21.161625 121.65787
v -44.78542 20.072569 122.076065
v -47.769627 19.038252 119.90797
v -47.761097 35.09332 88.06533
v -47.769634 34.626797 86.98244
v -47.761097 69.409325 123.603134
v -44.90453 70.038124 121.388985
v -44.78542 71.13312 121.795166
v -47.769634 70.47623 124.108246
v -47.76109 24.230364 127.869995
v -47.769627 23.278439 128.56577
v -50.60575 27.683674 131.25386
v -53.450413 27.923767 130.99847
v -53.71318 27.136879 131.83406
v -50.741405 26.886055 132.10086
v -38.556602 21.161158 116.79305
v -38.55666 20.723042 112.46329
v -42.047977 70.94544 116.90944
v -44.904537 71.22107 116.95912
v -44.785427 72.36892 117.16735
v -41.801224 72.08098 117.11545
v -44.904533 68.04595 125.51867
v -44.785423 69.051926 126.10939
v -47.76109 24.230364 127.869995
v -47.769627 23.278439 128.56577
v -42.047962 59.694645 90.66606
v -44.90453 59.848194 90.431496
v -44.78542 60.48785 89.45434
v -41.80121 60.327442 89.69939
v -53.450413 26.191711 129.20073
v -50.60575 25.927563 129.43115
v -50.7414 25.051474 130.1967
v -53.71318 25.327425 129.95598
v -50.605762 53.683033 137.05804
v -50.741413 54.0472 138.1644
v -38.55666 23.108809 101.68221
v -38.556602 25.33284 97.94157
v -47.761097 65.22353 94.73292
v -44.90454 63.43104 93.292656
v -44.78543 64.2308 92.44335
v -47.769634 66.10339 93.94797
v -50.605755 49.223705 138.07271
v -50.741405 49.388607 139.2244
v -42.047974 20.63764 119.17122
v -41.80122 19.52517 119.4783
v -44.90454 55.79263 88.29247
v -42.047977 55.68286 88.550125
v -41.801224 56.136387 87.4889
v -44.78543 56.251064 87.219734
v -42.04797 21.42319 121.55776
v -41.801216 20.345823 121.97149
v -47.76109 58.27775 135.4044
v -47.76963 58.84723 136.43687
v -42.04796 19.790638 114.71542
v -38.942196 21.784277 112.45627
v -38.55666 20.723042 112.46329
v -41.801205 18.640318 114.823395
v -38.55661 46.5755 87.537926
v -38.556667 50.894196 88.07425
v -47.7611 51.241135 86.506454
v -44.904533 48.942577 86.386116
v -44.785423 49.094913 85.22819
v -47.769638 51.49618 85.353905
v -50.605762 69.839645 102.966194
v -50.74141 70.92577 102.54916
v -55.275684 21.807611 119.11187
v -53.450417 21.554327 121.50611
v -53.71318 20.482817 121.917534
v -55.62001 20.747421 119.4163
v -42.04798 44.373447 86.498344
v -44.904537 44.36055 86.21858
v -44.78543 44.308144 85.05317
v -41.801228 44.321613 85.345436
v -47.76109 20.171549 119.58251
v -47.769627 19.038252 119.90797
v -38.556664 60.87409 92.79922
v -38.556606 64.026054 95.799866
v -44.90454 53.41202 87.40939
v -44.78543 53.764076 86.297195
v -50.605766 71.485054 109.86322
v -50.74142 72.64471 109.754364
v -50.60575 60.040997 133.91917
v -50.7414 60.68927 134.88525
v -55.62001 20.747421 119.4163
v -55.619984 22.348215 123.65413
v -55.275665 20.821766 112.46264
v -53.450436 19.931215 114.702225
v -53.713203 18.787174 114.80961
v -55.61999 19.717522 112.46995
v -42.04796 21.29158 103.306755
v -44.904526 21.02872 103.20926
v -44.785416 19.93373 102.80308
v -41.801205 20.208332 102.90492
v -38.94214 22.732254 118.84814
v -38.5566 21.71338 119.14078
v -38.556606 69.44192 118.82495
v -38.556664 67.95804 122.91602
v -47.761093 24.026169 97.01153
v -44.904533 23.020897 99.07957
v -44.785427 22.014914 98.48885
v -47.769634 23.065117 96.3284
v -42.047962 69.77527 121.29148
v -41.80121 70.85851 121.693306
v -53.45042 71.13261 114.408035
v -50.605755 71.48198 114.43652
v -50.741405 72.64149 114.532036
v -53.713184 72.276505 114.50227
v -50.60576 42.13347 138.14212
v -50.741413 41.98154 139.29692
v -55.61999 51.444542 137.42975
v -38.556606 21.103823 108.12811
v -38.556656 23.251276 123.21185
v -38.5566 21.71338 119.14078
v -44.904533 19.845785 107.639114
v -42.047974 20.1214 107.688805
v -41.801216 18.985867 107.48278
v -44.785423 18.697926 107.430885
v -53.450417 19.93424 110.1902
v -55.620018 20.11398 107.95723
v -53.71318 18.790333 110.09596
v -47.761093 70.98946 119.24624
v -47.769634 72.12697 119.55667
v -50.60576 31.025846 90.67908
v -53.45042 31.221415 90.969986
v -53.713184 30.581879 90.01689
v -50.741413 30.377579 89.71298
v -38.942142 22.647581 106.05242
v -38.556602 21.624928 105.77328
v -38.556664 39.852535 88.147316
v -38.556606 44.163754 87.55388
v -47.761097 69.409325 123.603134
v -47.769634 70.47623 124.108246
v -47.76109 39.825706 138.09178
v -47.76109 35.41493 136.66895
v -47.769627 34.962788 137.75792
v -47.769627 39.570656 139.24432
v -55.275684 21.719534 105.80095
v -53.450417 20.259861 107.71513
v -53.71318 19.130512 107.5103
v -55.62001 20.655403 105.51058
v -50.605766 37.38381 87.54019
v -53.45044 37.493534 87.87355
v -53.713203 37.13427 86.7821
v -50.74142 37.019638 86.43384
v -38.556606 26.824066 96.046036
v -38.556664 29.936047 93.00394
v -50.605755 71.15183 116.94595
v -53.45042 70.806984 116.8831
v -53.713184 71.93633 117.08794
v -50.741405 72.29659 117.153595
v -53.450436 21.423954 103.355865
v -55.619987 22.199984 101.25193
v -53.7132 20.346619 102.95623
v -53.450424 41.89311 86.87249
v -50.60576 41.843136 86.525536
v -50.74141 41.678234 85.37384
v -53.71319 41.730442 85.73629
v -42.047974 23.262243 99.22166
v -38.942142 26.196896 98.555695
v -38.556602 25.33284 97.94157
v -41.80122 22.267046 98.63728
v -38.556606 69.96303 116.47012
v -42.047977 67.8046 125.37658
v -41.80122 68.7998 125.96095
v -50.60576 23.208714 125.753784
v -53.45043 23.509293 125.572624
v -53.713196 22.525139 126.16576
v -50.741413 22.211128 126.35501
v -50.60575 46.703724 138.30925
v -50.7414 46.756016 139.47151
v -55.27569 25.4142 97.99722
v -53.45042 23.384378 99.291985
v -53.713184 22.394646 98.710754
v -55.620014 24.515171 97.35814
v -38.55661 65.54223 97.67549
v -38.556667 67.815575 101.386375
v -50.60575 21.227198 121.63204
v -50.7414 20.14107 122.04909
v -53.450436 69.64289 121.24238
v -50.605766 69.97193 121.36443
v -50.741417 71.06397 121.769516
v -53.713207 70.72022 121.642006
v -47.76109 44.424984 138.6628
v -47.769627 44.37545 139.84085
v -55.620014 24.515171 97.35814
v -42.04798 53.327206 87.67631
v -41.801228 53.675472 86.576035
v -38.55661 55.035946 89.41015
v -42.047966 48.90601 86.66408
v -38.9422 50.664894 89.110435
v -38.556667 50.894196 88.07425
v -41.801212 49.056713 85.51857
v -38.55666 51.214314 136.45093
v -50.605766 59.80953 90.49056
v -53.45044 59.617313 90.784195
v -53.713207 60.246647 89.8228
v -50.74142 60.447456 89.516045
v -50.60576 67.98488 125.483505
v -53.45042 67.682465 125.30626
v -53.713184 68.672195 125.88748
v -50.74141 68.98813 126.072655
v -55.61999 29.571026 132.58931
v -53.450424 53.28582 87.81104
v -55.62002 55.422802 88.483154
v -53.71319 53.632236 86.71679
v -55.275673 50.87286 88.170654
v -53.45044 48.88759 86.80407
v -53.71321 49.03747 85.66482
v -55.62 51.111454 87.09247
v -38.556602 57.504013 133.99953
v -53.450424 63.143066 93.59976
v -50.60576 63.383167 93.34437
v -50.74141 64.180786 92.497375
v -53.71319 63.92996 92.76418
v -47.761093 33.095978 135.57104
v -47.769627 32.540207 136.61095
v -38.942146 56.716084 91.37709
v -38.556606 57.215786 90.44219
v -47.761097 61.86691 91.537224
v -47.761097 65.22353 94.73292
v -47.769634 66.10339 93.94797
v -47.769634 62.596775 90.609474
v -47.761093 29.19993 133.06102
v -47.76963 28.470066 133.98877
v -55.275692 57.167763 90.528275
v -53.450424 55.626366 88.67925
v -53.71319 56.077374 87.6238
v -55.620018 57.68764 89.55544
v -38.556656 30.192757 131.79901
v -50.60577 48.93337 86.456116
v -50.74142 49.085297 85.301315
v -55.620007 44.450954 138.06398
v -42.047977 63.238815 93.49634
v -41.801224 64.02998 92.65613
v -50.60575 35.30246 136.24121
v -50.741405 34.845284 137.31105
v -53.450424 44.378574 86.6392
v -53.71319 44.32697 85.49258
v -38.5566 36.0309 135.18808
v -50.605762 53.39133 87.47676
v -50.741417 53.742462 86.36758
v -38.942146 44.22234 88.61233
v -38.556606 44.163754 87.55388
v -50.60576 55.76438 88.35703
v -50.74141 56.221554 87.287186
v -42.047974 27.828028 131.1019
v -41.801216 27.03686 131.94211
v -55.27569 44.170967 87.65219
v -55.620018 44.11009 86.55084
v -50.605755 23.081964 99.11474
v -50.741405 22.078716 98.52559
v -55.619995 61.495808 92.008934
v -38.5566 44.49134 137.06032
v -47.761097 57.970867 89.0272
v -47.769638 58.526634 87.98728
v -55.62001 65.0023 129.20956
v -55.620018 66.551674 127.24011
v -55.620018 44.11009 86.55084
v -55.61999 39.6223 87.1685
v -38.942146 63.235054 96.5056
v -38.556606 64.026054 95.799866
v -50.605755 19.584866 110.16172
v -50.74141 18.425346 110.06621
v -55.27569 63.953693 95.8668
v -55.620018 64.7768 95.13252
v -50.605762 63.618465 131.07016
v -50.741413 64.4266 131.90895
v -50.60575 25.927563 129.43115
v -50.60575 27.683674 131.25386
v -50.741405 26.886055 132.10086
v -50.7414 25.051474 130.1967
v -38.556606 65.73401 126.65666
v -38.556602 64.24278 128.5522
v -47.7611 46.641857 85.93545
v -47.769638 46.69139 84.757385
v -50.60576 33.193638 89.37259
v -50.60576 31.025846 90.67908
v -50.741413 30.377579 89.71298
v -50.74141 32.64224 88.348114
v -47.761093 62.14024 132.84305
v -47.76109 58.27775 135.4044
v -47.76963 58.84723 136.43687
v -47.769627 62.882317 133.76106
v -47.7611 51.241135 86.506454
v -47.769638 51.49618 85.353905
v -50.60576 70.631 105.37035
v -50.605762 69.839645 102.966194
v -50.74141 70.92577 102.54916
v -50.74141 71.75249 105.060745
v -38.942196 66.998856 122.46189
v -38.556664 67.95804 122.91602
v -50.60575 46.703724 138.30925
v -50.605755 49.223705 138.07271
v -50.741405 49.388607 139.2244
v -50.7414 46.756016 139.47151
v -55.620014 70.89317 107.62122
v -50.605762 44.363113 86.289
v -50.741413 44.31082 85.12674
v -50.605755 19.91501 107.65229
v -50.605755 19.584866 110.16172
v -50.74141 18.425346 110.06621
v -50.7414 18.770252 107.44465
v -53.450417 66.3152 127.39493
v -50.605755 66.598625 127.60119
v -50.741405 67.53993 128.28496
v -53.713184 67.243835 128.06949
v -55.27567 67.868805 122.87377
v -55.619995 68.86687 123.346306
v -38.556606 69.90569 107.80518
v -50.60576 55.76438 88.35703
v -50.605762 53.39133 87.47676
v -50.741417 53.742462 86.36758
v -50.74141 56.221554 87.287186
v -38.94214 63.44251 127.856995
v -38.556602 64.24278 128.5522
v -50.605755 66.598625 127.60119
v -50.60576 67.98488 125.483505
v -50.74141 68.98813 126.072655
v -50.741405 67.53993 128.28496
v -55.275684 64.16954 128.48622
v -55.62001 65.0023 129.20956
v -47.761093 65.45428 129.60321
v -47.76963 66.344444 130.37645
v -38.556606 57.215786 90.44219
v -55.620018 57.68764 89.55544
v -55.620018 64.7768 95.13252
v -38.942142 68.91808 116.2917
v -38.556606 69.96303 116.47012
v -55.27569 69.86558 116.45529
v -55.620014 70.952866 116.64101
v -50.605762 21.094917 103.2338
v -50.741417 20.002878 102.82872
v -47.761093 51.581966 138.01399
v -47.76963 51.85225 139.16307
v -38.55661 33.562836 90.59871
v -38.556606 35.728825 89.53792
v -50.605762 19.581799 114.73502
v -50.605755 20.435839 119.227875
v -50.741405 19.314352 119.53749
v -50.741413 18.422144 114.843864
v -38.94214 26.380466 126.297226
v -38.5566 25.524614 126.92274
v -47.761093 21.657518 100.9951
v -47.761093 24.026169 97.01153
v -47.769634 23.065117 96.3284
v -47.76963 20.590622 100.48998
v -55.27568 25.60523 126.86603
v -55.620007 24.714733 127.51694
v -55.620014 35.32973 88.61612
v -55.62002 33.07928 89.718285
v -38.556602 27.04079 128.79837
v -50.605755 23.081964 99.11474
v -50.605762 21.094917 103.2338
v -50.741417 20.002878 102.82872
v -50.741405 22.078716 98.52559
v -38.556602 21.624928 105.77328
v -50.605755 19.91501 107.65229
v -50.7414 18.770252 107.44465
v -50.60577 48.93337 86.456116
v -50.605762 44.363113 86.289
v -50.741413 44.31082 85.12674
v -50.74142 49.085297 85.301315
v -50.60577 67.85813 98.84445
v -50.74142 68.85571 98.24323
v -38.942142 36.148205 90.5115
v -38.556606 35.728825 89.53792
v -50.60576 63.383167 93.34437
v -50.605766 59.80953 90.49056
v -50.74142 60.447456 89.516045
v -50.74141 64.180786 92.497375
v -55.27569 35.766182 89.62913
v -55.620014 35.32973 88.61612
v -38.5566 25.524614 126.92274
v -47.761093 20.077383 105.352005
v -47.76963 18.939878 105.04157
v -55.62001 20.655403 105.51058
v -55.620014 70.952866 116.64101
v -50.605766 69.97193 121.36443
v -50.605755 71.15183 116.94595
v -50.741405 72.29659 117.153595
v -50.741417 71.06397 121.769516
v -50.605762 19.581799 114.73502
v -50.741413 18.422144 114.843864
v -50.60575 21.227198 121.63204
v -50.60576 23.208714 125.753784
v -50.741413 22.211128 126.35501
v -50.7414 20.14107 122.04909
v -47.7611 69.25764 100.68013
v -47.769638 70.31776 100.16093
# 1491 vertices

vn -0.3057385 0.90857905 0.28461942
vn -0.3924105 0.8796431 0.2687789
vn -0.97867996 -0.02642925 0.20368329
vn -0.9787965 0.19898218 0.048616454
vn -0.3057374 0.07528973 -0.9491344
vn -0.39241207 0.066286914 -0.91739786
vn -0.9786768 0.20447601 -0.019531904
vn -0.97879666 0.0031129594 -0.204811
vn -0.30574086 -0.94209546 0.13776363
vn -0.39241058 -0.9091544 0.13947105
vn -0.978682 -0.06451702 -0.19498545
vn -0.9787944 -0.20038542 0.042512685
vn -0.2958796 -0.5424104 0.78628635
vn 0.3480084 -0.45537412 0.8194661
vn 0.34599358 -0.4559227 0.82001406
vn -0.24217167 -0.54135364 0.805164
vn -0.34770793 0.5917106 -0.7273086
vn 0.29564187 0.67158043 -0.6793937
vn 0.24213672 0.67382616 -0.69808894
vn -0.3456019 0.59238166 -0.727766
vn 0.9071921 -0.19050273 0.37511504
vn 0.9095368 -0.18827368 0.3705349
vn 0.90445435 0.123570375 -0.40828034
vn 0.9999776 0.0065309303 0.0015257738
vn 0.9999776 0.0065309303 0.0015257738
vn 0.91237503 0.11887261 -0.39171565
vn 0.9369794 -0.11508908 0.32988524
vn 0.8289942 0.21635091 0.51571393
vn 0.96020204 -0.08572918 -0.26582432
vn 0.8892083 -0.42485833 -0.16971754
vn -0.4226249 0.886908 -0.18650071
vn -9.152555E-05 0.9533804 -0.3017712
vn -9.152555E-05 0.9533804 -0.3017712
vn -0.37883297 0.90327233 -0.20145635
vn -0.6501464 -0.75839716 -0.046297096
vn -0.34788573 -0.9321711 -0.10016302
vn -0.34577584 -0.93292314 -0.100467026
vn -0.6501464 -0.75839716 -0.046297096
vn 0.9977273 -0.04236045 0.052400973
vn 0.80391324 -0.37389395 0.46252242
vn 0.86866635 -0.18613623 0.4590993
vn 0.9974472 -0.036195412 0.061556336
vn 0.9071914 0.40810636 0.10224002
vn 0.99997735 -0.0009156457 0.006683443
vn 0.99997735 -0.0009156457 0.006683443
vn 0.90953124 0.40315768 0.10107915
vn 0.99772894 0.06048869 0.02963383
vn 0.80390537 0.53414637 0.26157954
vn 0.8686678 0.48900893 0.07928863
vn 0.99744755 0.06805695 0.021607172
vn -0.34770578 -0.8407439 -0.41503087
vn 0.2956439 -0.81179285 -0.5035745
vn 0.24214175 -0.8305279 -0.5015883
vn -0.34559596 -0.8413446 -0.41557544
vn -0.30574492 0.34395579 0.88781446
vn -0.39240944 0.3383001 0.8553175
vn -0.97868294 -0.17572825 0.10629782
vn -0.9787969 0.086032435 0.1858898
vn 0.8289913 -0.5509316 0.09616576
vn 0.9379784 -0.33583385 -0.086094886
vn 0.36446345 -0.92007047 0.14365523
vn 0.2551079 -0.95704395 0.13779321
vn 0.937987 -0.009186398 0.346549
vn 0.36448893 0.3447736 0.86503124
vn 0.25510827 0.347306 0.9023848
vn 0.34800863 0.90025043 0.26160896
vn 0.3459978 0.90090024 0.2620388
vn 0.8289963 0.45464623 -0.32567185
vn 0.93798244 0.33992472 -0.06811945
vn 0.36446625 0.7666243 -0.528632
vn 0.255107 0.8024624 -0.5394207
vn 0.828989 -0.4186911 -0.37077612
vn 0.93798095 -0.14206761 -0.3162414
vn 0.36445975 -0.6859794 -0.62976295
vn 0.25510973 -0.70444405 -0.6623274
vn -0.3886289 -0.2247419 -0.8935651
vn -0.9780812 0.18598443 -0.09363297
vn -0.97759944 -0.067692116 -0.19929193
vn -0.30052194 -0.22596367 -0.9266213
vn 0.9044498 -0.42555177 -0.029603142
vn 0.99997747 3.0433368E-05 -0.0067142886
vn 0.99997747 3.0433368E-05 -0.0067142886
vn 0.9123744 -0.4083483 -0.028718742
vn -0.38863415 -0.8211551 0.417933
vn -0.97807944 -0.13266692 -0.1605003
vn -0.97759616 -0.17924011 0.11035819
vn -0.30052164 -0.8531005 0.4265047
vn 0.7482791 -0.14332014 -0.6477173
vn 0.6499982 -0.46987402 -0.59726113
vn 0.86867285 -0.18003395 -0.46151412
vn 0.8874687 -0.13202634 -0.44155237
vn 0.7598054 -0.14044943 -0.63479906
vn -0.9775985 0.20936339 -0.021638153
vn -0.30052435 0.9536699 -0.0141000645
vn -0.38863483 0.9211691 -0.020265013
vn -0.9780806 0.049899075 0.2021596
vn 0.82898587 0.028809719 -0.55852723
vn 0.9379812 0.15866989 -0.30824548
vn 0.364459 0.06466981 -0.9289712
vn 0.2551119 0.0785874 -0.96371263
vn 0.82861924 -0.51284015 -0.22446674
vn 0.96019965 0.23817289 0.14591278
vn 0.8901414 0.4299791 -0.15088509
vn -9.1708294E-05 -0.8805633 -0.4739286
vn 0.42248037 -0.75160223 -0.50656146
vn 0.3786802 -0.773719 -0.5078979
vn -9.1708294E-05 -0.8805633 -0.4739286
vn 0.74827594 0.41704822 -0.515901
vn 0.6499133 0.17399167 -0.7398241
vn 0.8686658 0.24857812 -0.42851922
vn 0.88747656 0.26286432 -0.37853357
vn 0.75980806 0.4087141 -0.50561315
vn 0.74827725 0.66337186 0.004364059
vn 0.64991707 0.6869069 -0.32521817
vn 0.8686669 0.49001557 -0.07281894
vn 0.88746744 0.459863 -0.030458368
vn 0.75981385 0.65012664 0.0042725024
vn 0.74826944 0.41017786 0.52138954
vn 0.6499168 0.6825422 0.3342819
vn 0.86867285 0.36244798 0.3376966
vn 0.8874628 0.31056157 0.34053108
vn 0.7598109 0.40197098 0.51098603
vn 0.74827737 -0.15189554 0.64576215
vn 0.6499173 0.16419607 0.742056
vn 0.86867255 -0.038027115 0.49392512
vn 0.8874729 -0.07260559 0.4551048
vn 0.7598092 -0.1488427 0.63287914
vn 0.74827725 -0.59958625 0.2838619
vn 0.64991546 -0.47778466 0.59104306
vn 0.8686648 -0.40990192 0.27821192
vn 0.8874693 -0.40108404 0.22700211
vn 0.7598121 -0.5876214 0.2781847
vn 0.7482809 -0.5957744 -0.29176798
vn 0.6499937 -0.7599233 -0.005005099
vn 0.8686722 -0.47308052 -0.14698125
vn 0.8874726 -0.42754593 -0.17203775
vn 0.7598078 -0.5838949 -0.28593513
vn 0.8874634 -0.066562206 -0.4560463
vn 0.86866 -0.03149568 -0.49440664
vn 0.8874726 0.45940793 0.03656198
vn 0.88747114 -0.13788626 0.43975267
vn 0.8874646 -0.39806065 -0.23228088
vn 0.8686771 -0.40615392 -0.28361797
vn 0.88747245 0.31502074 -0.3363846
vn 0.86866564 0.3669007 -0.3328722
vn 0.88746935 0.25785714 0.38197878
vn 0.8686754 0.24287382 0.43175855
vn 0.88746136 -0.42979884 0.1663894
vn 0.86866605 -0.47499982 0.14069313
vn 0.8039562 -0.3676904 -0.46739522
vn 0.8039645 -0.5946646 -0.003906478
vn 0.80390286 0.12848529 0.5807166
vn 0.8039016 0.53756195 -0.25449836
vn 0.8039096 0.13617708 -0.57895184
vn 0.9001394 -0.094091475 -0.4253186
vn 0.9001458 -0.3912007 -0.19157177
vn 0.90014434 -0.39370257 0.18638296
vn 0.900137 -0.09973715 0.42403537
vn 0.9001366 0.2693329 0.34236544
vn 0.9001352 0.43560135 0.002868593
vn 0.9001437 0.2738213 -0.33876723
vn -0.97791815 0.1971829 -0.069247335
vn -0.30378476 0.9169088 -0.25883058
vn -0.3913521 0.8838459 -0.25624216
vn -0.9768486 0.103215 0.18738614
vn 0.29545924 -0.93560606 -0.19324942
vn 0.24195465 -0.95249856 -0.18494512
vn -0.29564187 0.5129103 0.8059274
vn 0.34770814 0.57739735 0.7387228
vn 0.3455988 0.5776967 0.7394783
vn -0.24214067 0.53064084 0.8122735
vn -0.9779181 -0.11139403 -0.17682649
vn -0.3037882 -0.45638406 -0.83631724
vn -0.3913471 -0.4464951 -0.8046675
vn -0.976844 0.15973517 -0.1423393
vn 0.34789008 0.7964022 0.4946878
vn 0.9044627 0.37053177 0.21131371
vn 0.91238225 0.35543072 0.20304641
vn 0.34578103 0.79694414 0.49529356
vn -0.42248067 -0.7516022 -0.50656134
vn 9.140541E-05 -0.8805633 -0.4739286
vn 9.140541E-05 -0.8805633 -0.4739286
vn -0.3786805 -0.77371895 -0.5078978
vn 0.9974454 -0.068087496 -0.02160745
vn 0.99772894 -0.060488857 -0.029634155
vn -0.39134777 0.75141376 0.5312479
vn -0.9768445 -0.08215639 0.19754812
vn -0.97792214 0.17707169 0.11096743
vn -0.3037862 0.77405405 0.55547667
vn 0.99744743 -0.059328713 0.039735384
vn 0.99772894 -0.060885593 0.028809836
vn -0.30574682 0.78902686 -0.53287476
vn -0.39241868 0.7585905 -0.52014244
vn -0.9786809 0.14273712 0.14768122
vn -0.9787958 0.16208489 -0.12524861
vn 0.99744695 -0.005890207 0.07116975
vn 0.997728 -0.015412182 0.06558523
vn -0.39135298 0.35070062 -0.8507949
vn -0.97684294 0.21088439 0.03613428
vn -0.97792166 0.06875946 -0.19733596
vn -0.30378762 0.369312 -0.8782493
vn 0.9974481 0.051943038 0.04898261
vn 0.9977279 0.04165839 0.052950338
vn -0.3057385 -0.6950985 -0.6506627
vn -0.39241904 -0.67591393 -0.623817
vn -0.9786783 0.11221784 -0.17203459
vn -0.978794 -0.15817808 -0.13016185
vn 0.997446 0.07071198 -0.010071378
vn 0.99772894 0.06735548 0.00042709327
vn -0.3913421 -0.90750575 -0.15259357
vn -0.97684455 -0.011688638 -0.21363117
vn -0.9779166 -0.20771144 -0.02313312
vn -0.3037898 -0.93840915 -0.1646212
vn 0.9974472 0.036195245 -0.06155666
vn 0.9977273 0.042360283 -0.052401297
vn -0.38863438 0.59018505 0.7075626
vn -0.9780788 -0.12692918 0.16507843
vn -0.9775975 0.14746986 0.15018614
vn -0.30052298 0.60565484 0.7367959
vn 0.99772894 -0.06735564 -0.00042741836
vn 0.9974472 -0.07055964 -0.010986933
vn 0.997446 -0.0683622 0.020691596
vn 0.997446 -0.07071215 0.010071053
vn -0.34801129 -0.69757885 -0.62631613
vn 0.29588327 -0.64587754 -0.7037722
vn 0.24216808 -0.66452074 -0.70694196
vn -0.3459633 -0.6979996 -0.62698174
vn 0.93409353 0.0531944 -0.3530434
vn 0.35945252 -0.23002183 -0.90436935
vn 0.24989003 -0.2273368 -0.94120836
vn 0.8286173 -0.14423227 -0.5409163
vn 0.90445477 0.0657985 0.4214643
vn 0.99997747 -0.0065616164 0.0014342195
vn 0.99997747 -0.0065616164 0.0014342195
vn 0.9123753 0.06283928 0.40450296
vn 0.9974465 0.035371233 0.062044583
vn 0.82861376 -0.49525782 0.26099604
vn 0.96019834 0.262588 -0.095220424
vn 0.89014244 0.15009141 -0.43025455
vn 0.93409246 -0.35603377 0.026673438
vn 0.35945177 -0.8305111 0.4254948
vn 0.24989092 -0.8670189 0.43108326
vn -0.6501432 0.12357105 0.7496959
vn -0.3478905 0.109778464 0.93108594
vn -0.34577757 0.10962362 0.93189085
vn -0.6501432 0.12357105 0.7496959
vn -0.34770924 -0.21754326 0.91201615
vn 0.2956431 -0.3102922 0.903501
vn 0.24214205 -0.304188 0.92132354
vn -0.34559485 -0.21793462 0.9127261
vn 0.93697935 0.18613842 0.29567277
vn 0.36589608 0.7613346 0.5352473
vn 0.25435206 0.78448075 0.5655926
vn 0.827294 0.46578956 0.3140461
vn -0.65003586 -0.6961507 -0.30467638
vn -0.65003586 -0.6961507 -0.30467638
vn 0.93698865 0.24680553 -0.24726363
vn 0.36589813 0.35240844 -0.86135185
vn 0.2543461 0.37684974 -0.8906697
vn 0.8272944 0.20252784 -0.5239909
vn 0.9974473 -0.052584037 0.048311174
vn 0.3480072 0.05472026 -0.9358936
vn 0.90719354 0.008850524 -0.4206206
vn 0.9095285 0.008850379 -0.41554746
vn 0.3459923 0.054994825 -0.9366243
vn 0.9369849 -0.29598007 -0.18562084
vn 0.36589697 -0.9181761 -0.15189494
vn 0.25434643 -0.95219743 -0.16919802
vn 0.8272833 -0.55593747 -0.08084535
vn 0.99744624 0.058809664 0.040528804
vn 0.9974472 0.025544193 0.06668349
vn 0.9977287 0.0145575125 0.06576838
vn 0.93410075 -0.20112146 0.2949678
vn 0.35945007 -0.18512668 0.9146167
vn 0.2499191 -0.20353016 0.9466341
vn 0.8286249 -0.10471111 0.5499241
vn 0.9044545 0.39625573 -0.15793487
vn 0.99997747 0.0028686794 0.0060730684
vn 0.99997747 0.0028686794 0.0060730684
vn 0.9123793 0.38036397 -0.15128519
vn 0.9974473 0.05258387 -0.048311498
vn -0.295642 0.6715805 -0.6793936
vn 0.3477078 0.59171057 -0.7273087
vn 0.34560177 0.59238166 -0.7277661
vn -0.24213684 0.67382616 -0.6980888
vn 0.93410254 0.10523033 0.34114394
vn 0.35945386 0.5996389 0.71500075
vn 0.24989676 0.6132051 0.7493539
vn 0.8286214 0.36464095 0.4247632
vn -0.29588005 0.88727427 0.35383534
vn -0.24217099 0.9054485 0.348592
vn 0.9977287 -0.014557681 -0.065768704
vn 0.9974454 -0.004974657 -0.071261525
vn 0.34788567 0.30506748 -0.8865153
vn 0.34577495 0.30555147 -0.8871741
vn 0.9974465 -0.0353714 -0.062044907
vn 0.9974472 -0.02554436 -0.066683814
vn 0.99744624 -0.05880983 -0.04052913
vn 0.9974481 -0.051943205 -0.048982933
vn 0.9974465 -0.026429366 0.06634775
vn 0.9974472 0.07055947 0.0109866075
vn 0.9974465 0.026429199 -0.06634807
vn 0.99744695 0.005890039 -0.07117008
vn 0.828999 -0.2682962 0.49069113
vn 0.9379842 -0.27668923 0.2088749
vn 0.36446172 -0.46132985 0.8089144
vn 0.25510883 -0.4889456 0.8341773
vn 0.997728 0.015412013 -0.06558555
vn -0.34800822 -0.45537406 0.81946623
vn 0.29587978 -0.54241043 0.7862863
vn 0.24217185 -0.5413537 0.8051639
vn -0.3459934 -0.45592266 0.8200142
vn 0.25435 0.04690867 0.96597403
vn 0.8272809 0.04486307 0.5599945
vn 0.36589944 0.05621719 0.928955
vn -0.977917 0.023652263 0.20765074
vn -0.303784 0.048311446 0.9515153
vn -0.39134273 0.05316397 0.91870815
vn -0.9768462 -0.2056662 0.058932025
vn 0.9977279 -0.041658558 -0.05295066
vn 0.90445685 -0.24213676 -0.35118064
vn 0.99997747 0.0052796598 -0.0041507143
vn 0.99997747 0.0052796598 -0.0041507143
vn 0.9123745 -0.23212995 -0.33717737
vn 0.2543455 -0.72598636 0.63894624
vn 0.82728094 -0.40984085 0.38423523
vn 0.93698263 -0.32967293 0.115669236
vn 0.3658981 -0.69123566 0.62314683
vn -0.9779194 -0.14758964 0.14795615
vn -0.30378932 -0.7137858 0.63104826
vn -0.39135203 -0.68513304 0.61435854
vn -0.97684616 -0.1743234 -0.124028265
vn 0.24989222 -0.87761414 -0.40908113
vn 0.9340989 -0.24284081 -0.26170164
vn 0.35946006 -0.8504906 -0.3839979
vn 0.90634054 0.27247894 0.3229582
vn 0.9102362 0.26689065 0.31660634
vn 0.34788555 -0.93217117 -0.10016313
vn 0.34577566 -0.9329232 -0.10046714
vn 0.2498932 0.59412205 -0.7645734
vn 0.82861835 0.33296096 -0.45003176
vn 0.93409735 0.30918866 -0.1785063
vn 0.35945362 0.56362617 -0.7437196
vn 0.42290702 -0.9057238 0.028535701
vn 0.37886092 -0.9245685 0.04046808
vn 0.99997735 -0.0046999706 0.0048218
vn 0.99997735 -0.0046999706 0.0048218
vn -0.6505091 0.738312 0.17813851
vn -0.3480084 0.9002505 0.26160908
vn -0.3459707 0.9009098 0.26204166
vn -0.6505091 0.738312 0.17813851
vn 0.99772894 0.060885426 -0.028810162
vn 0.997446 0.06836203 -0.02069192
vn 0.99744743 0.059328545 -0.03973571
vn -0.2958832 -0.95292985 0.066165715
vn -0.24216987 -0.9670311 0.078770235
vn -0.80370474 -0.5757228 -0.15033962
vn 0.25434634 -0.46138853 -0.84995806
vn 0.82727975 -0.28340003 -0.48506984
vn 0.9369782 -0.03940077 -0.34715912
vn 0.36589506 -0.45369926 -0.81257486
vn 0.99744755 0.0049744993 0.07123083
vn -0.34770778 0.5773974 0.7387229
vn 0.29564223 0.51291025 0.80592734
vn 0.24214102 0.5306408 0.81227344
vn -0.34559843 0.57769674 0.7394784
vn 0.2543467 0.93132263 -0.26066434
vn 0.827293 0.53595334 -0.16834596
vn 0.9369809 0.34722093 0.038790144
vn 0.36589876 0.89315414 -0.2615221
vn 0.24989273 0.9681967 -0.012207949
vn 0.8286209 0.55944335 -0.02026483
vn 0.93409634 0.33235228 0.13040765
vn 0.35945463 0.9328788 -0.023011649
vn 0.82898605 0.53810996 0.15238085
vn 0.9379812 0.26521298 0.22327924
vn 0.36446294 0.8912889 0.26976088
vn 0.25510716 0.922066 0.29105806
vn -0.97759557 -0.19803995 -0.07132351
vn -0.30051887 -0.86536086 -0.4010475
vn -0.38863844 -0.8387433 -0.38140494
vn -0.97807705 0.042757347 -0.20380658
vn -0.97759825 0.113593355 -0.17719565
vn -0.3005258 0.58356375 -0.7544122
vn -0.3886328 0.5585031 -0.7328294
vn -0.97807825 0.1891884 0.08701027
vn -0.73450285 0.6767303 -0.050417524
vn -0.73450285 0.6767303 -0.050417524
vn 0.9602005 -0.19526298 0.19971865
vn 0.89014024 0.05142408 0.45277593
vn -9.137527E-05 0.5877326 0.8090552
vn 0.4224793 0.45736277 0.7825156
vn 0.37867638 0.4767329 0.7933033
vn -9.137527E-05 0.5877326 0.8090552
vn -0.38863477 -0.18522246 0.9025828
vn -0.978079 -0.20820181 0.003662496
vn -0.97759795 -0.025453078 0.20893611
vn -0.30052042 -0.19843434 0.9329048
vn -0.29588363 -0.64587754 -0.70377207
vn 0.348011 -0.6975789 -0.62631625
vn 0.34598982 -0.69799227 -0.6269752
vn -0.24216841 -0.66452074 -0.7069419
vn 0.7893113 0.6139799 0.00405879
vn 0.7876382 0.6088264 -0.094640106
vn 0.99376315 0.11029596 -0.01641946
vn 0.99387157 0.11053861 0.0007017499
vn 0.787626 0.60753524 0.10269512
vn 0.9937616 0.110082164 0.017883988
vn 0.78931713 -0.13263647 -0.59948814
vn 0.7876315 -0.22776267 -0.57250404
vn 0.99376184 -0.04055994 -0.10388706
vn 0.9938737 -0.023865765 -0.10791447
vn 0.7876367 -0.03503609 -0.615143
vn 0.9937617 -0.0070194863 -0.11130319
vn 0.78931683 -0.55492973 0.26273936
vn 0.78763294 -0.50746906 0.3494419
vn 0.99376184 -0.09225921 0.06265549
vn 0.9938706 -0.099918164 0.047303777
vn 0.7876369 -0.591918 0.17105952
vn 0.9937628 -0.10693899 0.031617638
vn 0.78931737 0.13263634 0.59948784
vn 0.7876202 0.22776802 0.5725176
vn 0.99376184 0.040559772 0.10388673
vn 0.9938737 0.023865597 0.10791415
vn 0.78763694 0.035035957 0.61514276
vn 0.9937617 0.0070193186 0.11130286
vn 0.78930926 0.55141467 0.27006117
vn 0.7876253 0.58962023 0.17886956
vn 0.99376196 0.106511466 0.033051975
vn 0.99387145 0.099277206 0.048616085
vn 0.7876336 0.5028 0.35612562
vn 0.993763 0.09140463 0.06387631
vn 0.78931683 0.5549296 -0.2627396
vn 0.78763294 0.50746894 -0.34944215
vn 0.99376184 0.09225904 -0.06265582
vn 0.9938706 0.099918 -0.0473041
vn 0.7876369 0.5919178 -0.17105977
vn 0.9937628 0.10693882 -0.03161796
vn 0.78931236 0.14057027 -0.5976839
vn 0.78763694 0.04318437 -0.61462444
vn 0.9937603 0.008514705 -0.11121147
vn 0.99387133 0.025299884 -0.10760903
vn 0.7876293 0.23529984 -0.5694506
vn 0.9937621 0.041933108 -0.10333775
vn 0.7893124 -0.37962583 -0.48256627
vn 0.78763515 -0.45360458 -0.41698167
vn 0.99376076 -0.08163851 -0.07599254
vn 0.99387205 -0.06833147 -0.0868869
vn 0.78763217 -0.2984752 -0.53902525
vn 0.99376124 -0.0546292 -0.09723384
vn 0.7893112 -0.61398 -0.004059047
vn 0.78763807 -0.6088265 0.094639845
vn 0.99376315 -0.11029613 0.016419135
vn 0.99387157 -0.11053877 -0.0007020737
vn 0.7876259 -0.60753536 -0.10269538
vn 0.9937616 -0.110082336 -0.017884312
vn 0.7893141 -0.38597435 0.47750092
vn 0.7876318 -0.3055857 0.5350267
vn 0.99376136 -0.05591097 0.09650108
vn 0.9938712 -0.069491096 0.08597096
vn 0.787631 -0.45909536 0.41093653
vn 0.9937634 -0.08261531 0.07489376
vn 0.9938712 0.06949093 -0.08597128
vn 0.9937634 0.08261514 -0.074894086
vn 0.787631 0.45909524 -0.4109368
vn 0.789314 0.3859742 -0.47750115
vn 0.99376136 0.055910803 -0.09650141
vn 0.7876317 0.3055856 -0.53502697
vn 0.99387145 -0.09927737 -0.04861641
vn 0.993763 -0.0914048 -0.06387664
vn 0.78763336 -0.5028001 -0.3561259
vn 0.7893155 -0.5514193 -0.27003306
vn 0.99376196 -0.10651164 -0.0330523
vn 0.7876252 -0.5896204 -0.17886981
vn 0.9937603 -0.008514872 0.11121114
vn 0.99387133 -0.025300052 0.10760871
vn 0.7893125 -0.1405704 0.5976836
vn 0.78762233 -0.043183688 0.6146431
vn 0.9937621 -0.041933276 0.10333742
vn 0.7876294 -0.23529997 0.5694503
vn 0.99376076 0.081638336 0.07599221
vn 0.99387205 0.06833131 0.08688658
vn 0.78931266 0.37962568 0.48256603
vn 0.7876354 0.45360443 0.4169814
vn 0.99376124 0.05462903 0.09723351
vn 0.7876324 0.2984751 0.539025
vn -0.3057405 -0.47966892 0.82246
vn -0.3924158 -0.45778787 0.797772
vn -0.97867864 -0.19269598 -0.071108736
vn -0.9787965 -0.09167814 0.18317355
vn -0.10492447 -0.49105167 0.8647885
vn -0.10489438 -0.50002635 0.8596342
vn 0.033113454 -0.4959982 0.86769193
vn 0.0775485 -0.41099712 0.9083324
vn 0.13062432 -0.46588275 0.8751518
vn 0.13410172 -0.53994656 0.8309479
vn 0.12997913 0.09946045 0.9865156
vn 0.13410297 0.31297785 0.94024545
vn 0.033113796 0.36910248 0.9287987
vn 0.08398894 0.18546516 0.9790549
vn 0.29545733 0.92680985 -0.23179425
vn 0.5243848 0.8371173 -0.15574086
vn 0.5243848 0.8371173 -0.15574086
vn 0.24195302 0.9384222 -0.24662253
vn 0.13049999 0.0027163536 0.99144465
vn 0.032381184 0.059421316 0.9977077
vn -0.102726206 0.051851656 0.9933573
vn -0.10147437 0.062166672 0.9928939
vn 0.34788436 -0.65951216 0.6663485
vn 0.90445375 -0.28849378 0.314221
vn 0.91237605 -0.27705473 0.30134803
vn 0.3457795 -0.6602159 0.66674703
vn 0.4224769 -0.8646692 0.27177328
vn 0.89014065 -0.45286798 -0.050600175
vn 0.37867942 -0.8794958 0.28825182
vn -0.10791649 0.64032805 0.7604828
vn -0.10660499 0.6325201 0.76717263
vn 0.031404674 0.63437706 0.77238566
vn 0.080968425 0.70912087 0.7004226
vn 0.13407029 0.65860087 0.74045265
vn 0.12998077 0.56936336 0.81174535
vn 0.12998195 -0.70926946 0.69285035
vn 0.08398867 -0.6498129 0.75543976
vn -0.29545262 0.7590949 0.5800713
vn -0.24195567 0.77793324 0.5798943
vn 0.13050078 -0.77345186 0.6202755
vn 0.032380827 -0.74298775 0.66852134
vn -0.10272817 -0.7443064 0.65989006
vn -0.101475045 -0.7375178 0.6676604
vn -0.2956404 -0.8998613 0.32069692
vn 0.34770605 -0.8486798 0.39855123
vn 0.34559387 -0.8494882 0.398666
vn -0.24213788 -0.9099854 0.3365944
vn 0.96020293 0.03439538 0.27717748
vn 0.8901431 0.3860633 0.24207523
vn -0.10791579 -0.1953228 0.97478366
vn -0.106602296 -0.2054224 0.9728503
vn 0.03140425 -0.20832291 0.9775558
vn 0.08096834 -0.10547518 0.9911202
vn 0.134071 -0.16825221 0.9765839
vn 0.12997894 -0.279642 0.95126545
vn 0.12998098 -0.865188 -0.48430857
vn 0.13407093 -0.9146619 -0.38133788
vn 0.08096725 -0.94279855 -0.32338107
vn 0.031403717 -0.9066836 -0.42064074
vn -0.10660328 -0.90275437 -0.41673782
vn -0.10791607 -0.9068784 -0.40733972
vn 0.13062206 -0.7495519 -0.6489298
vn 0.07754873 -0.79410565 -0.60281205
vn -0.8054875 -0.5925565 0.008179315
vn -0.101476684 -0.9818354 -0.16031754
vn -0.10272723 -0.97999716 -0.1704487
vn 0.032380577 -0.98591715 -0.16407013
vn 0.083988614 -0.99577886 -0.037019577
vn 0.1299821 -0.9839156 -0.122535326
vn 0.13049796 -0.96719956 -0.2179341
vn -0.6505215 -0.5878956 -0.48083323
vn -0.6505215 -0.5878956 -0.48083323
vn -0.6505164 0.5996104 -0.46615
vn -0.3480102 0.7658482 -0.54070836
vn -0.34596536 0.76658046 -0.5409829
vn -0.6505164 0.5996104 -0.46615
vn 0.1299822 0.6646826 -0.73573214
vn 0.13407084 0.5753177 -0.80686724
vn 0.08096712 0.52505076 -0.8472108
vn 0.031404063 0.61184657 -0.79035294
vn -0.10660501 0.60718715 -0.787375
vn -0.10791516 0.5989347 -0.79349333
vn 0.13062401 0.79946166 -0.58634335
vn 0.07754904 0.76441216 -0.6400471
vn -0.73483807 0.63772637 -0.23090725
vn -0.4229097 0.80364126 -0.41869807
vn -0.37886685 0.81544566 -0.4376166
vn -0.73483807 0.63772637 -0.23090725
vn -0.10147529 0.3747713 -0.9215472
vn -0.10272682 0.3842636 -0.9174905
vn 0.03238064 0.37932166 -0.9246981
vn 0.083988644 0.2576733 -0.96257496
vn 0.12997967 0.33839285 -0.9319847
vn 0.13049783 0.42771935 -0.894442
vn -0.3477083 0.9375584 0.009125228
vn 0.29563525 0.94989616 0.10147466
vn 0.24214171 0.9659113 0.09155827
vn -0.3455968 0.93833643 0.009369229
vn 0.29588407 0.82984865 -0.47307897
vn 0.5248957 0.7638286 -0.37556663
vn 0.5248957 0.7638286 -0.37556663
vn 0.24217288 0.837091 -0.49054143
vn -0.1014748 0.8150348 0.57045704
vn -0.10272773 0.8089747 0.578798
vn 0.03238117 0.8170941 0.5755944
vn 0.08398731 0.88110226 0.46540835
vn 0.12998198 0.8332998 0.5373231
vn 0.13050047 0.776837 0.6160309
vn -0.6501433 0.7033987 -0.28730455
vn -0.34788936 0.88331985 -0.3141962
vn -0.3457776 0.88412875 -0.31425184
vn -0.6501433 0.7033987 -0.28730455
vn 0.42290577 -0.5870389 -0.690316
vn 0.8892007 -0.13217781 -0.4380084
vn 0.3788699 -0.60810274 -0.69761646
vn 0.34800977 -0.92460805 0.15488476
vn 0.34599802 -0.9253778 0.15479432
vn -0.80370307 -0.24141 -0.54385895
vn -0.10791685 -0.8839049 0.45504546
vn -0.10660357 -0.88868856 0.44594672
vn 0.031404015 -0.8941752 0.4466147
vn 0.08096746 -0.8406514 0.5354901
vn 0.13407288 -0.868437 0.47732764
vn 0.1299818 -0.91808236 0.37447226
vn 0.12998258 -0.5176422 -0.84566617
vn 0.13410294 -0.68995667 -0.7113201
vn 0.033113763 -0.73555684 -0.6766534
vn 0.08398809 -0.59191597 -0.8016118
vn -0.42290607 -0.5870388 -0.69031584
vn -1.7374246E-07 -0.7201385 -0.69383043
vn -1.7374246E-07 -0.7201385 -0.69383043
vn -0.37887025 -0.6081027 -0.69761634
vn 0.13050114 -0.43261385 -0.8920845
vn 0.032380316 -0.48644012 -0.87311375
vn -0.10272818 -0.47771886 -0.87248594
vn -0.10147588 -0.4868088 -0.86759424
vn -0.34788978 0.7964023 0.4946879
vn 0.29545292 0.75909483 0.58007115
vn 0.241956 0.7779332 0.5798942
vn -0.34578073 0.7969442 0.49529368
vn -0.73450476 0.46135846 0.49764565
vn -0.42262974 0.6987983 0.577118
vn -0.37883672 0.7206844 0.5806003
vn -0.73450476 0.46135846 0.49764565
vn -0.10791633 -0.2469316 -0.96300507
vn -0.10660506 -0.23701517 -0.9656393
vn 0.03140374 -0.23642987 -0.971141
vn 0.080967285 -0.33497897 -0.93874025
vn 0.13407199 -0.27211204 -0.9528798
vn 0.1299824 -0.16077691 -0.9783943
vn 0.12998065 0.9396509 -0.3164827
vn 0.13410003 0.8470214 -0.5143657
vn 0.033113293 0.823377 -0.5665278
vn 0.08398887 0.9132261 -0.39870304
vn 0.34770548 -0.84074396 -0.41503096
vn 0.9063395 -0.38561487 -0.17277136
vn 0.91023856 -0.37782928 -0.16944334
vn 0.34559566 -0.84134465 -0.41557553
vn 0.13049924 0.965987 -0.22324659
vn 0.032381058 0.9594671 -0.27995414
vn -0.102729134 0.95691335 -0.27159458
vn -0.101474956 0.95417005 -0.281536
vn 0.12998077 0.98964167 0.060946383
vn 0.13406897 0.9895401 -0.053255405
vn 0.08096781 0.9897413 -0.11771316
vn 0.03140405 0.999403 -0.014405097
vn -0.10660419 0.9941695 -0.016205948
vn -0.107913725 0.9938081 -0.02645978
vn 0.13062423 0.9568827 0.2594474
vn 0.07754979 0.97701603 0.19855875
vn 0.5243906 0.6436923 0.5573821
vn 0.5243906 0.6436923 0.5573821
vn -0.10492487 0.067202926 -0.9922069
vn -0.10489578 0.077519454 -0.9914574
vn 0.033113103 0.07040748 -0.99696857
vn 0.07754976 -0.023805343 -0.9967042
vn 0.13062227 0.04001058 -0.9906246
vn 0.13410108 0.12595242 -0.9829309
vn -0.1049235 0.95236963 0.28632718
vn -0.10489256 0.9493444 0.29621407
vn 0.03311309 0.95630854 0.29047835
vn 0.13410233 0.93026143 0.34151176
vn -0.10492507 -0.73383355 -0.67117745
vn -0.10489459 -0.7268143 -0.678777
vn -0.10492349 0.8176583 -0.5660619
vn -0.10489513 0.8235044 -0.5575281
vn -0.10492524 0.36992478 0.92311776
vn -0.10489308 0.36030558 0.9269182
vn 0.07754838 0.4539058 0.8876688
vn 0.1306223 0.39372817 0.90989894
vn -0.10492516 -0.98229176 0.15522097
vn -0.104895465 -0.98385596 0.14499816
vn 0.03311267 -0.9876445 0.15317325
vn 0.077548765 -0.966415 0.24500677
vn 0.1306225 -0.9746945 0.1814068
vn 0.13410062 -0.9863145 0.0959215
vn 0.8901487 -0.24277908 -0.38560817
vn 0.99997735 0.0067140404 -0.00058002025
vn 0.99997735 0.0067140404 -0.00058002025
vn -0.99415004 0.024079436 0.105290025
vn -0.99415004 0.024079436 0.105290025
vn -0.99415004 0.024079436 0.105290025
vn -0.99415004 0.024079436 0.105290025
vn -0.2956442 -0.8117928 -0.5035744
vn -0.24214205 -0.83052784 -0.5015882
vn -0.8055001 -0.3758471 -0.45815787
vn -0.73444426 0.65277505 0.18567877
vn -0.42247778 0.89696056 0.13028656
vn -0.37868097 0.91746545 0.12189322
vn -0.73444426 0.65277505 0.18567877
vn 0.2954545 0.019745918 0.95515275
vn 0.24195495 0.031617843 0.9697723
vn -0.9941511 0.0503867 0.09552412
vn -0.9941511 0.0503867 0.09552412
vn -0.9941511 0.0503867 0.09552412
vn -0.9941511 0.0503867 0.09552412
vn 0.5245347 0.8394629 0.1420059
vn 0.5245347 0.8394629 0.1420059
vn -0.73484164 0.5781562 0.35460284
vn -0.42290866 0.8284216 0.36724114
vn -0.3788661 0.85057217 0.36467466
vn -0.73484164 0.5781562 0.35460284
vn -0.42247915 -0.3266178 0.84547746
vn 9.1691996E-05 -0.2660961 0.96394664
vn 9.1691996E-05 -0.2660961 0.96394664
vn -0.3786774 -0.3229805 0.8673449
vn -0.99415267 -0.06726353 0.08447644
vn -0.99415267 -0.06726353 0.08447644
vn -0.99415267 -0.06726353 0.08447644
vn -0.99415267 -0.06726353 0.08447644
vn 0.9602045 -0.27788013 -0.028108569
vn 0.89015025 -0.3219154 0.3224951
vn 0.4226342 -0.87999994 -0.21674956
vn 0.8930213 -0.353229 -0.27882323
vn 0.37883422 -0.9012309 -0.210399
vn 0.2958803 0.88727427 0.35383525
vn 0.524895 0.76987016 0.36302233
vn 0.524895 0.76987016 0.36302233
vn 0.24217126 0.9054485 0.34859195
vn -0.99415183 -0.04327564 0.09894231
vn -0.99415183 -0.04327564 0.09894231
vn -0.99415183 -0.04327564 0.09894231
vn -0.99415183 -0.04327564 0.09894231
vn -0.29545948 -0.935606 -0.19324933
vn -0.24195486 -0.9524985 -0.18494505
vn -0.81037885 -0.5021034 -0.30195767
vn 0.9602022 0.15436713 -0.23277184
vn -0.6500315 -0.14209792 0.7465034
vn -0.6500315 -0.14209792 0.7465034
vn 0.34770948 -0.21754332 0.91201603
vn 0.90633976 -0.082616486 0.4143946
vn 0.9102413 -0.08109006 0.40606055
vn 0.3455951 -0.21793468 0.912726
vn -0.73484915 -0.47436488 0.48474187
vn -0.42290318 -0.5423854 0.72592765
vn -0.3788695 -0.54480416 0.7480952
vn -0.73484915 -0.47436488 0.48474187
vn 0.99997747 -0.0066836914 -0.0006715744
vn 0.99997747 -0.0066836914 -0.0006715744
vn 0.5248918 -0.52522737 0.6697947
vn 0.5248918 -0.52522737 0.6697947
vn -0.29588014 0.14752784 -0.94376403
vn -0.2421697 0.13837373 -0.96031594
vn -0.9941493 -0.08685638 -0.06421134
vn -0.9941493 -0.08685638 -0.06421134
vn -0.9941493 -0.08685638 -0.06421134
vn -0.9941493 -0.08685638 -0.06421134
vn 0.42262673 0.40715352 -0.8096992
vn 0.89301455 0.35044882 -0.28233087
vn 0.3788309 0.4056569 -0.83182305
vn -9.142276E-05 -0.2660961 0.96394664
vn 0.4224794 -0.3266179 0.84547734
vn 0.37867764 -0.32298055 0.8673448
vn -9.142276E-05 -0.2660961 0.96394664
vn -0.29546195 0.39660418 -0.86914176
vn -0.24195483 0.39226076 -0.8874623
vn -0.81038624 0.40609342 -0.42232975
vn 0.90633947 0.25422785 -0.33751607
vn 0.91024435 0.24925269 -0.33064857
vn -0.9941503 -0.108005986 6.1217186E-05
vn -0.9941503 -0.108005986 6.1217186E-05
vn -0.9941503 -0.108005986 6.1217186E-05
vn -0.9941503 -0.108005986 6.1217186E-05
vn -0.73444283 -0.32627988 0.5950928
vn -0.73444283 -0.32627988 0.5950928
vn 0.99997747 0.0057374416 0.0035094926
vn 0.99997747 0.0057374416 0.0035094926
vn -0.2954542 0.019745968 0.95515287
vn 0.34789196 0.10974825 0.9310889
vn 0.34577787 0.10962356 0.9318907
vn -0.24195462 0.031617884 0.9697724
vn 0.5245344 -0.3252435 0.7868166
vn 0.5245344 -0.3252435 0.7868166
vn 0.9603645 -0.21677491 -0.17523889
vn 0.8930124 -0.43825093 0.102299154
vn -0.9941517 0.08191269 -0.07037633
vn -0.9941517 0.08191269 -0.07037633
vn -0.9941517 0.08191269 -0.07037633
vn -0.9941517 0.08191269 -0.07037633
vn -0.65051407 0.009369286 -0.7594364
vn -0.3480075 0.05472032 -0.9358935
vn -0.3459932 0.05496446 -0.9366258
vn -0.65051407 0.009369286 -0.7594364
vn 0.42290953 0.17368668 -0.88937086
vn 0.8892056 0.2599924 -0.37645376
vn 0.37886712 0.16626926 -0.91039234
vn -9.16243E-05 0.6579901 -0.7530266
vn 0.42248058 0.66111195 -0.6200331
vn 0.37868237 0.66733307 -0.64130044
vn -9.16243E-05 0.6579901 -0.7530266
vn -0.8037043 0.27467677 -0.52783716
vn -0.9941498 0.023957321 -0.10532021
vn -0.9941498 0.023957321 -0.10532021
vn -0.9941498 0.023957321 -0.10532021
vn -0.9941498 0.023957321 -0.10532021
vn -0.73484546 -0.36702594 -0.57034576
vn -0.73484546 -0.36702594 -0.57034576
vn 0.52489483 -0.5361261 -0.6611009
vn 0.52489483 -0.5361261 -0.6611009
vn 0.50848097 0.6449934 0.57046527
vn 0.50848097 0.6449934 0.57046527
vn 0.36446005 0.68597937 0.6297628
vn 0.25511009 0.704444 0.6623273
vn 0.5084839 0.41265285 -0.75575244
vn 0.5084839 0.41265285 -0.75575244
vn 0.36446154 0.4613298 -0.80891454
vn 0.25510865 0.48894557 -0.8341774
vn 0.5084845 -0.8286338 -0.23411468
vn 0.5084845 -0.8286338 -0.23411468
vn 0.3644627 -0.89128894 -0.269761
vn 0.25510693 -0.92206603 -0.29105812
vn 0.5084744 -0.043855466 0.8599596
vn 0.5084744 -0.043855466 0.8599596
vn 0.3644593 -0.06466987 0.92897105
vn 0.2551047 -0.07858513 0.9637147
vn -0.30573642 -0.07532003 0.9491324
vn -0.39241177 -0.06628685 0.917398
vn -0.5891485 -0.041933626 0.80693597
vn -0.5891485 -0.041933626 0.80693597
vn -0.39134675 0.44649518 0.8046676
vn -0.59085983 0.40575856 0.6973125
vn -0.59085983 0.40575856 0.6973125
vn -0.30378783 0.4563841 0.83631736
vn 0.50848085 0.84815973 -0.14856781
vn 0.50848085 0.84815973 -0.14856781
vn 0.36446357 0.9200704 -0.14365534
vn 0.25510693 0.95703983 -0.13782321
vn 0.5084806 -0.33357534 -0.7938356
vn 0.5084806 -0.33357534 -0.7938356
vn 0.3644621 -0.34477746 -0.86504096
vn 0.2551079 -0.34730607 -0.90238494
vn 0.508488 -0.6996936 0.5018653
vn 0.508488 -0.6996936 0.5018653
vn 0.3644663 -0.76662433 0.52863187
vn 0.25510705 -0.80246246 0.5394206
vn -0.5908555 0.5895431 -0.550753
vn -0.30378938 0.7137859 -0.63104814
vn -0.39134476 0.6851203 -0.61437744
vn -0.5908555 0.5895431 -0.550753
vn -0.59085596 -0.66813105 -0.45220596
vn -0.3037865 -0.774054 -0.55547655
vn -0.39134806 -0.7514137 -0.5312478
vn -0.59085596 -0.66813105 -0.45220596
vn -0.39135274 -0.35070056 0.85079503
vn -0.59085906 -0.29219434 0.7520027
vn -0.59085906 -0.29219434 0.7520027
vn -0.30378738 -0.36931193 0.8782494
vn -0.388635 0.18522252 -0.90258265
vn -0.5858183 0.14676729 -0.79704225
vn -0.5858183 0.14676729 -0.79704225
vn -0.30052072 0.1984344 -0.9329047
vn 0.25434667 0.9521974 0.16919795
vn 0.51294184 0.849389 0.124214254
vn 0.51294184 0.849389 0.124214254
vn 0.36589715 0.91817605 0.15189482
vn -0.39134362 -0.053133465 -0.91870946
vn -0.59085745 -0.06302283 -0.80431056
vn -0.59085745 -0.06302283 -0.80431056
vn -0.3037843 -0.048311397 -0.9515152
vn -0.39135215 -0.88384587 0.25624228
vn -0.59085184 -0.77012163 0.24043053
vn -0.59085184 -0.77012163 0.24043053
vn -0.30378482 -0.91690874 0.2588307
vn -0.3886382 0.83874345 0.3814051
vn -0.5858184 0.74439704 0.3204529
vn -0.5858184 0.74439704 0.3204529
vn -0.30051857 0.8653609 0.4010476
vn -0.58581555 0.71466756 -0.38219166
vn -0.30052164 0.85310054 -0.4265046
vn -0.38863415 0.82115513 -0.41793284
vn -0.58581555 0.71466756 -0.38219166
vn 0.51294106 -0.06787554 -0.8557362
vn 0.36589915 -0.056217253 -0.92895514
vn 0.2543497 -0.046908714 -0.96597415
vn 0.51294106 -0.06787554 -0.8557362
vn -0.5858166 -0.5316449 -0.6116966
vn -0.30052334 -0.60565484 -0.73679584
vn -0.38863474 -0.590185 -0.7075625
vn -0.5858166 -0.5316449 -0.6116966
vn 0.5129407 -0.819173 0.25660774
vn 0.3658987 -0.8931542 0.261522
vn 0.25434664 -0.9313227 0.26066428
vn 0.5129407 -0.819173 0.25660774
vn 0.5024096 0.7945101 0.341084
vn 0.35946035 0.85049057 0.38399777
vn 0.24989249 0.87761414 0.40908104
vn 0.5024096 0.7945101 0.341084
vn 0.5023986 0.15573673 -0.8504951
vn 0.35944983 0.18512662 -0.91461676
vn 0.24991883 0.20353012 -0.9466342
vn 0.5023986 0.15573673 -0.8504951
vn 0.5023969 -0.8638286 0.037385326
vn 0.35945445 -0.93287885 0.023011532
vn 0.24989258 -0.9681967 0.012207868
vn 0.5023969 -0.8638286 0.037385326
vn 0.512936 -0.3101053 0.800457
vn 0.36589837 -0.3524085 0.8613517
vn 0.25434634 -0.3768498 0.8906696
vn 0.512936 -0.3101053 0.800457
vn -0.58582056 -0.47805634 0.6544285
vn -0.3005257 -0.58356375 0.75441223
vn -0.38863268 -0.558503 0.7328296
vn -0.58582056 -0.47805634 0.6544285
vn 0.512941 0.43246102 0.7415315
vn 0.36589542 0.4536992 0.81257474
vn 0.2543467 0.4613885 0.849958
vn 0.512941 0.43246102 0.7415315
vn -0.58580965 0.21357125 0.781802
vn -0.30052158 0.22596373 0.9266214
vn -0.38863122 0.224713 0.89357144
vn -0.58580965 0.21357125 0.781802
vn 0.24989039 0.22733675 0.9412083
vn 0.5023829 0.22868326 0.83385575
vn 0.5023829 0.22868326 0.83385575
vn 0.35945287 0.23002177 0.90436924
vn 0.24992196 -0.5941175 0.7645675
vn 0.50240064 -0.50932837 0.6986976
vn 0.50240064 -0.50932837 0.6986976
vn 0.35945374 -0.5636262 0.74371946
vn 0.25435176 -0.7844808 -0.5655927
vn 0.51293635 -0.7113725 -0.48046398
vn 0.51293635 -0.7113725 -0.48046398
vn 0.36589578 -0.76133466 -0.53524745
vn -0.30573875 -0.908579 -0.2846193
vn -0.39241073 -0.879643 -0.26877877
vn -0.58915365 -0.7773689 -0.22044402
vn -0.58915365 -0.7773689 -0.22044402
vn 0.25434545 0.7259863 -0.63894635
vn 0.5129408 0.6267173 -0.586615
vn 0.5129408 0.6267173 -0.586615
vn 0.36589804 0.6912356 -0.62314695
vn -0.30574068 0.47966895 -0.8224599
vn -0.39241597 0.45778793 -0.7977719
vn -0.58915335 0.38790596 -0.7088211
vn -0.58915335 0.38790596 -0.7088211
vn -0.30573815 0.6950986 0.65066284
vn -0.39241874 0.675914 0.62381715
vn -0.5891413 0.6047368 0.535916
vn -0.5891413 0.6047368 0.535916
vn 0.24992502 -0.61320037 -0.7493483
vn 0.50240314 -0.5678361 -0.65203786
vn 0.50240314 -0.5678361 -0.65203786
vn 0.3594535 -0.59963894 -0.71500087
vn 0.24989092 0.8670188 -0.43108335
vn 0.50241196 0.7620413 -0.40850368
vn 0.50241196 0.7620413 -0.40850368
vn 0.35945177 0.83051103 -0.4254949
vn -0.30574676 -0.7890268 0.5328749
vn -0.39241862 -0.75859046 0.52014256
vn -0.58914745 -0.65705305 0.4703049
vn -0.58914745 -0.65705305 0.4703049
vn -0.30573702 -0.34394643 -0.88782084
vn -0.3924098 -0.33830005 -0.85531735
vn -0.5891511 -0.31230745 -0.74522823
vn -0.5891511 -0.31230745 -0.74522823
vn -0.30574074 0.9420955 -0.13776353
vn -0.39241046 0.9091545 -0.13947093
vn -0.5891485 0.7960403 -0.13865015
vn -0.5891485 0.7960403 -0.13865015
vn -0.38863495 -0.92116904 0.02026514
vn -0.585809 -0.8097256 0.03424235
vn -0.585809 -0.8097256 0.03424235
vn -0.30052453 -0.9536699 0.014100162
vn -0.1066047 0.23701519 0.96563935
vn -0.107915975 0.24693161 0.9630051
vn -0.10147552 0.48680884 0.8675943
vn -0.10272782 0.4777189 0.872486
vn -0.09927842 0.50222224 0.8590207
vn -0.09927842 0.50222224 0.8590207
vn 0.1310807 0.46249008 0.8768813
vn 0.1310807 0.46249008 0.8768813
vn -0.10660486 -0.60718715 0.78737503
vn -0.107915 -0.5989347 0.7934934
vn -0.10147505 -0.3747713 0.9215472
vn -0.10272658 -0.3842636 0.9174905
vn -0.099280156 -0.35845262 0.9282538
vn -0.099280156 -0.35845262 0.9282538
vn 0.13108093 -0.39720982 0.90831834
vn 0.13108093 -0.39720982 0.90831834
vn -0.10272806 -0.8089746 -0.578798
vn -0.10147513 -0.81503475 -0.570457
vn -0.10791389 -0.9938081 0.026459815
vn -0.10660435 -0.9941695 0.016205981
vn -0.11014329 -0.99293697 0.04410019
vn -0.11014329 -0.99293697 0.04410019
vn 0.13107805 -0.9913719 0.00064103445
vn 0.13107805 -0.9913719 0.00064103445
vn -0.10272826 0.7443064 -0.65989006
vn -0.101475134 0.7375178 -0.6676604
vn -0.10791607 0.19532281 -0.9747836
vn -0.10660258 0.20542242 -0.97285026
vn -0.11011318 0.1779264 -0.9778636
vn -0.11011318 0.1779264 -0.9778636
vn 0.13107967 0.21995145 -0.9666641
vn 0.13107967 0.21995145 -0.9666641
vn -0.10791579 0.9068784 0.40733978
vn -0.106603 0.90275437 0.41673788
vn -0.11014369 0.9137453 0.39107305
vn -0.11014369 0.9137453 0.39107305
vn 0.13108128 0.89348817 0.4295309
vn 0.13108128 0.89348817 0.4295309
vn -0.10147503 -0.95417005 0.28153604
vn -0.10272921 -0.95691335 0.2715946
vn -0.09927903 -0.94923896 0.29847807
vn -0.09927903 -0.94923896 0.29847807
vn 0.13107997 -0.957815 0.25575116
vn 0.13107997 -0.957815 0.25575116
vn -0.10660535 -0.6325201 -0.7671726
vn -0.10791685 -0.64032805 -0.7604827
vn -0.101474695 -0.062166654 -0.9928939
vn -0.102726534 -0.051851638 -0.9933573
vn -0.09927741 -0.07977596 -0.99185675
vn -0.09927741 -0.07977596 -0.99185675
vn 0.13107935 -0.036195815 -0.99071085
vn 0.13107935 -0.036195815 -0.99071085
vn -0.10660357 0.88868856 -0.4459467
vn -0.10791685 0.8839049 -0.45504543
vn -0.102727 0.9799972 0.17044874
vn -0.10147646 0.9818355 0.16031757
vn -0.39134192 0.9075058 0.15259369
vn -0.30378956 0.9384092 0.16462131
vn -0.10492344 -0.81765825 0.566062
vn -0.104895085 -0.8235043 0.55752814
vn -0.10495436 -0.8074681 0.58049953
vn -0.10495436 -0.8074681 0.58049953
vn 0.1313565 -0.82943183 0.54294425
vn 0.1313565 -0.82943183 0.54294425
vn -0.104925595 -0.36992478 -0.92311776
vn -0.10489344 -0.36030558 -0.9269182
vn -0.10495477 -0.38627824 -0.9163918
vn -0.10495477 -0.38627824 -0.9163918
vn 0.13135289 -0.34477141 -0.929451
vn 0.13135289 -0.34477141 -0.929451
vn -0.104925044 0.9822918 -0.15522094
vn -0.104895346 0.983856 -0.14499813
vn -0.10492314 0.9793746 -0.17267479
vn -0.10492314 0.9793746 -0.17267479
vn 0.13135405 0.98286587 -0.12930939
vn 0.13135405 0.98286587 -0.12930939
vn -0.10492456 -0.06720291 0.9922069
vn -0.104895465 -0.07751943 0.9914574
vn -0.10495473 -0.049562704 0.99324125
vn -0.10495473 -0.049562704 0.99324125
vn 0.1313558 -0.09262634 0.98699856
vn 0.1313558 -0.09262634 0.98699856
vn -0.104923755 -0.95236963 -0.28632715
vn -0.10489281 -0.9493444 -0.29621404
vn -0.104954146 -0.9573125 -0.26932788
vn -0.104954146 -0.9573125 -0.26932788
vn 0.13135388 -0.94163495 -0.3099514
vn 0.13135388 -0.94163495 -0.3099514
vn -0.104924664 0.4910517 -0.8647884
vn -0.10489457 0.50002635 -0.85963416
vn -0.104925804 0.47561422 -0.87337375
vn -0.104925804 0.47561422 -0.87337375
vn 0.13135228 0.5117064 -0.8490601
vn 0.13135228 0.5117064 -0.8490601
vn -0.10492473 0.73383355 0.67117745
vn -0.10489425 0.7268143 0.678777
vn -0.10492525 0.7456482 0.65802693
vn -0.10492525 0.7456482 0.65802693
vn 0.1313549 0.7139057 0.6878115
vn 0.1313549 0.7139057 0.6878115
vn -0.5908561 0.79817474 0.11749977
vn -0.5908561 0.79817474 0.11749977
vn 0.13108061 0.9739327 0.18513004
vn 0.13108061 0.9739327 0.18513004
vn 0.1310802 0.8929018 -0.43074894
vn 0.1310802 0.8929018 -0.43074894
vn 0.13108045 -0.6186275 -0.7746728
vn 0.13108045 -0.6186275 -0.7746728
vn 0.1310779 0.75198144 -0.64602065
vn 0.1310779 0.75198144 -0.64602065
vn 0.13107815 -0.7971517 -0.5893793
vn 0.13107815 -0.7971517 -0.5893793
vn 0.13108106 -0.61759126 0.77549905
vn 0.13108106 -0.61759126 0.77549905
vn 0.1310816 0.22123629 0.96637064
vn 0.1310816 0.22123629 0.96637064
vn -0.099279806 0.984742 0.14292264
vn -0.099279806 0.984742 0.14292264
vn -0.11011373 0.8754774 -0.4705471
vn -0.11011373 0.8754774 -0.4705471
vn -0.11011308 -0.65356654 -0.7488164
vn -0.11011308 -0.65356654 -0.7488164
vn -0.099279135 0.7257168 -0.68079275
vn -0.099279135 0.7257168 -0.68079275
vn -0.09927942 -0.82521117 -0.5560308
vn -0.09927942 -0.82521117 -0.5560308
vn -0.11014365 -0.5845948 0.80381435
vn -0.11014365 -0.5845948 0.80381435
vn -0.110112466 0.2639287 0.9582364
vn -0.110112466 0.2639287 0.9582364
vn -1.8703961E-08 0.8366786 -0.54769427
vn -1.8703961E-08 0.8366786 -0.54769427
vn -0.6501505 0.21390897 -0.7290729
vn -0.3478859 0.30506754 -0.8865152
vn -0.34577847 0.3055239 -0.88718235
vn -0.6501505 0.21390897 -0.7290729
vn 0.99997735 -0.002960402 0.00604255
vn 0.99997735 -0.002960402 0.00604255
vn -0.65052 0.32103333 0.6883032
vn -0.3480117 0.3567406 0.86696255
vn -0.34598985 0.35682434 0.867737
vn -0.65052 0.32103333 0.6883032
vn -0.6500355 0.45193312 -0.61090934
vn -0.6500355 0.45193312 -0.61090934
vn 9.160912E-05 -0.72801435 0.68556184
vn 0.42262983 -0.7181471 0.55285525
vn 0.37883192 -0.72641236 0.5734209
vn 9.160912E-05 -0.72801435 0.68556184
vn -0.80549914 -0.36302844 0.46838182
vn -0.9470865 -0.31934747 -0.032319088
vn -0.29564008 -0.11243301 -0.94866
vn 0.34770444 -0.19968696 -0.91609323
vn 0.34560382 -0.19962892 -0.91690046
vn -0.24214292 -0.12564945 -0.9620703
vn 0.3478896 -0.50289756 -0.791244
vn 0.34578192 -0.50310856 -0.7920333
vn 0.9999776 -0.0052187922 -0.0042117503
vn 0.9999776 -0.0052187922 -0.0042117503
vn -0.29588407 0.8298487 -0.47307888
vn 0.3480183 0.7658355 -0.5407211
vn 0.34599215 0.7665723 -0.5409773
vn -0.24217291 0.8370911 -0.49054134
vn -0.4224807 0.661112 -0.62003297
vn 9.1489856E-05 0.6579901 -0.7530266
vn 9.1489856E-05 0.6579901 -0.7530266
vn -0.3786825 0.6673331 -0.6413003
vn 1.3100323E-07 0.949873 0.31263635
vn 1.3100323E-07 0.949873 0.31263635
vn -0.80369294 -0.018433444 0.5947586
vn -0.9470885 -0.2758894 0.1640385
vn -0.6501515 -0.509061 0.56405693
vn -0.34788424 -0.6595121 0.66634864
vn -0.3457794 -0.66021585 0.66674715
vn -0.6501515 -0.509061 0.56405693
vn 9.144966E-05 -0.9899056 -0.14172882
vn 9.144966E-05 -0.9899056 -0.14172882
vn -0.29564285 -0.31029215 0.9035011
vn -0.24214181 -0.30418795 0.9213236
vn -0.34771028 -0.84869003 0.39852569
vn 0.29564035 -0.89986134 0.3206968
vn 0.24213785 -0.9099854 0.33659434
vn -0.34559387 -0.84948814 0.3986661
vn 0.2954617 0.39660412 -0.8691419
vn 0.24195462 0.3922607 -0.88746244
vn -0.6501561 0.66318816 0.370781
vn -0.6501561 0.66318816 0.370781
vn 0.29587984 0.1475278 -0.9437641
vn 0.5249016 0.18259689 -0.83134633
vn 0.5249016 0.18259689 -0.83134633
vn 0.2421694 0.13837369 -0.960316
vn -0.80549896 0.5374166 0.24970992
vn -0.9470902 0.039521992 0.318525
vn -0.65050834 -0.7424919 0.1598272
vn -0.34800988 -0.924608 0.15488487
vn -0.3459713 -0.9253875 0.15479608
vn -0.65050834 -0.7424919 0.1598272
vn 9.143554E-05 0.35844713 -0.93355
vn 9.143554E-05 0.35844713 -0.93355
vn -0.7345003 0.38249433 -0.56054205
vn -0.4226269 0.4071536 -0.80969906
vn -0.3788311 0.405657 -0.83182293
vn -0.7345003 0.38249433 -0.56054205
vn -0.29563507 0.9498962 0.101474755
vn 0.3477084 0.9375581 0.009155631
vn 0.34559697 0.9383364 0.009369116
vn -0.24214153 0.9659114 0.091558345
vn 0.99997747 -0.006286948 -0.0023806246
vn 0.99997747 -0.006286948 -0.0023806246
vn -0.8036947 0.58395606 -0.1143252
vn -0.9470893 0.22132233 0.23246168
vn 0.34788942 0.8833198 -0.31419632
vn 0.34577766 0.8841287 -0.31425196
vn -1.5433055E-07 0.09344927 -0.9956241
vn -1.5433055E-07 0.09344927 -0.9956241
vn -9.139674E-05 0.8303657 0.5572189
vn -9.139674E-05 0.8303657 0.5572189
vn 0.9601967 -0.26130593 -0.09869937
vn 0.8892055 -0.39760333 0.22632983
vn -0.7348503 0.21705514 -0.642559
vn -0.42290977 0.17368676 -0.8893707
vn -0.37886742 0.16626932 -0.9103922
vn -0.7348503 0.21705514 -0.642559
vn -0.29588228 0.27653354 0.914321
vn 0.34801206 0.35674053 0.86696243
vn 0.34596336 0.35682806 0.8677461
vn -0.2421714 0.29197946 0.92525727
vn 0.52437913 0.4001663 -0.7515941
vn 0.52437913 0.4001663 -0.7515941
vn -0.80548877 0.12384619 -0.57952577
vn -0.94709164 0.30174 -0.10940999
vn -0.6501443 -0.436634 -0.6218224
vn -0.34788996 -0.5028975 -0.79124385
vn -0.34578228 -0.5031085 -0.7920332
vn -0.6501443 -0.436634 -0.6218224
vn 0.29588264 0.27653348 0.9143209
vn 0.24217176 0.2919794 0.9252572
vn -0.42262733 -0.015503482 0.90617096
vn -9.138757E-05 0.08206563 0.9966269
vn -9.138757E-05 0.08206563 0.9966269
vn -0.37883076 -0.00457765 0.92545474
vn -6.232277E-08 -0.99145675 0.13043652
vn -6.232277E-08 -0.99145675 0.13043652
vn 0.96020263 0.089238726 -0.26466477
vn -0.81038517 -0.18262874 0.556707
vn -0.8037039 -0.47650287 0.35637793
vn -0.9470875 -0.30027363 -0.11340736
vn -0.3477048 -0.1996869 -0.9160932
vn 0.29563972 -0.11243306 -0.94866014
vn 0.24214259 -0.1256495 -0.96207035
vn -0.34560418 -0.19962886 -0.9169004
vn 0.42262763 -0.015503554 0.90617085
vn 0.8930213 -0.19321685 0.4064236
vn 0.37883106 -0.004577714 0.9254546
vn 0.9063392 -0.10535365 -0.40920633
vn 0.9102352 -0.10309401 -0.40105298
vn 9.171829E-05 0.8303657 0.5572189
vn 0.42263004 0.69879824 0.57711786
vn 0.37883702 0.72068435 0.5806002
vn 9.171829E-05 0.8303657 0.5572189
vn 0.5245314 -0.04834241 -0.8500176
vn 0.5245314 -0.04834241 -0.8500176
vn -0.8036993 0.45348874 0.38524717
vn -0.9470898 -0.043733306 0.3179755
vn 0.99997747 0.006317297 -0.0022890705
vn 0.99997747 0.006317297 -0.0022890705
vn 0.907196 -0.4120456 0.08493605
vn 0.99997747 -0.0020448419 -0.0064091007
vn 0.99997747 -0.0020448419 -0.0064091007
vn 0.9095328 -0.4070955 0.0838056
vn -0.7344375 0.035768107 -0.6777331
vn -0.42247966 -0.072544634 -0.9034646
vn -0.37868214 -0.08530122 -0.9215876
vn -0.7344375 0.035768107 -0.6777331
vn 1.3100323E-07 0.949873 0.31263635
vn 0.4229089 0.8284215 0.367241
vn 0.37886634 0.85057205 0.36467454
vn 1.3100323E-07 0.949873 0.31263635
vn -0.80549437 0.13983935 0.57586783
vn -0.9470928 -0.22437477 0.22950226
vn -9.1733426E-05 -0.17847738 -0.9839441
vn 0.42247936 -0.07254471 -0.90346473
vn 0.37868184 -0.08530128 -0.9215877
vn -9.1733426E-05 -0.17847738 -0.9839441
vn 0.4229038 0.22938193 0.8766621
vn 0.8892009 -0.07092609 0.4519859
vn 0.3788651 0.24519108 0.89238024
vn -0.42263445 -0.8799999 -0.21674943
vn -9.166273E-05 -0.9899056 -0.14172882
vn -9.166273E-05 -0.9899056 -0.14172882
vn -0.37883446 -0.9012308 -0.21039888
vn 0.2954618 -0.43222126 -0.85199016
vn 0.524385 -0.33809462 -0.781481
vn 0.524385 -0.33809462 -0.781481
vn 0.24195726 -0.44927555 -0.8600048
vn -0.9470877 0.3197448 -0.028077127
vn -0.29545826 -0.43224603 -0.8519788
vn -0.24195762 -0.44927552 -0.8600047
vn 9.602964E-08 -0.5161688 0.856487
vn 0.4229033 -0.5423855 0.7259275
vn 0.37886968 -0.5448042 0.74809504
vn 9.602964E-08 -0.5161688 0.856487
vn 9.164963E-05 0.9989905 0.044924345
vn 9.164963E-05 0.9989905 0.044924345
vn -0.7344938 -0.19974497 -0.64855283
vn -0.42262837 -0.37919962 -0.8231604
vn -0.378836 -0.39739165 -0.8358009
vn -0.7344938 -0.19974497 -0.64855283
vn -0.8054978 0.5303047 -0.26448086
vn -0.9470898 0.27369267 0.16767037
vn -9.1678296E-05 0.35847378 -0.93353987
vn -9.1678296E-05 0.35847378 -0.93353987
vn -0.4229035 0.22938201 0.87666225
vn 1.8206588E-07 0.34776673 0.93758106
vn 1.8206588E-07 0.34776673 0.93758106
vn -0.37886474 0.24519114 0.89238036
vn -0.65002936 0.75941044 -0.027528377
vn -0.65002936 0.75941044 -0.027528377
vn 0.96020496 -0.24006656 0.14273964
vn -0.29545727 0.9268099 -0.23179416
vn -0.24195293 0.93842226 -0.24662246
vn -0.81037396 0.58340347 0.054171465
vn 0.2958831 -0.9529299 0.06616562
vn 0.5248933 -0.8511397 0.0069583463
vn 0.5248933 -0.8511397 0.0069583463
vn 0.24216972 -0.9670312 0.07877016
vn -0.94708616 0.1025733 -0.30414897
vn -1.8703961E-08 0.8366786 -0.54769427
vn 0.4229097 0.8036412 -0.41869822
vn 0.37886685 0.8154456 -0.43761674
vn -1.8703961E-08 0.8366786 -0.54769427
vn 9.137393E-05 -0.5063719 -0.8623152
vn 0.4226329 -0.37917358 -0.82317007
vn 0.37883565 -0.39739174 -0.835801
vn 9.137393E-05 -0.5063719 -0.8623152
vn 0.9601999 -0.15125404 -0.23481604
vn 0.42262495 0.88690794 -0.18650085
vn 0.89302003 0.43923113 0.09793564
vn 0.37883303 0.9032723 -0.20145647
vn -0.7348454 -0.6747526 -0.068637826
vn -0.42290714 -0.9057237 0.02853584
vn -0.37886104 -0.9245684 0.040468205
vn -0.7348454 -0.6747526 -0.068637826
vn -0.9470919 0.17737566 -0.26749772
vn -0.42262977 -0.71814704 0.5528554
vn -9.150847E-05 -0.72801435 0.68556184
vn -9.150847E-05 -0.72801435 0.68556184
vn -0.37883186 -0.7264123 0.573421
vn 0.9063361 -0.37551138 0.1937679
vn 0.91024643 -0.36803567 0.18974014
vn 0.5245341 -0.8179461 0.23627998
vn 0.5245341 -0.8179461 0.23627998
vn 0.90719295 0.33440235 -0.25529605
vn 0.99997735 0.0046387664 0.0048828367
vn 0.99997735 0.0046387664 0.0048828367
vn 0.90953565 0.3304016 -0.2521505
vn 0.99997747 -0.003631817 -0.005646132
vn 0.99997747 -0.003631817 -0.005646132
vn -0.73444015 -0.66870207 0.115911454
vn -0.42247695 -0.86466914 0.27177343
vn -0.37867948 -0.87949574 0.28825194
vn -0.73444015 -0.66870207 0.115911454
vn -0.94709045 -0.17383514 -0.26981667
vn -6.232277E-08 -0.99145675 0.13043652
vn -6.232277E-08 -0.99145675 0.13043652
vn 0.9603599 0.0018309908 -0.27875718
vn 0.2954594 -0.73445183 0.6109701
vn 0.24195772 -0.7384774 0.62937075
vn -9.156936E-05 -0.91955656 0.39295793
vn -9.156936E-05 -0.91955656 0.39295793
vn 0.42247796 0.8969605 0.13028643
vn 0.37868115 0.9174654 0.1218931
vn -0.94709384 -0.09851506 -0.30546373
vn 9.158795E-05 0.9533804 -0.3017712
vn 9.158795E-05 0.9533804 -0.3017712
vn 0.52438307 -0.8217942 -0.22288266
vn 0.52438307 -0.8217942 -0.22288266
vn 9.154238E-05 -0.91955656 0.39295793
vn 9.154238E-05 -0.91955656 0.39295793
vn -0.2954538 -0.73443806 0.6109893
vn -0.24195763 -0.73847735 0.62937087
vn -0.734504 -0.63159335 -0.24818133
vn -0.734504 -0.63159335 -0.24818133
vn -9.174027E-05 -0.5063719 -0.8623152
vn -9.174027E-05 -0.5063719 -0.8623152
vn 0.88919944 0.45644093 -0.031404193
vn -0.94729275 0.0021058687 -0.32036233
vn -0.6500354 -0.67225343 0.35430136
vn -0.6500354 -0.67225343 0.35430136
vn 0.960363 0.21909377 -0.1723394
vn 0.8930228 -0.0022280514 -0.45000604
vn 0.9601973 -0.03805757 0.27671805
vn 0.8891991 0.30915657 0.3372643
vn 0.5243771 -0.6866466 0.5035327
vn 0.5243771 -0.6866466 0.5035327
vn 9.172615E-05 0.08206563 0.9966269
vn 9.172615E-05 0.08206563 0.9966269
vn -0.73450947 -0.5878333 0.33903977
vn -0.73450947 -0.5878333 0.33903977
vn -1.7374246E-07 -0.7201385 -0.69383043
vn -1.7374246E-07 -0.7201385 -0.69383043
vn -0.99417615 0.07760908 0.07477089
vn -0.99417615 0.07760908 0.07477089
vn -0.99417615 0.07760908 0.07477089
vn -0.99417615 0.07760908 0.07477089
vn -0.8103864 -0.0769704 -0.5808179
vn -0.94729674 0.25178647 -0.19807187
vn 0.90633905 0.42239043 -0.0116586825
vn 0.9102377 0.41393298 -0.011261832
vn -0.99417686 0.055635642 -0.09228837
vn -0.99417686 0.055635642 -0.09228837
vn -0.99417686 0.055635642 -0.09228837
vn -0.99417686 0.055635642 -0.09228837
vn 0.9071945 -0.3233246 -0.26918283
vn 0.99997735 0.0037232023 -0.0056156134
vn 0.99997735 0.0037232023 -0.0056156134
vn 0.9095351 -0.31935373 -0.266006
vn 0.99997735 0.00082392304 0.006683443
vn 0.99997735 0.00082392304 0.006683443
vn -0.99417675 -0.10235959 -0.033692453
vn -0.99417675 -0.10235959 -0.033692453
vn -0.99417675 -0.10235959 -0.033692453
vn -0.99417675 -0.10235959 -0.033692453
vn 0.5248945 0.19617549 0.8282519
vn 0.5248945 0.19617549 0.8282519
vn -0.9941754 -0.010071051 0.10730372
vn -0.9941754 -0.010071051 0.10730372
vn -0.9941754 -0.010071051 0.10730372
vn -0.9941754 -0.010071051 0.10730372
vn 0.9603651 0.27134243 0.06381457
vn -9.146658E-05 0.9989905 0.044924345
vn -9.146658E-05 0.9989905 0.044924345
vn -0.9941765 0.10684598 -0.014038448
vn -0.9941765 0.10684598 -0.014038448
vn -0.9941765 0.10684598 -0.014038448
vn -0.9941765 0.10684598 -0.014038448
vn -0.42247894 0.45736283 0.7825157
vn 9.1739625E-05 0.58771265 0.80906975
vn 9.1739625E-05 0.58771265 0.80906975
vn -0.37868154 0.47670937 0.79331493
vn -0.7348492 0.083196424 0.6731085
vn -0.7348492 0.083196424 0.6731085
vn -0.94729704 0.3118491 0.07333864
vn -0.9941756 -0.037476838 -0.101047084
vn -0.9941756 -0.037476838 -0.101047084
vn -0.9941756 -0.037476838 -0.101047084
vn -0.9941756 -0.037476838 -0.101047084
vn 0.5245356 0.412377 0.7448541
vn 0.5245356 0.412377 0.7448541
vn -0.9941748 -0.09018244 0.059023198
vn -0.9941748 -0.09018244 0.059023198
vn -0.9941748 -0.09018244 0.059023198
vn -0.9941748 -0.09018244 0.059023198
vn -0.7344496 0.26179573 0.6261364
vn -0.7344496 0.26179573 0.6261364
vn -0.650035 0.49502665 0.5765441
vn -0.650035 0.49502665 0.5765441
vn -0.9472974 0.13709413 0.28953943
vn 0.9603672 0.11926761 0.25193292
vn 0.9602058 0.19257824 0.20228331
vn 0.52438277 -0.03442568 0.85078657
vn 0.52438277 -0.03442568 0.85078657
vn -0.7344989 -0.101414226 0.6709893
vn -0.7344989 -0.101414226 0.6709893
vn 1.8206651E-07 0.34779355 0.93757117
vn 1.8206588E-07 0.34776673 0.93758106
vn 0.99997735 0.0021362272 -0.006378582
vn 0.99997735 0.0021362272 -0.006378582
vn -0.8103832 0.3213701 0.4898985
vn -0.94729555 -0.14090854 0.28770778
vn -0.99415004 0.10611398 0.020142555
vn -0.99415004 0.10611398 0.020142555
vn -0.99415004 0.10611398 0.020142555
vn -0.99415004 0.10611398 0.020142555
vn 0.52452976 0.63442856 -0.5677754
vn 0.52452976 0.63442856 -0.5677754
vn 0.9072007 0.1744816 0.3828095
vn 0.99997723 -0.0057986453 0.0034484563
vn 0.99997723 -0.0057986453 0.0034484563
vn 0.90953535 0.17231178 0.37822512
vn -0.7344404 0.55218077 -0.39458045
vn -0.7344404 0.55218077 -0.39458045
vn 0.9603636 -0.1225938 0.25034502
vn 0.89302087 0.19727577 0.40447012
vn -0.81037945 -0.54913396 0.20429653
vn -0.99415267 0.09726375 -0.04690738
vn -0.99415267 0.09726375 -0.04690738
vn -0.99415267 0.09726375 -0.04690738
vn -0.99415267 0.09726375 -0.04690738
vn -0.9472954 -0.31279448 0.06921849
vn 9.1382724E-05 -0.17847738 -0.9839441
vn 9.1382724E-05 -0.17847738 -0.9839441
vn -0.9941491 -0.003936856 -0.10794474
vn -0.9941491 -0.003936856 -0.10794474
vn -0.9941491 -0.003936856 -0.10794474
vn -0.9941491 -0.003936856 -0.10794474
vn 9.602964E-08 -0.5161688 0.856487
vn 9.602964E-08 -0.5161688 0.856487
vn 0.5245335 -0.6947089 -0.49218324
vn 0.5245335 -0.6947089 -0.49218324
vn -0.9941522 -0.0673856 -0.08438451
vn -0.9941522 -0.0673856 -0.08438451
vn -0.9941522 -0.0673856 -0.08438451
vn -0.9941522 -0.0673856 -0.08438451
vn -0.73444355 -0.50756407 -0.45052353
vn -0.73444355 -0.50756407 -0.45052353
vn -0.9472974 -0.2491313 -0.20139852
vn -0.6500332 -0.19584315 -0.734236
vn -0.6500332 -0.19584315 -0.734236
vn 0.96036446 -0.2721664 0.06021341
vn 0.9601991 0.2782446 -0.024446182
vn -0.9941509 -0.10434379 0.02786387
vn -0.9941509 -0.10434379 0.02786387
vn -0.9941509 -0.10434379 0.02786387
vn -0.9941509 -0.10434379 0.02786387
vn -1.5433055E-07 0.09344927 -0.9956241
vn -1.5433055E-07 0.09344927 -0.9956241
vn -0.9941524 0.09732479 0.04678558
vn -0.9941524 0.09732479 0.04678558
vn -0.9941524 0.09732479 0.04678558
vn -0.9941524 0.09732479 0.04678558
vn -0.65051645 -0.33796933 0.6801508
vn -0.65051645 -0.33796933 0.6801508
# 1491 vertex normals

usemtl Material_006
s 1024
f 5643//5643 5650//5650 5589//5589
f 5650//5650 5590//5590 5589//5589
f 5649//5649 5651//5651 5634//5634
f 5651//5651 5635//5635 5634//5634
f 5541//5541 5540//5540 5629//5629
f 5540//5540 5630//5630 5629//5629
f 5647//5647 5652//5652 5624//5624
f 5652//5652 5625//5625 5624//5624
f 5549//5549 5548//5548 5619//5619
f 5548//5548 5620//5620 5619//5619
f 5645//5645 5653//5653 5614//5614
f 5653//5653 5615//5615 5614//5614
f 5639//5639 5654//5654 5609//5609
f 5654//5654 5610//5610 5609//5609
f 5591//5591 5655//5655 5592//5592
f 5655//5655 5638//5638 5592//5592
f 5636//5636 5656//5656 5637//5637
f 5656//5656 5642//5642 5637//5637
f 5631//5631 5657//5657 5632//5632
f 5657//5657 5648//5648 5632//5632
f 5626//5626 5658//5658 5627//5627
f 5658//5658 5641//5641 5627//5627
f 5621//5621 5659//5659 5622//5622
f 5659//5659 5646//5646 5622//5622
f 5616//5616 5660//5660 5617//5617
f 5660//5660 5640//5640 5617//5617
f 5611//5611 5661//5661 5612//5612
f 5661//5661 5644//5644 5612//5612
f 5501//5501 5502//5502 5503//5503
f 5501//5501 5503//5503 5504//5504
f 5505//5505 5506//5506 5507//5507
f 5505//5505 5507//5507 5508//5508
f 5509//5509 5510//5510 5511//5511
f 5509//5509 5511//5511 5512//5512
f 5513//5513 5514//5514 5515//5515
f 5513//5513 5515//5515 5516//5516
f 5517//5517 5518//5518 5519//5519
f 5517//5517 5519//5519 5520//5520
f 5514//5514 5521//5521 5522//5522
f 5514//5514 5522//5522 5515//5515
f 5523//5523 5524//5524 5525//5525
f 5523//5523 5525//5525 5526//5526
f 5527//5527 5528//5528 5529//5529
f 5527//5527 5529//5529 5530//5530
f 5531//5531 5532//5532 5533//5533
f 5531//5531 5533//5533 5534//5534
f 5535//5535 5536//5536 5537//5537
f 5535//5535 5537//5537 5538//5538
f 5539//5539 5540//5540 5541//5541
f 5539//5539 5541//5541 5542//5542
f 5543//5543 5544//5544 5545//5545
f 5543//5543 5545//5545 5546//5546
f 5547//5547 5548//5548 5549//5549
f 5547//5547 5549//5549 5550//5550
f 5551//5551 5552//5552 5553//5553
f 5551//5551 5553//5553 5554//5554
f 5555//5555 5556//5556 5557//5557
f 5555//5555 5557//5557 5558//5558
f 5559//5559 5560//5560 5561//5561
f 5559//5559 5561//5561 5562//5562
f 5528//5528 5563//5563 5564//5564
f 5528//5528 5564//5564 5565//5565
f 5566//5566 5543//5543 5546//5546
f 5566//5566 5546//5546 5567//5567
f 5568//5568 5569//5569 5570//5570
f 5568//5568 5570//5570 5571//5571
f 5572//5572 5573//5573 5574//5574
f 5572//5572 5574//5574 5575//5575
f 5576//5576 5577//5577 5578//5578
f 5576//5576 5578//5578 5579//5579
f 5580//5580 5581//5581 5582//5582
f 5580//5580 5582//5582 5583//5583
f 5584//5584 5585//5585 5586//5586
f 5584//5584 5586//5586 5587//5587
f 5593//5593 5594//5594 5595//5595
f 5593//5593 5595//5595 5596//5596
f 5597//5597 5598//5598 5599//5599
f 5597//5597 5599//5599 5600//5600
f 5573//5573 5601//5601 5602//5602
f 5573//5573 5602//5602 5603//5603
f 5604//5604 5605//5605 5606//5606
f 5604//5604 5606//5606 5607//5607
f 5662//5662 5663//5663 5664//5664
f 5662//5662 5664//5664 5665//5665
f 5536//5536 5666//5666 5667//5667
f 5536//5536 5667//5667 5537//5537
f 5668//5668 5669//5669 5670//5670
f 5668//5668 5670//5670 5671//5671
f 5672//5672 5673//5673 5674//5674
f 5672//5672 5674//5674 5675//5675
f 5676//5676 5677//5677 5678//5678
f 5676//5676 5678//5678 5679//5679
f 5680//5680 5681//5681 5682//5682
f 5680//5680 5682//5682 5683//5683
f 5636//5636 5684//5684 5685//5685
f 5636//5636 5685//5685 5656//5656
f 5686//5686 5687//5687 5688//5688
f 5686//5686 5688//5688 5689//5689
f 5631//5631 5690//5690 5691//5691
f 5631//5631 5691//5691 5657//5657
f 5692//5692 5693//5693 5694//5694
f 5692//5692 5694//5694 5695//5695
f 5626//5626 5696//5696 5697//5697
f 5626//5626 5697//5697 5658//5658
f 5698//5698 5699//5699 5700//5700
f 5698//5698 5700//5700 5701//5701
f 5621//5621 5702//5702 5703//5703
f 5621//5621 5703//5703 5659//5659
f 5704//5704 5705//5705 5706//5706
f 5704//5704 5706//5706 5707//5707
f 5616//5616 5708//5708 5709//5709
f 5616//5616 5709//5709 5660//5660
f 5710//5710 5711//5711 5712//5712
f 5710//5710 5712//5712 5713//5713
f 5611//5611 5714//5714 5715//5715
f 5611//5611 5715//5715 5661//5661
f 5716//5716 5717//5717 5718//5718
f 5716//5716 5718//5718 5719//5719
f 5651//5651 5720//5720 5721//5721
f 5651//5651 5721//5721 5635//5635
f 5649//5649 5648//5648 5722//5722
f 5649//5649 5722//5722 5723//5723
f 5657//5657 5691//5691 5722//5722
f 5657//5657 5722//5722 5648//5648
f 5724//5724 5725//5725 5726//5726
f 5724//5724 5726//5726 5727//5727
f 5728//5728 5729//5729 5730//5730
f 5728//5728 5730//5730 5731//5731
f 5732//5732 5733//5733 5734//5734
f 5732//5732 5734//5734 5735//5735
f 5659//5659 5703//5703 5736//5736
f 5659//5659 5736//5736 5646//5646
f 5560//5560 5737//5737 5738//5738
f 5560//5560 5738//5738 5739//5739
f 5740//5740 5741//5741 5742//5742
f 5740//5740 5742//5742 5737//5737
f 5743//5743 5744//5744 5745//5745
f 5743//5743 5745//5745 5746//5746
f 5747//5747 5748//5748 5749//5749
f 5747//5747 5749//5749 5750//5750
f 5751//5751 5752//5752 5753//5753
f 5751//5751 5753//5753 5754//5754
f 5755//5755 5551//5551 5554//5554
f 5755//5755 5554//5554 5756//5756
f 5757//5757 5758//5758 5759//5759
f 5757//5757 5759//5759 5760//5760
f 5761//5761 5630//5630 5540//5540
f 5761//5761 5540//5540 5539//5539
f 5649//5649 5723//5723 5720//5720
f 5649//5649 5720//5720 5651//5651
f 5762//5762 5763//5763 5764//5764
f 5762//5762 5764//5764 5765//5765
f 5766//5766 5767//5767 5768//5768
f 5766//5766 5768//5768 5769//5769
f 5770//5770 5620//5620 5548//5548
f 5770//5770 5548//5548 5547//5547
f 5647//5647 5771//5771 5772//5772
f 5647//5647 5772//5772 5652//5652
f 5773//5773 5774//5774 5775//5775
f 5773//5773 5775//5775 5776//5776
f 5777//5777 5778//5778 5779//5779
f 5777//5777 5779//5779 5780//5780
f 5661//5661 5715//5715 5781//5781
f 5661//5661 5781//5781 5644//5644
f 5782//5782 5783//5783 5784//5784
f 5782//5782 5784//5784 5785//5785
f 5786//5786 5787//5787 5788//5788
f 5786//5786 5788//5788 5789//5789
f 5790//5790 5566//5566 5567//5567
f 5790//5790 5567//5567 5791//5791
f 5655//5655 5792//5792 5793//5793
f 5655//5655 5793//5793 5638//5638
f 5794//5794 5523//5523 5526//5526
f 5794//5794 5526//5526 5795//5795
f 5591//5591 5590//5590 5796//5796
f 5591//5591 5796//5796 5797//5797
f 5643//5643 5642//5642 5798//5798
f 5643//5643 5798//5798 5799//5799
f 5631//5631 5630//5630 5761//5761
f 5631//5631 5761//5761 5690//5690
f 5541//5541 5641//5641 5800//5800
f 5541//5541 5800//5800 5542//5542
f 5621//5621 5620//5620 5770//5770
f 5621//5621 5770//5770 5702//5702
f 5549//5549 5640//5640 5801//5801
f 5549//5549 5801//5801 5550//5550
f 5611//5611 5610//5610 5802//5802
f 5611//5611 5802//5802 5714//5714
f 5639//5639 5638//5638 5793//5793
f 5639//5639 5793//5793 5803//5803
f 5804//5804 5805//5805 5806//5806
f 5804//5804 5806//5806 5807//5807
f 5802//5802 5610//5610 5654//5654
f 5802//5802 5654//5654 5808//5808
f 5809//5809 5810//5810 5811//5811
f 5809//5809 5811//5811 5812//5812
f 5813//5813 5814//5814 5527//5527
f 5813//5813 5527//5527 5815//5815
f 5816//5816 5817//5817 5818//5818
f 5816//5816 5818//5818 5819//5819
f 5820//5820 5650//5650 5643//5643
f 5820//5820 5643//5643 5799//5799
f 5821//5821 5822//5822 5823//5823
f 5821//5821 5823//5823 5824//5824
f 5825//5825 5826//5826 5827//5827
f 5825//5825 5827//5827 5828//5828
f 5829//5829 5830//5830 5831//5831
f 5829//5829 5831//5831 5832//5832
f 5808//5808 5654//5654 5639//5639
f 5808//5808 5639//5639 5803//5803
f 5833//5833 5601//5601 5834//5834
f 5833//5833 5834//5834 5835//5835
f 5669//5669 5836//5836 5837//5837
f 5669//5669 5837//5837 5670//5670
f 5660//5660 5709//5709 5801//5801
f 5660//5660 5801//5801 5640//5640
f 5838//5838 5580//5580 5583//5583
f 5838//5838 5583//5583 5839//5839
f 5840//5840 5841//5841 5842//5842
f 5840//5840 5842//5842 5843//5843
f 5844//5844 5527//5527 5530//5530
f 5844//5844 5530//5530 5845//5845
f 5658//5658 5697//5697 5800//5800
f 5658//5658 5800//5800 5641//5641
f 5836//5836 5846//5846 5847//5847
f 5836//5836 5847//5847 5837//5837
f 5656//5656 5685//5685 5798//5798
f 5656//5656 5798//5798 5642//5642
f 5848//5848 5849//5849 5850//5850
f 5848//5848 5850//5850 5851//5851
f 5653//5653 5852//5852 5853//5853
f 5653//5653 5853//5853 5615//5615
f 5645//5645 5644//5644 5781//5781
f 5645//5645 5781//5781 5854//5854
f 5819//5819 5855//5855 5856//5856
f 5819//5819 5856//5856 5857//5857
f 5858//5858 5859//5859 5860//5860
f 5858//5858 5860//5860 5861//5861
f 5652//5652 5772//5772 5862//5862
f 5652//5652 5862//5862 5625//5625
f 5647//5647 5646//5646 5736//5736
f 5647//5647 5736//5736 5771//5771
f 5863//5863 5864//5864 5865//5865
f 5863//5863 5865//5865 5866//5866
f 5867//5867 5868//5868 5869//5869
f 5867//5867 5869//5869 5870//5870
f 5871//5871 5872//5872 5873//5873
f 5871//5871 5873//5873 5874//5874
f 5875//5875 5876//5876 5877//5877
f 5875//5875 5877//5877 5878//5878
f 5626//5626 5625//5625 5862//5862
f 5626//5626 5862//5862 5696//5696
f 5636//5636 5635//5635 5721//5721
f 5636//5636 5721//5721 5684//5684
f 5879//5879 5880//5880 5881//5881
f 5879//5879 5881//5881 5882//5882
f 5883//5883 5884//5884 5885//5885
f 5883//5883 5885//5885 5886//5886
f 5796//5796 5590//5590 5650//5650
f 5796//5796 5650//5650 5820//5820
f 5616//5616 5615//5615 5853//5853
f 5616//5616 5853//5853 5708//5708
f 5887//5887 5531//5531 5534//5534
f 5887//5887 5534//5534 5888//5888
f 5569//5569 5841//5841 5889//5889
f 5569//5569 5889//5889 5890//5890
f 5891//5891 5892//5892 5893//5893
f 5891//5891 5893//5893 5894//5894
f 5645//5645 5854//5854 5852//5852
f 5645//5645 5852//5852 5653//5653
f 5895//5895 5896//5896 5897//5897
f 5895//5895 5897//5897 5898//5898
f 5899//5899 5900//5900 5901//5901
f 5899//5899 5901//5901 5902//5902
f 5591//5591 5797//5797 5792//5792
f 5591//5591 5792//5792 5655//5655
f 5873//5873 5872//5872 5903//5903
f 5873//5873 5903//5903 5904//5904
f 5905//5905 5906//5906 5720//5720
f 5905//5905 5720//5720 5723//5723
f 5872//5872 5876//5876 5907//5907
f 5872//5872 5907//5907 5903//5903
f 5906//5906 5908//5908 5721//5721
f 5906//5906 5721//5721 5720//5720
f 5728//5728 5731//5731 5909//5909
f 5728//5728 5909//5909 5910//5910
f 5911//5911 5912//5912 5772//5772
f 5911//5911 5772//5772 5771//5771
f 5731//5731 5598//5598 5913//5913
f 5731//5731 5913//5913 5909//5909
f 5912//5912 5914//5914 5862//5862
f 5912//5912 5862//5862 5772//5772
f 5740//5740 5737//5737 5915//5915
f 5740//5740 5915//5915 5916//5916
f 5917//5917 5918//5918 5852//5852
f 5917//5917 5852//5852 5854//5854
f 5737//5737 5560//5560 5919//5919
f 5737//5737 5919//5919 5915//5915
f 5918//5918 5920//5920 5853//5853
f 5918//5918 5853//5853 5852//5852
f 5528//5528 5527//5527 5921//5921
f 5528//5528 5921//5921 5922//5922
f 5923//5923 5924//5924 5792//5792
f 5923//5923 5792//5792 5797//5797
f 5527//5527 5814//5814 5925//5925
f 5527//5527 5925//5925 5921//5921
f 5924//5924 5926//5926 5793//5793
f 5924//5924 5793//5793 5792//5792
f 5875//5875 5751//5751 5927//5927
f 5875//5875 5927//5927 5928//5928
f 5929//5929 5930//5930 5685//5685
f 5929//5929 5685//5685 5684//5684
f 5751//5751 5754//5754 5931//5931
f 5751//5751 5931//5931 5927//5927
f 5930//5930 5932//5932 5798//5798
f 5930//5930 5798//5798 5685//5685
f 5568//5568 5869//5869 5933//5933
f 5568//5568 5933//5933 5934//5934
f 5935//5935 5936//5936 5691//5691
f 5935//5935 5691//5691 5690//5690
f 5869//5869 5868//5868 5937//5937
f 5869//5869 5937//5937 5933//5933
f 5936//5936 5938//5938 5722//5722
f 5936//5936 5722//5722 5691//5691
f 5597//5597 5757//5757 5939//5939
f 5597//5597 5939//5939 5940//5940
f 5941//5941 5942//5942 5697//5697
f 5941//5941 5697//5697 5696//5696
f 5757//5757 5760//5760 5943//5943
f 5757//5757 5943//5943 5939//5939
f 5942//5942 5944//5944 5800//5800
f 5942//5942 5800//5800 5697//5697
f 5572//5572 5860//5860 5945//5945
f 5572//5572 5945//5945 5946//5946
f 5947//5947 5948//5948 5703//5703
f 5947//5947 5703//5703 5702//5702
f 5860//5860 5859//5859 5949//5949
f 5860//5860 5949//5949 5945//5945
f 5948//5948 5950//5950 5736//5736
f 5948//5948 5736//5736 5703//5703
f 5559//5559 5766//5766 5951//5951
f 5559//5559 5951//5951 5952//5952
f 5953//5953 5954//5954 5709//5709
f 5953//5953 5709//5709 5708//5708
f 5766//5766 5769//5769 5955//5955
f 5766//5766 5955//5955 5951//5951
f 5954//5954 5956//5956 5801//5801
f 5954//5954 5801//5801 5709//5709
f 5804//5804 5827//5827 5957//5957
f 5804//5804 5957//5957 5958//5958
f 5959//5959 5960//5960 5715//5715
f 5959//5959 5715//5715 5714//5714
f 5827//5827 5826//5826 5961//5961
f 5827//5827 5961//5961 5957//5957
f 5960//5960 5962//5962 5781//5781
f 5960//5960 5781//5781 5715//5715
f 5761//5761 5539//5539 5963//5963
f 5761//5761 5963//5963 5964//5964
f 5965//5965 5966//5966 5841//5841
f 5965//5965 5841//5841 5569//5569
f 5539//5539 5542//5542 5967//5967
f 5539//5539 5967//5967 5963//5963
f 5966//5966 5968//5968 5842//5842
f 5966//5966 5842//5842 5841//5841
f 5770//5770 5547//5547 5969//5969
f 5770//5770 5969//5969 5970//5970
f 5971//5971 5972//5972 5601//5601
f 5971//5971 5601//5601 5573//5573
f 5547//5547 5550//5550 5973//5973
f 5547//5547 5973//5973 5969//5969
f 5972//5972 5974//5974 5834//5834
f 5972//5972 5834//5834 5601//5601
f 5808//5808 5803//5803 5975//5975
f 5808//5808 5975//5975 5976//5976
f 5977//5977 5978//5978 5773//5773
f 5977//5977 5773//5773 5776//5776
f 5802//5802 5808//5808 5976//5976
f 5802//5802 5976//5976 5979//5979
f 5980//5980 5977//5977 5776//5776
f 5980//5980 5776//5776 5805//5805
f 5820//5820 5799//5799 5981//5981
f 5820//5820 5981//5981 5982//5982
f 5983//5983 5984//5984 5786//5786
f 5983//5983 5786//5786 5789//5789
f 5796//5796 5820//5820 5982//5982
f 5796//5796 5982//5982 5985//5985
f 5986//5986 5983//5983 5789//5789
f 5986//5986 5789//5789 5563//5563
f 5714//5714 5802//5802 5979//5979
f 5714//5714 5979//5979 5959//5959
f 5958//5958 5980//5980 5805//5805
f 5958//5958 5805//5805 5804//5804
f 5814//5814 5773//5773 5978//5978
f 5814//5814 5978//5978 5925//5925
f 5926//5926 5975//5975 5803//5803
f 5926//5926 5803//5803 5793//5793
f 5708//5708 5853//5853 5920//5920
f 5708//5708 5920//5920 5953//5953
f 5952//5952 5919//5919 5560//5560
f 5952//5952 5560//5560 5559//5559
f 5826//5826 5740//5740 5916//5916
f 5826//5826 5916//5916 5961//5961
f 5962//5962 5917//5917 5854//5854
f 5962//5962 5854//5854 5781//5781
f 5702//5702 5770//5770 5970//5970
f 5702//5702 5970//5970 5947//5947
f 5946//5946 5971//5971 5573//5573
f 5946//5946 5573//5573 5572//5572
f 5769//5769 5834//5834 5974//5974
f 5769//5769 5974//5974 5955//5955
f 5956//5956 5973//5973 5550//5550
f 5956//5956 5550//5550 5801//5801
f 5696//5696 5862//5862 5914//5914
f 5696//5696 5914//5914 5941//5941
f 5940//5940 5913//5913 5598//5598
f 5940//5940 5598//5598 5597//5597
f 5859//5859 5728//5728 5910//5910
f 5859//5859 5910//5910 5949//5949
f 5950//5950 5911//5911 5771//5771
f 5950//5950 5771//5771 5736//5736
f 5690//5690 5761//5761 5964//5964
f 5690//5690 5964//5964 5935//5935
f 5934//5934 5965//5965 5569//5569
f 5934//5934 5569//5569 5568//5568
f 5760//5760 5842//5842 5968//5968
f 5760//5760 5968//5968 5943//5943
f 5944//5944 5967//5967 5542//5542
f 5944//5944 5542//5542 5800//5800
f 5684//5684 5721//5721 5908//5908
f 5684//5684 5908//5908 5929//5929
f 5928//5928 5907//5907 5876//5876
f 5928//5928 5876//5876 5875//5875
f 5868//5868 5873//5873 5904//5904
f 5868//5868 5904//5904 5937//5937
f 5938//5938 5905//5905 5723//5723
f 5938//5938 5723//5723 5722//5722
f 5797//5797 5796//5796 5985//5985
f 5797//5797 5985//5985 5923//5923
f 5922//5922 5986//5986 5563//5563
f 5922//5922 5563//5563 5528//5528
f 5754//5754 5786//5786 5984//5984
f 5754//5754 5984//5984 5931//5931
f 5932//5932 5981//5981 5799//5799
f 5932//5932 5799//5799 5798//5798
f 5987//5987 5988//5988 5989//5989
f 5987//5987 5989//5989 5990//5990
f 5991//5991 5992//5992 5993//5993
f 5991//5991 5993//5993 5994//5994
f 5995//5995 5996//5996 5807//5807
f 5995//5995 5807//5807 5806//5806
f 5997//5997 5998//5998 5999//5999
f 5997//5997 5999//5999 6000//6000
f 6001//6001 6002//6002 6003//6003
f 6001//6001 6003//6003 6004//6004
f 6005//6005 5997//5997 6000//6000
f 6005//6005 6000//6000 6006//6006
f 6007//6007 6008//6008 5818//5818
f 6007//6007 5818//5818 5817//5817
f 6009//6009 6010//6010 6011//6011
f 6009//6009 6011//6011 6012//6012
f 6013//6013 5563//5563 6014//6014
f 6013//6013 6014//6014 6015//6015
f 6016//6016 6017//6017 6018//6018
f 6016//6016 6018//6018 6019//6019
f 6020//6020 6021//6021 5788//5788
f 6020//6020 5788//5788 5787//5787
f 6022//6022 5996//5996 5993//5993
f 6022//6022 5993//5993 6023//6023
f 6024//6024 5676//5676 5679//5679
f 6024//6024 5679//5679 6025//6025
f 6026//6026 6022//6022 6023//6023
f 6026//6026 6023//6023 6027//6027
f 6028//6028 6029//6029 5831//5831
f 6028//6028 5831//5831 5830//5830
f 6030//6030 6031//6031 6032//6032
f 6030//6030 6032//6032 6033//6033
f 5598//5598 5731//5731 6034//6034
f 5598//5598 6034//6034 6035//6035
f 6036//6036 6037//6037 6038//6038
f 6036//6036 6038//6038 6039//6039
f 6040//6040 6041//6041 5775//5775
f 6040//6040 5775//5775 5774//5774
f 6042//6042 6043//6043 6044//6044
f 6042//6042 6044//6044 6045//6045
f 6046//6046 6047//6047 5881//5881
f 6046//6046 5881//5881 5880//5880
f 6048//6048 6042//6042 6045//6045
f 6048//6048 6045//6045 6049//6049
f 5557//5557 6030//6030 6033//6033
f 5557//5557 6033//6033 6050//6050
f 6051//6051 6052//6052 6053//6053
f 6051//6051 6053//6053 6054//6054
f 6055//6055 6056//6056 5768//5768
f 6055//6055 5768//5768 5767//5767
f 6057//6057 5724//5724 5727//5727
f 6057//6057 5727//5727 6058//6058
f 6059//6059 6060//6060 6061//6061
f 6059//6059 6061//6061 6062//6062
f 6063//6063 6064//6064 6065//6065
f 6063//6063 6065//6065 6066//6066
f 6067//6067 6068//6068 5885//5885
f 6067//6067 5885//5885 5884//5884
f 6069//6069 6063//6063 6066//6066
f 6069//6069 6066//6066 6070//6070
f 6071//6071 6072//6072 6073//6073
f 6071//6071 6073//6073 6074//6074
f 6075//6075 6076//6076 6077//6077
f 6075//6075 6077//6077 6078//6078
f 6079//6079 6080//6080 5759//5759
f 6079//6079 5759//5759 5758//5758
f 6081//6081 6082//6082 6083//6083
f 6081//6081 6083//6083 6084//6084
f 6085//6085 6086//6086 6087//6087
f 6085//6085 6087//6087 6088//6088
f 6089//6089 6090//6090 6091//6091
f 6089//6089 6091//6091 6092//6092
f 6093//6093 6094//6094 5753//5753
f 6093//6093 5753//5753 5752//5752
f 6095//6095 6096//6096 6097//6097
f 6095//6095 6097//6097 6098//6098
f 6099//6099 5827//5827 6100//6100
f 6099//6099 6100//6100 6101//6101
f 5855//5855 6102//6102 6103//6103
f 5855//5855 6103//6103 5856//5856
f 5832//5832 5899//5899 5902//5902
f 5832//5832 5902//5902 6104//6104
f 6105//6105 6106//6106 6107//6107
f 6105//6105 6107//6107 6108//6108
f 6109//6109 6110//6110 5742//5742
f 6109//6109 5742//5742 5741//5741
f 6111//6111 6112//6112 6113//6113
f 6111//6111 6113//6113 6114//6114
f 6115//6115 6116//6116 6117//6117
f 6115//6115 6117//6117 6118//6118
f 6119//6119 6111//6111 6114//6114
f 6119//6119 6114//6114 6120//6120
f 6121//6121 6122//6122 5674//5674
f 6121//6121 5674//5674 5673//5673
f 6123//6123 6124//6124 6125//6125
f 6123//6123 6125//6125 6126//6126
f 6127//6127 6128//6128 6129//6129
f 6127//6127 6129//6129 6130//6130
f 6131//6131 6132//6132 6133//6133
f 6131//6131 6133//6133 6134//6134
f 6135//6135 6136//6136 5730//5730
f 6135//6135 5730//5730 5729//5729
f 6137//6137 6138//6138 6139//6139
f 6137//6137 6139//6139 6140//6140
f 6141//6141 6142//6142 6143//6143
f 6141//6141 6143//6143 6144//6144
f 6145//6145 6137//6137 6140//6140
f 6145//6145 6140//6140 6146//6146
f 6147//6147 6148//6148 5664//5664
f 6147//6147 5664//5664 5663//5663
f 6149//6149 6150//6150 6151//6151
f 6149//6149 6151//6151 6152//6152
f 6153//6153 6154//6154 5595//5595
f 6153//6153 5595//5595 5594//5594
f 6155//6155 6149//6149 6152//6152
f 6155//6155 6152//6152 6156//6156
f 6124//6124 6157//6157 6158//6158
f 6124//6124 6158//6158 6125//6125
f 6159//6159 6160//6160 6161//6161
f 6159//6159 6161//6161 6162//6162
f 6163//6163 6164//6164 5600//5600
f 6163//6163 5600//5600 5599//5599
f 6165//6165 6166//6166 6167//6167
f 6165//6165 6167//6167 6156//6156
f 6155//6155 6168//6168 5878//5878
f 6155//6155 5878//5878 5877//5877
f 6169//6169 6170//6170 6113//6113
f 6169//6169 6113//6113 6049//6049
f 6048//6048 6112//6112 5575//5575
f 6048//6048 5575//5575 5574//5574
f 6171//6171 6172//6172 6139//6139
f 6171//6171 6139//6139 6070//6070
f 6069//6069 6138//6138 5571//5571
f 6069//6069 5571//5571 5570//5570
f 6173//6173 6174//6174 5999//5999
f 6173//6173 5999//5999 6175//6175
f 6176//6176 5998//5998 5565//5565
f 6176//6176 5565//5565 5564//5564
f 6177//6177 6178//6178 6179//6179
f 6177//6177 6179//6179 6180//6180
f 6181//6181 6182//6182 5562//5562
f 6181//6181 5562//5562 5561//5561
f 5605//5605 5805//5805 6183//6183
f 5605//5605 6183//6183 5606//5606
f 5763//5763 6184//6184 6185//6185
f 5763//5763 6185//6185 5764//5764
f 6186//6186 6187//6187 6188//6188
f 6186//6186 6188//6188 6189//6189
f 5989//5989 6190//6190 6191//6191
f 5989//5989 6191//6191 6192//6192
f 6193//6193 6194//6194 6195//6195
f 6193//6193 6195//6195 6196//6196
f 5744//5744 6197//6197 6198//6198
f 5744//5744 6198//6198 5745//5745
f 6199//6199 6200//6200 6201//6201
f 6199//6199 6201//6201 6202//6202
f 6082//6082 6203//6203 6204//6204
f 6082//6082 6204//6204 6083//6083
f 6205//6205 6206//6206 6207//6207
f 6205//6205 6207//6207 6208//6208
f 6209//6209 6210//6210 6211//6211
f 6209//6209 6211//6211 6212//6212
f 6213//6213 6214//6214 6215//6215
f 6213//6213 6215//6215 6216//6216
f 5876//5876 5872//5872 6217//6217
f 5876//5876 6217//6217 6218//6218
f 6219//6219 5773//5773 6220//6220
f 6219//6219 6220//6220 6221//6221
f 6222//6222 6223//6223 6224//6224
f 6222//6222 6224//6224 6225//6225
f 6226//6226 6227//6227 6228//6228
f 6226//6226 6228//6228 6229//6229
f 6091//6091 6019//6019 6020//6020
f 6091//6091 6020//6020 6094//6094
f 6077//6077 6065//6065 6064//6064
f 6077//6077 6064//6064 6080//6080
f 6053//6053 6044//6044 6043//6043
f 6053//6053 6043//6043 6056//6056
f 6006//6006 6039//6039 6040//6040
f 6006//6006 6040//6040 6005//6005
f 6146//6146 6151//6151 6150//6150
f 6146//6146 6150//6150 6145//6145
f 6120//6120 6134//6134 6135//6135
f 6120//6120 6135//6135 6119//6119
f 6027//6027 6108//6108 6109//6109
f 6027//6027 6109//6109 6026//6026
f 6180//6180 6179//6179 6182//6182
f 6180//6180 6182//6182 6181//6181
f 6175//6175 5999//5999 5998//5998
f 6175//6175 5998//5998 6176//6176
f 6070//6070 6139//6139 6138//6138
f 6070//6070 6138//6138 6069//6069
f 6049//6049 6113//6113 6112//6112
f 6049//6049 6112//6112 6048//6048
f 6156//6156 6167//6167 6168//6168
f 6156//6156 6168//6168 6155//6155
f 6162//6162 6161//6161 6164//6164
f 6162//6162 6164//6164 6163//6163
f 5896//5896 6230//6230 6231//6231
f 5896//5896 6231//6231 6232//6232
f 5871//5871 5874//5874 6150//6150
f 5871//5871 6150//6150 6149//6149
f 5867//5867 5870//5870 6137//6137
f 5867//5867 6137//6137 6145//6145
f 5827//5827 5804//5804 6233//6233
f 5827//5827 6233//6233 6100//6100
f 6134//6134 6133//6133 6136//6136
f 6134//6134 6136//6136 6135//6135
f 6133//6133 6162//6162 6163//6163
f 6133//6133 6163//6163 6136//6136
f 5858//5858 5861//5861 6111//6111
f 5858//5858 6111//6111 6119//6119
f 6234//6234 5747//5747 5750//5750
f 6234//6234 5750//5750 6235//6235
f 6108//6108 6107//6107 6110//6110
f 6108//6108 6110//6110 6109//6109
f 6107//6107 6180//6180 6181//6181
f 6107//6107 6181//6181 6110//6110
f 6167//6167 6092//6092 6093//6093
f 6167//6167 6093//6093 6168//6168
f 6092//6092 6091//6091 6094//6094
f 6092//6092 6094//6094 6093//6093
f 6161//6161 6078//6078 6079//6079
f 6161//6161 6079//6079 6164//6164
f 6078//6078 6077//6077 6080//6080
f 6078//6078 6080//6080 6079//6079
f 6236//6236 6237//6237 6238//6238
f 6236//6236 6238//6238 6239//6239
f 5840//5840 5843//5843 6064//6064
f 5840//5840 6064//6064 6063//6063
f 6179//6179 6054//6054 6055//6055
f 6179//6179 6055//6055 6182//6182
f 6054//6054 6053//6053 6056//6056
f 6054//6054 6056//6056 6055//6055
f 6240//6240 6241//6241 6242//6242
f 6240//6240 6242//6242 6243//6243
f 5833//5833 5835//5835 6043//6043
f 5833//5833 6043//6043 6042//6042
f 6039//6039 6038//6038 6041//6041
f 6039//6039 6041//6041 6040//6040
f 6038//6038 5994//5994 5995//5995
f 6038//6038 5995//5995 6041//6041
f 5825//5825 5828//5828 6022//6022
f 5825//5825 6022//6022 6026//6026
f 6237//6237 6244//6244 6245//6245
f 6237//6237 6245//6245 6238//6238
f 6019//6019 6018//6018 6021//6021
f 6019//6019 6021//6021 6020//6020
f 6018//6018 6175//6175 6176//6176
f 6018//6018 6176//6176 6021//6021
f 5813//5813 5815//5815 5997//5997
f 5813//5813 5997//5997 6005//6005
f 5810//5810 6246//6246 6247//6247
f 5810//5810 6247//6247 5811//5811
f 5994//5994 5993//5993 5996//5996
f 5994//5994 5996//5996 5995//5995
f 6248//6248 5762//5762 5765//5765
f 6248//6248 5765//5765 6249//6249
f 6250//6250 6251//6251 6252//6252
f 6250//6250 6252//6252 6253//6253
f 6254//6254 5834//5834 6255//6255
f 6254//6254 6255//6255 6256//6256
f 6257//6257 6258//6258 6259//6259
f 6257//6257 6259//6259 6260//6260
f 5882//5882 6261//6261 6262//6262
f 5882//5882 6262//6262 6263//6263
f 5783//5783 6264//6264 6265//6265
f 5783//5783 6265//6265 5784//5784
f 6266//6266 6267//6267 6268//6268
f 6266//6266 6268//6268 6269//6269
f 5510//5510 5509//5509 6178//6178
f 5510//5510 6178//6178 6177//6177
f 5556//5556 5555//5555 6174//6174
f 5556//5556 6174//6174 6173//6173
f 5693//5693 5692//5692 6172//6172
f 5693//5693 6172//6172 6171//6171
f 5705//5705 5704//5704 6170//6170
f 5705//5705 6170//6170 6169//6169
f 5502//5502 5501//5501 6166//6166
f 5502//5502 6166//6166 6165//6165
f 5506//5506 5505//5505 6160//6160
f 5506//5506 6160//6160 6159//6159
f 6270//6270 6209//6209 6212//6212
f 6270//6270 6212//6212 6271//6271
f 6152//6152 6151//6151 6154//6154
f 6152//6152 6154//6154 6153//6153
f 6146//6146 6140//6140 6148//6148
f 6146//6146 6148//6148 6147//6147
f 6264//6264 6272//6272 6273//6273
f 6264//6264 6273//6273 6265//6265
f 5576//5576 5579//5579 6132//6132
f 5576//5576 6132//6132 6131//6131
f 6274//6274 6275//6275 6276//6276
f 6274//6274 6276//6276 6277//6277
f 6120//6120 6114//6114 6122//6122
f 6120//6120 6122//6122 6121//6121
f 5748//5748 6278//6278 6279//6279
f 5748//5748 6279//6279 5749//5749
f 5584//5584 5587//5587 6106//6106
f 5584//5584 6106//6106 6105//6105
f 5786//5786 5754//5754 6280//6280
f 5786//5786 6280//6280 6281//6281
f 6282//6282 6283//6283 6284//6284
f 6282//6282 6284//6284 6285//6285
f 5686//5686 5689//5689 6090//6090
f 5686//5686 6090//6090 6089//6089
f 6286//6286 6287//6287 6288//6288
f 6286//6286 6288//6288 6289//6289
f 5698//5698 5701//5701 6076//6076
f 5698//5698 6076//6076 6075//6075
f 6290//6290 5766//5766 6291//6291
f 6290//6290 6291//6291 6292//6292
f 6066//6066 6065//6065 6068//6068
f 6066//6066 6068//6068 6067//6067
f 6293//6293 6294//6294 6295//6295
f 6293//6293 6295//6295 6296//6296
f 5710//5710 5713//5713 6052//6052
f 5710//5710 6052//6052 6051//6051
f 5711//5711 6248//6248 6249//6249
f 5711//5711 6249//6249 6297//6297
f 6045//6045 6044//6044 6047//6047
f 6045//6045 6047//6047 6046//6046
f 5895//5895 5898//5898 6037//6037
f 5895//5895 6037//6037 6036//6036
f 6298//6298 6299//6299 6300//6300
f 6298//6298 6300//6300 6301//6301
f 6027//6027 6023//6023 6029//6029
f 6027//6027 6029//6029 6028//6028
f 6302//6302 6115//6115 6118//6118
f 6302//6302 6118//6118 6303//6303
f 5716//5716 5719//5719 6017//6017
f 5716//5716 6017//6017 6016//6016
f 6261//6261 5794//5794 5795//5795
f 6261//6261 5795//5795 6262//6262
f 6006//6006 6000//6000 6008//6008
f 6006//6006 6008//6008 6007//6007
f 5725//5725 6304//6304 6305//6305
f 5725//5725 6305//6305 5726//5726
f 5988//5988 5987//5987 5992//5992
f 5988//5988 5992//5992 5991//5991
f 6306//6306 6307//6307 6308//6308
f 6306//6306 6308//6308 6309//6309
f 6310//6310 6311//6311 6312//6312
f 6310//6310 6312//6312 6313//6313
f 6314//6314 6315//6315 6316//6316
f 6314//6314 6316//6316 6317//6317
f 6318//6318 6319//6319 6320//6320
f 6318//6318 6320//6320 6321//6321
f 6322//6322 6323//6323 6324//6324
f 6322//6322 6324//6324 6325//6325
f 6326//6326 6327//6327 6328//6328
f 6326//6326 6328//6328 6329//6329
f 6330//6330 6331//6331 6332//6332
f 6330//6330 6332//6332 6333//6333
f 6334//6334 6335//6335 6336//6336
f 6334//6334 6336//6336 6337//6337
f 6338//6338 6339//6339 6340//6340
f 6338//6338 6340//6340 6341//6341
f 6342//6342 6343//6343 6344//6344
f 6342//6342 6344//6344 6345//6345
f 6346//6346 6347//6347 6348//6348
f 6346//6346 6348//6348 6349//6349
f 6350//6350 6351//6351 6352//6352
f 6350//6350 6352//6352 6353//6353
f 6354//6354 6355//6355 6356//6356
f 6354//6354 6356//6356 6357//6357
f 6358//6358 6359//6359 6360//6360
f 6358//6358 6360//6360 6361//6361
f 6362//6362 6363//6363 6364//6364
f 6362//6362 6364//6364 6365//6365
f 6366//6366 6367//6367 6368//6368
f 6366//6366 6368//6368 6369//6369
f 6370//6370 6371//6371 6372//6372
f 6370//6370 6372//6372 6373//6373
f 6374//6374 6375//6375 6376//6376
f 6374//6374 6376//6376 6377//6377
f 6378//6378 6379//6379 6380//6380
f 6378//6378 6380//6380 6381//6381
f 6382//6382 6383//6383 6384//6384
f 6382//6382 6384//6384 6385//6385
f 6386//6386 6387//6387 6388//6388
f 6386//6386 6388//6388 6389//6389
f 6390//6390 6391//6391 6392//6392
f 6390//6390 6392//6392 6393//6393
f 6394//6394 6395//6395 6396//6396
f 6394//6394 6396//6396 6397//6397
f 6398//6398 6399//6399 6400//6400
f 6398//6398 6400//6400 6401//6401
f 6402//6402 6403//6403 6404//6404
f 6402//6402 6404//6404 6405//6405
f 6406//6406 6407//6407 6408//6408
f 6406//6406 6408//6408 6409//6409
f 6410//6410 6411//6411 6412//6412
f 6410//6410 6412//6412 6413//6413
f 6414//6414 6415//6415 6416//6416
f 6414//6414 6416//6416 6417//6417
f 6418//6418 6419//6419 6420//6420
f 6418//6418 6420//6420 6421//6421
f 6422//6422 6423//6423 6424//6424
f 6422//6422 6424//6424 6425//6425
f 6426//6426 6427//6427 6428//6428
f 6426//6426 6428//6428 6429//6429
f 6430//6430 6431//6431 6432//6432
f 6430//6430 6432//6432 6433//6433
f 6434//6434 6435//6435 6436//6436
f 6434//6434 6436//6436 6437//6437
f 6438//6438 6439//6439 6440//6440
f 6438//6438 6440//6440 6441//6441
f 6442//6442 6443//6443 6444//6444
f 6442//6442 6444//6444 6445//6445
f 6446//6446 6447//6447 6448//6448
f 6446//6446 6448//6448 6449//6449
f 6450//6450 6451//6451 6452//6452
f 6450//6450 6452//6452 6453//6453
f 6454//6454 6455//6455 6456//6456
f 6454//6454 6456//6456 6457//6457
f 6458//6458 6459//6459 6460//6460
f 6458//6458 6460//6460 6461//6461
f 6462//6462 6463//6463 6464//6464
f 6462//6462 6464//6464 6465//6465
f 6466//6466 6467//6467 6468//6468
f 6466//6466 6468//6468 6469//6469
f 6470//6470 6471//6471 6416//6416
f 6470//6470 6416//6416 6415//6415
f 6472//6472 6473//6473 6474//6474
f 6472//6472 6474//6474 6475//6475
f 6476//6476 6477//6477 6412//6412
f 6476//6476 6412//6412 6411//6411
f 6478//6478 6479//6479 6408//6408
f 6478//6478 6408//6408 6407//6407
f 6480//6480 6481//6481 6482//6482
f 6480//6480 6482//6482 6483//6483
f 6484//6484 6485//6485 6404//6404
f 6484//6484 6404//6404 6403//6403
f 6486//6486 6487//6487 6348//6348
f 6486//6486 6348//6348 6347//6347
f 6488//6488 6489//6489 6490//6490
f 6488//6488 6490//6490 6491//6491
f 6492//6492 6493//6493 6400//6400
f 6492//6492 6400//6400 6399//6399
f 6494//6494 6495//6495 6344//6344
f 6494//6494 6344//6344 6343//6343
f 6496//6496 6497//6497 6498//6498
f 6496//6496 6498//6498 6499//6499
f 6500//6500 6501//6501 6396//6396
f 6500//6500 6396//6396 6395//6395
f 6502//6502 6503//6503 6504//6504
f 6502//6502 6504//6504 6505//6505
f 6506//6506 6507//6507 6392//6392
f 6506//6506 6392//6392 6391//6391
f 6508//6508 6509//6509 6510//6510
f 6508//6508 6510//6510 6511//6511
f 6512//6512 6513//6513 6388//6388
f 6512//6512 6388//6388 6387//6387
f 6514//6514 6515//6515 6384//6384
f 6514//6514 6384//6384 6383//6383
f 6516//6516 6517//6517 6518//6518
f 6516//6516 6518//6518 6519//6519
f 6520//6520 6521//6521 6380//6380
f 6520//6520 6380//6380 6379//6379
f 6522//6522 6523//6523 6376//6376
f 6522//6522 6376//6376 6375//6375
f 6524//6524 6525//6525 6526//6526
f 6524//6524 6526//6526 6527//6527
f 6528//6528 6529//6529 6530//6530
f 6528//6528 6530//6530 6531//6531
f 6532//6532 6533//6533 6341//6341
f 6532//6532 6341//6341 6340//6340
f 6534//6534 6535//6535 6536//6536
f 6534//6534 6536//6536 6537//6537
f 6538//6538 6539//6539 6337//6337
f 6538//6538 6337//6337 6336//6336
f 6540//6540 6541//6541 6542//6542
f 6540//6540 6542//6542 6543//6543
f 6544//6544 6545//6545 6333//6333
f 6544//6544 6333//6333 6332//6332
f 6546//6546 6547//6547 6548//6548
f 6546//6546 6548//6548 6549//6549
f 6550//6550 6551//6551 6321//6321
f 6550//6550 6321//6321 6320//6320
f 6552//6552 6553//6553 6554//6554
f 6552//6552 6554//6554 6555//6555
f 6556//6556 6557//6557 6317//6317
f 6556//6556 6317//6317 6316//6316
f 6558//6558 6559//6559 6560//6560
f 6558//6558 6560//6560 6561//6561
f 6562//6562 6563//6563 6313//6313
f 6562//6562 6313//6313 6312//6312
f 6564//6564 6565//6565 6566//6566
f 6564//6564 6566//6566 6567//6567
f 6568//6568 6569//6569 6309//6309
f 6568//6568 6309//6309 6308//6308
f 6570//6570 6527//6527 6526//6526
f 6570//6570 6526//6526 6571//6571
f 6358//6358 6361//6361 6572//6572
f 6358//6358 6572//6572 6573//6573
f 6450//6450 6453//6453 6574//6574
f 6450//6450 6574//6574 6575//6575
f 6446//6446 6449//6449 6576//6576
f 6446//6446 6576//6576 6577//6577
f 6434//6434 6437//6437 6578//6578
f 6434//6434 6578//6578 6579//6579
f 6426//6426 6429//6429 6580//6580
f 6426//6426 6580//6580 6581//6581
f 6422//6422 6425//6425 6582//6582
f 6422//6422 6582//6582 6583//6583
f 6418//6418 6421//6421 6584//6584
f 6418//6418 6584//6584 6585//6585
f 6443//6443 6442//6442 6565//6565
f 6443//6443 6565//6565 6564//6564
f 6439//6439 6438//6438 6559//6559
f 6439//6439 6559//6559 6558//6558
f 6431//6431 6430//6430 6553//6553
f 6431//6431 6553//6553 6552//6552
f 6323//6323 6322//6322 6547//6547
f 6323//6323 6547//6547 6546//6546
f 6463//6463 6462//6462 6541//6541
f 6463//6463 6541//6541 6540//6540
f 6459//6459 6458//6458 6535//6535
f 6459//6459 6535//6535 6534//6534
f 6455//6455 6454//6454 6529//6529
f 6455//6455 6529//6529 6528//6528
f 6586//6586 6587//6587 6525//6525
f 6586//6586 6525//6525 6524//6524
f 6588//6588 6589//6589 6523//6523
f 6588//6588 6523//6523 6522//6522
f 6362//6362 6365//6365 6517//6517
f 6362//6362 6517//6517 6516//6516
f 6590//6590 6591//6591 6515//6515
f 6590//6590 6515//6515 6514//6514
f 6366//6366 6369//6369 6509//6509
f 6366//6366 6509//6509 6508//6508
f 6370//6370 6373//6373 6503//6503
f 6370//6370 6503//6503 6502//6502
f 6354//6354 6357//6357 6497//6497
f 6354//6354 6497//6497 6496//6496
f 6592//6592 6593//6593 6495//6495
f 6592//6592 6495//6495 6494//6494
f 6466//6466 6469//6469 6489//6489
f 6466//6466 6489//6489 6488//6488
f 6594//6594 6595//6595 6487//6487
f 6594//6594 6487//6487 6486//6486
f 6350//6350 6353//6353 6481//6481
f 6350//6350 6481//6481 6480//6480
f 6596//6596 6597//6597 6479//6479
f 6596//6596 6479//6479 6478//6478
f 6326//6326 6329//6329 6473//6473
f 6326//6326 6473//6473 6472//6472
f 6598//6598 6599//6599 6471//6471
f 6598//6598 6471//6471 6470//6470
f 6072//6072 6600//6600 6601//6601
f 6072//6072 6601//6601 6073//6073
f 6602//6602 6603//6603 6604//6604
f 6602//6602 6604//6604 6605//6605
f 5677//5677 6606//6606 6607//6607
f 5677//5677 6607//6607 5678//5678
f 6608//6608 6609//6609 6610//6610
f 6608//6608 6610//6610 6611//6611
f 6612//6612 5517//5517 5520//5520
f 6612//6612 5520//5520 6613//6613
f 6614//6614 6615//6615 6616//6616
f 6614//6614 6616//6616 6617//6617
f 5593//5593 5503//5503 6618//6618
f 5593//5593 6618//6618 6619//6619
f 6620//6620 6621//6621 6622//6622
f 6620//6620 6622//6622 6623//6623
f 6624//6624 5821//5821 5824//5824
f 6624//6624 5824//5824 6625//6625
f 6010//6010 6626//6626 6627//6627
f 6010//6010 6627//6627 6011//6011
f 6628//6628 6629//6629 6630//6630
f 6628//6628 6630//6630 6631//6631
f 6632//6632 6633//6633 6634//6634
f 6632//6632 6634//6634 6635//6635
f 6206//6206 6636//6636 6637//6637
f 6206//6206 6637//6637 6207//6207
f 6190//6190 6141//6141 6144//6144
f 6190//6190 6144//6144 6191//6191
f 5695//5695 5665//5665 6638//6638
f 5695//5695 6638//6638 6639//6639
f 6640//6640 6641//6641 6642//6642
f 6640//6640 6642//6642 6643//6643
f 6644//6644 6219//6219 6221//6221
f 6644//6644 6221//6221 6645//6645
f 5503//5503 6646//6646 6647//6647
f 5503//5503 6647//6647 6618//6618
f 6648//6648 6649//6649 6650//6650
f 6648//6648 6650//6650 6651//6651
f 6603//6603 6652//6652 6653//6653
f 6603//6603 6653//6653 6604//6604
f 6654//6654 6123//6123 6126//6126
f 6654//6654 6126//6126 6655//6655
f 6656//6656 6657//6657 6658//6658
f 6656//6656 6658//6658 6659//6659
f 5578//5578 5507//5507 6660//6660
f 5578//5578 6660//6660 6661//6661
f 6662//6662 6663//6663 6664//6664
f 6662//6662 6664//6664 6665//6665
f 6666//6666 6254//6254 6256//6256
f 6666//6666 6256//6256 6667//6667
f 6668//6668 6669//6669 6670//6670
f 6668//6668 6670//6670 6671//6671
f 6672//6672 6673//6673 6674//6674
f 6672//6672 6674//6674 6675//6675
f 5521//5521 6676//6676 6677//6677
f 5521//5521 6677//6677 5522//5522
f 6258//6258 5876//5876 6218//6218
f 6258//6258 6218//6218 6259//6259
f 5707//5707 5675//5675 6678//6678
f 5707//5707 6678//6678 6679//6679
f 6680//6680 5777//5777 5780//5780
f 6680//6680 5780//5780 6681//6681
f 6682//6682 6290//6290 6292//6292
f 6682//6682 6292//6292 6683//6683
f 6128//6128 6684//6684 6685//6685
f 6128//6128 6685//6685 6129//6129
f 5751//5751 5875//5875 6686//6686
f 5751//5751 6686//6686 6687//6687
f 6688//6688 6689//6689 6690//6690
f 6688//6688 6690//6690 6691//6691
f 6692//6692 6693//6693 6694//6694
f 6692//6692 6694//6694 6695//6695
f 6652//6652 6696//6696 6697//6697
f 6652//6652 6697//6697 6653//6653
f 5586//5586 5511//5511 6698//6698
f 5586//5586 6698//6698 6699//6699
f 6700//6700 6701//6701 6702//6702
f 6700//6700 6702//6702 6703//6703
f 6609//6609 6704//6704 6705//6705
f 6609//6609 6705//6705 6610//6610
f 6706//6706 6707//6707 6708//6708
f 6706//6706 6708//6708 6709//6709
f 6710//6710 5844//5844 5845//5845
f 6710//6710 5845//5845 6711//6711
f 5805//5805 5776//5776 6712//6712
f 5805//5805 6712//6712 6183//6183
f 5596//5596 6274//6274 6277//6277
f 5596//5596 6277//6277 6713//6713
f 5504//5504 5687//5687 6714//6714
f 5504//5504 6714//6714 6715//6715
f 6716//6716 6717//6717 6718//6718
f 6716//6716 6718//6718 6719//6719
f 6720//6720 5873//5873 6721//6721
f 6720//6720 6721//6721 6722//6722
f 6287//6287 6656//6656 6659//6659
f 6287//6287 6659//6659 6288//6288
f 6621//6621 6723//6723 6724//6724
f 6621//6621 6724//6724 6622//6622
f 6725//6725 6726//6726 6727//6727
f 6725//6725 6727//6727 6728//6728
f 6717//6717 6729//6729 6730//6730
f 6717//6717 6730//6730 6718//6718
f 5508//5508 5699//5699 6731//6731
f 5508//5508 6731//6731 6732//6732
f 6275//6275 5732//5732 5735//5735
f 6275//6275 5735//5735 6276//6276
f 6723//6723 6733//6733 6734//6734
f 6723//6723 6734//6734 6724//6724
f 6735//6735 6736//6736 6737//6737
f 6735//6735 6737//6737 6738//6738
f 6739//6739 6740//6740 6741//6741
f 6739//6739 6741//6741 6742//6742
f 6646//6646 6236//6236 6239//6239
f 6646//6646 6239//6239 6647//6647
f 6743//6743 6744//6744 6745//6745
f 6743//6743 6745//6745 6746//6746
f 6102//6102 6735//6735 6738//6738
f 6102//6102 6738//6738 6103//6103
f 5665//5665 6692//6692 6695//6695
f 5665//5665 6695//6695 6638//6638
f 5883//5883 5694//5694 6747//6747
f 5883//5883 6747//6747 6748//6748
f 6749//6749 6750//6750 6751//6751
f 6749//6749 6751//6751 6752//6752
f 6096//6096 6001//6001 6004//6004
f 6096//6096 6004//6004 6097//6097
f 6753//6753 5869//5869 6754//6754
f 6753//6753 6754//6754 6755//6755
f 6756//6756 6757//6757 6758//6758
f 6756//6756 6758//6758 6759//6759
f 6760//6760 6761//6761 6762//6762
f 6760//6760 6762//6762 6763//6763
f 5512//5512 5711//5711 6297//6297
f 5512//5512 6297//6297 6764//6764
f 6765//6765 6624//6624 6625//6625
f 6765//6765 6625//6625 6766//6766
f 6767//6767 6768//6768 6769//6769
f 6767//6767 6769//6769 6770//6770
f 6194//6194 6771//6771 6772//6772
f 6194//6194 6772//6772 6195//6195
f 6773//6773 6774//6774 6775//6775
f 6773//6773 6775//6775 6776//6776
f 5694//5694 5668//5668 5671//5671
f 5694//5694 5671//5671 6747//6747
f 5879//5879 5706//5706 6777//6777
f 5879//5879 6777//6777 6778//6778
f 6669//6669 6779//6779 6780//6780
f 6669//6669 6780//6780 6670//6670
f 5892//5892 5569//5569 5890//5890
f 5892//5892 5890//5890 5893//5893
f 6781//6781 6782//6782 6783//6783
f 6781//6781 6783//6783 6784//6784
f 6785//6785 6081//6081 6084//6084
f 6785//6785 6084//6084 6786//6786
f 5869//5869 5568//5568 6787//6787
f 5869//5869 6787//6787 6754//6754
f 5577//5577 6788//6788 6789//6789
f 5577//5577 6789//6789 6790//6790
f 6791//6791 6792//6792 6793//6793
f 6791//6791 6793//6793 6794//6794
f 5897//5897 5989//5989 6192//6192
f 5897//5897 6192//6192 6795//6795
f 6796//6796 6797//6797 6798//6798
f 6796//6796 6798//6798 6799//6799
f 6800//6800 6801//6801 6802//6802
f 6800//6800 6802//6802 6803//6803
f 6060//6060 6085//6085 6088//6088
f 6060//6060 6088//6088 6061//6061
f 5563//5563 5789//5789 6804//6804
f 5563//5563 6804//6804 6014//6014
f 6805//6805 5728//5728 6806//6806
f 6805//6805 6806//6806 6807//6807
f 6808//6808 6809//6809 6810//6810
f 6808//6808 6810//6810 6811//6811
f 5990//5990 5832//5832 6104//6104
f 5990//5990 6104//6104 6812//6812
f 6813//6813 6814//6814 6815//6815
f 6813//6813 6815//6815 6816//6816
f 6031//6031 6817//6817 6818//6818
f 6031//6031 6818//6818 6032//6032
f 6649//6649 6819//6819 6820//6820
f 6649//6649 6820//6820 6650//6650
f 6821//6821 6822//6822 6823//6823
f 6821//6821 6823//6823 6824//6824
f 6817//6817 6825//6825 6826//6826
f 6817//6817 6826//6826 6818//6818
f 6827//6827 6828//6828 6829//6829
f 6827//6827 6829//6829 6830//6830
f 5718//5718 5557//5557 6050//6050
f 5718//5718 6050//6050 6831//6831
f 6629//6629 6821//6821 6824//6824
f 6629//6629 6824//6824 6630//6630
f 6809//6809 6832//6832 6833//6833
f 6809//6809 6833//6833 6810//6810
f 5773//5773 5814//5814 6834//6834
f 5773//5773 6834//6834 6220//6220
f 5507//5507 6672//6672 6675//6675
f 5507//5507 6675//6675 6660//6660
f 6641//6641 6835//6835 6836//6836
f 6641//6641 6836//6836 6642//6642
f 6837//6837 6013//6013 6015//6015
f 6837//6837 6015//6015 6838//6838
f 6839//6839 5598//5598 6035//6035
f 6839//6839 6035//6035 6840//6840
f 5558//5558 5819//5819 5857//5857
f 5558//5558 5857//5857 6841//6841
f 6842//6842 6805//6805 6807//6807
f 6842//6842 6807//6807 6843//6843
f 5666//5666 6844//6844 6845//6845
f 5666//5666 6845//6845 5667//5667
f 6828//6828 6846//6846 6847//6847
f 6828//6828 6847//6847 6829//6829
f 6848//6848 6009//6009 6012//6012
f 6848//6848 6012//6012 6849//6849
f 6850//6850 6756//6756 6759//6759
f 6850//6850 6759//6759 6851//6851
f 6774//6774 6852//6852 6853//6853
f 6774//6774 6853//6853 6775//6775
f 5675//5675 6628//6628 6631//6631
f 5675//5675 6631//6631 6678//6678
f 6797//6797 5860//5860 6854//6854
f 6797//6797 6854//6854 6798//6798
f 5816//5816 5896//5896 6232//6232
f 5816//5816 6232//6232 6855//6855
f 6856//6856 6648//6648 6651//6651
f 6856//6856 6651//6651 6857//6857
f 5740//5740 5826//5826 6858//6858
f 5740//5740 6858//6858 6859//6859
f 5757//5757 5597//5597 6860//6860
f 5757//5757 6860//6860 6861//6861
f 6835//6835 6862//6862 6863//6863
f 6835//6835 6863//6863 6836//6836
f 6864//6864 6720//6720 6722//6722
f 6864//6864 6722//6722 6865//6865
f 6866//6866 6813//6813 6816//6816
f 6866//6866 6816//6816 6867//6867
f 6663//6663 6791//6791 6794//6794
f 6663//6663 6794//6794 6664//6664
f 6868//6868 6099//6099 6101//6101
f 6868//6868 6101//6101 6869//6869
f 5706//5706 5782//5782 5785//5785
f 5706//5706 5785//5785 6777//6777
f 6870//6870 6871//6871 6872//6872
f 6870//6870 6872//6872 6873//6873
f 6294//6294 5573//5573 5603//5603
f 6294//6294 5603//5603 6295//6295
f 5829//5829 5585//5585 6874//6874
f 5829//5829 6874//6874 6875//6875
f 6673//6673 6876//6876 6877//6877
f 6673//6673 6877//6877 6674//6674
f 6878//6878 6879//6879 6880//6880
f 6878//6878 6880//6880 6881//6881
f 6882//6882 6883//6883 6884//6884
f 6882//6882 6884//6884 6885//6885
f 5585//5585 6765//6765 6766//6766
f 5585//5585 6766//6766 6874//6874
f 6876//6876 6886//6886 6887//6887
f 6876//6876 6887//6887 6877//6877
f 6888//6888 6889//6889 6890//6890
f 6888//6888 6890//6890 6891//6891
f 5900//5900 6882//6882 6885//6885
f 5900//5900 6885//6885 5901//5901
f 6704//6704 6892//6892 6893//6893
f 6704//6704 6893//6893 6705//6705
f 6894//6894 6895//6895 6896//6896
f 6894//6894 6896//6896 6897//6897
f 5834//5834 5769//5769 6898//6898
f 5834//5834 6898//6898 6255//6255
f 6801//6801 5740//5740 6859//6859
f 6801//6801 6859//6859 6802//6802
f 6899//6899 6839//6839 6840//6840
f 6899//6899 6840//6840 6900//6900
f 6901//6901 6902//6902 6903//6903
f 6901//6901 6903//6903 6904//6904
f 6905//6905 6906//6906 6907//6907
f 6905//6905 6907//6907 6908//6908
f 6909//6909 6781//6781 6784//6784
f 6909//6909 6784//6784 6910//6910
f 5712//5712 5882//5882 6263//6263
f 5712//5712 6263//6263 6911//6911
f 6912//6912 6913//6913 6914//6914
f 6912//6912 6914//6914 6915//6915
f 5864//5864 6916//6916 6917//6917
f 5864//5864 6917//6917 5865//5865
f 6788//6788 6680//6680 6681//6681
f 6788//6788 6681//6681 6789//6789
f 6918//6918 6919//6919 6920//6920
f 6918//6918 6920//6920 6921//6921
f 6922//6922 6905//6905 6908//6908
f 6922//6922 6908//6908 6923//6923
f 6924//6924 5863//5863 5866//5866
f 6924//6924 5866//5866 6925//6925
f 5511//5511 6620//6620 6623//6623
f 5511//5511 6623//6623 6698//6698
f 6750//6750 5560//5560 5739//5739
f 6750//6750 5739//5739 6751//6751
f 5672//5672 5577//5577 6790//6790
f 5672//5672 6790//6790 6926//6926
f 5849//5849 6222//6222 6225//6225
f 5849//5849 6225//6225 5850//5850
f 5728//5728 5859//5859 6927//6927
f 5728//5728 6927//6927 6806//6806
f 5860//5860 5572//5572 6928//6928
f 5860//5860 6928//6928 6854//6854
f 6197//6197 6929//6929 6930//6930
f 6197//6197 6930//6930 6198//6198
f 6931//6931 6706//6706 6709//6709
f 6931//6931 6709//6709 6932//6932
f 6933//6933 6753//6753 6755//6755
f 6933//6933 6755//6755 6934//6934
f 6142//6142 6935//6935 6936//6936
f 6142//6142 6936//6936 6143//6143
f 5687//5687 5513//5513 5516//5516
f 5687//5687 5516//5516 6714//6714
f 5700//5700 5886//5886 6937//6937
f 5700//5700 6937//6937 6938//6938
f 6768//6768 5751//5751 6687//6687
f 6768//6768 6687//6687 6769//6769
f 6939//6939 6940//6940 6941//6941
f 6939//6939 6941//6941 6942//6942
f 5518//5518 6943//6943 6944//6944
f 5518//5518 6944//6944 5519//5519
f 6945//6945 6946//6946 6947//6947
f 6945//6945 6947//6947 6948//6948
f 6230//6230 5838//5838 5839//5839
f 6230//6230 5839//5839 6231//6231
f 6949//6949 6632//6632 6635//6635
f 6949//6949 6635//6635 6950//6950
f 6693//6693 6945//6945 6948//6948
f 6693//6693 6948//6948 6694//6694
f 5842//5842 5760//5760 6951//6951
f 5842//5842 6951//6951 6952//6952
f 5717//5717 6848//6848 6849//6849
f 5717//5717 6849//6849 6953//6953
f 6701//6701 6760//6760 6763//6763
f 6701//6701 6763//6763 6702//6702
f 6954//6954 6955//6955 6956//6956
f 6954//6954 6956//6956 6957//6957
f 5662//5662 5596//5596 6713//6713
f 5662//5662 6713//6713 6958//6958
f 6615//6615 5786//5786 6281//6281
f 6615//6615 6281//6281 6616//6616
f 5699//5699 5790//5790 5791//5791
f 5699//5699 5791//5791 6731//6731
f 6740//6740 6959//6959 6960//6960
f 6740//6740 6960//6960 6741//6741
f 6961//6961 6962//6962 6963//6963
f 6961//6961 6963//6963 6964//6964
f 6744//6744 5757//5757 6861//6861
f 6744//6744 6861//6861 6745//6745
f 6241//6241 6965//6965 6966//6966
f 6241//6241 6966//6966 6242//6242
f 5552//5552 6967//6967 6968//6968
f 5552//5552 6968//6968 5553//5553
f 6969//6969 6970//6970 6971//6971
f 6969//6969 6971//6971 6972//6972
f 6973//6973 5680//5680 5683//5683
f 6973//6973 5683//5683 6974//6974
f 5688//5688 5717//5717 6953//6953
f 5688//5688 6953//6953 6975//6975
f 6976//6976 6716//6716 6719//6719
f 6976//6976 6719//6719 6977//6977
f 5873//5873 5868//5868 6978//6978
f 5873//5873 6978//6978 6721//6721
f 5766//5766 5559//5559 6979//6979
f 5766//5766 6979//6979 6291//6291
f 5886//5886 6024//6024 6025//6025
f 5886//5886 6025//6025 6937//6937
f 6980//6980 6981//6981 6982//6982
f 6980//6980 6982//6982 6983//6983
f 6726//6726 5842//5842 6952//6952
f 6726//6726 6952//6952 6727//6727
f 6689//6689 6984//6984 6985//6985
f 6689//6689 6985//6985 6690//6690
f 6986//6986 6987//6987 6988//6988
f 6986//6986 6988//6988 6989//6989
f 6990//6990 5809//5809 5812//5812
f 6990//6990 5812//5812 6991//6991
f 5592//5592 5590//5590 5591//5591
f 5590//5590 5592//5592 5589//5589
f 5589//5589 5592//5592 5588//5588
f 5611//5611 5609//5609 5610//5610
f 5609//5609 5611//5611 5608//5608
f 5608//5608 5611//5611 5612//5612
f 5615//5615 5613//5613 5614//5614
f 5613//5613 5615//5615 5616//5616
f 5613//5613 5616//5616 5617//5617
f 5620//5620 5618//5618 5619//5619
f 5618//5618 5620//5620 5621//5621
f 5618//5618 5621//5621 5622//5622
f 5624//5624 5627//5627 5623//5623
f 5627//5627 5624//5624 5626//5626
f 5626//5626 5624//5624 5625//5625
f 5629//5629 5632//5632 5628//5628
f 5632//5632 5629//5629 5631//5631
f 5631//5631 5629//5629 5630//5630
f 5633//5633 5636//5636 5637//5637
f 5636//5636 5633//5633 5634//5634
f 5636//5636 5634//5634 5635//5635
f 5639//5639 5592//5592 5638//5638
f 5592//5592 5639//5639 5609//5609
f 5592//5592 5609//5609 5588//5588
f 5617//5617 5619//5619 5613//5613
f 5619//5619 5617//5617 5640//5640
f 5619//5619 5640//5640 5549//5549
f 5623//5623 5541//5541 5629//5629
f 5541//5541 5623//5623 5627//5627
f 5541//5541 5627//5627 5641//5641
f 5633//5633 5643//5643 5589//5589
f 5643//5643 5633//5633 5642//5642
f 5642//5642 5633//5633 5637//5637
f 5644//5644 5608//5608 5612//5612
f 5608//5608 5644//5644 5645//5645
f 5608//5608 5645//5645 5614//5614
f 5622//5622 5624//5624 5618//5618
f 5624//5624 5622//5622 5646//5646
f 5624//5624 5646//5646 5647//5647
f 5628//5628 5649//5649 5634//5634
f 5649//5649 5628//5628 5648//5648
f 5648//5648 5628//5628 5632//5632
f 5819//5819 5896//5896 5816//5816
f 5896//5896 5819//5819 5897//5897
f 5897//5897 5819//5819 5558//5558
f 5897//5897 5558//5558 5989//5989
f 5989//5989 5558//5558 5557//5557
f 5989//5989 5557//5557 5990//5990
f 5990//5990 5557//5557 5718//5718
f 5990//5990 5718//5718 5832//5832
f 5832//5832 5718//5718 5717//5717
f 5832//5832 5717//5717 5829//5829
f 5829//5829 5717//5717 5688//5688
f 5829//5829 5688//5688 5585//5585
f 5585//5585 5688//5688 5687//5687
f 5585//5585 5687//5687 5586//5586
f 5586//5586 5687//5687 5504//5504
f 5586//5586 5504//5504 5511//5511
f 5511//5511 5504//5504 5503//5503
f 5511//5511 5503//5503 5512//5512
f 5512//5512 5503//5503 5593//5593
f 5512//5512 5593//5593 5711//5711
f 5711//5711 5593//5593 5596//5596
f 5711//5711 5596//5596 5712//5712
f 5712//5712 5596//5596 5662//5662
f 5712//5712 5662//5662 5882//5882
f 5882//5882 5662//5662 5665//5665
f 5882//5882 5665//5665 5879//5879
f 5879//5879 5665//5665 5695//5695
f 5879//5879 5695//5695 5706//5706
f 5706//5706 5695//5695 5694//5694
f 5706//5706 5694//5694 5707//5707
f 5707//5707 5694//5694 5883//5883
f 5707//5707 5883//5883 5675//5675
f 5675//5675 5883//5883 5886//5886
f 5675//5675 5886//5886 5672//5672
f 5672//5672 5886//5886 5700//5700
f 5672//5672 5700//5700 5577//5577
f 5577//5577 5700//5700 5699//5699
f 5577//5577 5699//5699 5578//5578
f 5578//5578 5699//5699 5508//5508
f 5578//5578 5508//5508 5507//5507
#1454 polygons

g Object_18

#
# object Object_18
#

v -52.117172 48.065666 113.49801
v -52.117172 48.05762 112.282425
v -52.117172 48.04958 111.066826
v -52.117172 47.094177 110.31521
v -52.117172 46.138775 109.56359
v -52.117172 44.955456 109.84193
v -52.117172 43.77213 110.12027
v -52.117172 43.251953 111.21896
v -52.117172 42.731777 112.317665
v -52.11717 43.26645 113.40938
v -52.11717 43.801117 114.50109
v -52.11717 44.98802 114.76375
v -52.11717 46.174923 115.0264
v -52.117172 47.120296 114.26221
v -49.19851 51.184784 119.29029
v -49.19851 47.818012 122.01184
v -55.015083 49.561108 129.42247
v -55.015087 55.496666 124.624435
v -49.19851 54.52291 112.23963
v -49.19851 54.551556 116.56874
v -55.015087 61.43222 119.82638
v -55.015087 61.381718 112.194244
v -49.19851 51.09177 105.23377
v -49.19851 54.494263 107.91053
v -55.01509 61.331215 104.56211
v -55.01509 55.33268 99.84304
v -49.19851 43.475082 103.54826
v -49.19851 47.689278 102.55702
v -55.01509 49.33415 95.12396
v -55.01509 41.904602 96.87151
v -49.19851 37.40837 108.45233
v -49.19851 39.26089 104.53951
v -55.015087 34.47506 98.619064
v -55.015087 31.2091 105.51729
v -49.19851 37.459988 116.253105
v -49.19851 35.55585 112.36514
v -55.015087 27.943146 112.41551
v -55.015087 31.300102 119.26993
v -49.198505 43.591072 121.076454
v -49.198505 39.364124 120.14106
v -55.015083 34.657066 126.12432
v -55.015083 42.109085 127.77341
v -54.508976 48.347317 115.78012
v -54.508976 46.67095 117.13522
v -49.19851 47.818012 122.01184
v -49.19851 51.184784 119.29029
v -54.508976 50.00942 112.26951
v -54.508976 50.02368 114.42503
v -49.19851 54.551556 116.56874
v -49.19851 54.52291 112.23963
v -54.508976 48.301006 108.78117
v -54.508976 49.995155 110.11398
v -49.19851 54.494263 107.91053
v -49.19851 51.09177 105.23377
v -54.508976 44.508545 107.94195
v -54.50898 46.606853 107.44839
v -49.19851 47.689278 102.55702
v -49.19851 43.475082 103.54826
v -54.508976 41.487843 110.38374
v -54.508976 42.41024 108.43549
v -49.19851 39.26089 104.53951
v -49.19851 37.40837 108.45233
v -54.508976 41.513546 114.26787
v -54.508976 40.56545 112.332
v -49.19851 35.55585 112.36514
v -49.19851 37.459988 116.253105
v -54.508976 44.566296 116.66949
v -54.508976 42.46164 116.203735
v -49.198505 39.364124 120.14106
v -49.198505 43.591072 121.076454
v -55.01509 41.904602 96.87151
v -55.01509 49.33415 95.12396
v -55.067646 49.60804 93.88626
v -55.01509 41.67066 95.876915
v -55.015087 61.381718 112.194244
v -55.015087 61.43222 119.82638
v -55.067642 62.57794 120.36883
v -55.01509 62.40344 112.18749
v -55.015083 42.109085 127.77341
v -55.015083 34.657066 126.12432
v -55.06764 33.873276 127.12062
v -55.015083 41.888325 128.77101
v -55.015087 31.2091 105.51729
v -55.015087 34.47506 98.619064
v -55.067646 33.678158 97.633224
v -55.015087 30.285625 105.08007
v -55.01509 55.33268 99.84304
v -55.01509 61.331215 104.56211
v -55.067646 62.469654 104.00456
v -55.01509 55.964428 99.04001
v -55.015087 55.496666 124.624435
v -55.015083 49.561108 129.42247
v -55.067642 49.851357 130.65645
v -55.015087 56.138985 125.41903
v -55.015087 31.300102 119.26993
v -55.015087 27.943146 112.41551
v -55.067642 26.675531 112.423904
v -55.015083 30.382498 119.71932
v -55.015083 41.888325 128.77101
v -55.06764 33.873276 127.12062
v -53.65626 34.24806 126.644226
v -53.553596 42.042107 128.07607
v -55.015087 30.285625 105.08007
v -55.067646 33.678158 97.633224
v -53.657284 34.058475 98.103714
v -53.5536 30.928932 105.384636
v -55.01509 55.964428 99.04001
v -55.067646 62.469654 104.00456
v -53.657284 61.92633 104.27065
v -53.553604 55.524345 99.59941
v -55.015087 56.138985 125.41903
v -55.067642 49.851357 130.65645
v -53.65728 49.712833 130.06754
v -53.5536 55.691532 124.8655
v -55.015083 30.382498 119.71932
v -55.067642 26.675531 112.423904
v -53.656265 27.281658 112.4199
v -53.553596 31.021715 119.40626
v -55.01509 41.67066 95.876915
v -55.067646 49.60804 93.88626
v -53.657284 49.477325 94.47696
v -53.553604 41.833626 96.56976
v -55.01509 62.40344 112.18749
v -55.067642 62.57794 120.36883
v -53.65728 62.031143 120.10995
v -53.5536 61.691692 112.1922
v -54.508976 47.8535 115.16924
v -54.508976 46.471325 116.28653
v -54.508976 46.67095 117.13522
v -54.508976 48.347317 115.78012
v -54.508976 49.22392 112.274704
v -54.508976 49.23568 114.05194
v -54.508976 50.02368 114.42503
v -54.508976 50.00942 112.26951
v -54.508976 47.815315 109.39856
v -54.508976 49.21216 110.49745
v -54.508976 49.995155 110.11398
v -54.508976 48.301006 108.78117
v -54.508976 44.688404 108.7066
v -54.508976 46.418476 108.29965
v -54.50898 46.606853 107.44839
v -54.508976 44.508545 107.94195
v -54.508976 42.19781 110.71989
v -54.508976 42.958332 109.113525
v -54.508976 42.41024 108.43549
v -54.508976 41.487843 110.38374
v -54.508976 42.218998 113.92237
v -54.508976 41.437286 112.32623
v -54.508976 40.56545 112.332
v -54.508976 41.513546 114.26787
v -54.508976 44.73602 115.90252
v -54.508976 43.000713 115.51851
v -54.508976 42.46164 116.203735
v -54.508976 44.566296 116.66949
v -54.508976 46.471325 116.28653
v -54.508976 47.8535 115.16924
v -54.508976 49.23568 114.05194
v -54.508976 49.22392 112.274704
v -54.508976 49.21216 110.49745
v -54.508976 47.815315 109.39856
v -54.508976 46.418476 108.29965
v -54.508976 44.688404 108.7066
v -54.508976 42.958332 109.113525
v -54.508976 42.19781 110.71989
v -54.508976 41.437286 112.32623
v -54.508976 42.218998 113.92237
v -54.508976 43.000713 115.51851
v -54.508976 44.73602 115.90252
v -44.712776 47.782955 112.012665
v -52.90991 36.971737 128.07794
v -52.92076 32.226677 124.742874
v -44.712776 44.98387 110.02284
v -46.821712 44.027294 111.540726
v -55.258797 31.98417 125.67234
v -57.550182 34.51773 122.754684
v -48.930653 43.108902 113.10418
v -48.930653 43.108902 113.10418
v -57.550182 34.51773 122.754684
v -57.550182 38.179417 125.35773
v -48.930653 45.283234 114.64987
v -46.821712 46.514004 113.30849
v -55.250244 36.197968 128.6449
v -52.90991 36.971737 128.07794
v -44.712776 47.782955 112.012665
v -46.821712 44.027294 111.540726
v -46.821712 46.514004 113.30849
v -55.258797 31.98417 125.67234
v -52.92076 32.226677 124.742874
v -52.90991 36.971737 128.07794
v -55.250244 36.197968 128.6449
v -57.550182 34.51773 122.754684
v -55.258797 31.98417 125.67234
v -55.250244 36.197968 128.6449
v -57.550182 38.179417 125.35773
v -44.712776 44.98387 110.02284
v -44.712776 47.782955 112.012665
v -48.930653 45.283234 114.64987
v -57.550182 38.179417 125.35773
v -44.712776 44.98387 110.02284
v -52.92076 32.226677 124.742874
v -44.712776 44.761623 110.166794
v -52.909824 62.803207 117.20007
v -52.921104 60.58847 122.56059
v -44.712772 43.432594 113.3335
v -46.821712 45.123024 113.934715
v -55.25998 61.549843 122.594666
v -57.550182 58.146282 120.759636
v -48.930653 46.849567 114.488686
v -48.930653 46.849567 114.488686
v -57.550182 58.146282 120.759636
v -57.550186 59.88488 116.61705
v -48.930653 47.881958 112.02878
v -46.821712 46.303734 111.12141
v -55.249645 63.524723 117.830696
v -52.909824 62.803207 117.20007
v -44.712776 44.761623 110.166794
v -46.821712 45.123024 113.934715
v -46.821712 46.303734 111.12141
v -55.25998 61.549843 122.594666
v -52.921104 60.58847 122.56059
v -52.909824 62.803207 117.20007
v -55.249645 63.524723 117.830696
v -57.550182 58.146282 120.759636
v -55.25998 61.549843 122.594666
v -55.249645 63.524723 117.830696
v -57.550186 59.88488 116.61705
v -44.712772 43.432594 113.3335
v -44.712776 44.761623 110.166794
v -48.930653 47.881958 112.02878
v -57.550186 59.88488 116.61705
v -44.712772 43.432594 113.3335
v -52.921104 60.58847 122.56059
v -44.712776 46.73012 110.37289
v -52.909622 52.37625 128.89488
v -52.92149 46.795734 130.47604
v -44.712772 43.42048 111.28971
v -46.821712 43.9949 112.989426
v -55.26157 47.364437 131.25452
v -57.550182 46.697994 127.44204
v -48.930653 44.628773 114.68826
v -48.930653 44.628773 114.68826
v -57.550182 46.697994 127.44204
v -57.550182 51.027576 126.24268
v -48.930653 47.199707 113.97608
v -46.821712 46.935192 112.17493
v -55.248615 52.32713 129.85036
v -52.909622 52.37625 128.89488
v -44.712776 46.73012 110.37289
v -46.821712 43.9949 112.989426
v -46.821712 46.935192 112.17493
v -55.26157 47.364437 131.25452
v -52.92149 46.795734 130.47604
v -52.909622 52.37625 128.89488
v -55.248615 52.32713 129.85036
v -57.550182 46.697994 127.44204
v -55.26157 47.364437 131.25452
v -55.248615 52.32713 129.85036
v -57.550182 51.027576 126.24268
v -44.712772 43.42048 111.28971
v -44.712776 46.73012 110.37289
v -48.930653 47.199707 113.97608
v -57.550182 51.027576 126.24268
v -44.712772 43.42048 111.28971
v -52.92149 46.795734 130.47604
v -44.712772 47.14798 113.891495
v -52.9097 27.836329 115.30979
v -52.92138 27.526575 109.51793
v -44.712776 46.984356 110.46111
v -46.821716 45.199768 110.646164
v -55.261066 26.64256 109.90084
v -57.550182 30.506979 110.09228
v -48.930653 43.402912 110.8894
v -48.930653 43.402912 110.8894
v -57.550182 30.506979 110.09228
v -57.550182 30.721031 114.57981
v -48.930653 43.53002 113.554115
v -46.821712 45.345135 113.693726
v -55.248966 26.914724 115.05104
v -52.9097 27.836329 115.30979
v -44.712772 47.14798 113.891495
v -46.821716 45.199768 110.646164
v -46.821712 45.345135 113.693726
v -55.261066 26.64256 109.90084
v -52.92138 27.526575 109.51793
v -52.9097 27.836329 115.30979
v -55.248966 26.914724 115.05104
v -57.550182 30.506979 110.09228
v -55.261066 26.64256 109.90084
v -55.248966 26.914724 115.05104
v -57.550182 30.721031 114.57981
v -44.712776 46.984356 110.46111
v -44.712772 47.14798 113.891495
v -48.930653 43.53002 113.554115
v -57.550182 30.721031 114.57981
v -44.712776 46.984356 110.46111
v -52.92138 27.526575 109.51793
v -44.712772 45.214256 114.54424
v -52.906754 32.589996 99.87276
v -52.921074 37.055046 96.17253
v -44.712776 47.873985 112.37165
v -46.821716 46.66342 111.04744
v -55.267185 36.214245 95.677246
v -57.550186 38.36636 98.90891
v -48.930653 45.3988 109.747986
v -48.930653 45.3988 109.747986
v -57.550186 38.36636 98.90891
v -57.550186 34.88698 101.751045
v -48.930653 43.33272 111.43565
v -46.821712 44.300518 112.97757
v -55.239933 32.2575 98.986275
v -52.906754 32.589996 99.87276
v -44.712772 45.214256 114.54424
v -46.821716 46.66342 111.04744
v -46.821712 44.300518 112.97757
v -55.267185 36.214245 95.677246
v -52.921074 37.055046 96.17253
v -52.906754 32.589996 99.87276
v -55.239933 32.2575 98.986275
v -57.550186 38.36636 98.90891
v -55.267185 36.214245 95.677246
v -55.239933 32.2575 98.986275
v -57.550186 34.88698 101.751045
v -44.712776 47.873985 112.37165
v -44.712772 45.214256 114.54424
v -48.930653 43.33272 111.43565
v -57.550186 34.88698 101.751045
v -44.712776 47.873985 112.37165
v -52.921074 37.055046 96.17253
v -44.712772 43.589455 113.46678
v -52.907745 47.019497 94.41504
v -52.921658 52.70712 95.54952
v -44.712772 46.9527 114.16168
v -46.821712 47.217422 112.38716
v -55.26647 52.560257 94.58765
v -57.550186 51.409065 98.294075
v -48.930653 47.42885 110.58629
v -48.930653 47.42885 110.58629
v -57.550186 51.409065 98.294075
v -57.550186 47.00936 97.385025
v -48.930653 44.816273 110.046486
v -46.821712 44.22951 111.769806
v -55.24251 47.498363 93.59527
v -52.907745 47.019497 94.41504
v -44.712772 43.589455 113.46678
v -46.821712 47.217422 112.38716
v -46.821712 44.22951 111.769806
v -55.26647 52.560257 94.58765
v -52.921658 52.70712 95.54952
v -52.907745 47.019497 94.41504
v -55.24251 47.498363 93.59527
v -57.550186 51.409065 98.294075
v -55.26647 52.560257 94.58765
v -55.24251 47.498363 93.59527
v -57.550186 47.00936 97.385025
v -44.712772 46.9527 114.16168
v -44.712772 43.589455 113.46678
v -48.930653 44.816273 110.046486
v -57.550186 47.00936 97.385025
v -44.712772 46.9527 114.16168
v -52.921658 52.70712 95.54952
v -44.712772 43.41845 111.480995
v -52.90634 60.5616 102.498215
v -52.92077 63.15758 107.68333
v -44.712772 44.93402 114.562775
v -46.821712 46.497475 113.68267
v -55.267315 63.83117 106.975845
v -57.550186 60.196587 108.34233
v -48.930653 48.049026 112.7443
v -48.930653 48.049026 112.7443
v -57.550186 60.196587 108.34233
v -57.550186 58.21396 104.31084
v -48.930653 46.871727 110.35038
v -46.821712 45.15104 110.94482
v -55.238903 61.49935 102.37513
v -52.90634 60.5616 102.498215
v -44.712772 43.41845 111.480995
v -46.821712 46.497475 113.68267
v -46.821712 45.15104 110.94482
v -55.267315 63.83117 106.975845
v -52.92077 63.15758 107.68333
v -52.90634 60.5616 102.498215
v -55.238903 61.49935 102.37513
v -57.550186 60.196587 108.34233
v -55.267315 63.83117 106.975845
v -55.238903 61.49935 102.37513
v -57.550186 58.21396 104.31084
v -44.712772 44.93402 114.562775
v -44.712772 43.41845 111.480995
v -48.930653 46.871727 110.35038
v -57.550186 58.21396 104.31084
v -44.712772 44.93402 114.562775
v -52.92077 63.15758 107.68333
# 392 vertices

vn 0.8073232 0.5333527 -0.25251573
vn 0.8558166 0.5172682 0.0034179154
vn 0.8073265 0.52996725 0.25953573
vn 0.8558258 0.319813 0.40654904
vn 0.8073255 0.12747888 0.5761725
vn 0.8558205 -0.11841463 0.50353676
vn 0.8073287 -0.37096283 0.45891958
vn 0.8558237 -0.46752602 0.22132629
vn 0.8073129 -0.59011096 -0.003875919
vn 0.85581446 -0.46456075 -0.2275194
vn 0.8073226 -0.36485645 -0.46379942
vn 0.8558171 -0.111761175 -0.5050611
vn 0.8073245 0.13510838 -0.57443273
vn 0.8558218 0.32518286 -0.4022749
vn 0.785593 0.38896623 -0.4811954
vn 0.81552774 0.13248265 -0.5633497
vn 0.81552774 0.13248265 -0.5633497
vn 0.785593 0.38896623 -0.4811954
vn 0.7855859 0.61873925 0.0040892977
vn 0.81552655 0.5230636 -0.24763072
vn 0.81552655 0.5230636 -0.24763072
vn 0.7855859 0.61873925 0.0040892977
vn 0.7855986 0.38256 0.48629507
vn 0.8155288 0.51973855 0.25452825
vn 0.8155288 0.51973855 0.25452825
vn 0.7855986 0.38256 0.48629507
vn 0.7855841 -0.14166817 0.60231864
vn 0.8155235 0.12503555 0.5650554
vn 0.8155235 0.12503555 0.5650554
vn 0.7855841 -0.14166817 0.60231864
vn 0.78559625 -0.55923486 0.26475453
vn 0.8155259 -0.36381572 0.45006204
vn 0.8155259 -0.36381572 0.45006204
vn 0.78559625 -0.55923486 0.26475453
vn 0.785589 -0.5556897 -0.27213782
vn 0.81552994 -0.5787022 -0.0038149196
vn 0.81552994 -0.5787022 -0.0038149196
vn 0.785589 -0.5556897 -0.27213782
vn 0.7855955 -0.13367441 -0.6041283
vn 0.81553805 -0.35780904 -0.45483002
vn 0.81553805 -0.35780904 -0.45483002
vn 0.7855955 -0.13367441 -0.6041283
vn 0.67510533 -0.46376288 0.57372195
vn 0.7126004 -0.16062419 0.68293524
vn 0.7126004 -0.16062419 0.68293524
vn 0.67510533 -0.46376288 0.57372195
vn 0.6751084 -0.7377027 -0.0048524933
vn 0.7125933 -0.63409793 0.30021757
vn 0.7125933 -0.63409793 0.30021757
vn 0.6751084 -0.7377027 -0.0048524933
vn 0.6751095 -0.45613632 -0.579799
vn 0.7125939 -0.6300701 -0.30858016
vn 0.7125939 -0.6300701 -0.30858016
vn 0.6751095 -0.45613632 -0.579799
vn 0.6751161 0.16889332 -0.71811795
vn 0.7125936 -0.15158924 -0.6850045
vn 0.7125936 -0.15158924 -0.6850045
vn 0.6751161 0.16889332 -0.71811795
vn 0.67510784 0.66677606 -0.31565684
vn 0.712592 0.44103235 -0.5456219
vn 0.712592 0.44103235 -0.5456219
vn 0.67510784 0.66677606 -0.31565684
vn 0.67510563 0.66253173 0.32447526
vn 0.7125865 0.701569 0.0046386467
vn 0.7125865 0.701569 0.0046386467
vn 0.67510563 0.66253173 0.32447526
vn 0.6751045 0.15936875 0.72030246
vn 0.7126016 0.4337747 0.5513969
vn 0.7126016 0.4337747 0.5513969
vn 0.6751045 0.15936875 0.72030246
vn 0.99976265 -0.004974632 0.021210346
vn 0.99978137 0.0045167734 0.02041724
vn 0.99978137 0.0045167734 0.02041724
vn 0.99976265 -0.004974632 0.021210346
vn 0.99976265 0.02179028 0.00012190844
vn 0.9997816 0.018891359 -0.008942319
vn 0.9997816 0.018891359 -0.008942319
vn 0.99976265 0.02179028 0.00012190844
vn 0.9997628 -0.0046999706 -0.02127171
vn 0.99978185 -0.012909751 -0.016419545
vn 0.99978185 -0.012909751 -0.016419545
vn 0.9997628 -0.0046999706 -0.02127171
vn 0.9997629 -0.019684657 0.009308051
vn 0.9997816 -0.013123379 0.016266624
vn 0.9997816 -0.013123379 0.016266624
vn 0.9997629 -0.019684657 0.009308051
vn 0.9997629 0.013458677 0.017120838
vn 0.9997817 0.018769288 0.009186143
vn 0.9997817 0.018769288 0.009186143
vn 0.9997629 0.013458677 0.017120838
vn 0.99976265 0.013702817 -0.016938055
vn 0.9997815 0.004760922 -0.020356532
vn 0.9997815 0.004760922 -0.020356532
vn 0.99976265 0.013702817 -0.016938055
vn 0.9997628 -0.019562585 -0.009583037
vn 0.9997815 -0.020905798 -0.00012223664
vn 0.9997815 -0.020905798 -0.00012223664
vn 0.9997628 -0.019562585 -0.009583037
vn -0.42479986 0.19559923 0.8839039
vn -0.46572468 0.54715055 0.6955048
vn -0.46572468 0.54715055 0.6955048
vn -0.42479986 0.19559923 0.8839039
vn -0.42480192 0.81822973 -0.38735446
vn -0.46554378 0.55636954 -0.6882747
vn -0.46554378 0.55636954 -0.6882747
vn -0.42480192 0.81822973 -0.38735446
vn -0.42471284 -0.5597626 -0.711537
vn -0.46554336 -0.7948172 -0.38927498
vn -0.46554336 -0.7948172 -0.38927498
vn -0.42471284 -0.5597626 -0.711537
vn -0.42470515 -0.56912184 0.70407814
vn -0.46553773 -0.2026159 0.86152285
vn -0.46553773 -0.2026159 0.86152285
vn -0.42470515 -0.56912184 0.70407814
vn -0.42485747 0.8130007 0.39815325
vn -0.4656894 0.8849291 0.0058290614
vn -0.4656894 0.8849291 0.0058290614
vn -0.42485747 0.8130007 0.39815325
vn -0.4247089 0.20728806 -0.8812798
vn -0.46554232 -0.19120383 -0.8641247
vn -0.46554232 -0.19120383 -0.8641247
vn -0.4247089 0.20728806 -0.8812798
vn -0.4247016 -0.9053137 -0.0059814947
vn -0.46553895 -0.79990655 0.3787122
vn -0.46553895 -0.79990655 0.3787122
vn -0.4247016 -0.9053137 -0.0059814947
vn 1 -8.429372E-08 -1.6292066E-07
vn 1 -8.429372E-08 -1.6292066E-07
vn 1 -8.429372E-08 -1.6292066E-07
vn 1 -8.429372E-08 -1.6292066E-07
vn 1 -8.429372E-08 -1.6292066E-07
vn 1 -8.429372E-08 -1.6292066E-07
vn 1 -8.429372E-08 -1.6292066E-07
vn 1 -8.429372E-08 -1.6292066E-07
vn 1 -8.429372E-08 -1.6292066E-07
vn 1 -8.429372E-08 -1.6292066E-07
vn 1 -8.429372E-08 -1.6292066E-07
vn 1 -8.429372E-08 -1.6292066E-07
vn 1 -8.429372E-08 -1.6292066E-07
vn 1 -8.429372E-08 -1.6292066E-07
vn 1 -8.429372E-08 -1.6292066E-07
vn 1 -8.429372E-08 -1.6292066E-07
vn 1 -8.429372E-08 -1.6292066E-07
vn 1 -8.429372E-08 -1.6292066E-07
vn 1 -8.429372E-08 -1.6292066E-07
vn 1 -8.429372E-08 -1.6292066E-07
vn 1 -8.429372E-08 -1.6292066E-07
vn 1 -8.429372E-08 -1.6292066E-07
vn 1 -8.429372E-08 -1.6292066E-07
vn 1 -8.429372E-08 -1.6292066E-07
vn 1 -8.429372E-08 -1.6292066E-07
vn 1 -8.429372E-08 -1.6292066E-07
vn 1 -8.429372E-08 -1.6292066E-07
vn 1 -8.429372E-08 -1.6292066E-07
vn 0.5034791 0.19782683 -0.8410549
vn 0.46484244 0.55661446 -0.68855065
vn 0.50348306 0.7809068 -0.36971554
vn 0.46484408 0.8853734 0.005829023
vn 0.50347394 0.77594846 0.38002378
vn 0.46484303 0.5474287 0.69587547
vn 0.5034705 0.18668419 0.8436033
vn 0.4648447 -0.20271133 0.86187446
vn 0.5034742 -0.54314893 0.67193973
vn 0.4648371 -0.80024254 0.37886474
vn 0.50347185 -0.86399287 -0.005706994
vn 0.46484128 -0.79515326 -0.38942784
vn 0.50348073 -0.53421426 -0.67905986
vn 0.46483657 -0.19129403 -0.86448467
vn -0.9306321 0.21186675 0.29838964
vn -0.72516453 0.3973285 0.5623758
vn -0.7186721 0.40123948 0.56790614
vn -0.9306321 0.21186675 0.29838964
vn 0.19648199 0.6879312 -0.6986742
vn 0.13749036 0.70951754 -0.691145
vn 0.064577274 0.7320492 -0.6781841
vn 0.064577274 0.7320492 -0.6781841
vn 0.7710985 -0.36891648 -0.51894885
vn 0.8486412 -0.30647177 -0.43114173
vn 0.8486412 -0.30647177 -0.43114173
vn 0.7686976 -0.37059993 -0.52130574
vn 0.19330843 -0.8562153 0.4790901
vn 0.14536344 -0.85560846 0.49679327
vn 0.2100613 -0.8559013 0.47255412
vn 0.2100613 -0.8559013 0.47255412
vn 0.6763667 -0.42675033 -0.6003435
vn 0.6763124 -0.42678508 -0.60038
vn -0.38426584 0.5320091 0.75452375
vn -0.7186721 0.40123948 0.56790614
vn -0.72516453 0.3973285 0.5623758
vn -0.38426584 0.5320091 0.75452375
vn 0.874075 0.28010684 0.3969043
vn 0.874075 0.28010684 0.3969043
vn 0.874075 0.28010684 0.3969043
vn 0.874075 0.28010684 0.3969043
vn 0.6748789 -0.42754865 -0.60144895
vn 0.6748789 -0.42754865 -0.60144895
vn 0.088902205 -0.8520632 0.5158342
vn 0.088902205 -0.8520632 0.5158342
vn 0.21800113 0.6793042 -0.7007292
vn 0.21800113 0.6793042 -0.7007292
vn -0.9306291 -0.33754486 0.14139675
vn -0.72523975 -0.6356948 0.26442295
vn -0.7186378 -0.6420648 0.26704404
vn -0.9306291 -0.33754486 0.14139675
vn 0.19645123 0.531184 0.8241666
vn 0.13748711 0.5191239 0.84356844
vn 0.06460903 0.50155026 0.86271256
vn 0.06460903 0.50155026 0.86271256
vn 0.7711059 0.58710366 -0.2463842
vn 0.84864354 0.48775554 -0.20469157
vn 0.84864354 0.48775554 -0.20469157
vn 0.76869243 0.58978754 -0.24751265
vn 0.19331157 -0.28007942 -0.9403118
vn 0.14539234 -0.29749942 -0.94358647
vn 0.21009696 -0.27376124 -0.9385702
vn 0.21009696 -0.27376124 -0.9385702
vn 0.6763657 0.67917335 -0.2850492
vn 0.6763185 0.6792178 -0.28505504
vn -0.3843337 -0.8527794 0.35363117
vn -0.7186378 -0.6420648 0.26704404
vn -0.72523975 -0.6356948 0.26442295
vn -0.3843337 -0.8527794 0.35363117
vn 0.87413806 -0.4486054 0.18610752
vn 0.87413806 -0.4486054 0.18610752
vn 0.87413806 -0.4486054 0.18610752
vn 0.87413806 -0.4486054 0.18610752
vn 0.6748782 0.68043256 -0.28557137
vn 0.6748782 0.68043256 -0.28557137
vn 0.08887156 -0.3168804 -0.9442927
vn 0.08887156 -0.3168804 -0.9442927
vn 0.21793994 0.53506804 0.8162135
vn 0.21793994 0.53506804 0.8162135
vn -0.93062997 -0.097906314 0.3526221
vn -0.7253268 -0.18613839 0.662762
vn -0.71859413 -0.1880563 0.6695202
vn -0.93062997 -0.097906314 0.3526221
vn 0.19642083 0.97609144 0.093082964
vn 0.1374602 0.983859 0.11457023
vn 0.06466927 0.98801297 0.14017229
vn 0.06466927 0.98801297 0.14017229
vn 0.7710952 0.16996063 -0.61361694
vn 0.84863377 0.14120993 -0.50978476
vn 0.84863377 0.14120993 -0.50978476
vn 0.7686942 0.17075635 -0.6164022
vn 0.19334212 -0.9118369 -0.36217707
vn 0.14539522 -0.92520154 -0.35051742
vn 0.2101262 -0.9065495 -0.36608058
vn 0.2101262 -0.9065495 -0.36608058
vn 0.6763602 0.19663323 -0.70983964
vn 0.6763124 0.19663708 -0.70988405
vn -0.38445145 -0.25071585 0.88844734
vn -0.71859413 -0.1880563 0.6695202
vn -0.7253268 -0.18613839 0.662762
vn -0.38445145 -0.25071585 0.88844734
vn 0.87419176 -0.13205653 0.4672792
vn 0.87419176 -0.13205653 0.4672792
vn 0.87419176 -0.13205653 0.4672792
vn 0.87419176 -0.13205653 0.4672792
vn 0.67486876 0.1970006 -0.71115613
vn 0.67486876 0.1970006 -0.71115613
vn 0.088870846 -0.9377537 -0.33573806
vn 0.088870846 -0.9377537 -0.33573806
vn 0.21790728 0.97225064 0.0851179
vn 0.21790728 0.97225064 0.0851179
vn -0.9306316 0.36553234 0.017640373
vn -0.72529364 0.6875413 0.035158366
vn -0.71861273 0.6945025 0.035524733
vn -0.9306316 0.36553234 0.017640373
vn 0.19642332 -0.1246418 -0.9725649
vn 0.13745795 -0.105413206 -0.9848824
vn 0.0646394 -0.081333704 -0.9945887
vn 0.0646394 -0.081333704 -0.9945887
vn 0.7710999 -0.6359912 -0.03033618
vn 0.84863865 -0.5283736 -0.025178134
vn 0.84863865 -0.5283736 -0.025178134
vn 0.7686922 -0.63889325 -0.030458387
vn 0.19333996 -0.15195547 0.9692932
vn 0.1453929 -0.13764076 0.979753
vn 0.21009174 -0.15692766 0.9650053
vn 0.21009174 -0.15692766 0.9650053
vn 0.6763683 -0.73572844 -0.035066646
vn 0.6763049 -0.73578686 -0.03506652
vn -0.38442087 0.9218962 0.048250902
vn -0.71861273 0.6945025 0.035524733
vn -0.72529364 0.6875413 0.035158366
vn -0.38442087 0.9218962 0.048250902
vn 0.8741756 0.48494092 0.025482832
vn 0.8741756 0.48494092 0.025482832
vn 0.8741756 0.48494092 0.025482832
vn 0.8741756 0.48494092 0.025482832
vn 0.67487 -0.73709863 -0.035158053
vn 0.67487 -0.73709863 -0.035158053
vn 0.08887221 -0.120459326 0.98873216
vn 0.08887221 -0.120459326 0.98873216
vn 0.21790667 -0.13156828 -0.96706074
vn 0.21790667 -0.13156828 -0.96706074
vn -0.93062806 0.23173384 -0.28325045
vn -0.72579175 0.4381729 -0.53031224
vn -0.7183942 0.44314042 -0.5362243
vn -0.93062806 0.23173384 -0.28325045
vn 0.19614552 -0.8558446 -0.47859895
vn 0.13727714 -0.85430557 -0.50131536
vn 0.06482257 -0.8478227 -0.526303
vn 0.06482257 -0.8478227 -0.526303
vn 0.7711058 -0.40279636 0.49310353
vn 0.8486436 -0.33464152 0.40965727
vn 0.8486436 -0.33464152 0.40965727
vn 0.76869535 -0.40462783 0.49536234
vn 0.19349408 0.68858206 0.6988669
vn 0.14536503 0.7055827 0.69355774
vn 0.21033823 0.6821644 0.7002926
vn 0.21033823 0.6821644 0.7002926
vn 0.67636913 -0.4659689 0.5704365
vn 0.67631465 -0.46600392 0.57047254
vn -0.3849374 0.5893542 -0.710271
vn -0.7183942 0.44314042 -0.5362243
vn -0.72579175 0.4381729 -0.53031224
vn -0.3849374 0.5893542 -0.710271
vn 0.873854 0.31166115 -0.3731575
vn 0.873854 0.31166115 -0.3731575
vn 0.873854 0.31166115 -0.3731575
vn 0.873854 0.31166115 -0.3731575
vn 0.674875 -0.46682432 0.5715058
vn 0.674875 -0.46682432 0.5715058
vn 0.0886568 0.7231086 0.68502116
vn 0.0886568 0.7231086 0.68502116
vn 0.2175724 -0.85554945 -0.4697845
vn 0.2175724 -0.85554945 -0.4697845
vn -0.9306298 -0.0737655 -0.35845086
vn -0.7257016 -0.1357162 -0.6744911
vn -0.7184225 -0.1371534 -0.68195176
vn -0.9306298 -0.0737655 -0.35845086
vn 0.19624016 -0.9110365 0.3626324
vn 0.137336 -0.92772007 0.34709403
vn 0.064791985 -0.94303966 0.3263102
vn 0.064791985 -0.94303966 0.3263102
vn 0.7711034 0.12882245 0.62354183
vn 0.84864074 0.10703 0.51802856
vn 0.84864074 0.10703 0.51802856
vn 0.76869816 0.1294033 0.62638485
vn 0.1934592 0.97660387 -0.09390677
vn 0.14539161 0.98319346 -0.110417195
vn 0.21027474 0.97367233 -0.088016465
vn 0.21027474 0.97367233 -0.088016465
vn 0.6763719 0.14902647 0.72132677
vn 0.676309 0.14902607 0.72138584
vn -0.38481835 -0.18033883 -0.9052031
vn -0.7184225 -0.1371534 -0.68195176
vn -0.7257016 -0.1357162 -0.6744911
vn -0.38481835 -0.18033883 -0.9052031
vn 0.8740474 -0.09372549 -0.47671446
vn 0.8740474 -0.09372549 -0.47671446
vn 0.8740474 -0.09372549 -0.47671446
vn 0.8740474 -0.09372549 -0.47671446
vn 0.6748763 0.14930111 0.7226695
vn 0.6748763 0.14930111 0.7226695
vn 0.08871794 0.9876159 -0.1293995
vn 0.08871794 0.9876159 -0.1293995
vn 0.21766166 -0.9040039 0.367968
vn 0.21766166 -0.9040039 0.367968
vn -0.9306228 -0.32829526 -0.16175169
vn -0.7258186 -0.6155204 -0.30711907
vn -0.71836853 -0.6224456 -0.31065795
vn -0.9306228 -0.32829526 -0.16175169
vn 0.19611575 -0.27287093 0.94184935
vn 0.13724375 -0.29536203 0.94547635
vn 0.06482246 -0.32115114 0.9448069
vn 0.06482246 -0.32115114 0.9448069
vn 0.77110267 0.57135326 0.28099167
vn 0.8486334 0.47468776 0.23343728
vn 0.8486334 0.47468776 0.23343728
vn 0.76870567 0.57395786 0.2822481
vn 0.19352254 0.5252363 -0.8286591
vn 0.14536312 0.5162025 -0.84404063
vn 0.2103383 0.52807367 -0.8227369
vn 0.2103383 0.52807367 -0.8227369
vn 0.6763746 0.6609621 0.32503313
vn 0.6763075 0.66101724 0.32506073
vn -0.38497296 -0.8249418 -0.41384405
vn -0.71836853 -0.6224456 -0.31065795
vn -0.7258186 -0.6155204 -0.30711907
vn -0.38497296 -0.8249418 -0.41384405
vn 0.8737542 -0.43397796 -0.21958311
vn 0.8737542 -0.43397796 -0.21958311
vn 0.8737542 -0.43397796 -0.21958311
vn 0.8737542 -0.43397796 -0.21958311
vn 0.674882 0.66218567 0.32564485
vn 0.674882 0.66218567 0.32564485
vn 0.08862821 0.50393605 -0.859182
vn 0.08862821 0.50393605 -0.859182
vn 0.21754214 -0.26435855 0.93956906
vn 0.21754214 -0.26435855 0.93956906
# 392 vertex normals

usemtl Material_007
s 2048
f 7006//7006 7007//7007 7008//7008
f 7006//7006 7008//7008 7009//7009
f 7010//7010 7011//7011 7012//7012
f 7010//7010 7012//7012 7013//7013
f 7014//7014 7015//7015 7016//7016
f 7014//7014 7016//7016 7017//7017
f 7018//7018 7019//7019 7020//7020
f 7018//7018 7020//7020 7021//7021
f 7022//7022 7023//7023 7024//7024
f 7022//7022 7024//7024 7025//7025
f 7026//7026 7027//7027 7028//7028
f 7026//7026 7028//7028 7029//7029
f 7030//7030 7031//7031 7032//7032
f 7030//7030 7032//7032 7033//7033
f 7034//7034 7035//7035 7036//7036
f 7034//7034 7036//7036 7037//7037
f 7038//7038 7039//7039 7040//7040
f 7038//7038 7040//7040 7041//7041
f 7042//7042 7043//7043 7044//7044
f 7042//7042 7044//7044 7045//7045
f 7046//7046 7047//7047 7048//7048
f 7046//7046 7048//7048 7049//7049
f 7050//7050 7051//7051 7052//7052
f 7050//7050 7052//7052 7053//7053
f 7054//7054 7055//7055 7056//7056
f 7054//7054 7056//7056 7057//7057
f 7058//7058 7059//7059 7060//7060
f 7058//7058 7060//7060 7061//7061
f 7062//7062 7063//7063 7064//7064
f 7062//7062 7064//7064 7065//7065
f 7066//7066 7067//7067 7068//7068
f 7066//7066 7068//7068 7069//7069
f 7070//7070 7071//7071 7072//7072
f 7070//7070 7072//7072 7073//7073
f 7074//7074 7075//7075 7076//7076
f 7074//7074 7076//7076 7077//7077
f 7078//7078 7079//7079 7080//7080
f 7078//7078 7080//7080 7081//7081
f 7082//7082 7083//7083 7084//7084
f 7082//7082 7084//7084 7085//7085
f 7086//7086 7087//7087 7088//7088
f 7086//7086 7088//7088 7089//7089
f 7090//7090 7091//7091 7092//7092
f 7090//7090 7092//7092 7093//7093
f 7094//7094 7095//7095 7096//7096
f 7094//7094 7096//7096 7097//7097
f 7098//7098 7099//7099 7100//7100
f 7098//7098 7100//7100 7101//7101
f 7102//7102 7103//7103 7104//7104
f 7102//7102 7104//7104 7105//7105
f 7106//7106 7107//7107 7108//7108
f 7106//7106 7108//7108 7109//7109
f 7110//7110 7111//7111 7112//7112
f 7110//7110 7112//7112 7113//7113
f 7114//7114 7115//7115 7116//7116
f 7114//7114 7116//7116 7117//7117
f 7103//7103 7090//7090 7093//7093
f 7103//7103 7093//7093 7104//7104
f 7083//7083 7070//7070 7073//7073
f 7083//7083 7073//7073 7084//7084
f 7035//7035 7058//7058 7061//7061
f 7035//7035 7061//7061 7036//7036
f 7007//7007 7030//7030 7033//7033
f 7007//7007 7033//7033 7008//7008
f 7091//7091 7106//7106 7109//7109
f 7091//7091 7109//7109 7092//7092
f 7071//7071 7086//7086 7089//7089
f 7071//7071 7089//7089 7072//7072
f 7059//7059 7054//7054 7057//7057
f 7059//7059 7057//7057 7060//7060
f 7031//7031 7026//7026 7029//7029
f 7031//7031 7029//7029 7032//7032
f 7107//7107 7094//7094 7097//7097
f 7107//7107 7097//7097 7108//7108
f 7087//7087 7074//7074 7077//7077
f 7087//7087 7077//7077 7088//7088
f 7055//7055 7050//7050 7053//7053
f 7055//7055 7053//7053 7056//7056
f 7027//7027 7022//7022 7025//7025
f 7027//7027 7025//7025 7028//7028
f 7095//7095 7110//7110 7113//7113
f 7095//7095 7113//7113 7096//7096
f 7075//7075 7062//7062 7065//7065
f 7075//7075 7065//7065 7076//7076
f 7051//7051 7046//7046 7049//7049
f 7051//7051 7049//7049 7052//7052
f 7023//7023 7018//7018 7021//7021
f 7023//7023 7021//7021 7024//7024
f 7111//7111 7098//7098 7101//7101
f 7111//7111 7101//7101 7112//7112
f 7063//7063 7078//7078 7081//7081
f 7063//7063 7081//7081 7064//7064
f 7047//7047 7042//7042 7045//7045
f 7047//7047 7045//7045 7048//7048
f 7019//7019 7014//7014 7017//7017
f 7019//7019 7017//7017 7020//7020
f 7099//7099 7114//7114 7117//7117
f 7099//7099 7117//7117 7100//7100
f 7079//7079 7066//7066 7069//7069
f 7079//7079 7069//7069 7080//7080
f 7043//7043 7038//7038 7041//7041
f 7043//7043 7041//7041 7044//7044
f 7015//7015 7010//7010 7013//7013
f 7015//7015 7013//7013 7016//7016
f 7115//7115 7102//7102 7105//7105
f 7115//7115 7105//7105 7116//7116
f 7067//7067 7082//7082 7085//7085
f 7067//7067 7085//7085 7068//7068
f 7039//7039 7034//7034 7037//7037
f 7039//7039 7037//7037 7040//7040
f 7011//7011 7006//7006 7009//7009
f 7011//7011 7009//7009 7012//7012
f 7118//7118 7119//7119 7120//7120
f 7118//7118 7120//7120 7121//7121
f 7122//7122 7123//7123 7124//7124
f 7122//7122 7124//7124 7125//7125
f 7126//7126 7127//7127 7128//7128
f 7126//7126 7128//7128 7129//7129
f 7130//7130 7131//7131 7132//7132
f 7130//7130 7132//7132 7133//7133
f 7134//7134 7135//7135 7136//7136
f 7134//7134 7136//7136 7137//7137
f 7138//7138 7139//7139 7140//7140
f 7138//7138 7140//7140 7141//7141
f 7142//7142 7143//7143 7144//7144
f 7142//7142 7144//7144 7145//7145
f 7119//7119 7142//7142 7145//7145
f 7119//7119 7145//7145 7120//7120
f 7143//7143 7138//7138 7141//7141
f 7143//7143 7141//7141 7144//7144
f 7139//7139 7134//7134 7137//7137
f 7139//7139 7137//7137 7140//7140
f 7135//7135 7130//7130 7133//7133
f 7135//7135 7133//7133 7136//7136
f 7131//7131 7126//7126 7129//7129
f 7131//7131 7129//7129 7132//7132
f 7127//7127 7122//7122 7125//7125
f 7127//7127 7125//7125 7128//7128
f 7123//7123 7118//7118 7121//7121
f 7123//7123 7121//7121 7124//7124
f 7005//7005 7004//7004 7146//7146
f 7005//7005 7146//7146 7147//7147
f 6993//6993 6992//6992 7148//7148
f 6993//6993 7148//7148 7149//7149
f 6995//6995 6994//6994 7150//7150
f 6995//6995 7150//7150 7151//7151
f 6997//6997 6996//6996 7152//7152
f 6997//6997 7152//7152 7153//7153
f 6999//6999 6998//6998 7154//7154
f 6999//6999 7154//7154 7155//7155
f 7001//7001 7000//7000 7156//7156
f 7001//7001 7156//7156 7157//7157
f 7003//7003 7002//7002 7158//7158
f 7003//7003 7158//7158 7159//7159
f 7004//7004 7003//7003 7159//7159
f 7004//7004 7159//7159 7146//7146
f 7002//7002 7001//7001 7157//7157
f 7002//7002 7157//7157 7158//7158
f 7000//7000 6999//6999 7155//7155
f 7000//7000 7155//7155 7156//7156
f 6998//6998 6997//6997 7153//7153
f 6998//6998 7153//7153 7154//7154
f 6996//6996 6995//6995 7151//7151
f 6996//6996 7151//7151 7152//7152
f 6994//6994 6993//6993 7149//7149
f 6994//6994 7149//7149 7150//7150
f 6992//6992 7005//7005 7147//7147
f 6992//6992 7147//7147 7148//7148
f 7160//7160 7161//7161 7162//7162
f 7160//7160 7162//7162 7163//7163
f 7164//7164 7165//7165 7166//7166
f 7164//7164 7166//7166 7167//7167
f 7168//7168 7169//7169 7170//7170
f 7168//7168 7170//7170 7171//7171
f 7172//7172 7173//7173 7174//7174
f 7172//7172 7174//7174 7175//7175
f 7176//7176 7168//7168 7171//7171
f 7176//7176 7171//7171 7177//7177
f 7178//7178 7179//7179 7180//7180
f 7178//7178 7180//7180 7181//7181
f 7182//7182 7183//7183 7184//7184
f 7182//7182 7184//7184 7185//7185
f 7186//7186 7176//7176 7177//7177
f 7186//7186 7177//7177 7187//7187
f 7188//7188 7189//7189 7173//7173
f 7188//7188 7173//7173 7172//7172
f 7190//7190 7191//7191 7165//7165
f 7190//7190 7165//7165 7164//7164
f 7192//7192 7193//7193 7194//7194
f 7192//7192 7194//7194 7195//7195
f 7196//7196 7197//7197 7198//7198
f 7196//7196 7198//7198 7199//7199
f 7200//7200 7201//7201 7202//7202
f 7200//7200 7202//7202 7203//7203
f 7204//7204 7205//7205 7206//7206
f 7204//7204 7206//7206 7207//7207
f 7208//7208 7200//7200 7203//7203
f 7208//7208 7203//7203 7209//7209
f 7210//7210 7211//7211 7212//7212
f 7210//7210 7212//7212 7213//7213
f 7214//7214 7215//7215 7216//7216
f 7214//7214 7216//7216 7217//7217
f 7218//7218 7208//7208 7209//7209
f 7218//7218 7209//7209 7219//7219
f 7220//7220 7221//7221 7205//7205
f 7220//7220 7205//7205 7204//7204
f 7222//7222 7223//7223 7197//7197
f 7222//7222 7197//7197 7196//7196
f 7224//7224 7225//7225 7226//7226
f 7224//7224 7226//7226 7227//7227
f 7228//7228 7229//7229 7230//7230
f 7228//7228 7230//7230 7231//7231
f 7232//7232 7233//7233 7234//7234
f 7232//7232 7234//7234 7235//7235
f 7236//7236 7237//7237 7238//7238
f 7236//7236 7238//7238 7239//7239
f 7240//7240 7232//7232 7235//7235
f 7240//7240 7235//7235 7241//7241
f 7242//7242 7243//7243 7244//7244
f 7242//7242 7244//7244 7245//7245
f 7246//7246 7247//7247 7248//7248
f 7246//7246 7248//7248 7249//7249
f 7250//7250 7240//7240 7241//7241
f 7250//7250 7241//7241 7251//7251
f 7252//7252 7253//7253 7237//7237
f 7252//7252 7237//7237 7236//7236
f 7254//7254 7255//7255 7229//7229
f 7254//7254 7229//7229 7228//7228
f 7256//7256 7257//7257 7258//7258
f 7256//7256 7258//7258 7259//7259
f 7260//7260 7261//7261 7262//7262
f 7260//7260 7262//7262 7263//7263
f 7264//7264 7265//7265 7266//7266
f 7264//7264 7266//7266 7267//7267
f 7268//7268 7269//7269 7270//7270
f 7268//7268 7270//7270 7271//7271
f 7272//7272 7264//7264 7267//7267
f 7272//7272 7267//7267 7273//7273
f 7274//7274 7275//7275 7276//7276
f 7274//7274 7276//7276 7277//7277
f 7278//7278 7279//7279 7280//7280
f 7278//7278 7280//7280 7281//7281
f 7282//7282 7272//7272 7273//7273
f 7282//7282 7273//7273 7283//7283
f 7284//7284 7285//7285 7269//7269
f 7284//7284 7269//7269 7268//7268
f 7286//7286 7287//7287 7261//7261
f 7286//7286 7261//7261 7260//7260
f 7288//7288 7289//7289 7290//7290
f 7288//7288 7290//7290 7291//7291
f 7292//7292 7293//7293 7294//7294
f 7292//7292 7294//7294 7295//7295
f 7296//7296 7297//7297 7298//7298
f 7296//7296 7298//7298 7299//7299
f 7300//7300 7301//7301 7302//7302
f 7300//7300 7302//7302 7303//7303
f 7304//7304 7296//7296 7299//7299
f 7304//7304 7299//7299 7305//7305
f 7306//7306 7307//7307 7308//7308
f 7306//7306 7308//7308 7309//7309
f 7310//7310 7311//7311 7312//7312
f 7310//7310 7312//7312 7313//7313
f 7314//7314 7304//7304 7305//7305
f 7314//7314 7305//7305 7315//7315
f 7316//7316 7317//7317 7301//7301
f 7316//7316 7301//7301 7300//7300
f 7318//7318 7319//7319 7293//7293
f 7318//7318 7293//7293 7292//7292
f 7320//7320 7321//7321 7322//7322
f 7320//7320 7322//7322 7323//7323
f 7324//7324 7325//7325 7326//7326
f 7324//7324 7326//7326 7327//7327
f 7328//7328 7329//7329 7330//7330
f 7328//7328 7330//7330 7331//7331
f 7332//7332 7333//7333 7334//7334
f 7332//7332 7334//7334 7335//7335
f 7336//7336 7328//7328 7331//7331
f 7336//7336 7331//7331 7337//7337
f 7338//7338 7339//7339 7340//7340
f 7338//7338 7340//7340 7341//7341
f 7342//7342 7343//7343 7344//7344
f 7342//7342 7344//7344 7345//7345
f 7346//7346 7336//7336 7337//7337
f 7346//7346 7337//7337 7347//7347
f 7348//7348 7349//7349 7333//7333
f 7348//7348 7333//7333 7332//7332
f 7350//7350 7351//7351 7325//7325
f 7350//7350 7325//7325 7324//7324
f 7352//7352 7353//7353 7354//7354
f 7352//7352 7354//7354 7355//7355
f 7356//7356 7357//7357 7358//7358
f 7356//7356 7358//7358 7359//7359
f 7360//7360 7361//7361 7362//7362
f 7360//7360 7362//7362 7363//7363
f 7364//7364 7365//7365 7366//7366
f 7364//7364 7366//7366 7367//7367
f 7368//7368 7360//7360 7363//7363
f 7368//7368 7363//7363 7369//7369
f 7370//7370 7371//7371 7372//7372
f 7370//7370 7372//7372 7373//7373
f 7374//7374 7375//7375 7376//7376
f 7374//7374 7376//7376 7377//7377
f 7378//7378 7368//7368 7369//7369
f 7378//7378 7369//7369 7379//7379
f 7380//7380 7381//7381 7365//7365
f 7380//7380 7365//7365 7364//7364
f 7382//7382 7383//7383 7357//7357
f 7382//7382 7357//7357 7356//7356
f 7005//7005 7003//7003 7004//7004
f 7003//7003 7005//7005 7002//7002
f 7002//7002 7005//7005 7001//7001
f 7001//7001 7005//7005 6992//6992
f 7001//7001 6992//6992 6993//6993
f 7001//7001 6993//6993 7000//7000
f 7000//7000 6993//6993 6999//6999
f 6999//6999 6993//6993 6994//6994
f 6999//6999 6994//6994 6998//6998
f 6998//6998 6994//6994 6995//6995
f 6998//6998 6995//6995 6996//6996
f 6998//6998 6996//6996 6997//6997
#320 polygons

g Object_20

#
# object Object_20
#

v -42.047993 21.42319 -90.25607
v -42.047997 20.63764 -92.64262
v -38.942165 22.203651 -95.213005
v -38.94216 22.732254 -92.9657
v -42.048 41.87194 -125.08069
v -42.048004 44.373447 -125.31548
v -38.942173 46.53093 -123.216774
v -38.94217 44.22234 -123.20151
v -42.048 71.27316 -97.39543
v -42.048 70.94544 -94.90439
v -38.94217 68.419266 -93.26801
v -38.942165 68.91808 -95.522125
v -42.047977 23.388365 -86.16833
v -44.90455 23.148249 -86.02361
v -44.78544 22.147963 -85.42075
v -41.801224 22.398811 -85.57193
v -44.904552 25.874102 -82.33678
v -42.047993 26.084793 -82.52129
v -41.80124 25.215727 -81.76194
v -44.785446 24.99562 -81.569176
v -47.761112 21.809202 -87.89571
v -47.769653 20.74908 -87.376526
v -47.761124 70.895294 -106.798096
v -47.76112 71.48276 -104.30054
v -47.769657 72.6423 -104.5144
v -47.76966 72.02859 -107.12355
v -55.27568 40.193977 -75.38624
v -55.275703 36.06704 -76.71745
v -55.620033 35.644035 -75.698746
v -55.620007 39.955383 -74.30805
v -53.45044 37.78102 -75.026634
v -50.605774 37.67551 -74.69235
v -50.741425 37.324375 -73.58316
v -53.713203 37.4346 -73.93238
v -47.76112 44.07619 -125.86141
v -44.904564 41.83255 -125.35797
v -44.785454 41.66718 -126.51278
v -47.76966 44.011078 -127.03872
v -56.888844 32.313507 -115.86878
v -56.528625 33.079124 -114.92165
v -56.52988 36.40334 -117.12945
v -56.8898 35.673893 -118.09942
v -47.76112 39.484875 -125.22958
v -47.76112 44.07619 -125.86141
v -47.76966 44.011078 -127.03872
v -47.76966 39.214596 -126.378654
v -56.888847 64.41917 -108.764046
v -56.52863 63.32542 -108.228386
v -56.52988 64.73816 -104.49624
v -56.8898 65.84612 -104.991554
v -44.90456 33.160774 -122.503586
v -42.048 33.29378 -122.25712
v -41.801247 32.74685 -123.27336
v -44.78545 32.607906 -123.530846
v -42.047993 37.739635 -74.89191
v -42.047997 35.38398 -75.765724
v -38.942165 34.350754 -78.5927
v -38.94216 36.437355 -77.60479
v -55.27571 69.86558 -95.358536
v -55.27571 69.34731 -93.01653
v -53.450443 70.806984 -94.93073
v -53.450443 71.13261 -97.40579
v -55.275703 33.89908 -77.743866
v -53.45044 35.44047 -75.89484
v -53.45044 37.78102 -75.026634
v -44.904552 37.361736 -124.3407
v -44.785446 36.996582 -125.45005
v -55.27571 25.4142 -113.81661
v -55.27571 26.897303 -115.70182
v -53.450443 24.751644 -114.61052
v -53.450443 23.384378 -112.52185
v -55.275715 63.953693 -115.94703
v -55.275715 65.46162 -114.08161
v -53.450447 64.87513 -116.416306
v -53.450447 63.143066 -118.214066
v -42.048004 53.327206 -124.13752
v -38.942173 54.62949 -121.42463
v -38.942226 50.664894 -122.70339
v -42.04799 48.90601 -125.14976
v -47.761116 46.990654 -73.16801
v -47.761112 44.424984 -73.15103
v -47.76965 44.37545 -71.97298
v -47.769653 47.055767 -71.9907
v -42.048 67.8046 -86.43725
v -38.94217 64.86995 -85.77129
v -38.942223 66.998856 -89.35194
v -42.047985 69.77527 -90.522354
v -53.553623 42.042107 -83.73777
v -53.65629 34.24806 -85.16961
v -56.529877 36.637245 -81.780685
v -56.529877 37.454178 -81.39391
v -53.6293 42.012127 -83.6023
v -38.94222 21.784277 -99.35757
v -42.04798 19.790638 -97.09841
v -42.048 19.79368 -101.634
v -38.942165 22.148771 -103.50731
v -55.275715 44.170967 -124.16164
v -55.27572 46.56958 -124.17751
v -53.450447 44.378574 -125.17463
v -53.450447 41.89311 -124.941345
v -55.275696 67.726906 -110.38402
v -55.62002 68.71862 -110.86972
v -55.62004 66.35211 -114.73254
v -50.605778 57.8732 -76.58817
v -53.45044 57.70733 -76.89698
v -53.713203 58.251316 -75.88631
v -50.741432 58.424603 -75.5637
v -53.553623 55.691532 -86.948326
v -53.657303 49.712833 -81.7463
v -56.529877 53.85176 -81.50242
v -56.529877 54.663506 -81.89998
v -53.6293 55.778755 -86.84043
v -53.553627 61.691692 -99.62163
v -53.657307 62.031143 -91.70388
v -56.52988 64.80239 -94.78777
v -56.52988 64.99769 -95.67029
v -53.629303 61.830437 -99.62254
v -53.553627 55.524345 -112.21442
v -53.657307 61.92633 -107.54318
v -56.52988 61.243103 -111.63261
v -56.52988 60.674885 -112.335526
v -53.629303 55.610134 -112.32347
v -53.553627 41.833626 -115.244064
v -53.657307 49.477325 -117.336876
v -56.52988 45.854095 -119.35242
v -56.52988 44.95025 -119.346436
v -53.629303 41.801857 -115.37913
v -53.553623 30.928932 -106.42919
v -53.657307 34.058475 -113.71012
v -56.52988 30.223618 -112.134026
v -56.52988 29.664757 -111.423645
v -53.6293 30.803528 -106.48856
v -53.553623 31.021715 -92.40757
v -53.65629 27.281658 -99.393936
v -56.529877 26.121733 -95.41305
v -56.529877 26.32869 -94.53319
v -53.6293 30.89711 -92.34655
v -56.529877 45.212746 -79.677
v -56.529877 46.116592 -79.68298
v -56.52988 64.94511 -103.61638
v -56.52988 37.21508 -117.527
v -56.529877 29.82374 -87.39682
v -56.529877 30.391958 -86.693886
v -56.529877 60.843224 -86.89539
v -56.529877 61.40209 -87.605774
v -56.529884 54.4296 -117.248726
v -56.529884 53.612663 -117.635506
v -56.529877 26.264444 -104.241646
v -56.529877 26.06915 -103.35913
v -56.52862 33.284103 -83.944305
v -56.52862 25.72266 -99.38362
v -56.52863 49.813927 -118.85795
v -56.528625 63.439182 -91.037254
v -56.52862 50.069534 -80.22981
v -56.528614 41.25292 -80.17148
v -56.528614 27.741425 -90.80104
v -56.528618 27.627665 -107.992165
v -56.52862 40.99731 -118.7996
v -56.52862 57.782738 -115.08512
v -56.52862 65.34418 -99.645805
v -56.528618 57.987717 -84.10777
v -38.942165 22.647581 -105.761406
v -42.047997 20.1214 -104.12503
v -42.04798 21.29158 -108.50708
v -38.94222 24.067991 -109.6775
v -42.048 41.87194 -125.08069
v -41.801247 41.70833 -126.223114
v -42.048 24.638329 -114.69433
v -44.90456 24.411556 -114.85867
v -44.785454 23.467724 -115.54433
v -41.801247 23.704632 -115.372635
v -38.94217 56.716084 -120.43674
v -42.048 55.68286 -123.2637
v -42.04799 59.694645 -121.14777
v -38.942223 60.21791 -118.18053
v -44.90456 30.98608 -121.19293
v -47.761124 32.789097 -122.619995
v -47.76966 32.219612 -123.652466
v -44.785454 30.33603 -122.16163
v -53.450447 33.359516 -122.13244
v -50.60578 33.193638 -122.441246
v -50.741432 32.64224 -123.46571
v -53.71321 32.81552 -123.14312
v -56.889797 25.220722 -94.037865
v -56.88884 26.647673 -90.26537
v -42.047977 23.388365 -86.16833
v -38.942215 24.204365 -89.068756
v -38.94216 26.380466 -85.5166
v -42.047993 26.084793 -82.52129
v -56.8898 28.586689 -111.981064
v -56.88884 26.52692 -108.513306
v -42.047997 23.262243 -112.59218
v -42.048 24.638329 -114.69433
v -38.94217 27.624336 -115.072586
v -38.942165 26.196896 -113.25813
v -56.8898 44.71389 -120.53684
v -56.88884 40.718456 -119.985115
v -42.047985 37.449394 -124.074394
v -38.942223 40.095528 -122.63345
v -38.94217 36.148205 -121.30234
v -42.048 33.29378 -122.25712
v -56.889805 61.458218 -113.26253
v -56.888844 58.535748 -116.04229
v -42.048 63.238815 -118.3175
v -42.048004 64.98205 -116.50814
v -38.942173 64.68638 -113.512825
v -38.94217 63.235054 -115.30823
v -56.8898 66.210846 -95.63583
v -56.88884 66.56203 -99.65386
v -42.047985 71.27621 -101.931015
v -38.94222 69.28258 -99.67187
v -38.94217 68.8632 -103.81643
v -42.048 70.42921 -106.38682
v -56.889797 55.392952 -80.93001
v -56.888836 58.75333 -83.160645
v -42.047997 27.828028 -80.71193
v -38.942165 27.831793 -83.72119
v -38.942215 30.848932 -80.8489
v -42.04798 31.372194 -77.88166
v -56.888844 24.504812 -99.375565
v -56.889797 24.909142 -95.362526
v -56.889797 25.150019 -104.72227
v -56.889797 24.855995 -103.39359
v -44.904552 27.399395 -118.336586
v -42.047985 27.593918 -118.1347
v -41.80123 26.792288 -118.96673
v -44.785446 26.589079 -119.17764
v -55.275715 54.999794 -122.31197
v -53.450447 53.28582 -124.002785
v -53.450466 48.88759 -125.00976
v -55.275696 50.87286 -123.64318
v -47.76112 19.523027 -103.95671
v -47.761116 20.077383 -106.46183
v -47.769653 18.939878 -106.772255
v -47.769657 18.360748 -104.155205
v -56.889805 55.14614 -118.228264
v -55.275692 67.868805 -88.940056
v -55.620018 68.86687 -88.46753
v -55.620037 70.41144 -92.726166
v -55.275707 65.65265 -85.21281
v -53.450443 67.682465 -86.507576
v -53.450462 69.64289 -90.57145
v -47.76112 71.54382 -95.07271
v -44.90456 71.55226 -97.37212
v -44.78545 72.71491 -97.27638
v -47.769653 72.7061 -94.87423
v -44.90456 70.69908 -106.46164
v -42.048 70.42921 -106.38682
v -41.801247 71.54167 -106.69389
v -44.785454 71.82361 -106.77207
v -55.27568 23.339931 -88.6454
v -53.450455 23.509293 -86.2412
v -53.45044 26.191711 -82.613106
v -55.275707 25.60523 -84.94781
v -47.76112 35.09332 -123.7485
v -47.769657 34.626797 -124.83139
v -55.27569 39.87514 -123.5704
v -53.450462 37.493534 -123.94028
v -53.450447 33.359516 -122.13244
v -55.27571 35.766182 -122.1847
v -56.8898 29.428083 -113.050575
v -44.904552 71.555336 -101.957214
v -47.76112 71.9495 -99.68951
v -47.769653 73.129906 -99.69733
v -44.785442 72.71813 -102.06636
v -55.27569 70.24507 -99.67824
v -53.450462 71.135635 -101.91782
v -53.450447 70.29302 -106.35048
v -55.27571 69.80845 -103.99252
v -56.889805 62.31369 -112.20423
v -56.889805 53.91621 -118.81058
v -56.888847 50.07707 -120.04705
v -55.275707 46.89587 -74.867775
v -53.45044 49.17373 -74.08807
v -53.45046 53.573303 -75.08914
v -55.27569 51.191704 -75.459015
v -47.761124 55.65191 -123.88454
v -47.761124 57.970867 -122.78664
v -47.76966 58.526634 -123.826546
v -47.769665 56.104057 -124.9735
v -56.889797 61.63876 -85.978836
v -42.048004 64.98205 -116.50814
v -44.904564 65.19274 -116.69266
v -44.785454 66.07122 -117.46025
v -41.80125 65.85112 -117.267494
v -55.27571 27.113146 -83.0824
v -53.45044 27.923767 -80.81535
v -53.450455 31.449524 -77.99979
v -55.27569 30.2538 -80.09241
v -42.047985 37.449394 -124.074394
v -41.80123 37.08815 -125.171844
v -56.88884 40.989773 -78.98237
v -56.889797 44.99216 -78.48358
v -44.904564 69.90522 -108.87346
v -44.785454 70.99428 -109.291664
v -56.889797 35.920696 -80.801155
v -56.889797 37.150627 -80.21885
v -56.889797 28.75315 -86.82518
v -56.889797 29.608622 -85.76689
v -56.8898 36.89601 -118.69795
v -56.8898 66.1577 -103.666885
v -56.889797 54.170834 -80.33147
v -56.889797 46.352947 -78.49258
v -55.275707 57.454853 -77.899734
v -55.275707 55.30066 -76.84472
v -53.45044 57.70733 -76.89698
v -53.45044 59.845432 -78.18558
v -56.88884 50.34839 -79.0443
v -44.904556 67.918594 -113.00582
v -42.04799 67.67848 -112.8611
v -41.801235 68.66804 -113.45749
v -44.785446 68.91888 -113.608665
v -53.45044 46.688263 -73.85478
v -55.275707 44.497257 -74.851906
v -53.450455 42.17925 -74.01966
v -38.94216 44.535915 -75.812645
v -42.047993 46.693394 -73.71393
v -42.047977 42.160835 -73.87968
v -38.942215 40.40195 -76.326035
v -56.88884 32.53109 -82.98712
v -47.76112 67.04067 -84.22712
v -47.761116 65.45428 -82.21062
v -47.769653 66.344444 -81.43738
v -47.769653 68.00173 -83.54399
v -53.450443 66.3152 -84.41891
v -55.275707 64.16954 -83.32761
v -55.275684 61.06873 -80.29632
v -53.45046 63.374966 -80.996414
v -38.942165 63.44251 -83.95684
v -42.047997 66.42852 -84.33509
v -42.04798 63.472935 -80.89473
v -38.942215 60.463642 -81.04486
v -53.450466 67.55755 -112.78822
v -55.27571 69.25923 -106.32745
v -53.450447 69.51251 -108.72171
v -47.76112 25.612564 -116.8188
v -47.76966 24.722399 -117.59204
v -44.904556 49.23429 -73.67145
v -44.785446 49.399666 -72.51665
v -53.450462 27.691877 -118.03301
v -55.275692 29.99811 -118.73311
v -55.27571 33.61199 -121.12968
v -53.450443 31.221415 -120.84384
v -53.450455 42.17925 -74.01966
v -53.71322 42.029366 -72.88042
v -47.761124 28.926605 -120.05865
v -47.76966 28.184528 -120.97665
v -47.761116 51.581966 -73.799835
v -44.90455 53.70511 -74.68873
v -44.78544 54.07026 -73.57938
v -47.769653 51.85225 -72.650764
v -56.888844 64.539925 -90.516106
v -56.8898 65.916824 -94.30716
v -56.889797 62.480152 -87.04836
v -42.047977 42.160835 -73.87968
v -41.801224 42.010128 -72.73417
v -38.55668 40.17265 -75.28985
v -53.450447 55.626366 -123.134575
v -55.275715 57.167763 -121.28555
v -55.275692 60.813034 -118.93701
v -53.450466 59.617313 -121.02964
v -56.889805 46.074677 -120.545845
v -44.904556 66.65529 -84.170746
v -42.047997 66.42852 -84.33509
v -41.801243 67.36222 -83.656784
v -44.78545 67.59912 -83.4851
v -53.45044 20.259861 -104.098694
v -55.275707 21.719534 -106.01288
v -55.275684 23.198036 -110.08937
v -53.45046 21.423954 -108.45797
v -53.45046 19.931215 -97.1116
v -55.27569 20.821766 -99.35119
v -55.275715 21.201267 -103.670876
v -53.45044 19.93424 -101.623634
v -55.275707 21.807611 -92.70196
v -55.27571 21.258396 -95.0369
v -53.45044 20.773813 -92.67895
v -53.45044 21.554327 -90.30772
v -38.942223 66.86249 -109.96068
v -42.04799 67.67848 -112.8611
v -42.048004 69.643654 -108.77336
v -38.942173 68.33459 -106.063736
v -38.942223 30.603203 -117.98456
v -42.047985 27.593918 -118.1347
v -42.048004 31.141876 -120.960205
v -38.94217 34.074867 -120.28691
v -55.275703 36.06704 -76.71745
v -55.620033 35.644035 -75.698746
v -55.62002 29.30391 -119.59188
v -55.620045 26.064548 -116.42514
v -50.60578 24.468216 -114.81677
v -53.450443 24.751644 -114.61052
v -53.713207 23.823011 -115.28508
v -50.741436 23.526913 -115.50055
v -42.047997 49.1949 -73.94873
v -38.942165 46.84451 -75.82793
v -38.94222 50.971317 -76.39597
v -42.04798 53.61745 -74.955025
v -42.04798 63.472935 -80.89473
v -44.90455 63.66745 -80.69283
v -44.78544 64.47777 -79.851776
v -41.801228 64.27456 -80.0627
v -56.6438 22.4559 -99.36201
v -56.6442 22.818493 -103.49917
v -56.6442 22.818493 -103.49917
v -56.6438 22.4559 -99.36201
v -56.644196 22.873209 -95.23
v -56.644196 22.873209 -95.23
v -56.643803 50.51977 -122.04761
v -56.644203 54.47253 -120.773506
v -56.644203 54.47253 -120.773506
v -56.643803 50.51977 -122.04761
v -56.644203 46.398506 -122.56023
v -56.644203 46.398506 -122.56023
v -56.6438 66.391815 -89.639336
v -56.6442 64.27008 -86.0692
v -56.6442 64.27008 -86.0692
v -56.6438 66.391815 -89.639336
v -56.6442 67.80863 -93.54321
v -56.6442 67.80863 -93.54321
v -56.643795 40.547066 -76.981804
v -56.644196 36.59431 -78.25592
v -56.644196 36.59431 -78.25592
v -56.643795 40.547066 -76.981804
v -56.644196 44.668335 -76.4692
v -56.644196 44.668335 -76.4692
v -56.643795 24.807545 -89.36417
v -56.644196 23.33918 -93.24895
v -56.644196 23.33918 -93.24895
v -56.643795 24.807545 -89.36417
v -56.644196 26.97634 -85.822426
v -56.644196 26.97634 -85.822426
v -56.6438 24.675035 -109.39008
v -56.6442 26.796764 -112.96022
v -56.6442 26.796764 -112.96022
v -56.6438 24.675035 -109.39008
v -56.6442 23.258202 -105.48621
v -56.6442 23.258202 -105.48621
v -56.6438 40.24931 -121.97964
v -56.644203 44.363434 -122.54675
v -56.644203 44.363434 -122.54675
v -56.6438 40.24931 -121.97964
v -56.644203 36.31376 -120.65335
v -56.644203 36.31376 -120.65335
v -56.6438 59.80262 -117.65265
v -56.6442 62.811127 -114.78969
v -56.6442 62.811127 -114.78969
v -56.6438 59.80262 -117.65265
v -56.644203 56.311913 -119.90266
v -56.644203 56.311913 -119.90266
v -56.643795 68.61093 -99.66742
v -56.6442 68.24835 -95.53024
v -56.6442 68.24835 -95.53024
v -56.643795 68.61093 -99.66742
v -56.644196 68.193634 -103.79942
v -56.644196 68.193634 -103.79942
v -56.643795 60.04141 -81.5672
v -56.644196 56.580776 -79.271194
v -56.644196 56.580776 -79.271194
v -56.643795 60.04141 -81.5672
v -56.6442 63.011757 -84.46971
v -56.6442 63.011757 -84.46971
v -56.643803 31.025429 -117.462234
v -56.6442 28.05509 -114.5597
v -56.6442 28.05509 -114.5597
v -56.643803 31.025429 -117.462234
v -56.644203 34.486073 -119.758224
v -56.644203 34.486073 -119.758224
v -56.643803 66.25929 -109.66526
v -56.644203 64.0905 -113.207
v -56.644203 64.0905 -113.207
v -56.643803 66.25929 -109.66526
v -56.644203 67.72766 -105.78047
v -56.644203 67.72766 -105.78047
v -56.644196 46.703407 -76.48266
v -56.6438 50.81753 -77.04977
v -56.6438 50.81753 -77.04977
v -56.644196 46.703407 -76.48266
v -56.644196 54.75308 -78.376076
v -56.644196 54.75308 -78.376076
v -56.644196 28.255714 -84.23973
v -56.643795 31.264212 -81.37677
v -56.643795 31.264212 -81.37677
v -56.644196 28.255714 -84.23973
v -56.644196 34.754932 -79.12677
v -56.644196 34.754932 -79.12677
v -42.047997 59.92497 -78.069214
v -42.047997 57.77306 -76.77231
v -38.942165 54.91864 -77.72708
v -38.94216 56.991985 -78.74251
v -44.904556 57.906067 -76.52584
v -44.904556 60.080765 -77.83648
v -47.761116 58.27775 -76.409424
v -47.761116 55.973526 -75.28092
v -50.605778 57.8732 -76.58817
v -50.605778 60.040997 -77.89466
v -50.60578 42.13347 -73.67171
v -50.605774 37.67551 -74.69235
v -47.761112 35.41493 -75.14488
v -47.761112 39.825706 -73.722046
v -42.047993 37.739635 -74.89191
v -38.94216 36.437355 -77.60479
v -38.55662 36.0309 -76.62575
v -41.80124 37.39137 -73.791626
v -50.605774 46.703724 -73.504585
v -47.761112 44.424984 -73.15103
v -44.904556 46.70629 -73.434166
v -44.904545 42.124264 -73.60171
v -44.904552 27.635798 -80.50825
v -47.761116 25.843304 -81.94851
v -47.769653 24.963451 -81.16356
v -44.785446 26.836039 -79.65895
v -53.45044 35.44047 -75.89484
v -55.620037 33.379196 -76.771034
v -53.713203 34.989468 -74.839386
v -44.904552 27.635798 -80.50825
v -44.90455 31.218645 -77.64709
v -47.761116 29.19993 -78.752815
v -47.761116 25.843304 -81.94851
v -50.605778 27.683674 -80.55997
v -50.605785 31.257313 -77.70615
v -50.605785 63.618465 -80.743675
v -47.761116 62.14024 -78.97079
v -42.048004 31.141876 -120.960205
v -41.801247 30.498793 -121.9185
v -50.605778 66.598625 -84.21265
v -47.761116 65.45428 -82.21062
v -44.904556 66.65529 -84.170746
v -44.90455 63.66745 -80.69283
v -42.047997 35.38398 -75.765724
v -44.904552 35.274216 -75.508064
v -44.785442 34.815777 -74.435326
v -41.80124 34.93045 -74.7045
v -55.62002 51.111454 -124.72137
v -55.620045 46.615883 -125.27958
v -44.904556 49.23429 -73.67145
v -44.90455 53.70511 -74.68873
v -47.761116 51.581966 -73.799835
v -47.761116 46.990654 -73.16801
v -50.605778 49.223705 -73.74112
v -50.605785 53.683033 -74.75578
v -50.605793 67.85813 -112.969376
v -50.605785 69.839645 -108.84763
v -47.761124 70.895294 -106.798096
v -47.761124 69.25764 -111.1337
v -44.904556 67.918594 -113.00582
v -44.904564 69.90522 -108.87346
v -50.605785 65.139275 -116.646736
v -47.761124 66.83648 -115.08559
v -38.556625 33.85106 -77.65779
v -44.904552 71.555336 -101.957214
v -44.90456 70.69908 -106.46164
v -47.76112 71.48276 -104.30054
v -47.76112 71.9495 -99.68951
v -50.60579 71.485054 -101.950615
v -50.60578 70.631 -106.443474
v -47.761124 28.926605 -120.05865
v -47.76966 28.184528 -120.97665
v -47.761116 29.19993 -78.752815
v -44.90455 31.218645 -77.64709
v -44.78544 30.57899 -76.66993
v -47.769653 28.470066 -77.825066
v -50.605793 27.448381 -118.28574
v -50.605785 31.025846 -121.13476
v -47.761124 32.789097 -122.619995
v -47.761124 28.926605 -120.05865
v -44.904552 27.399395 -118.336586
v -44.90456 30.98608 -121.19293
v -50.60578 24.468216 -114.81677
v -47.76112 25.612564 -116.8188
v -55.27569 30.2538 -80.09241
v -53.450455 31.449524 -77.99979
v -53.713226 30.820183 -77.03839
v -55.620014 29.571026 -79.224525
v -44.904552 37.361736 -124.3407
v -44.90456 33.160774 -122.503586
v -47.76112 35.09332 -123.7485
v -47.76112 39.484875 -125.22958
v -50.60579 37.38381 -124.273636
v -50.60578 33.193638 -122.441246
v -44.904556 46.70629 -73.434166
v -42.047993 46.693394 -73.71393
v -41.80124 46.745228 -72.56101
v -44.785446 46.7587 -72.26876
v -42.04798 31.372194 -77.88166
v -38.942215 30.848932 -80.8489
v -38.556683 30.192757 -80.014824
v -41.801224 30.739399 -76.91498
v -44.90455 23.148249 -86.02361
v -44.904552 25.874102 -82.33678
v -47.761112 24.230364 -83.94384
v -47.761112 21.809202 -87.89571
v -50.60578 23.208714 -86.06004
v -50.605774 25.927563 -82.38268
v -47.761112 35.41493 -75.14488
v -44.904552 37.654816 -74.62499
v -44.785442 37.30276 -73.51279
v -47.76965 34.962788 -74.055916
v -53.45046 63.374966 -80.996414
v -55.62001 61.762924 -79.437546
v -53.713223 64.17222 -80.16892
v -44.904545 42.124264 -73.60171
v -44.785435 41.971924 -72.44379
v -38.556683 61.130802 -80.21953
v -44.90456 68.04595 -86.29516
v -44.904552 70.038124 -90.42484
v -47.76112 69.409325 -88.21069
v -47.76112 67.04067 -84.22712
v -50.60578 67.98488 -86.33032
v -50.60579 69.97193 -90.4494
v -50.605793 59.80953 -121.32327
v -50.60578 63.383167 -118.46946
v -47.76112 65.22353 -117.08092
v -47.761124 61.86691 -120.27661
v -53.450462 27.691877 -118.03301
v -50.605793 27.448381 -118.28574
v -50.741444 26.640247 -119.124535
v -53.713234 26.894629 -118.860504
v -50.60578 55.76438 -123.456795
v -47.761124 57.970867 -122.78664
v -44.904564 55.79263 -123.521355
v -44.904556 59.848194 -121.38233
v -44.904556 60.080765 -77.83648
v -42.047997 59.92497 -78.069214
v -41.80124 60.568054 -77.11093
v -44.785446 60.730816 -76.8678
v -55.275707 57.454853 -77.899734
v -53.45044 59.845432 -78.18558
v -53.713203 60.484962 -77.232475
v -55.620033 57.987564 -76.93386
v -44.904564 53.41202 -124.404434
v -44.904556 48.942577 -125.42771
v -47.761124 51.241135 -125.30738
v -47.761124 55.65191 -123.88454
v -50.605785 53.39133 -124.33707
v -50.605793 48.93337 -125.35771
v -50.605785 21.094917 -108.580025
v -50.605778 23.081964 -112.6991
v -47.761116 24.026169 -114.8023
v -47.761116 21.657518 -110.818726
v -44.904556 57.906067 -76.52584
v -47.761116 55.973526 -75.28092
v -47.769653 56.440044 -74.19803
v -44.785446 58.45894 -75.49858
v -50.605778 19.91501 -104.16154
v -47.761116 20.077383 -106.46183
v -44.904556 19.845785 -104.17472
v -44.90455 21.02872 -108.604576
v -50.60579 19.581799 -97.078804
v -50.605778 19.584866 -101.65211
v -47.76112 19.523027 -103.95671
v -47.761116 19.117357 -99.33991
v -44.90455 19.511513 -97.072205
v -44.904556 19.514591 -101.657295
v -50.605778 20.435839 -92.58595
v -47.761116 19.584087 -94.72888
v -38.94216 56.991985 -78.74251
v -38.556625 57.504013 -77.8143
v -44.904564 44.36055 -125.59525
v -44.904564 41.83255 -125.35797
v -47.76112 44.07619 -125.86141
v -47.761124 46.641857 -125.87839
v -50.605785 44.363113 -125.524826
v -50.60578 41.843136 -125.2883
v -44.904556 20.367758 -92.56778
v -44.904556 21.161625 -90.15596
v -47.761112 20.171549 -92.23132
v -50.605774 21.227198 -90.18179
v -44.904564 65.19274 -116.69266
v -44.904564 63.43104 -118.52118
v -44.90456 24.411556 -114.85867
v -44.90456 23.020897 -112.73426
v -44.904552 35.274216 -75.508064
v -44.904552 37.654816 -74.62499
v -47.761116 33.095978 -76.24278
v -50.605778 35.30246 -75.572624
v -44.90456 71.22107 -94.85471
v -44.90456 71.55226 -97.37212
v -47.76112 71.54382 -95.07271
v -47.76112 70.98946 -92.56759
v -50.60578 71.15183 -94.867874
v -50.60578 71.48198 -97.37731
v -55.62004 55.73711 -75.8317
v -47.76112 71.54382 -95.07271
v -47.769653 72.7061 -94.87423
v -50.605774 37.67551 -74.69235
v -50.60578 42.13347 -73.67171
v -50.741436 41.98154 -72.51691
v -50.741425 37.324375 -73.58316
v -42.047997 57.77306 -76.77231
v -41.801243 58.31999 -75.756065
v -38.55663 55.33802 -76.7535
v -55.275707 44.497257 -74.851906
v -53.45044 46.688263 -73.85478
v -53.713203 46.73987 -72.70816
v -55.620033 44.450954 -73.74985
v -42.048 71.27316 -97.39543
v -41.801243 72.42335 -97.30072
v -50.605785 31.257313 -77.70615
v -50.605778 35.30246 -75.572624
v -50.74143 34.845284 -74.50278
v -50.741436 30.619379 -76.731636
v -38.94216 44.535915 -75.812645
v -38.55662 44.49134 -74.75352
v -55.27569 51.191704 -75.459015
v -53.45046 53.573303 -75.08914
v -53.713226 53.932568 -73.99768
v -55.620014 51.444542 -74.38409
v -53.450447 70.29302 -106.35048
v -50.60578 70.631 -106.443474
v -50.741432 71.75249 -106.75309
v -53.71321 71.399414 -106.65593
v -50.605778 60.040997 -77.89466
v -50.605785 63.618465 -80.743675
v -50.74144 64.4266 -79.904884
v -50.741425 60.68927 -76.92857
v -55.620018 19.717522 -99.34389
v -55.62004 20.173664 -94.83681
v -53.45044 49.17373 -74.08807
v -55.620037 46.956753 -73.766426
v -53.713203 49.336395 -72.95188
v -42.04798 53.61745 -74.955025
v -38.94222 50.971317 -76.39597
v -38.556683 51.214314 -75.36291
v -41.801228 53.978687 -73.857574
v -50.605785 53.683033 -74.75578
v -50.605778 57.8732 -76.58817
v -50.741432 58.424603 -75.5637
v -50.741436 54.0472 -73.64943
v -42.047997 49.1949 -73.94873
v -41.801243 49.358517 -72.80631
v -38.556625 46.903095 -74.76948
v -55.620033 57.987564 -76.93386
v -47.76112 71.48276 -104.30054
v -47.769657 72.6423 -104.5144
v -44.904556 20.367758 -92.56778
v -47.761116 19.584087 -94.72888
v -47.769657 18.424538 -94.51504
v -44.78545 19.243229 -92.25736
v -55.275696 67.726906 -110.38402
v -53.450466 67.55755 -112.78822
v -53.713234 68.541695 -113.38135
v -55.62002 68.71862 -110.86972
v -47.761116 19.117357 -99.33991
v -47.769657 17.936947 -99.3321
v -38.942223 66.86249 -109.96068
v -38.55669 67.815575 -110.42745
v -42.047985 71.27621 -101.931015
v -41.80123 72.42653 -102.038994
v -50.605793 67.85813 -112.969376
v -50.605785 65.139275 -116.646736
v -50.74144 66.015366 -117.412285
v -50.741444 68.85571 -113.5706
v -53.450447 69.51251 -108.72171
v -55.62004 70.31942 -106.63189
v -53.71321 70.58402 -109.133125
v -50.605778 20.435839 -92.58595
v -53.45044 20.773813 -92.67895
v -53.713203 19.667425 -92.3735
v -50.741432 19.314352 -92.27634
v -42.048004 69.643654 -108.77336
v -41.80125 70.72102 -109.18708
v -38.556633 69.35346 -106.356384
v -47.761124 66.83648 -115.08559
v -47.76966 67.78841 -115.78137
v -50.60578 71.48198 -97.37731
v -50.60579 71.485054 -101.950615
v -50.741444 72.64471 -102.05946
v -50.741432 72.64149 -97.2818
v -55.27571 69.80845 -103.99252
v -55.62004 70.89317 -104.192604
v -47.761124 69.25764 -111.1337
v -47.76966 70.31776 -111.6529
v -42.048 19.79368 -101.634
v -44.904556 19.514591 -101.657295
v -44.78545 18.351933 -101.75304
v -41.801243 18.643497 -101.7287
v -38.94217 68.8632 -103.81643
v -38.55663 69.90569 -104.00865
v -55.620033 24.714733 -84.29689
v -55.620037 26.290033 -82.34811
v -50.605793 27.448381 -118.28574
v -50.60578 24.468216 -114.81677
v -50.741436 23.526913 -115.50055
v -50.741444 26.640247 -119.124535
v -47.761116 19.117357 -99.33991
v -44.90455 19.511513 -97.072205
v -44.78544 18.348717 -96.96307
v -47.769657 17.936947 -99.3321
v -53.450462 71.135635 -101.91782
v -55.620014 71.34931 -99.68554
v -53.713226 72.27967 -102.02521
v -50.605785 65.139275 -116.646736
v -53.450447 64.87513 -116.416306
v -53.71321 65.73941 -117.171555
v -50.74144 66.015366 -117.412285
v -38.556686 70.34381 -99.678894
v -50.60578 41.843136 -125.2883
v -50.60579 37.38381 -124.273636
v -50.741444 37.019638 -125.38
v -50.741432 41.678234 -126.439995
v -55.275692 29.99811 -118.73311
v -55.62002 29.30391 -119.59188
v -38.942223 30.603203 -117.98456
v -38.556686 29.936047 -118.80989
v -55.620037 26.290033 -82.34811
v -55.620033 24.714733 -84.29689
v -53.713203 25.327425 -81.85786
v -53.713203 27.136879 -79.979774
v -55.620045 33.07928 -122.09555
v -55.62004 35.32973 -123.197716
v -53.71321 32.81552 -123.14312
v -53.71321 30.581879 -121.796936
v -55.62004 70.31942 -106.63189
v -55.62004 70.89317 -104.192604
v -53.71321 71.399414 -106.65593
v -53.71321 70.58402 -109.133125
v -55.620037 46.956753 -73.766426
v -55.620033 44.450954 -73.74985
v -53.713203 46.73987 -72.70816
v -53.713203 49.336395 -72.95188
v -41.801243 49.358517 -72.80631
v -41.80124 46.745228 -72.56101
v -38.55662 44.49134 -74.75352
v -38.556625 46.903095 -74.76948
v -41.801224 30.739399 -76.91498
v -38.556683 30.192757 -80.014824
v -38.556625 33.85106 -77.65779
v -41.80124 34.93045 -74.7045
v -55.62004 20.11398 -103.8566
v -55.620037 20.655403 -106.30325
v -53.713207 19.130512 -104.30353
v -53.713207 18.790333 -101.71787
v -55.62005 55.422802 -123.33067
v -55.62004 57.68764 -122.25839
v -53.71321 56.077374 -124.19003
v -53.71321 53.632236 -125.09704
v -55.62004 66.551674 -84.57372
v -55.620033 65.0023 -82.60427
v -53.713207 67.243835 -83.74435
v -53.713207 68.672195 -85.92635
v -38.556633 26.824066 -115.7678
v -41.801247 23.704632 -115.372635
v -41.80123 26.792288 -118.96673
v -38.556686 29.936047 -118.80989
v -38.556633 65.54223 -114.138336
v -41.80125 65.85112 -117.267494
v -41.801235 68.66804 -113.45749
v -38.55669 67.815575 -110.42745
v -41.801228 53.978687 -73.857574
v -38.556683 51.214314 -75.36291
v -38.55663 55.33802 -76.7535
v -41.801243 58.31999 -75.756065
v -41.801247 41.70833 -126.223114
v -38.55663 44.163754 -124.25996
v -38.556686 39.852535 -123.66651
v -41.80123 37.08815 -125.171844
v -53.713203 19.667425 -92.3735
v -55.62004 20.173664 -94.83681
v -55.620018 19.717522 -99.34389
v -53.713226 18.787174 -97.00422
v -41.801235 49.056713 -126.295265
v -38.55669 50.894196 -123.739586
v -38.556633 46.5755 -124.2759
v -41.80125 44.321613 -126.4684
v -41.80123 70.85851 -90.12053
v -38.556686 67.95804 -88.89781
v -38.556633 69.44192 -92.98888
v -41.801247 72.08098 -94.69838
v -41.80124 20.345823 -89.84235
v -38.556625 21.71338 -92.67305
v -38.55668 23.251276 -88.601974
v -41.801224 22.398811 -85.57193
v -38.556683 23.108809 -110.131615
v -41.801228 20.208332 -108.908905
v -41.801243 22.267046 -113.176544
v -38.55663 25.33284 -113.87227
v -55.62002 51.111454 -124.72137
v -53.713234 49.03747 -126.14902
v -53.71321 44.32697 -126.32125
v -55.620045 46.615883 -125.27958
v -38.556686 60.87409 -119.01461
v -41.80123 60.327442 -122.11445
v -41.801247 64.02998 -119.1577
v -38.556633 64.026054 -116.01397
v -55.620018 68.86687 -88.46753
v -53.71323 70.72022 -90.17182
v -53.713207 71.93633 -94.7259
v -55.620037 70.41144 -92.726166
v -55.620033 20.747421 -92.39753
v -53.713203 20.482817 -89.8963
v -53.713223 22.525139 -85.64807
v -55.62001 22.348215 -88.1597
v -55.62004 44.11009 -125.26299
v -53.71321 41.730442 -126.077545
v -53.71323 37.13427 -125.03174
v -55.620018 39.6223 -124.645325
v -55.620037 70.952866 -95.17283
v -53.71321 72.276505 -97.311554
v -53.713226 72.27967 -102.02521
v -55.620014 71.34931 -99.68554
v -55.620014 51.444542 -74.38409
v -53.713226 53.932568 -73.99768
v -53.713203 58.251316 -75.88631
v -55.62004 55.73711 -75.8317
v -38.556683 61.130802 -80.21953
v -41.801228 64.27456 -80.0627
v -41.80124 60.568054 -77.11093
v -38.556625 57.504013 -77.8143
v -55.620014 29.571026 -79.224525
v -53.713226 30.820183 -77.03839
v -53.713203 34.989468 -74.839386
v -55.620037 33.379196 -76.771034
v -38.55668 40.17265 -75.28985
v -41.801224 42.010128 -72.73417
v -41.80124 37.39137 -73.791626
v -38.55662 36.0309 -76.62575
v -53.71322 42.029366 -72.88042
v -55.620007 39.955383 -74.30805
v -55.620033 35.644035 -75.698746
v -53.713203 37.4346 -73.93238
v -53.713223 64.17222 -80.16892
v -55.62001 61.762924 -79.437546
v -55.620033 57.987564 -76.93386
v -53.713203 60.484962 -77.232475
v -53.71321 65.73941 -117.171555
v -55.62004 66.35211 -114.73254
v -55.62002 68.71862 -110.86972
v -53.713234 68.541695 -113.38135
v -41.80125 70.72102 -109.18708
v -41.801247 71.54167 -106.69389
v -38.55663 69.90569 -104.00865
v -38.556633 69.35346 -106.356384
v -53.713207 23.823011 -115.28508
v -55.620045 26.064548 -116.42514
v -55.62002 29.30391 -119.59188
v -53.713234 26.894629 -118.860504
v -41.801247 30.498793 -121.9185
v -41.801247 32.74685 -123.27336
v -38.55663 35.728825 -122.27592
v -38.556633 33.562836 -121.21512
v -41.80124 27.03686 -79.87172
v -41.80124 25.215727 -81.76194
v -38.55662 25.524614 -84.8911
v -38.556625 27.04079 -83.01546
v -53.71323 60.246647 -121.991035
v -55.620018 61.495808 -119.80489
v -55.62004 64.7768 -116.681305
v -53.71321 63.92996 -119.04965
v -53.713223 20.346619 -108.857605
v -55.620014 22.199984 -110.5619
v -55.620037 24.515171 -114.455696
v -53.713207 22.394646 -113.10307
v -41.801247 68.7998 -85.85288
v -41.801243 67.36222 -83.656784
v -38.556625 64.24278 -83.26163
v -38.55663 65.73401 -85.157166
v -41.80125 53.675472 -125.23779
v -41.801247 56.136387 -124.32493
v -38.556633 57.215786 -121.371635
v -38.556633 55.035946 -122.40368
v -41.801243 18.643497 -101.7287
v -41.80124 18.985867 -104.33105
v -38.556625 21.624928 -106.04055
v -38.55663 21.103823 -103.68572
v -41.801243 72.42335 -97.30072
v -38.55663 69.96303 -95.34371
v -38.556686 70.34381 -99.678894
v -41.80123 72.42653 -102.038994
v -44.785435 41.971924 -72.44379
v -44.785442 37.30276 -73.51279
v -44.78544 30.57899 -76.66993
v -44.785442 34.815777 -74.435326
v -47.76965 32.540207 -75.20288
v -47.769653 28.470066 -77.825066
v -50.741436 30.619379 -76.731636
v -50.74143 34.845284 -74.50278
v -44.78544 64.47777 -79.851776
v -44.785446 60.730816 -76.8678
v -44.78544 54.07026 -73.57938
v -44.785446 58.45894 -75.49858
v -47.769653 56.440044 -74.19803
v -47.769653 51.85225 -72.650764
v -50.741436 54.0472 -73.64943
v -50.741432 58.424603 -75.5637
v -44.785454 66.07122 -117.46025
v -44.785446 68.91888 -113.608665
v -44.78545 72.71491 -97.27638
v -44.785442 72.71813 -102.06636
v -47.769653 73.129906 -99.69733
v -47.769653 72.7061 -94.87423
v -50.741432 72.64149 -97.2818
v -50.741444 72.64471 -102.05946
v -44.785454 23.467724 -115.54433
v -44.785446 26.589079 -119.17764
v -44.785454 41.66718 -126.51278
v -44.785446 36.996582 -125.45005
v -47.76966 39.214596 -126.378654
v -47.76966 44.011078 -127.03872
v -50.741432 41.678234 -126.439995
v -50.741444 37.019638 -125.38
v -44.785446 20.072569 -89.73777
v -44.78544 22.147963 -85.42075
v -47.769653 20.74908 -87.376526
v -47.769653 19.038252 -91.90587
v -50.741425 20.14107 -89.76474
v -50.741436 22.211128 -85.458824
v -44.785442 71.13312 -90.01866
v -44.78545 72.36892 -94.646484
v -47.769657 72.12697 -92.257164
v -47.769657 70.47623 -87.70558
v -50.74144 71.06397 -90.04432
v -50.74143 72.29659 -94.66023
v -44.785446 60.48785 -122.3595
v -44.785454 64.2308 -119.37048
v -44.785446 49.094913 -126.58565
v -44.785458 44.308144 -126.76066
v -47.769665 46.69139 -127.05645
v -47.769665 51.49618 -126.45993
v -50.741444 49.085297 -126.51251
v -50.74144 44.31082 -126.68709
v -44.78544 19.93373 -109.01076
v -44.78545 22.014914 -113.32498
v -44.78545 19.243229 -92.25736
v -44.78544 18.348717 -96.96307
v -41.801228 18.640318 -96.99044
v -41.801243 19.52517 -92.335526
v -44.78545 67.59912 -83.4851
v -44.78545 69.051926 -85.704445
v -47.769653 68.00173 -83.54399
v -47.769653 66.344444 -81.43738
v -50.74143 67.53993 -83.52888
v -50.741436 68.98813 -85.74117
v -44.785454 56.251064 -124.5941
v -44.785458 53.764076 -125.51663
v -47.769665 56.104057 -124.9735
v -47.76966 58.526634 -123.826546
v -50.741432 56.221554 -124.52665
v -50.74144 53.742462 -125.44625
v -44.785446 18.697926 -104.38295
v -44.78545 18.351933 -101.75304
v -47.769657 18.360748 -104.155205
v -47.769653 18.939878 -106.772255
v -50.74143 18.770252 -104.36919
v -50.741432 18.425346 -101.74762
v -44.785446 46.7587 -72.26876
v -44.785446 49.399666 -72.51665
v -47.769653 47.055767 -71.9907
v -47.76965 44.37545 -71.97298
v -50.741425 46.756016 -72.34232
v -50.741432 49.388607 -72.58943
v -44.785454 71.82361 -106.77207
v -44.785454 70.99428 -109.291664
v -47.76966 72.02859 -107.12355
v -47.769657 72.6423 -104.5144
v -50.741432 71.75249 -106.75309
v -50.741432 70.92577 -109.26468
v -44.78545 32.607906 -123.530846
v -44.785454 30.33603 -122.16163
v -47.76966 32.219612 -123.652466
v -47.769657 34.626797 -124.83139
v -50.741432 32.64224 -123.46571
v -50.741436 30.377579 -122.100845
v -44.785446 24.99562 -81.569176
v -44.785446 26.836039 -79.65895
v -47.769653 24.963451 -81.16356
v -47.76965 23.278439 -83.24806
v -50.741425 25.051474 -81.617134
v -50.74143 26.886055 -79.71297
v -38.55663 21.161158 -95.02078
v -38.556683 20.723042 -99.35054
v -50.741436 18.422144 -96.96996
v -50.741432 19.314352 -92.27634
v -50.74143 22.078716 -113.288246
v -50.74144 20.002878 -108.98511
v -50.741432 64.180786 -119.31646
v -50.741444 60.447456 -122.29779
v -50.741444 26.640247 -119.124535
v -50.741436 23.526913 -115.50055
v -50.741444 68.85571 -113.5706
v -50.74144 66.015366 -117.412285
v -50.741425 60.68927 -76.92857
v -50.74144 64.4266 -79.904884
v -50.741425 37.324375 -73.58316
v -50.741436 41.98154 -72.51691
v -47.769657 18.424538 -94.51504
v -47.769657 17.936947 -99.3321
v -47.769657 20.590622 -111.323845
v -47.769657 23.065117 -115.485435
v -47.769657 62.596775 -121.20436
v -47.769657 66.10339 -117.86587
v -47.76966 24.722399 -117.59204
v -47.76966 28.184528 -120.97665
v -47.76966 67.78841 -115.78137
v -47.76966 70.31776 -111.6529
v -47.76965 62.882317 -78.05277
v -47.769653 58.84723 -75.37695
v -47.76965 39.570656 -72.5695
v -47.76965 34.962788 -74.055916
v -50.605785 31.257313 -77.70615
v -50.741436 30.619379 -76.731636
v -47.761112 20.171549 -92.23132
v -44.904556 21.161625 -90.15596
v -44.785446 20.072569 -89.73777
v -47.769653 19.038252 -91.90587
v -47.76112 35.09332 -123.7485
v -47.769657 34.626797 -124.83139
v -47.76112 69.409325 -88.21069
v -44.904552 70.038124 -90.42484
v -44.785442 71.13312 -90.01866
v -47.769657 70.47623 -87.70558
v -47.761112 24.230364 -83.94384
v -47.76965 23.278439 -83.24806
v -50.605778 27.683674 -80.55997
v -53.45044 27.923767 -80.81535
v -53.713203 27.136879 -79.979774
v -50.74143 26.886055 -79.71297
v -38.55663 21.161158 -95.02078
v -38.556683 20.723042 -99.35054
v -42.048 70.94544 -94.90439
v -44.90456 71.22107 -94.85471
v -44.78545 72.36892 -94.646484
v -41.801247 72.08098 -94.69838
v -44.90456 68.04595 -86.29516
v -44.78545 69.051926 -85.704445
v -47.761112 24.230364 -83.94384
v -47.76965 23.278439 -83.24806
v -42.04799 59.694645 -121.14777
v -44.904556 59.848194 -121.38233
v -44.785446 60.48785 -122.3595
v -41.80123 60.327442 -122.11445
v -53.45044 26.191711 -82.613106
v -50.605774 25.927563 -82.38268
v -50.741425 25.051474 -81.617134
v -53.713203 25.327425 -81.85786
v -50.605785 53.683033 -74.75578
v -50.741436 54.0472 -73.64943
v -38.556683 23.108809 -110.131615
v -38.55663 25.33284 -113.87227
v -47.76112 65.22353 -117.08092
v -44.904564 63.43104 -118.52118
v -44.785454 64.2308 -119.37048
v -47.769657 66.10339 -117.86587
v -50.605778 49.223705 -73.74112
v -50.741432 49.388607 -72.58943
v -42.047997 20.63764 -92.64262
v -41.801243 19.52517 -92.335526
v -44.904564 55.79263 -123.521355
v -42.048 55.68286 -123.2637
v -41.801247 56.136387 -124.32493
v -44.785454 56.251064 -124.5941
v -42.047993 21.42319 -90.25607
v -41.80124 20.345823 -89.84235
v -47.761116 58.27775 -76.409424
v -47.769653 58.84723 -75.37695
v -42.04798 19.790638 -97.09841
v -38.94222 21.784277 -99.35757
v -38.556683 20.723042 -99.35054
v -41.801228 18.640318 -96.99044
v -38.556633 46.5755 -124.2759
v -38.55669 50.894196 -123.739586
v -47.761124 51.241135 -125.30738
v -44.904556 48.942577 -125.42771
v -44.785446 49.094913 -126.58565
v -47.769665 51.49618 -126.45993
v -50.605785 69.839645 -108.84763
v -50.741432 70.92577 -109.26468
v -55.275707 21.807611 -92.70196
v -53.45044 21.554327 -90.30772
v -53.713203 20.482817 -89.8963
v -55.620033 20.747421 -92.39753
v -42.048004 44.373447 -125.31548
v -44.904564 44.36055 -125.59525
v -44.785458 44.308144 -126.76066
v -41.80125 44.321613 -126.4684
v -47.761112 20.171549 -92.23132
v -47.769653 19.038252 -91.90587
v -38.556686 60.87409 -119.01461
v -38.556633 64.026054 -116.01397
v -44.904564 53.41202 -124.404434
v -44.785458 53.764076 -125.51663
v -50.60579 71.485054 -101.950615
v -50.741444 72.64471 -102.05946
v -50.605778 60.040997 -77.89466
v -50.741425 60.68927 -76.92857
v -55.620033 20.747421 -92.39753
v -55.62001 22.348215 -88.1597
v -55.27569 20.821766 -99.35119
v -53.45046 19.931215 -97.1116
v -53.713226 18.787174 -97.00422
v -55.620018 19.717522 -99.34389
v -42.04798 21.29158 -108.50708
v -44.90455 21.02872 -108.604576
v -44.78544 19.93373 -109.01076
v -41.801228 20.208332 -108.908905
v -38.94216 22.732254 -92.9657
v -38.556625 21.71338 -92.67305
v -38.556633 69.44192 -92.98888
v -38.556686 67.95804 -88.89781
v -47.761116 24.026169 -114.8023
v -44.90456 23.020897 -112.73426
v -44.78545 22.014914 -113.32498
v -47.769657 23.065117 -115.485435
v -42.047985 69.77527 -90.522354
v -41.80123 70.85851 -90.12053
v -53.450443 71.13261 -97.40579
v -50.60578 71.48198 -97.37731
v -50.741432 72.64149 -97.2818
v -53.71321 72.276505 -97.311554
v -50.60578 42.13347 -73.67171
v -50.741436 41.98154 -72.51691
v -55.620014 51.444542 -74.38409
v -38.55663 21.103823 -103.68572
v -38.55668 23.251276 -88.601974
v -38.556625 21.71338 -92.67305
v -44.904556 19.845785 -104.17472
v -42.047997 20.1214 -104.12503
v -41.80124 18.985867 -104.33105
v -44.785446 18.697926 -104.38295
v -53.45044 19.93424 -101.623634
v -55.62004 20.11398 -103.8566
v -53.713207 18.790333 -101.71787
v -47.76112 70.98946 -92.56759
v -47.769657 72.12697 -92.257164
v -50.605785 31.025846 -121.13476
v -53.450443 31.221415 -120.84384
v -53.71321 30.581879 -121.796936
v -50.741436 30.377579 -122.100845
v -38.942165 22.647581 -105.761406
v -38.556625 21.624928 -106.04055
v -38.556686 39.852535 -123.66651
v -38.55663 44.163754 -124.25996
v -47.76112 69.409325 -88.21069
v -47.769657 70.47623 -87.70558
v -47.761112 39.825706 -73.722046
v -47.761112 35.41493 -75.14488
v -47.76965 34.962788 -74.055916
v -47.76965 39.570656 -72.5695
v -55.275707 21.719534 -106.01288
v -53.45044 20.259861 -104.098694
v -53.713207 19.130512 -104.30353
v -55.620037 20.655403 -106.30325
v -50.60579 37.38381 -124.273636
v -53.450462 37.493534 -123.94028
v -53.71323 37.13427 -125.03174
v -50.741444 37.019638 -125.38
v -38.556633 26.824066 -115.7678
v -38.556686 29.936047 -118.80989
v -50.60578 71.15183 -94.867874
v -53.450443 70.806984 -94.93073
v -53.713207 71.93633 -94.7259
v -50.74143 72.29659 -94.66023
v -53.45046 21.423954 -108.45797
v -55.620014 22.199984 -110.5619
v -53.713223 20.346619 -108.857605
v -53.450447 41.89311 -124.941345
v -50.60578 41.843136 -125.2883
v -50.741432 41.678234 -126.439995
v -53.71321 41.730442 -126.077545
v -42.047997 23.262243 -112.59218
v -38.942165 26.196896 -113.25813
v -38.55663 25.33284 -113.87227
v -41.801243 22.267046 -113.176544
v -38.55663 69.96303 -95.34371
v -42.048 67.8046 -86.43725
v -41.801247 68.7998 -85.85288
v -50.60578 23.208714 -86.06004
v -53.450455 23.509293 -86.2412
v -53.713223 22.525139 -85.64807
v -50.741436 22.211128 -85.458824
v -50.605774 46.703724 -73.504585
v -50.741425 46.756016 -72.34232
v -55.27571 25.4142 -113.81661
v -53.450443 23.384378 -112.52185
v -53.713207 22.394646 -113.10307
v -55.620037 24.515171 -114.455696
v -38.556633 65.54223 -114.138336
v -38.55669 67.815575 -110.42745
v -50.605774 21.227198 -90.18179
v -50.741425 20.14107 -89.76474
v -53.450462 69.64289 -90.57145
v -50.60579 69.97193 -90.4494
v -50.74144 71.06397 -90.04432
v -53.71323 70.72022 -90.17182
v -47.761112 44.424984 -73.15103
v -47.76965 44.37545 -71.97298
v -55.620037 24.515171 -114.455696
v -42.048004 53.327206 -124.13752
v -41.80125 53.675472 -125.23779
v -38.556633 55.035946 -122.40368
v -42.04799 48.90601 -125.14976
v -38.942226 50.664894 -122.70339
v -38.55669 50.894196 -123.739586
v -41.801235 49.056713 -126.295265
v -38.556683 51.214314 -75.36291
v -50.605793 59.80953 -121.32327
v -53.450466 59.617313 -121.02964
v -53.71323 60.246647 -121.991035
v -50.741444 60.447456 -122.29779
v -50.60578 67.98488 -86.33032
v -53.450443 67.682465 -86.507576
v -53.713207 68.672195 -85.92635
v -50.741436 68.98813 -85.74117
v -55.620014 29.571026 -79.224525
v -53.450447 53.28582 -124.002785
v -55.62005 55.422802 -123.33067
v -53.71321 53.632236 -125.09704
v -55.275696 50.87286 -123.64318
v -53.450466 48.88759 -125.00976
v -53.713234 49.03747 -126.14902
v -55.62002 51.111454 -124.72137
v -38.556625 57.504013 -77.8143
v -53.450447 63.143066 -118.214066
v -50.60578 63.383167 -118.46946
v -50.741432 64.180786 -119.31646
v -53.71321 63.92996 -119.04965
v -47.761116 33.095978 -76.24278
v -47.76965 32.540207 -75.20288
v -38.94217 56.716084 -120.43674
v -38.556633 57.215786 -121.371635
v -47.761124 61.86691 -120.27661
v -47.76112 65.22353 -117.08092
v -47.769657 66.10339 -117.86587
v -47.769657 62.596775 -121.20436
v -47.761116 29.19993 -78.752815
v -47.769653 28.470066 -77.825066
v -55.275715 57.167763 -121.28555
v -53.450447 55.626366 -123.134575
v -53.71321 56.077374 -124.19003
v -55.62004 57.68764 -122.25839
v -38.556683 30.192757 -80.014824
v -50.605793 48.93337 -125.35771
v -50.741444 49.085297 -126.51251
v -55.620033 44.450954 -73.74985
v -42.048 63.238815 -118.3175
v -41.801247 64.02998 -119.1577
v -50.605778 35.30246 -75.572624
v -50.74143 34.845284 -74.50278
v -53.450447 44.378574 -125.17463
v -53.71321 44.32697 -126.32125
v -38.55662 36.0309 -76.62575
v -50.605785 53.39133 -124.33707
v -50.74144 53.742462 -125.44625
v -38.94217 44.22234 -123.20151
v -38.55663 44.163754 -124.25996
v -50.60578 55.76438 -123.456795
v -50.741432 56.221554 -124.52665
v -42.047997 27.828028 -80.71193
v -41.80124 27.03686 -79.87172
v -55.275715 44.170967 -124.16164
v -55.62004 44.11009 -125.26299
v -50.605778 23.081964 -112.6991
v -50.74143 22.078716 -113.288246
v -55.620018 61.495808 -119.80489
v -38.55662 44.49134 -74.75352
v -47.761124 57.970867 -122.78664
v -47.76966 58.526634 -123.826546
v -55.620033 65.0023 -82.60427
v -55.62004 66.551674 -84.57372
v -55.62004 44.11009 -125.26299
v -55.620018 39.6223 -124.645325
v -38.94217 63.235054 -115.30823
v -38.556633 64.026054 -116.01397
v -50.605778 19.584866 -101.65211
v -50.741432 18.425346 -101.74762
v -55.275715 63.953693 -115.94703
v -55.62004 64.7768 -116.681305
v -50.605785 63.618465 -80.743675
v -50.74144 64.4266 -79.904884
v -50.605774 25.927563 -82.38268
v -50.605778 27.683674 -80.55997
v -50.74143 26.886055 -79.71297
v -50.741425 25.051474 -81.617134
v -38.55663 65.73401 -85.157166
v -38.556625 64.24278 -83.26163
v -47.761124 46.641857 -125.87839
v -47.769665 46.69139 -127.05645
v -50.60578 33.193638 -122.441246
v -50.605785 31.025846 -121.13476
v -50.741436 30.377579 -122.100845
v -50.741432 32.64224 -123.46571
v -47.761116 62.14024 -78.97079
v -47.761116 58.27775 -76.409424
v -47.769653 58.84723 -75.37695
v -47.76965 62.882317 -78.05277
v -47.761124 51.241135 -125.30738
v -47.769665 51.49618 -126.45993
v -50.60578 70.631 -106.443474
v -50.605785 69.839645 -108.84763
v -50.741432 70.92577 -109.26468
v -50.741432 71.75249 -106.75309
v -38.942223 66.998856 -89.35194
v -38.556686 67.95804 -88.89781
v -50.605774 46.703724 -73.504585
v -50.605778 49.223705 -73.74112
v -50.741432 49.388607 -72.58943
v -50.741425 46.756016 -72.34232
v -55.62004 70.89317 -104.192604
v -50.605785 44.363113 -125.524826
v -50.74144 44.31082 -126.68709
v -50.605778 19.91501 -104.16154
v -50.605778 19.584866 -101.65211
v -50.741432 18.425346 -101.74762
v -50.74143 18.770252 -104.36919
v -53.450443 66.3152 -84.41891
v -50.605778 66.598625 -84.21265
v -50.74143 67.53993 -83.52888
v -53.713207 67.243835 -83.74435
v -55.275692 67.868805 -88.940056
v -55.620018 68.86687 -88.46753
v -38.55663 69.90569 -104.00865
v -50.60578 55.76438 -123.456795
v -50.605785 53.39133 -124.33707
v -50.74144 53.742462 -125.44625
v -50.741432 56.221554 -124.52665
v -38.942165 63.44251 -83.95684
v -38.556625 64.24278 -83.26163
v -50.605778 66.598625 -84.21265
v -50.60578 67.98488 -86.33032
v -50.741436 68.98813 -85.74117
v -50.74143 67.53993 -83.52888
v -55.275707 64.16954 -83.32761
v -55.620033 65.0023 -82.60427
v -47.761116 65.45428 -82.21062
v -47.769653 66.344444 -81.43738
v -38.556633 57.215786 -121.371635
v -55.62004 57.68764 -122.25839
v -55.62004 64.7768 -116.681305
v -38.942165 68.91808 -95.522125
v -38.55663 69.96303 -95.34371
v -55.27571 69.86558 -95.358536
v -55.620037 70.952866 -95.17283
v -50.605785 21.094917 -108.580025
v -50.74144 20.002878 -108.98511
v -47.761116 51.581966 -73.799835
v -47.769653 51.85225 -72.650764
v -38.556633 33.562836 -121.21512
v -38.55663 35.728825 -122.27592
v -50.60579 19.581799 -97.078804
v -50.605778 20.435839 -92.58595
v -50.741432 19.314352 -92.27634
v -50.741436 18.422144 -96.96996
v -38.94216 26.380466 -85.5166
v -38.55662 25.524614 -84.8911
v -47.761116 21.657518 -110.818726
v -47.761116 24.026169 -114.8023
v -47.769657 23.065117 -115.485435
v -47.769657 20.590622 -111.323845
v -55.275707 25.60523 -84.94781
v -55.620033 24.714733 -84.29689
v -55.62004 35.32973 -123.197716
v -55.620045 33.07928 -122.09555
v -38.556625 27.04079 -83.01546
v -50.605778 23.081964 -112.6991
v -50.605785 21.094917 -108.580025
v -50.74144 20.002878 -108.98511
v -50.74143 22.078716 -113.288246
v -38.556625 21.624928 -106.04055
v -50.605778 19.91501 -104.16154
v -50.74143 18.770252 -104.36919
v -50.605793 48.93337 -125.35771
v -50.605785 44.363113 -125.524826
v -50.74144 44.31082 -126.68709
v -50.741444 49.085297 -126.51251
v -50.605793 67.85813 -112.969376
v -50.741444 68.85571 -113.5706
v -38.94217 36.148205 -121.30234
v -38.55663 35.728825 -122.27592
v -50.60578 63.383167 -118.46946
v -50.605793 59.80953 -121.32327
v -50.741444 60.447456 -122.29779
v -50.741432 64.180786 -119.31646
v -55.27571 35.766182 -122.1847
v -55.62004 35.32973 -123.197716
v -38.55662 25.524614 -84.8911
v -47.761116 20.077383 -106.46183
v -47.769653 18.939878 -106.772255
v -55.620037 20.655403 -106.30325
v -55.620037 70.952866 -95.17283
v -50.60579 69.97193 -90.4494
v -50.60578 71.15183 -94.867874
v -50.74143 72.29659 -94.66023
v -50.74144 71.06397 -90.04432
v -50.60579 19.581799 -97.078804
v -50.741436 18.422144 -96.96996
v -50.605774 21.227198 -90.18179
v -50.60578 23.208714 -86.06004
v -50.741436 22.211128 -85.458824
v -50.741425 20.14107 -89.76474
v -47.761124 69.25764 -111.1337
v -47.76966 70.31776 -111.6529
# 1491 vertices

vn -0.9085791 0.3057384 -0.2846193
vn -0.8796432 0.39241037 -0.26877883
vn 0.026429135 0.97867996 -0.20368345
vn -0.19898227 0.9787964 -0.04861658
vn -0.0752896 0.30573756 0.9491344
vn -0.0662868 0.39241222 0.9173978
vn -0.2044761 0.9786768 0.019531779
vn -0.0031130086 0.97879666 0.20481086
vn 0.9420954 0.30574092 -0.13776383
vn 0.90915436 0.39241064 -0.13947126
vn 0.06451697 0.978682 0.19498527
vn 0.20038533 0.9787944 -0.042512875
vn 0.54241025 0.2958795 -0.78628653
vn 0.455374 -0.34800848 -0.8194662
vn 0.4559226 -0.34599367 -0.8200141
vn 0.5413535 0.2421716 -0.8051641
vn -0.5917105 0.34770802 0.7273086
vn -0.67158026 -0.2956418 0.6793938
vn -0.673826 -0.24213666 0.69808906
vn -0.5923816 0.34560198 0.727766
vn 0.19050275 -0.9071922 -0.37511492
vn 0.1882737 -0.9095368 -0.37053478
vn -0.12357023 -0.9044543 0.4082805
vn -0.006530846 -0.9999776 -0.0015256099
vn -0.006530846 -0.9999776 -0.0015256099
vn -0.11887247 -0.912375 0.3917158
vn 0.11508911 -0.9369794 -0.3298851
vn -0.21635093 -0.8289943 -0.51571375
vn 0.0857293 -0.960202 0.26582447
vn 0.42485845 -0.88920826 0.16971761
vn -0.886908 0.42262483 0.18650079
vn -0.95338035 9.149435E-05 0.30177134
vn -0.95338035 9.149435E-05 0.30177134
vn -0.90327233 0.3788329 0.20145643
vn 0.7583971 0.6501465 0.04629687
vn 0.9321711 0.34788582 0.10016281
vn 0.93292314 0.34577593 0.10046682
vn 0.7583971 0.6501465 0.04629687
vn 0.04236053 -0.9977273 -0.052400816
vn 0.37389392 -0.80391324 -0.46252233
vn 0.18613623 -0.8686664 -0.4590992
vn 0.036195487 -0.9974472 -0.06155618
vn -0.4081063 -0.90719146 -0.1022398
vn 0.0009157289 -0.99997735 -0.0066832807
vn 0.0009157289 -0.99997735 -0.0066832807
vn -0.40315762 -0.9095313 -0.10107894
vn -0.060488608 -0.99772894 -0.029633658
vn -0.5341463 -0.8039055 -0.2615793
vn -0.48900887 -0.86866784 -0.079288416
vn -0.06805687 -0.99744755 -0.021606999
vn 0.8407439 0.3477059 0.41503066
vn 0.81179297 -0.29564375 0.5035744
vn 0.83052796 -0.2421416 0.5015882
vn 0.8413446 0.34559608 0.41557524
vn -0.34395593 0.30574474 -0.88781446
vn -0.3383003 0.3924093 -0.8553175
vn 0.17572816 0.97868294 -0.10629801
vn -0.08603255 0.9787969 -0.18588994
vn 0.55093163 -0.8289913 -0.09616572
vn 0.33583394 -0.9379784 0.08609498
vn 0.92007047 -0.3644634 -0.14365532
vn 0.95704395 -0.25510785 -0.13779332
vn 0.0091864215 -0.9379871 -0.34654886
vn -0.34477368 -0.36448908 -0.8650311
vn -0.34730613 -0.25510845 -0.90238476
vn -0.90025043 -0.34800875 -0.26160875
vn -0.90090024 -0.34599793 -0.2620386
vn -0.4546461 -0.8289963 0.32567206
vn -0.33992463 -0.9379825 0.06811966
vn -0.76662415 -0.36446625 0.52863216
vn -0.8024623 -0.255107 0.5394209
vn 0.41869125 -0.82898897 0.37077618
vn 0.14206775 -0.9379809 0.31624156
vn 0.68597955 -0.36445957 0.6297629
vn 0.70444417 -0.25510958 0.66232735
vn 0.22474201 0.38862905 0.89356506
vn -0.18598449 0.9780812 0.09363283
vn 0.06769207 0.97759944 0.19929175
vn 0.2259638 0.3005221 0.9266212
vn 0.42555183 -0.9044498 0.02960322
vn -3.0347981E-05 -0.99997747 0.0067144516
vn -3.0347981E-05 -0.99997747 0.0067144516
vn 0.40834835 -0.9123744 0.028718824
vn 0.821155 0.38863415 -0.41793317
vn 0.13266686 0.97807944 0.16050012
vn 0.17924002 0.97759616 -0.11035839
vn 0.8531004 0.30052164 -0.4265049
vn 0.14332032 -0.748279 0.64771736
vn 0.46987417 -0.649998 0.5972612
vn 0.1800341 -0.8686728 0.46151423
vn 0.1320265 -0.8874686 0.4415525
vn 0.1404496 -0.75980526 0.6347991
vn -0.20936348 0.9775985 0.021638028
vn -0.95366997 0.3005243 0.014100172
vn -0.92116916 0.38863474 0.020265099
vn -0.04989919 0.9780806 -0.20215975
vn -0.028809557 -0.82898575 0.5585274
vn -0.15866977 -0.9379812 0.30824566
vn -0.064669624 -0.36445886 0.92897123
vn -0.07858722 -0.25511175 0.9637127
vn 0.5128403 -0.8286191 0.2244668
vn -0.23817283 -0.96019965 -0.14591259
vn -0.42997897 -0.8901414 0.15088531
vn 0.88056344 9.185973E-05 0.47392845
vn 0.75160235 -0.42248023 0.5065614
vn 0.77371913 -0.37868005 0.50789785
vn 0.88056344 9.185973E-05 0.47392845
vn -0.41704807 -0.7482759 0.5159012
vn -0.17399149 -0.6499132 0.7398243
vn -0.24857798 -0.86866575 0.4285194
vn -0.2628642 -0.88747656 0.37853378
vn -0.40871394 -0.759808 0.5056133
vn -0.6633718 -0.7482773 -0.004363829
vn -0.68690675 -0.64991707 0.3252184
vn -0.49001548 -0.86866695 0.07281916
vn -0.45986295 -0.88746744 0.030458588
vn -0.6501266 -0.7598139 -0.0042722723
vn -0.41017786 -0.74826956 -0.52138937
vn -0.6825422 -0.64991695 -0.33428165
vn -0.36244798 -0.86867297 -0.33769643
vn -0.31056157 -0.8874629 -0.3405309
vn -0.40197098 -0.75981104 -0.51098585
vn 0.1518955 -0.7482774 -0.6457621
vn -0.16419615 -0.6499175 -0.7420559
vn 0.038027108 -0.86867267 -0.493925
vn 0.07260559 -0.887473 -0.45510465
vn 0.14884268 -0.75980926 -0.6328791
vn 0.5995863 -0.74827725 -0.28386188
vn 0.4777846 -0.6499155 -0.591043
vn 0.40990195 -0.8686648 -0.27821186
vn 0.4010841 -0.8874693 -0.22700202
vn 0.58762145 -0.7598121 -0.27818468
vn 0.59577453 -0.7482808 0.291768
vn 0.75992334 -0.64999366 0.0050050807
vn 0.47308064 -0.86867213 0.14698133
vn 0.42754605 -0.88747257 0.17203782
vn 0.583895 -0.75980777 0.28593516
vn 0.066562355 -0.8874633 0.45604646
vn 0.031495836 -0.86865985 0.49440676
vn -0.45940784 -0.8874726 -0.03656176
vn 0.13788626 -0.8874712 -0.43975255
vn 0.39806077 -0.8874645 0.23228097
vn 0.40615404 -0.86867696 0.28361803
vn -0.3150206 -0.8874724 0.33638477
vn -0.36690056 -0.8686656 0.33287242
vn -0.2578571 -0.8874695 -0.38197857
vn -0.24287382 -0.8686755 -0.43175837
vn 0.42979887 -0.88746136 -0.16638933
vn 0.47499985 -0.868666 -0.14069305
vn 0.36769056 -0.8039561 0.4673953
vn 0.59466463 -0.80396444 0.003906512
vn -0.12848532 -0.803903 -0.5807165
vn -0.53756183 -0.8039016 0.2544986
vn -0.13617691 -0.8039095 0.57895195
vn 0.094091624 -0.9001393 0.42531875
vn 0.39120078 -0.90014577 0.19157185
vn 0.3937026 -0.90014434 -0.18638289
vn 0.09973716 -0.90013707 -0.42403522
vn -0.2693329 -0.9001367 -0.34236524
vn -0.4356013 -0.9001352 -0.0028683755
vn -0.27382115 -0.9001437 0.33876744
vn -0.19718297 0.97791815 0.06924721
vn -0.91690874 0.30378473 0.2588307
vn -0.8838459 0.39135206 0.25624222
vn -0.10321511 0.9768486 -0.18738627
vn 0.9356061 -0.29545915 0.19324932
vn 0.9524986 -0.24195454 0.184945
vn -0.5129104 0.2956417 -0.8059274
vn -0.5773974 -0.34770828 -0.7387227
vn -0.57769674 -0.34559894 -0.7394782
vn -0.53064096 0.24214049 -0.81227344
vn 0.11139398 0.9779181 0.17682631
vn 0.45638415 0.30378836 0.8363171
vn 0.4464952 0.39134726 0.8046673
vn -0.15973523 0.976844 0.14233917
vn -0.7964023 -0.34789023 -0.4946876
vn -0.3705317 -0.90446275 -0.2113135
vn -0.35543066 -0.9123823 -0.2030462
vn -0.7969442 -0.34578118 -0.49529338
vn 0.75160223 0.42248082 0.50656116
vn 0.88056344 -9.1253976E-05 0.47392845
vn 0.88056344 -9.1253976E-05 0.47392845
vn 0.773719 0.37868065 0.5078976
vn 0.068087585 -0.9974454 0.021607602
vn 0.060488947 -0.99772894 0.029634308
vn -0.7514139 0.39134762 -0.53124785
vn 0.08215627 0.97684443 -0.19754829
vn -0.17707178 0.97792214 -0.110967554
vn -0.77405417 0.30378604 -0.55547655
vn 0.05932879 -0.99744743 -0.03973523
vn 0.060885675 -0.99772894 -0.028809683
vn -0.7890268 0.30574682 0.5328749
vn -0.75859046 0.39241868 0.5201425
vn -0.14273722 0.9786809 -0.14768136
vn -0.16208495 0.9787958 0.12524848
vn 0.005890279 -0.99744695 -0.07116959
vn 0.015412255 -0.997728 -0.06558507
vn -0.35070053 0.39135307 0.8507949
vn -0.21088448 0.9768429 -0.036134407
vn -0.0687595 0.9779217 0.19733581
vn -0.36931187 0.30378774 0.8782493
vn -0.05194296 -0.9974481 -0.048982438
vn -0.041658312 -0.9977279 -0.052950166
vn 0.69509864 0.30573866 0.6506626
vn 0.675914 0.39241922 0.62381685
vn -0.1122179 0.97867835 0.17203444
vn 0.15817802 0.978794 0.13016166
vn -0.070711896 -0.997446 0.010071552
vn -0.06735539 -0.99772894 -0.00042691975
vn 0.90750575 0.39134222 0.15259336
vn 0.01168859 0.97684455 0.213631
vn 0.20771135 0.97791666 0.023132928
vn 0.93840915 0.30378988 0.16462101
vn -0.036195148 -0.9974472 0.061556827
vn -0.04236019 -0.9977273 0.05240147
vn -0.5901852 0.38863423 -0.7075626
vn 0.12692906 0.9780787 -0.16507861
vn -0.14746997 0.9775975 -0.15018627
vn -0.605655 0.30052283 -0.73679584
vn 0.06735573 -0.99772894 0.00042756993
vn 0.070559725 -0.9974472 0.010987083
vn 0.06836228 -0.997446 -0.020691443
vn 0.07071223 -0.997446 -0.010070902
vn 0.6975789 0.34801146 0.62631595
vn 0.6458777 -0.29588312 0.7037721
vn 0.6645209 -0.2421679 0.7069419
vn 0.69799966 0.34596348 0.62698156
vn -0.053194266 -0.9340935 0.3530436
vn 0.23002201 -0.35945237 0.9043694
vn 0.22733696 -0.24988987 0.94120836
vn 0.14423242 -0.8286172 0.54091644
vn -0.06579849 -0.9044548 -0.42146412
vn 0.0065617003 -0.99997747 -0.0014340576
vn 0.0065617003 -0.99997747 -0.0014340576
vn -0.06283926 -0.91237533 -0.40450278
vn -0.03537116 -0.9974465 -0.062044416
vn 0.49525785 -0.82861376 -0.26099598
vn -0.2625879 -0.96019834 0.09522062
vn -0.15009128 -0.8901424 0.4302547
vn 0.35603386 -0.9340924 -0.026673345
vn 0.8305111 -0.35945177 -0.42549485
vn 0.8670188 -0.24989092 -0.43108338
vn -0.123571225 0.6501431 -0.749696
vn -0.10977865 0.34789032 -0.93108594
vn -0.109623805 0.3457774 -0.93189085
vn -0.123571225 0.6501431 -0.749696
vn 0.21754308 0.3477091 -0.9120162
vn 0.3102921 -0.2956432 -0.903501
vn 0.30418786 -0.24214219 -0.92132354
vn 0.21793444 0.3455947 -0.91272616
vn -0.18613839 -0.9369794 -0.2956726
vn -0.76133466 -0.36589622 -0.53524715
vn -0.7844808 -0.25435224 -0.5655924
vn -0.46578956 -0.82729405 -0.3140459
vn 0.6961507 0.650036 0.30467615
vn 0.6961507 0.650036 0.30467615
vn -0.24680541 -0.9369886 0.24726382
vn -0.3524083 -0.36589804 0.86135197
vn -0.3768496 -0.25434598 0.89066976
vn -0.20252767 -0.82729435 0.5239911
vn 0.052584115 -0.9974473 -0.048311017
vn -0.054720078 -0.34800705 0.93589365
vn -0.00885038 -0.9071935 0.42062074
vn -0.008850235 -0.90952843 0.4155476
vn -0.054994643 -0.34599215 0.93662435
vn 0.29598016 -0.93698484 0.18562095
vn 0.9181762 -0.36589685 0.15189485
vn 0.9521975 -0.25434634 0.16919792
vn 0.5559376 -0.82728326 0.08084539
vn -0.058809586 -0.99744624 -0.040528633
vn -0.025544118 -0.9974472 -0.06668332
vn -0.014557439 -0.9977287 -0.06576822
vn 0.2011215 -0.93410075 -0.29496768
vn 0.18512656 -0.35945022 -0.91461664
vn 0.20353003 -0.24991924 -0.9466341
vn 0.10471109 -0.828625 -0.54992396
vn -0.3962556 -0.9044545 0.15793508
vn -0.002868596 -0.99997747 -0.006072905
vn -0.002868596 -0.99997747 -0.006072905
vn -0.38036385 -0.9123793 0.1512854
vn -0.05258378 -0.9974473 0.04831167
vn -0.6715804 0.29564205 0.67939365
vn -0.5917104 -0.34770772 0.7273088
vn -0.5923815 -0.34560168 0.7277662
vn -0.6738261 0.2421369 0.6980889
vn -0.10523031 -0.9341026 -0.3411438
vn -0.599639 -0.359454 -0.7150006
vn -0.61320513 -0.24989693 -0.7493537
vn -0.36464095 -0.82862145 -0.42476302
vn -0.8872744 0.2958799 -0.35383525
vn -0.9054486 0.24217086 -0.34859192
vn 0.014557776 -0.9977287 0.06576887
vn 0.004974753 -0.9974454 0.07126168
vn -0.3050673 -0.34788555 0.88651544
vn -0.3055513 -0.34577483 0.88717425
vn 0.035371497 -0.9974465 0.062045064
vn 0.025544455 -0.9974472 0.06668398
vn 0.058809925 -0.99744624 0.04052928
vn 0.051943295 -0.9974481 0.04898309
vn 0.02642944 -0.9974465 -0.06634759
vn -0.07055939 -0.9974472 -0.010986433
vn -0.026429104 -0.9974465 0.06634824
vn -0.005889943 -0.99744695 0.07117024
vn 0.26829618 -0.82899904 -0.49069104
vn 0.27668926 -0.9379842 -0.20887479
vn 0.46132973 -0.3644618 -0.8089145
vn 0.48894548 -0.25510892 -0.8341773
vn -0.015411918 -0.997728 0.06558572
vn 0.45537388 0.34800813 -0.81946635
vn 0.5424104 -0.29587987 -0.7862863
vn 0.5413536 -0.24217193 -0.805164
vn 0.45592248 0.3459933 -0.8200143
vn -0.046908807 -0.2543502 -0.965974
vn -0.044863094 -0.82728094 -0.55999434
vn -0.056217313 -0.3658996 -0.92895496
vn -0.02365238 0.977917 -0.2076509
vn -0.04831163 0.30378383 -0.9515153
vn -0.053164154 0.39134258 -0.9187082
vn 0.20566611 0.9768462 -0.058932215
vn 0.04165865 -0.9977279 0.052950818
vn 0.2421369 -0.90445673 0.35118073
vn -0.0052795745 -0.99997747 0.0041508777
vn -0.0052795745 -0.99997747 0.0041508777
vn 0.23213008 -0.91237444 0.33717746
vn 0.72598624 -0.25434557 -0.63894635
vn 0.40984085 -0.827281 -0.38423514
vn 0.329673 -0.93698263 -0.11566913
vn 0.6912356 -0.36589816 -0.6231469
vn 0.14758953 0.9779194 -0.14795634
vn 0.7137857 0.30378926 -0.63104844
vn 0.6851329 0.39135197 -0.6143587
vn 0.17432334 0.97684616 0.12402808
vn 0.87761426 -0.24989207 0.409081
vn 0.24284093 -0.93409884 0.26170176
vn 0.8504907 -0.35945994 0.38399783
vn -0.2724789 -0.90634066 -0.322958
vn -0.26689062 -0.91023624 -0.31660613
vn 0.9321712 -0.34788546 0.100163035
vn 0.93292326 -0.34577557 0.10046704
vn -0.5941219 -0.24989313 0.7645736
vn -0.3329608 -0.8286183 0.45003197
vn -0.30918857 -0.93409735 0.1785065
vn -0.56362605 -0.35945353 0.7437197
vn 0.9057238 -0.42290694 -0.02853578
vn 0.92456853 -0.37886083 -0.04046817
vn 0.0047000544 -0.99997735 -0.004821638
vn 0.0047000544 -0.99997735 -0.004821638
vn -0.7383121 0.65050906 -0.1781385
vn -0.90025055 0.34800828 -0.261609
vn -0.90090984 0.34597057 -0.26204157
vn -0.7383121 0.65050906 -0.1781385
vn -0.060885336 -0.99772894 0.028810333
vn -0.068361945 -0.997446 0.020692093
vn -0.05932845 -0.99744743 0.03973588
vn 0.95292985 0.2958833 -0.066165924
vn 0.9670311 0.24216993 -0.07877044
vn 0.5757228 0.8037048 0.1503394
vn 0.4613887 -0.25434616 0.84995806
vn 0.28340018 -0.8272797 0.48506993
vn 0.03940091 -0.93697816 0.34715927
vn 0.45369944 -0.3658949 0.81257486
vn -0.004974427 -0.99744755 -0.071230665
vn -0.5773975 0.34770763 -0.7387229
vn -0.51291037 -0.2956424 -0.8059272
vn -0.5306409 -0.2421412 -0.8122733
vn -0.57769686 0.34559828 -0.7394784
vn -0.9313226 -0.25434673 0.26066455
vn -0.5359533 -0.82729304 0.16834618
vn -0.34722084 -0.9369809 -0.038789935
vn -0.8931541 -0.3658988 0.26152232
vn -0.96819663 -0.24989282 0.012208147
vn -0.5594433 -0.8286209 0.020265058
vn -0.33235222 -0.9340964 -0.13040744
vn -0.9328788 -0.3594547 0.02301186
vn -0.5381099 -0.8289861 -0.15238063
vn -0.26521292 -0.93798125 -0.22327904
vn -0.8912889 -0.36446306 -0.26976067
vn -0.92206603 -0.25510728 -0.29105785
vn 0.19803987 0.9775956 0.07132332
vn 0.86536086 0.300519 0.4010473
vn 0.8387434 0.3886386 0.38140476
vn -0.042757396 0.9780771 0.20380643
vn -0.11359341 0.9775983 0.1771955
vn -0.5835637 0.3005259 0.75441223
vn -0.558503 0.3886329 0.73282945
vn -0.18918851 0.97807825 -0.087010406
vn -0.67673033 0.7345028 0.050417516
vn -0.67673033 0.7345028 0.050417516
vn 0.19526303 -0.96020055 -0.19971852
vn -0.051424075 -0.89014035 -0.45277578
vn -0.58773273 9.119391E-05 -0.80905515
vn -0.45736286 -0.42247945 -0.7825154
vn -0.47673303 -0.37867653 -0.79330313
vn -0.58773273 9.119391E-05 -0.80905515
vn 0.18522228 0.38863462 -0.9025829
vn 0.20820174 0.9780791 -0.0036626894
vn 0.025452962 0.97759795 -0.20893627
vn 0.19843416 0.3005203 -0.9329049
vn 0.6458776 0.29588377 0.70377195
vn 0.697579 -0.3480108 0.6263162
vn 0.6979924 -0.34598964 0.6269751
vn 0.6645208 0.24216859 0.7069417
vn -0.6139798 -0.78931135 -0.0040585613
vn -0.6088263 -0.7876382 0.09464033
vn -0.11029588 -0.99376315 0.016419638
vn -0.11053853 -0.99387157 -0.00070156995
vn -0.6075352 -0.7876261 -0.1026949
vn -0.11008208 -0.9937616 -0.01788381
vn 0.13263664 -0.789317 0.59948826
vn 0.22776282 -0.7876314 0.5725041
vn 0.04056004 -0.9937618 0.103887215
vn 0.023865867 -0.99387366 0.10791463
vn 0.035036255 -0.78763664 0.6151431
vn 0.0070195883 -0.99376166 0.111303344
vn 0.5549298 -0.78931683 -0.2627393
vn 0.50746906 -0.78763294 -0.34944186
vn 0.09225929 -0.99376184 -0.06265535
vn 0.09991824 -0.9938706 -0.047303632
vn 0.591918 -0.7876368 -0.17105949
vn 0.10693906 -0.9937628 -0.031617492
vn -0.13263637 -0.7893175 -0.5994877
vn -0.22776805 -0.7876203 -0.5725174
vn -0.040559705 -0.9937619 -0.10388657
vn -0.023865532 -0.9938738 -0.10791398
vn -0.03503599 -0.787637 -0.61514264
vn -0.007019253 -0.9937618 -0.111302696
vn -0.5514146 -0.7893093 -0.27006093
vn -0.58962023 -0.78762543 -0.17886934
vn -0.10651139 -0.99376196 -0.033051796
vn -0.09927713 -0.9938715 -0.048615906
vn -0.5028 -0.78763366 -0.3561254
vn -0.09140456 -0.9937631 -0.06387614
vn -0.5549295 -0.78931683 0.26273984
vn -0.5074688 -0.78763294 0.34944236
vn -0.09225895 -0.99376184 0.06265599
vn -0.0999179 -0.9938706 0.04730428
vn -0.59191775 -0.78763694 0.17106
vn -0.10693873 -0.9937628 0.03161814
vn -0.1405701 -0.78931224 0.597684
vn -0.043184206 -0.7876369 0.6146246
vn -0.008514603 -0.9937602 0.111211635
vn -0.025299782 -0.9938713 0.107609205
vn -0.23529969 -0.78762925 0.5694508
vn -0.041933008 -0.9937621 0.103337914
vn 0.37962598 -0.7893123 0.48256633
vn 0.4536047 -0.787635 0.41698173
vn 0.081638604 -0.9937607 0.07599269
vn 0.06833157 -0.993872 0.08688705
vn 0.29847535 -0.78763205 0.53902537
vn 0.054629296 -0.9937612 0.09723399
vn 0.61398005 -0.7893111 0.004059076
vn 0.6088266 -0.78763807 -0.094639815
vn 0.11029621 -0.99376315 -0.01641899
vn 0.11053886 -0.99387157 0.0007022176
vn 0.6075355 -0.78762585 0.10269541
vn 0.11008242 -0.9937616 0.017884457
vn 0.38597432 -0.78931415 -0.47750086
vn 0.3055857 -0.78763187 -0.5350266
vn 0.05591104 -0.99376136 -0.09650093
vn 0.06949117 -0.9938712 -0.08597081
vn 0.45909536 -0.78763103 -0.41093647
vn 0.082615376 -0.9937634 -0.07489361
vn -0.069490835 -0.9938712 0.08597146
vn -0.08261504 -0.9937634 0.07489426
vn -0.4590951 -0.7876309 0.410937
vn -0.38597405 -0.7893139 0.47750136
vn -0.055910707 -0.99376136 0.09650158
vn -0.30558544 -0.78763163 0.53502715
vn 0.09927747 -0.9938714 0.048616555
vn 0.09140489 -0.99376297 0.06387678
vn 0.5028002 -0.7876333 0.35612592
vn 0.55141944 -0.78931546 0.27003312
vn 0.10651173 -0.99376196 0.033052444
vn 0.5896205 -0.7876251 0.17886984
vn 0.008514938 -0.99376035 -0.11121099
vn 0.025300117 -0.9938714 -0.10760856
vn 0.14057037 -0.7893126 -0.5976835
vn 0.043183655 -0.7876224 -0.614643
vn 0.041933343 -0.9937621 -0.103337266
vn 0.23529994 -0.7876295 -0.56945026
vn -0.08163827 -0.9937608 -0.07599204
vn -0.068331234 -0.9938721 -0.086886406
vn -0.3796257 -0.7893128 -0.48256582
vn -0.45360443 -0.7876355 -0.4169812
vn -0.054628965 -0.9937613 -0.09723334
vn -0.2984751 -0.7876325 -0.53902483
vn 0.47966874 0.30574042 -0.8224601
vn 0.4577877 0.3924157 -0.79777217
vn 0.1926959 0.9786787 0.07110855
vn 0.09167803 0.9787964 -0.18317372
vn 0.49105152 0.104924366 -0.86478853
vn 0.50002617 0.10489428 -0.8596343
vn 0.49599808 -0.03311355 -0.86769205
vn 0.410997 -0.07754861 -0.90833247
vn 0.4658826 -0.13062443 -0.8751519
vn 0.53994644 -0.13410181 -0.83094794
vn -0.0994606 -0.12997931 -0.9865156
vn -0.312978 -0.13410315 -0.9402454
vn -0.36910263 -0.03311398 -0.9287986
vn -0.1854653 -0.08398911 -0.9790549
vn -0.9268098 -0.2954574 0.23179446
vn -0.83711725 -0.52438486 0.15574108
vn -0.83711725 -0.52438486 0.15574108
vn -0.93842214 -0.24195305 0.24662273
vn -0.002716504 -0.13050015 -0.9914446
vn -0.059421476 -0.032381352 -0.99770766
vn -0.051851828 0.102726035 -0.9933573
vn -0.06216684 0.101474196 -0.9928939
vn 0.65951204 -0.34788442 -0.6663486
vn 0.2884938 -0.9044538 -0.31422088
vn 0.27705476 -0.9123761 -0.3013479
vn 0.6602158 -0.34577957 -0.6667471
vn 0.8646692 -0.42247686 -0.27177337
vn 0.45286807 -0.8901406 0.050600246
vn 0.87949574 -0.3786794 -0.28825188
vn -0.64032817 0.10791631 -0.76048267
vn -0.6325202 0.106604815 -0.7671725
vn -0.6343772 -0.031404853 -0.77238554
vn -0.709121 -0.0809686 -0.70042247
vn -0.658601 -0.13407047 -0.7404525
vn -0.5693635 -0.12998095 -0.8117452
vn 0.7092694 -0.129982 -0.6928504
vn 0.64981276 -0.08398873 -0.7554398
vn -0.759095 0.29545245 -0.58007115
vn -0.77793336 0.24195552 -0.5798942
vn 0.7734518 -0.13050082 -0.6202756
vn 0.74298763 -0.032380875 -0.66852146
vn 0.74430627 0.10272813 -0.65989023
vn 0.73751765 0.10147499 -0.6676606
vn 0.89986116 0.29564044 -0.3206971
vn 0.8486798 -0.34770605 -0.3985513
vn 0.8494882 -0.34559387 -0.39866608
vn 0.9099853 0.24213791 -0.3365946
vn -0.03439535 -0.960203 -0.2771773
vn -0.38606328 -0.89014316 -0.24207503
vn 0.19532262 0.10791565 -0.9747837
vn 0.20542224 0.106602155 -0.9728504
vn 0.20832276 -0.03140439 -0.9775559
vn 0.10547502 -0.0809685 -0.9911202
vn 0.16825207 -0.13407114 -0.9765839
vn 0.27964184 -0.12997907 -0.9512655
vn 0.86518806 -0.12998083 0.48430845
vn 0.91466194 -0.13407078 0.38133773
vn 0.9427986 -0.08096712 0.32338095
vn 0.9066837 -0.03140357 0.4206406
vn 0.9027544 0.10660343 0.41673768
vn 0.9068785 0.10791621 0.40733957
vn 0.749552 -0.13062188 0.6489297
vn 0.79410577 -0.07754856 0.60281193
vn 0.5925564 0.8054876 -0.008179543
vn 0.9818355 0.10147679 0.16031736
vn 0.9799972 0.10272734 0.17044853
vn 0.9859172 -0.032380465 0.16406997
vn 0.99577886 -0.083988525 0.037019428
vn 0.9839156 -0.129982 0.12253519
vn 0.9671996 -0.13049784 0.21793397
vn 0.58789563 0.65052164 0.48083302
vn 0.58789563 0.65052164 0.48083302
vn -0.5996103 0.65051645 0.46614996
vn -0.76584816 0.34801024 0.5407084
vn -0.7665804 0.3459654 0.54098296
vn -0.5996103 0.65051645 0.46614996
vn -0.6646825 -0.12998213 0.73573226
vn -0.5753175 -0.13407077 0.80686736
vn -0.5250506 -0.08096703 0.8472109
vn -0.61184645 -0.03140399 0.79035306
vn -0.60718703 0.10660509 0.7873751
vn -0.5989346 0.10791524 0.79349345
vn -0.79946154 -0.13062398 0.58634347
vn -0.76441205 -0.077548996 0.64004725
vn -0.6377264 0.734838 0.23090723
vn -0.80364126 0.4229097 0.41869813
vn -0.81544566 0.37886685 0.43761668
vn -0.6377264 0.734838 0.23090723
vn -0.37477115 0.10147541 0.9215472
vn -0.3842635 0.10272693 0.91749054
vn -0.37932152 -0.03238052 0.9246982
vn -0.2576731 -0.08398851 0.962575
vn -0.33839267 -0.12997954 0.93198484
vn -0.42771918 -0.13049771 0.8944421
vn -0.9375584 0.34770826 -0.009125132
vn -0.94989616 -0.29563534 -0.10147446
vn -0.9659113 -0.24214181 -0.09155807
vn -0.93833643 0.34559673 -0.009369133
vn -0.8298486 -0.29588407 0.47307914
vn -0.76382846 -0.5248957 0.37556684
vn -0.76382846 -0.5248957 0.37556684
vn -0.83709097 -0.24217288 0.4905416
vn -0.81503487 0.10147464 -0.5704569
vn -0.80897474 0.10272757 -0.5787979
vn -0.81709415 -0.03238133 -0.57559425
vn -0.8811023 -0.08398746 -0.46540818
vn -0.83329993 -0.12998213 -0.537323
vn -0.7768371 -0.13050063 -0.6160307
vn -0.7033987 0.6501433 0.28730458
vn -0.8833198 0.34788933 0.3141963
vn -0.8841287 0.34577757 0.31425193
vn -0.7033987 0.6501433 0.28730458
vn 0.58703905 -0.4229056 0.69031596
vn 0.13217796 -0.88920057 0.43800852
vn 0.6081029 -0.37886974 0.69761646
vn 0.92460805 -0.3480097 -0.15488486
vn 0.9253778 -0.34599796 -0.15479442
vn 0.24141003 0.8037032 0.54385877
vn 0.88390476 0.10791685 -0.45504564
vn 0.88868845 0.10660358 -0.4459469
vn 0.8941751 -0.031404015 -0.44661483
vn 0.8406513 -0.08096748 -0.5354902
vn 0.86843693 -0.1340729 -0.47732776
vn 0.9180823 -0.12998179 -0.3744724
vn 0.5176424 -0.1299824 0.8456661
vn 0.6899568 -0.13410278 0.71132004
vn 0.73555696 -0.03311359 0.67665327
vn 0.59191614 -0.083987914 0.80161166
vn 0.58703893 0.42290625 0.69031566
vn 0.7201386 3.474849E-07 0.6938303
vn 0.7201386 3.474849E-07 0.6938303
vn 0.6081028 0.3788704 0.6976162
vn 0.432614 -0.13050096 0.8920844
vn 0.48644027 -0.032380134 0.8731137
vn 0.477719 0.10272837 0.8724859
vn 0.48680896 0.101476066 0.8675942
vn -0.7964024 0.34788963 -0.49468783
vn -0.7590949 -0.2954531 -0.580071
vn -0.77793324 -0.24195614 -0.579894
vn -0.7969443 0.34578058 -0.4952936
vn -0.4613586 0.73450464 -0.4976457
vn -0.6987984 0.4226296 -0.5771179
vn -0.7206845 0.37883657 -0.58060026
vn -0.4613586 0.73450464 -0.4976457
vn 0.24693175 0.10791651 0.963005
vn 0.23701532 0.10660524 0.96563923
vn 0.23643003 -0.03140356 0.971141
vn 0.33497915 -0.0809671 0.93874025
vn 0.2721122 -0.13407181 0.9528797
vn 0.16077709 -0.12998223 0.9783943
vn -0.93965083 -0.12998068 0.31648287
vn -0.84702134 -0.13410002 0.5143658
vn -0.82337695 -0.03311327 0.56652796
vn -0.91322607 -0.083988875 0.39870322
vn 0.840744 -0.34770536 0.4150309
vn 0.38561496 -0.90633947 0.17277144
vn 0.37782937 -0.9102385 0.16944343
vn 0.8413447 -0.34559554 0.41557547
vn -0.96598697 -0.13049929 0.22324677
vn -0.95946705 -0.032381095 0.2799543
vn -0.95691335 0.1027291 0.2715947
vn -0.95417005 0.101474926 0.28153613
vn -0.98964167 -0.12998088 -0.0609462
vn -0.98954004 -0.13406904 0.053255588
vn -0.98974127 -0.080967866 0.11771334
vn -0.999403 -0.03140413 0.014405265
vn -0.9941695 0.10660411 0.016206091
vn -0.9938081 0.10791365 0.026459925
vn -0.9568827 -0.13062435 -0.25944722
vn -0.9770161 -0.07754991 -0.19855858
vn -0.6436924 -0.52439076 -0.5573819
vn -0.6436924 -0.52439076 -0.5573819
vn -0.06720278 0.10492503 0.9922069
vn -0.0775193 0.104895934 0.9914574
vn -0.070407316 -0.033112947 0.9969686
vn 0.02380551 -0.0775496 0.9967042
vn -0.040010404 -0.13062212 0.99062467
vn -0.12595226 -0.13410093 0.9829309
vn -0.9523697 0.104923375 -0.28632706
vn -0.94934446 0.10489243 -0.29621395
vn -0.95630854 -0.03311322 -0.29047817
vn -0.93026143 -0.13410246 -0.34151158
vn 0.7338336 0.104925245 0.67117727
vn 0.7268144 0.104894765 0.6787768
vn -0.8176582 0.10492351 0.56606203
vn -0.82350427 0.10489515 0.5575282
vn -0.36992496 0.10492505 -0.92311776
vn -0.36030576 0.104892895 -0.9269182
vn -0.4539059 -0.077548556 -0.88766867
vn -0.3937283 -0.13062248 -0.9098988
vn 0.98229176 0.104925215 -0.15522115
vn 0.98385596 0.104895525 -0.14499834
vn 0.98764443 -0.033112615 -0.15317342
vn 0.966415 -0.07754873 -0.2450069
vn 0.97469443 -0.13062246 -0.18140693
vn 0.9863145 -0.13410056 -0.095921636
vn 0.24277923 -0.8901486 0.38560826
vn -0.006713956 -0.99997735 0.0005801842
vn -0.006713956 -0.99997735 0.0005801842
vn -0.024079537 0.99415 -0.10529018
vn -0.024079537 0.99415 -0.10529018
vn -0.024079537 0.99415 -0.10529018
vn -0.024079537 0.99415 -0.10529018
vn 0.81179285 0.29564434 0.5035742
vn 0.8305279 0.2421422 0.50158805
vn 0.3758471 0.8055002 0.45815766
vn -0.6527751 0.73444414 -0.18567878
vn -0.8969606 0.4224777 -0.13028648
vn -0.9174655 0.37868086 -0.12189313
vn -0.6527751 0.73444414 -0.18567878
vn -0.019746048 -0.29545468 -0.9551527
vn -0.03161798 -0.24195512 -0.9697723
vn -0.050386798 0.99415106 -0.09552427
vn -0.050386798 0.99415106 -0.09552427
vn -0.050386798 0.99415106 -0.09552427
vn -0.050386798 0.99415106 -0.09552427
vn -0.8394628 -0.52453476 -0.14200568
vn -0.8394628 -0.52453476 -0.14200568
vn -0.5781563 0.7348415 -0.35460287
vn -0.82842165 0.4229085 -0.36724108
vn -0.8505722 0.37886596 -0.3646746
vn -0.5781563 0.7348415 -0.35460287
vn 0.32661763 0.42247906 -0.8454776
vn 0.2660959 -9.182661E-05 -0.96394664
vn 0.2660959 -9.182661E-05 -0.96394664
vn 0.3229803 0.37867728 -0.86734504
vn 0.06726343 0.99415267 -0.08447661
vn 0.06726343 0.99415267 -0.08447661
vn 0.06726343 0.99415267 -0.08447661
vn 0.06726343 0.99415267 -0.08447661
vn 0.27788022 -0.9602044 0.028108679
vn 0.32191542 -0.8901503 -0.322495
vn 0.88 -0.42263412 0.21674949
vn 0.3532291 -0.89302117 0.27882332
vn 0.90123093 -0.37883413 0.21039893
vn -0.88727427 -0.29588044 -0.35383505
vn -0.76987016 -0.52489513 -0.36302212
vn -0.76987016 -0.52489513 -0.36302212
vn -0.9054485 -0.24217139 -0.34859174
vn 0.04327554 0.99415183 -0.09894247
vn 0.04327554 0.99415183 -0.09894247
vn 0.04327554 0.99415183 -0.09894247
vn 0.04327554 0.99415183 -0.09894247
vn 0.935606 0.29545957 0.19324912
vn 0.9524985 0.24195498 0.18494485
vn 0.5021033 0.8103789 0.30195746
vn -0.15436701 -0.96020216 0.23277202
vn 0.14209774 0.6500314 -0.74650353
vn 0.14209774 0.6500314 -0.74650353
vn 0.2175432 -0.34770963 -0.912016
vn 0.08261649 -0.9063398 -0.41439447
vn 0.08109008 -0.91024137 -0.40606043
vn 0.21793456 -0.34559524 -0.9127259
vn 0.47436476 0.73484915 -0.48474205
vn 0.5423853 0.4229031 -0.72592777
vn 0.54480404 0.37886944 -0.74809533
vn 0.47436476 0.73484915 -0.48474205
vn 0.006683776 -0.99997747 0.0006717362
vn 0.006683776 -0.99997747 0.0006717362
vn 0.5252273 -0.52489185 -0.6697947
vn 0.5252273 -0.52489185 -0.6697947
vn -0.14752772 0.29588026 0.943764
vn -0.1383736 0.24216983 0.9603159
vn 0.086856306 0.9941494 0.06421117
vn 0.086856306 0.9941494 0.06421117
vn 0.086856306 0.9941494 0.06421117
vn 0.086856306 0.9941494 0.06421117
vn -0.40715337 -0.4226266 0.80969936
vn -0.3504487 -0.8930145 0.28233108
vn -0.40565675 -0.3788308 0.83182317
vn 0.2660959 9.1288144E-05 -0.96394664
vn 0.32661778 -0.42247948 -0.8454773
vn 0.32298046 -0.37867776 -0.8673448
vn 0.2660959 9.1288144E-05 -0.96394664
vn -0.39660406 0.29546204 0.8691418
vn -0.39226064 0.24195495 0.8874624
vn -0.40609342 0.81038624 0.4223297
vn -0.2542277 -0.90633947 0.33751628
vn -0.24925256 -0.91024435 0.33064878
vn 0.1080059 0.9941503 -6.139675E-05
vn 0.1080059 0.9941503 -6.139675E-05
vn 0.1080059 0.9941503 -6.139675E-05
vn 0.1080059 0.9941503 -6.139675E-05
vn 0.3262797 0.7344428 -0.59509295
vn 0.3262797 0.7344428 -0.59509295
vn -0.005737358 -0.99997747 -0.003509329
vn -0.005737358 -0.99997747 -0.003509329
vn -0.019746149 0.29545403 -0.9551529
vn -0.10974838 -0.34789214 -0.9310888
vn -0.109623685 -0.34577805 -0.93189067
vn -0.031618062 0.24195446 -0.9697724
vn 0.3252434 -0.52453446 -0.7868166
vn 0.3252434 -0.52453446 -0.7868166
vn 0.21677503 -0.96036446 0.17523901
vn 0.438251 -0.89301234 -0.10229908
vn -0.081912756 0.9941517 0.07037618
vn -0.081912756 0.9941517 0.07037618
vn -0.081912756 0.9941517 0.07037618
vn -0.081912756 0.9941517 0.07037618
vn -0.009369217 0.6505142 0.7594363
vn -0.054720197 0.34800765 0.9358934
vn -0.054964337 0.34599334 0.9366257
vn -0.009369217 0.6505142 0.7594363
vn -0.1736865 -0.42290938 0.8893709
vn -0.25999227 -0.8892056 0.37645397
vn -0.16626908 -0.378867 0.91039246
vn -0.65799 9.1691516E-05 0.7530267
vn -0.6611118 -0.42248055 0.62003326
vn -0.6673329 -0.37868235 0.6413006
vn -0.65799 9.1691516E-05 0.7530267
vn -0.27467677 0.8037044 0.52783704
vn -0.023957388 0.99414986 0.10532005
vn -0.023957388 0.99414986 0.10532005
vn -0.023957388 0.99414986 0.10532005
vn -0.023957388 0.99414986 0.10532005
vn 0.36702597 0.7348456 0.5703456
vn 0.36702597 0.7348456 0.5703456
vn 0.5361262 -0.5248947 0.6611009
vn 0.5361262 -0.5248947 0.6611009
vn -0.6449935 -0.50848114 -0.5704651
vn -0.6449935 -0.50848114 -0.5704651
vn -0.6859794 -0.36446023 -0.62976265
vn -0.7044441 -0.25511023 -0.6623272
vn -0.4126527 -0.50848377 0.75575256
vn -0.4126527 -0.50848377 0.75575256
vn -0.4613296 -0.36446145 0.8089147
vn -0.4889454 -0.25510857 0.8341775
vn 0.8286339 -0.50848436 0.23411463
vn 0.8286339 -0.50848436 0.23411463
vn 0.89128906 -0.36446258 0.2697609
vn 0.9220661 -0.2551068 0.29105803
vn 0.04385537 -0.5084746 -0.8599595
vn 0.04385537 -0.5084746 -0.8599595
vn 0.06466975 -0.36445946 -0.928971
vn 0.078585 -0.25510484 -0.96371466
vn 0.07531985 0.30573627 -0.94913244
vn 0.06628667 0.39241162 -0.9173981
vn 0.041933447 0.5891484 -0.806936
vn 0.041933447 0.5891484 -0.806936
vn -0.44649532 0.3913466 -0.8046676
vn -0.40575874 0.59085965 -0.6973125
vn -0.40575874 0.59085965 -0.6973125
vn -0.45638427 0.30378765 -0.8363173
vn -0.8481597 -0.5084809 0.14856803
vn -0.8481597 -0.5084809 0.14856803
vn -0.92007035 -0.36446363 0.14365555
vn -0.95703983 -0.255107 0.13782342
vn 0.33357552 -0.5084805 0.79383564
vn 0.33357552 -0.5084805 0.79383564
vn 0.34477764 -0.36446196 0.86504096
vn 0.34730622 -0.25510773 0.9023849
vn 0.6996936 -0.50848806 -0.5018653
vn 0.6996936 -0.50848806 -0.5018653
vn 0.7666243 -0.3644663 -0.5286319
vn 0.8024624 -0.25510705 -0.5394207
vn -0.5895431 0.5908555 0.550753
vn -0.71378577 0.30378944 0.6310482
vn -0.6851202 0.39134482 0.6143775
vn -0.5895431 0.5908555 0.550753
vn 0.6681311 0.5908561 0.45220575
vn 0.77405405 0.30378664 0.55547637
vn 0.75141376 0.3913482 0.5312476
vn 0.6681311 0.5908561 0.45220575
vn 0.35070038 0.39135265 -0.85079515
vn 0.29219416 0.590859 -0.7520029
vn 0.29219416 0.590859 -0.7520029
vn 0.36931178 0.30378726 -0.8782495
vn -0.18522242 0.38863516 0.90258265
vn -0.1467672 0.5858184 0.7970422
vn -0.1467672 0.5858184 0.7970422
vn -0.19843426 0.30052084 0.93290466
vn -0.9521974 -0.25434676 -0.16919775
vn -0.84938896 -0.5129419 -0.12421403
vn -0.84938896 -0.5129419 -0.12421403
vn -0.91817605 -0.36589727 -0.15189461
vn 0.053133585 0.39134377 0.9187094
vn 0.06302291 0.5908576 0.80431044
vn 0.06302291 0.5908576 0.80431044
vn 0.048311524 0.3037845 0.95151514
vn 0.88384575 0.39135218 -0.25624248
vn 0.7701215 0.5908519 -0.24043076
vn 0.7701215 0.5908519 -0.24043076
vn 0.9169087 0.30378485 -0.25883088
vn -0.8387435 0.38863805 -0.381405
vn -0.7443971 0.5858183 -0.32045287
vn -0.7443971 0.5858183 -0.32045287
vn -0.865361 0.30051845 -0.4010475
vn -0.71466756 0.58581555 0.38219166
vn -0.85310054 0.30052164 0.4265047
vn -0.82115513 0.38863415 0.41793293
vn -0.71466756 0.58581555 0.38219166
vn 0.06787572 -0.5129409 0.85573626
vn 0.056217436 -0.365899 0.9289552
vn 0.046908893 -0.25434953 0.96597415
vn 0.06787572 -0.5129409 0.85573626
vn 0.53164494 0.5858168 0.6116964
vn 0.6056549 0.3005235 0.73679566
vn 0.5901851 0.3886349 0.7075624
vn 0.53164494 0.5858168 0.6116964
vn 0.819173 -0.51294065 -0.25660777
vn 0.8931542 -0.36589867 -0.26152208
vn 0.93132263 -0.2543466 -0.26066437
vn 0.819173 -0.51294065 -0.25660777
vn -0.7945101 -0.5024097 -0.3410838
vn -0.85049057 -0.35946047 -0.3839976
vn -0.8776142 -0.24989264 -0.40908086
vn -0.7945101 -0.5024097 -0.3410838
vn -0.15573655 -0.5023985 0.8504952
vn -0.18512644 -0.35944968 0.9146169
vn -0.20352994 -0.2499187 0.94663423
vn -0.15573655 -0.5023985 0.8504952
vn 0.8638286 -0.5023968 -0.037385385
vn 0.9328789 -0.3594544 -0.023011625
vn 0.96819675 -0.24989249 -0.012207984
vn 0.8638286 -0.5023968 -0.037385385
vn 0.3101052 -0.51293606 -0.800457
vn 0.3524084 -0.36589846 -0.8613517
vn 0.37684968 -0.25434646 -0.89066964
vn 0.3101052 -0.51293606 -0.800457
vn 0.4780562 0.5858205 -0.65442866
vn 0.58356357 0.3005256 -0.7544124
vn 0.55850285 0.3886326 -0.7328297
vn 0.4780562 0.5858205 -0.65442866
vn -0.43246108 -0.5129411 -0.7415314
vn -0.45369932 -0.36589557 -0.8125746
vn -0.46138862 -0.25434688 -0.8499579
vn -0.43246108 -0.5129411 -0.7415314
vn -0.21357143 0.58580947 -0.78180206
vn -0.2259639 0.30052143 -0.9266214
vn -0.22471318 0.38863108 -0.8935715
vn -0.21357143 0.58580947 -0.78180206
vn -0.22733688 -0.24989055 -0.9412082
vn -0.22868337 -0.502383 -0.8338556
vn -0.22868337 -0.502383 -0.8338556
vn -0.2300219 -0.35945302 -0.9043692
vn 0.59411746 -0.24992204 -0.76456755
vn 0.5093283 -0.5024007 -0.6986976
vn 0.5093283 -0.5024007 -0.6986976
vn 0.56362617 -0.35945383 -0.74371946
vn 0.7844809 -0.2543516 0.5655926
vn 0.7113726 -0.5129362 0.48046395
vn 0.7113726 -0.5129362 0.48046395
vn 0.7613348 -0.36589563 0.5352474
vn 0.90857905 0.30573887 0.28461912
vn 0.879643 0.39241084 0.26877856
vn 0.7773689 0.5891537 0.2204438
vn 0.7773689 0.5891537 0.2204438
vn -0.7259862 -0.2543454 0.6389465
vn -0.62671715 -0.5129408 0.5866152
vn -0.62671715 -0.5129408 0.5866152
vn -0.6912355 -0.36589798 0.62314713
vn -0.47966886 0.30574077 0.82245994
vn -0.4577878 0.39241606 0.7977719
vn -0.3879059 0.58915347 0.7088211
vn -0.3879059 0.58915347 0.7088211
vn -0.6950987 0.305738 -0.6506628
vn -0.67591417 0.39241856 -0.6238171
vn -0.604737 0.58914113 -0.535916
vn -0.604737 0.58914113 -0.535916
vn 0.61320055 -0.24992485 0.7493482
vn 0.5678363 -0.502403 0.65203786
vn 0.5678363 -0.502403 0.65203786
vn 0.5996391 -0.35945335 0.71500087
vn -0.86701876 -0.24989092 0.43108353
vn -0.76204115 -0.50241196 0.4085039
vn -0.76204115 -0.50241196 0.4085039
vn -0.830511 -0.35945177 0.4254951
vn 0.7890267 0.30574676 -0.53287506
vn 0.75859034 0.39241862 -0.52014273
vn 0.65705293 0.5891474 -0.47030511
vn 0.65705293 0.5891474 -0.47030511
vn 0.34394655 0.3057372 0.8878207
vn 0.33830014 0.39240995 0.85531723
vn 0.31230754 0.58915126 0.74522805
vn 0.31230754 0.58915126 0.74522805
vn -0.9420955 0.30574068 0.13776363
vn -0.9091545 0.3924104 0.13947101
vn -0.79604036 0.5891485 0.1386502
vn -0.79604036 0.5891485 0.1386502
vn 0.92116904 0.38863504 -0.020265352
vn 0.8097255 0.58580905 -0.034242578
vn 0.8097255 0.58580905 -0.034242578
vn 0.95366985 0.3005246 -0.014100367
vn -0.23701535 0.106604524 -0.9656393
vn -0.24693178 0.1079158 -0.96300507
vn -0.486809 0.101475336 -0.86759424
vn -0.47771904 0.10272764 -0.87248594
vn -0.5022224 0.099278234 -0.85902065
vn -0.5022224 0.099278234 -0.85902065
vn -0.46249023 -0.13108088 -0.87688124
vn -0.46249023 -0.13108088 -0.87688124
vn 0.607187 0.10660478 -0.78737515
vn 0.59893453 0.107914925 -0.7934935
vn 0.37477112 0.10147493 -0.9215473
vn 0.38426343 0.10272647 -0.9174906
vn 0.35845244 0.09928004 -0.92825395
vn 0.35845244 0.09928004 -0.92825395
vn 0.3972097 -0.13108103 -0.90831834
vn 0.3972097 -0.13108103 -0.90831834
vn 0.80897474 0.102728225 0.5787978
vn 0.81503487 0.10147528 0.57045686
vn 0.9938081 0.10791396 -0.026459996
vn 0.9941695 0.106604435 -0.016206162
vn 0.9929369 0.11014337 -0.04410037
vn 0.9929369 0.11014337 -0.04410037
vn 0.9913719 -0.13107798 -0.0006411746
vn 0.9913719 -0.13107798 -0.0006411746
vn -0.7443063 0.10272831 0.6598902
vn -0.7375177 0.10147519 0.6676605
vn -0.19532266 0.10791621 0.9747836
vn -0.20542227 0.10660272 0.9728503
vn -0.17792626 0.11011333 0.9778636
vn -0.17792626 0.11011333 0.9778636
vn -0.21995127 -0.13107952 0.96666414
vn -0.21995127 -0.13107952 0.96666414
vn -0.90687853 0.10791565 -0.40733963
vn -0.9027545 0.10660285 -0.41673774
vn -0.91374534 0.11014355 -0.3910729
vn -0.91374534 0.11014355 -0.3910729
vn -0.8934882 -0.13108143 -0.42953074
vn -0.8934882 -0.13108143 -0.42953074
vn 0.95417 0.10147506 -0.28153622
vn 0.9569133 0.102729246 -0.2715948
vn 0.9492389 0.09927906 -0.29847822
vn 0.9492389 0.09927906 -0.29847822
vn 0.957815 -0.13107994 -0.25575128
vn 0.957815 -0.13107994 -0.25575128
vn 0.6325202 0.10660553 0.76717246
vn 0.64032817 0.107917026 0.7604826
vn 0.062166806 0.101474866 0.9928938
vn 0.05185179 0.102726705 0.99335724
vn 0.07977611 0.09927757 0.9918567
vn 0.07977611 0.09927757 0.9918567
vn 0.03619599 -0.13107918 0.9907109
vn 0.03619599 -0.13107918 0.9907109
vn -0.8886885 0.10660356 0.44594684
vn -0.8839048 0.10791685 0.45504555
vn -0.9799972 0.10272689 -0.1704486
vn -0.9818355 0.10147636 -0.16031744
vn -0.90750587 0.3913418 -0.15259361
vn -0.93840927 0.30378947 -0.1646212
vn 0.8176582 0.10492342 -0.5660621
vn 0.82350427 0.10489506 -0.55752826
vn 0.80746806 0.10495434 -0.5804997
vn 0.80746806 0.10495434 -0.5804997
vn 0.8294317 -0.13135651 -0.5429444
vn 0.8294317 -0.13135651 -0.5429444
vn 0.3699249 0.10492578 0.92311764
vn 0.36030573 0.104893625 0.9269181
vn 0.38627836 0.10495496 0.9163917
vn 0.38627836 0.10495496 0.9163917
vn 0.3447716 -0.13135271 0.929451
vn 0.3447716 -0.13135271 0.929451
vn -0.98229176 0.10492499 0.15522107
vn -0.983856 0.104895286 0.14499827
vn -0.9793745 0.10492308 0.17267492
vn -0.9793745 0.10492308 0.17267492
vn -0.98286587 -0.13135411 0.12930956
vn -0.98286587 -0.13135411 0.12930956
vn 0.06720274 0.1049244 -0.99220693
vn 0.07751926 0.10489531 -0.99145746
vn 0.049562532 0.10495457 -0.9932413
vn 0.049562532 0.10495457 -0.9932413
vn 0.09262619 -0.13135597 -0.98699856
vn 0.09262619 -0.13135597 -0.98699856
vn 0.95236963 0.10492388 0.28632697
vn 0.9493444 0.10489294 0.29621387
vn 0.9573125 0.104954265 0.2693277
vn 0.9573125 0.104954265 0.2693277
vn 0.941635 -0.13135377 0.30995125
vn 0.941635 -0.13135377 0.30995125
vn -0.49105155 0.10492477 0.8647885
vn -0.5000262 0.10489467 0.8596342
vn -0.47561407 0.1049259 0.8733738
vn -0.47561407 0.1049259 0.8733738
vn -0.5117063 -0.13135217 0.84906024
vn -0.5117063 -0.13135217 0.84906024
vn -0.7338337 0.10492456 -0.6711774
vn -0.72681445 0.10489408 -0.6787769
vn -0.7456483 0.10492508 -0.6580268
vn -0.7456483 0.10492508 -0.6580268
vn -0.71390575 -0.13135506 -0.6878113
vn -0.71390575 -0.13135506 -0.6878113
vn -0.7981748 0.59085596 -0.11749974
vn -0.7981748 0.59085596 -0.11749974
vn -0.97393274 -0.13108072 -0.18512987
vn -0.97393274 -0.13108072 -0.18512987
vn -0.89290166 -0.13108021 0.4307491
vn -0.89290166 -0.13108021 0.4307491
vn 0.61862767 -0.13108027 0.7746727
vn 0.61862767 -0.13108027 0.7746727
vn -0.7519813 -0.13107786 0.6460208
vn -0.7519813 -0.13107786 0.6460208
vn 0.7971518 -0.13107799 0.5893792
vn 0.7971518 -0.13107799 0.5893792
vn 0.61759114 -0.13108113 -0.77549917
vn 0.61759114 -0.13108113 -0.77549917
vn -0.22123644 -0.13108177 -0.9663706
vn -0.22123644 -0.13108177 -0.9663706
vn -0.984742 0.099279694 -0.1429225
vn -0.984742 0.099279694 -0.1429225
vn -0.8754773 0.11011374 0.47054723
vn -0.8754773 0.11011374 0.47054723
vn 0.65356666 0.110113256 0.74881625
vn 0.65356666 0.110113256 0.74881625
vn -0.72571677 0.09927918 0.6807928
vn -0.72571677 0.09927918 0.6807928
vn 0.8252113 0.09927958 0.5560307
vn 0.8252113 0.09927958 0.5560307
vn 0.5845946 0.110143565 -0.8038145
vn 0.5845946 0.110143565 -0.8038145
vn -0.26392886 0.11011229 -0.95823634
vn -0.26392886 0.11011229 -0.95823634
vn -0.8366785 3.7407975E-08 0.54769444
vn -0.8366785 3.7407975E-08 0.54769444
vn -0.2139089 0.65015054 0.72907287
vn -0.30506742 0.34788603 0.8865152
vn -0.30552378 0.34577858 0.88718235
vn -0.2139089 0.65015054 0.72907287
vn 0.0029604854 -0.99997735 -0.0060423873
vn 0.0029604854 -0.99997735 -0.0060423873
vn -0.32103348 0.65051985 -0.68830323
vn -0.35674074 0.34801155 -0.86696255
vn -0.3568245 0.34598967 -0.867737
vn -0.32103348 0.65051985 -0.68830323
vn -0.4519331 0.65003556 0.61090934
vn -0.4519331 0.65003556 0.61090934
vn 0.72801423 -9.165944E-05 -0.68556195
vn 0.71814704 -0.42262986 -0.5528553
vn 0.7264123 -0.37883195 -0.57342094
vn 0.72801423 -9.165944E-05 -0.68556195
vn 0.3630283 0.8054991 -0.46838203
vn 0.3193474 0.9470865 0.03231888
vn 0.11243314 0.29564023 0.94865996
vn 0.19968714 -0.3477043 0.9160933
vn 0.1996291 -0.34560367 0.9169005
vn 0.12564959 0.24214308 0.9620702
vn 0.5028977 -0.34788945 0.7912439
vn 0.5031087 -0.34578174 0.79203326
vn 0.0052188775 -0.9999776 0.0042119124
vn 0.0052188775 -0.9999776 0.0042119124
vn -0.82984865 0.29588407 0.47307897
vn -0.7658354 -0.34801826 0.5407213
vn -0.7665722 -0.34599212 0.5409775
vn -0.837091 0.24217291 0.49054146
vn -0.66111195 0.42248073 0.62003297
vn -0.65799 -9.142264E-05 0.7530267
vn -0.65799 -9.142264E-05 0.7530267
vn -0.66733307 0.37868252 0.6413004
vn -0.94987303 -2.6200647E-07 -0.3126362
vn -0.94987303 -2.6200647E-07 -0.3126362
vn 0.018433278 0.8036929 -0.59475875
vn 0.2758893 0.9470885 -0.1640387
vn 0.5090608 0.65015143 -0.5640571
vn 0.6595119 0.34788418 -0.6663488
vn 0.6602157 0.34577933 -0.6667473
vn 0.5090608 0.65015143 -0.5640571
vn 0.98990566 -9.134313E-05 0.14172865
vn 0.98990566 -9.134313E-05 0.14172865
vn 0.31029198 0.29564273 -0.90350115
vn 0.3041878 0.24214168 -0.9213237
vn 0.84869 0.34771028 -0.39852586
vn 0.8998613 -0.29564032 -0.32069692
vn 0.9099854 -0.24213782 -0.33659443
vn 0.8494881 0.34559387 -0.3986663
vn -0.39660397 -0.29546162 0.869142
vn -0.39226055 -0.2419545 0.8874625
vn -0.6631883 0.65015596 -0.370781
vn -0.6631883 0.65015596 -0.370781
vn -0.14752762 -0.29587972 0.94376415
vn -0.18259671 -0.5249015 0.83134645
vn -0.18259671 -0.5249015 0.83134645
vn -0.13837351 -0.24216926 0.96031606
vn -0.5374167 0.80549884 -0.24970996
vn -0.039522126 0.94709015 -0.31852514
vn 0.7424918 0.65050834 -0.15982743
vn 0.92460793 0.34800994 -0.15488508
vn 0.92538744 0.34597135 -0.15479629
vn 0.7424918 0.65050834 -0.15982743
vn -0.358447 -9.131366E-05 0.93355006
vn -0.358447 -9.131366E-05 0.93355006
vn -0.3824943 0.73450035 0.560542
vn -0.40715352 0.42262703 0.80969906
vn -0.40565687 0.3788312 0.83182293
vn -0.3824943 0.73450035 0.560542
vn -0.9498962 0.29563498 -0.10147464
vn -0.93755805 -0.34770846 -0.0091554215
vn -0.9383363 -0.34559703 -0.009368908
vn -0.9659114 0.24214143 -0.091558225
vn 0.0062870327 -0.99997747 0.0023807867
vn 0.0062870327 -0.99997747 0.0023807867
vn -0.5839561 0.8036947 0.114325166
vn -0.22132245 0.94708925 -0.2324618
vn -0.8833197 -0.34788945 0.3141965
vn -0.8841286 -0.3457777 0.31425214
vn -0.09344911 3.0866113E-07 0.9956242
vn -0.09344911 3.0866113E-07 0.9956242
vn -0.8303658 9.123596E-05 -0.55721873
vn -0.8303658 9.123596E-05 -0.55721873
vn 0.26130605 -0.9601967 0.09869949
vn 0.3976034 -0.8892055 -0.22632974
vn -0.2170551 0.7348504 0.6425589
vn -0.17368664 0.42290992 0.8893707
vn -0.1662692 0.37886754 0.9103922
vn -0.2170551 0.7348504 0.6425589
vn -0.27653372 0.2958821 -0.914321
vn -0.35674065 -0.3480122 -0.8669623
vn -0.35682818 -0.34596354 -0.867746
vn -0.2919796 0.24217123 -0.92525727
vn -0.40016615 -0.524379 0.75159425
vn -0.40016615 -0.524379 0.75159425
vn -0.123846166 0.8054889 0.57952565
vn -0.30174005 0.94709164 0.10940988
vn 0.43663403 0.65014446 0.62182224
vn 0.50289756 0.3478901 0.7912437
vn 0.50310856 0.34578246 0.792033
vn 0.43663403 0.65014446 0.62182224
vn -0.2765336 -0.29588282 -0.9143208
vn -0.29197955 -0.24217194 -0.9252571
vn 0.0155032985 0.42262718 -0.906171
vn -0.08206579 9.121828E-05 -0.9966269
vn -0.08206579 9.121828E-05 -0.9966269
vn 0.004577467 0.3788306 -0.9254548
vn 0.9914567 1.246455E-07 -0.13043669
vn 0.9914567 1.246455E-07 -0.13043669
vn -0.08923861 -0.96020263 0.26466492
vn 0.18262859 0.81038505 -0.55670714
vn 0.47650275 0.80370384 -0.35637814
vn 0.30027357 0.9470875 0.11340715
vn 0.19968702 0.34770495 0.91609305
vn 0.11243324 -0.29563957 0.94866014
vn 0.12564968 -0.24214242 0.9620704
vn 0.19962898 0.34560433 0.9169003
vn 0.015503441 -0.42262778 -0.9061708
vn 0.19321685 -0.89302135 -0.40642348
vn 0.0045775953 -0.3788312 -0.92545456
vn 0.105353795 -0.9063391 0.40920648
vn 0.10309415 -0.91023517 0.40105313
vn -0.8303658 -9.187907E-05 -0.55721873
vn -0.6987983 -0.4226302 -0.5771177
vn -0.7206844 -0.37883717 -0.5806
vn -0.8303658 -9.187907E-05 -0.55721873
vn 0.048342593 -0.52453125 0.8500177
vn 0.048342593 -0.52453125 0.8500177
vn -0.4534889 0.80369925 -0.38524723
vn 0.043733172 0.94708973 -0.31797567
vn -0.0063172122 -0.99997747 0.0022892344
vn -0.0063172122 -0.99997747 0.0022892344
vn 0.41204566 -0.9071959 -0.08493597
vn 0.002044927 -0.99997747 0.0064092632
vn 0.002044927 -0.99997747 0.0064092632
vn 0.40709555 -0.9095327 -0.08380552
vn -0.03576806 0.73443764 0.677733
vn 0.072544746 0.4224798 0.9034645
vn 0.08530134 0.37868232 0.92158747
vn -0.03576806 0.73443764 0.677733
vn -0.94987303 -2.6200647E-07 -0.3126362
vn -0.82842153 -0.42290905 -0.3672408
vn -0.8505721 -0.3788665 -0.36467436
vn -0.94987303 -2.6200647E-07 -0.3126362
vn -0.13983952 0.80549425 -0.57586795
vn 0.22437465 0.9470927 -0.22950245
vn 0.17847754 9.1908776E-05 0.98394406
vn 0.07254489 -0.4224792 0.9034648
vn 0.08530147 -0.37868166 0.92158777
vn 0.17847754 9.1908776E-05 0.98394406
vn -0.22938204 -0.42290398 -0.87666196
vn 0.07092609 -0.889201 -0.45198575
vn -0.24519119 -0.37886524 -0.8923802
vn 0.8799999 0.42263454 0.21674922
vn 0.98990566 9.176927E-05 0.14172865
vn 0.98990566 9.176927E-05 0.14172865
vn 0.9012308 0.37883455 0.21039867
vn 0.43222144 -0.29546162 0.8519901
vn 0.3380948 -0.52438486 0.781481
vn 0.3380948 -0.52438486 0.781481
vn 0.44927573 -0.24195708 0.8600048
vn -0.31974486 0.94708765 0.028077025
vn 0.43224615 0.29545844 0.85197866
vn 0.44927564 0.2419578 0.8600046
vn 0.5161686 -1.9205933E-07 -0.8564871
vn 0.5423854 -0.4229034 -0.72592753
vn 0.54480416 -0.37886974 -0.7480951
vn 0.5161686 -1.9205933E-07 -0.8564871
vn -0.9989905 -9.174116E-05 -0.044924185
vn -0.9989905 -9.174116E-05 -0.044924185
vn 0.19974501 0.7344939 0.6485527
vn 0.37919974 0.42262852 0.8231603
vn 0.39739177 0.37883615 0.83580077
vn 0.19974501 0.7344939 0.6485527
vn -0.53030473 0.8054978 0.26448083
vn -0.27369276 0.94708973 -0.16767049
vn -0.35847363 9.1800175E-05 0.9335399
vn -0.35847363 9.1800175E-05 0.9335399
vn -0.22938219 0.42290333 -0.87666225
vn -0.34776688 -3.6413175E-07 -0.937581
vn -0.34776688 -3.6413175E-07 -0.937581
vn -0.24519132 0.3788646 -0.8923804
vn -0.7594105 0.6500293 0.027528394
vn -0.7594105 0.6500293 0.027528394
vn 0.24006662 -0.96020496 -0.14273952
vn -0.9268099 0.2954572 0.23179427
vn -0.9384222 0.2419529 0.24662256
vn -0.5834036 0.8103739 -0.054171503
vn 0.9529299 -0.295883 -0.06616573
vn 0.8511397 -0.5248932 -0.0069583994
vn 0.8511397 -0.5248932 -0.0069583994
vn 0.9670312 -0.24216966 -0.07877028
vn -0.10257333 0.94708616 0.30414885
vn -0.8366785 3.7407975E-08 0.54769444
vn -0.80364114 -0.4229097 0.4186984
vn -0.81544554 -0.37886685 0.4376169
vn -0.8366785 3.7407975E-08 0.54769444
vn 0.5063721 -9.1190755E-05 0.86231506
vn 0.37917373 -0.42263275 0.82317007
vn 0.3973919 -0.3788355 0.835801
vn 0.5063721 -9.1190755E-05 0.86231506
vn 0.15125416 -0.96019983 0.23481618
vn -0.8869079 -0.422625 0.18650107
vn -0.43923107 -0.8930201 -0.09793542
vn -0.9032722 -0.3788331 0.20145668
vn 0.67475253 0.73484546 0.068637595
vn 0.9057237 0.42290723 -0.028536055
vn 0.9245684 0.37886113 -0.040468417
vn 0.67475253 0.73484546 0.068637595
vn -0.1773757 0.94709194 0.2674976
vn 0.7181469 0.42262974 -0.55285555
vn 0.72801423 9.145815E-05 -0.68556195
vn 0.72801423 9.145815E-05 -0.68556195
vn 0.7264122 0.37883183 -0.5734212
vn 0.3755114 -0.9063361 -0.19376782
vn 0.3680357 -0.91024643 -0.18974005
vn 0.8179461 -0.5245341 -0.23628002
vn 0.8179461 -0.5245341 -0.23628002
vn -0.33440223 -0.90719295 0.25529626
vn -0.0046386826 -0.99997735 -0.004882673
vn -0.0046386826 -0.99997735 -0.004882673
vn -0.33040148 -0.90953565 0.2521507
vn 0.0036319022 -0.99997747 0.005646294
vn 0.0036319022 -0.99997747 0.005646294
vn 0.66870195 0.73444015 -0.11591168
vn 0.864669 0.42247698 -0.27177364
vn 0.8794956 0.3786795 -0.28825215
vn 0.66870195 0.73444015 -0.11591168
vn 0.1738351 0.9470905 0.2698165
vn 0.9914567 1.246455E-07 -0.13043669
vn 0.9914567 1.246455E-07 -0.13043669
vn -0.0018308643 -0.9603598 0.27875736
vn 0.7344517 -0.29545945 -0.61097014
vn 0.7384773 -0.24195775 -0.62937087
vn 0.9195565 9.158286E-05 -0.39295807
vn 0.9195565 9.158286E-05 -0.39295807
vn -0.8969605 -0.42247805 -0.1302862
vn -0.9174654 -0.37868127 -0.121892884
vn 0.09851503 0.9470939 0.30546358
vn -0.95338035 -9.161915E-05 0.30177134
vn -0.95338035 -9.161915E-05 0.30177134
vn 0.82179433 -0.52438295 0.2228826
vn 0.82179433 -0.52438295 0.2228826
vn 0.9195565 -9.1528884E-05 -0.39295807
vn 0.9195565 -9.1528884E-05 -0.39295807
vn 0.73443794 0.29545373 -0.61098945
vn 0.73847723 0.2419576 -0.629371
vn 0.6315933 0.73450404 0.2481811
vn 0.6315933 0.73450404 0.2481811
vn 0.5063721 9.1923444E-05 0.86231506
vn 0.5063721 9.1923444E-05 0.86231506
vn -0.45644087 -0.88919944 0.031404413
vn -0.0021058964 0.9472928 0.32036218
vn 0.6722533 0.6500354 -0.35430157
vn 0.6722533 0.6500354 -0.35430157
vn -0.21909365 -0.960363 0.17233959
vn 0.0022282 -0.8930227 0.4500062
vn 0.038057603 -0.9601973 -0.2767179
vn -0.30915657 -0.8891992 -0.33726412
vn 0.6866466 -0.52437717 -0.50353277
vn 0.6866466 -0.52437717 -0.50353277
vn -0.08206579 -9.189544E-05 -0.9966269
vn -0.08206579 -9.189544E-05 -0.9966269
vn 0.58783317 0.73450947 -0.33903998
vn 0.58783317 0.73450947 -0.33903998
vn 0.7201386 3.474849E-07 0.6938303
vn 0.7201386 3.474849E-07 0.6938303
vn -0.077609174 0.9941761 -0.07477104
vn -0.077609174 0.9941761 -0.07477104
vn -0.077609174 0.9941761 -0.07477104
vn -0.077609174 0.9941761 -0.07477104
vn 0.07697042 0.8103865 0.5808177
vn -0.2517865 0.94729674 0.19807176
vn -0.42239037 -0.90633905 0.0116588995
vn -0.41393292 -0.9102377 0.011262047
vn -0.055635713 0.99417686 0.09228822
vn -0.055635713 0.99417686 0.09228822
vn -0.055635713 0.99417686 0.09228822
vn -0.055635713 0.99417686 0.09228822
vn 0.3233247 -0.90719444 0.26918292
vn -0.003723117 -0.99997735 0.005615777
vn -0.003723117 -0.99997735 0.005615777
vn 0.31935385 -0.90953505 0.26600608
vn -0.0008238398 -0.99997735 -0.00668328
vn -0.0008238398 -0.99997735 -0.00668328
vn 0.10235952 0.99417675 0.033692274
vn 0.10235952 0.99417675 0.033692274
vn 0.10235952 0.99417675 0.033692274
vn 0.10235952 0.99417675 0.033692274
vn -0.19617558 -0.5248946 -0.8282518
vn -0.19617558 -0.5248946 -0.8282518
vn 0.01007095 0.9941753 -0.10730389
vn 0.01007095 0.9941753 -0.10730389
vn 0.01007095 0.9941753 -0.10730389
vn 0.01007095 0.9941753 -0.10730389
vn -0.27134234 -0.9603651 -0.06381437
vn -0.9989905 9.137505E-05 -0.044924185
vn -0.9989905 9.137505E-05 -0.044924185
vn -0.106846064 0.9941765 0.014038304
vn -0.106846064 0.9941765 0.014038304
vn -0.106846064 0.9941765 0.014038304
vn -0.106846064 0.9941765 0.014038304
vn -0.457363 0.4224788 -0.7825157
vn -0.58771276 -9.192098E-05 -0.8090697
vn -0.58771276 -9.192098E-05 -0.8090697
vn -0.47670954 0.3786814 -0.7933149
vn -0.083196595 0.7348491 -0.67310864
vn -0.083196595 0.7348491 -0.67310864
vn -0.31184918 0.94729704 -0.07333875
vn 0.03747677 0.9941757 0.10104692
vn 0.03747677 0.9941757 0.10104692
vn 0.03747677 0.9941757 0.10104692
vn 0.03747677 0.9941757 0.10104692
vn -0.41237706 -0.5245357 -0.744854
vn -0.41237706 -0.5245357 -0.744854
vn 0.09018235 0.9941748 -0.059023377
vn 0.09018235 0.9941748 -0.059023377
vn 0.09018235 0.9941748 -0.059023377
vn 0.09018235 0.9941748 -0.059023377
vn -0.26179588 0.7344495 -0.62613654
vn -0.26179588 0.7344495 -0.62613654
vn -0.4950268 0.65003484 -0.57654417
vn -0.4950268 0.65003484 -0.57654417
vn -0.13709424 0.94729733 -0.28953958
vn -0.11926757 -0.96036726 -0.25193274
vn -0.1925782 -0.96020585 -0.20228313
vn 0.034425583 -0.52438295 -0.85078645
vn 0.034425583 -0.52438295 -0.85078645
vn 0.101414055 0.73449886 -0.67098945
vn 0.101414055 0.73449886 -0.67098945
vn -0.3477937 -3.6413306E-07 -0.9375711
vn -0.34776688 -3.6413175E-07 -0.937581
vn -0.0021361418 -0.99997735 0.006378745
vn -0.0021361418 -0.99997735 0.006378745
vn -0.32137024 0.8103831 -0.48989856
vn 0.14090842 0.94729555 -0.28770795
vn -0.10611406 0.99415004 -0.020142699
vn -0.10611406 0.99415004 -0.020142699
vn -0.10611406 0.99415004 -0.020142699
vn -0.10611406 0.99415004 -0.020142699
vn -0.6344284 -0.52452976 0.5677756
vn -0.6344284 -0.52452976 0.5677756
vn -0.17448159 -0.9072008 -0.3828093
vn 0.005798729 -0.99997723 -0.0034482945
vn 0.005798729 -0.99997723 -0.0034482945
vn -0.17231177 -0.90953547 -0.37822494
vn -0.55218077 0.73444045 0.39458042
vn -0.55218077 0.73444045 0.39458042
vn 0.12259384 -0.9603636 -0.2503449
vn -0.19727577 -0.893021 -0.40446994
vn 0.5491339 0.81037945 -0.20429675
vn -0.09726383 0.99415267 0.046907235
vn -0.09726383 0.99415267 0.046907235
vn -0.09726383 0.99415267 0.046907235
vn -0.09726383 0.99415267 0.046907235
vn 0.3127944 0.9472955 -0.06921869
vn 0.17847754 -9.1207374E-05 0.98394406
vn 0.17847754 -9.1207374E-05 0.98394406
vn 0.00393679 0.99414915 0.10794458
vn 0.00393679 0.99414915 0.10794458
vn 0.00393679 0.99414915 0.10794458
vn 0.00393679 0.99414915 0.10794458
vn 0.5161686 -1.9205933E-07 -0.8564871
vn 0.5161686 -1.9205933E-07 -0.8564871
vn 0.694709 -0.52453333 0.4921832
vn 0.694709 -0.52453333 0.4921832
vn 0.067385525 0.99415225 0.08438434
vn 0.067385525 0.99415225 0.08438434
vn 0.067385525 0.99415225 0.08438434
vn 0.067385525 0.99415225 0.08438434
vn 0.50756407 0.73444366 0.45052332
vn 0.50756407 0.73444366 0.45052332
vn 0.24913126 0.94729745 0.20139833
vn 0.19584322 0.65003335 0.7342358
vn 0.19584322 0.65003335 0.7342358
vn 0.2721665 -0.96036446 -0.060213298
vn -0.27824453 -0.9601992 0.024446385
vn 0.1043437 0.9941509 -0.027864048
vn 0.1043437 0.9941509 -0.027864048
vn 0.1043437 0.9941509 -0.027864048
vn 0.1043437 0.9941509 -0.027864048
vn -0.09344911 3.0866113E-07 0.9956242
vn -0.09344911 3.0866113E-07 0.9956242
vn -0.097324885 0.99415237 -0.046785727
vn -0.097324885 0.99415237 -0.046785727
vn -0.097324885 0.99415237 -0.046785727
vn -0.097324885 0.99415237 -0.046785727
vn 0.33796918 0.65051633 -0.6801509
vn 0.33796918 0.65051633 -0.6801509
# 1491 vertex normals

usemtl Material_006
s 4096
f 7526//7526 7533//7533 7472//7472
f 7533//7533 7473//7473 7472//7472
f 7532//7532 7534//7534 7517//7517
f 7534//7534 7518//7518 7517//7517
f 7424//7424 7423//7423 7512//7512
f 7423//7423 7513//7513 7512//7512
f 7530//7530 7535//7535 7507//7507
f 7535//7535 7508//7508 7507//7507
f 7432//7432 7431//7431 7502//7502
f 7431//7431 7503//7503 7502//7502
f 7528//7528 7536//7536 7497//7497
f 7536//7536 7498//7498 7497//7497
f 7522//7522 7537//7537 7492//7492
f 7537//7537 7493//7493 7492//7492
f 7474//7474 7538//7538 7475//7475
f 7538//7538 7521//7521 7475//7475
f 7519//7519 7539//7539 7520//7520
f 7539//7539 7525//7525 7520//7520
f 7514//7514 7540//7540 7515//7515
f 7540//7540 7531//7531 7515//7515
f 7509//7509 7541//7541 7510//7510
f 7541//7541 7524//7524 7510//7510
f 7504//7504 7542//7542 7505//7505
f 7542//7542 7529//7529 7505//7505
f 7499//7499 7543//7543 7500//7500
f 7543//7543 7523//7523 7500//7500
f 7494//7494 7544//7544 7495//7495
f 7544//7544 7527//7527 7495//7495
f 7384//7384 7385//7385 7386//7386
f 7384//7384 7386//7386 7387//7387
f 7388//7388 7389//7389 7390//7390
f 7388//7388 7390//7390 7391//7391
f 7392//7392 7393//7393 7394//7394
f 7392//7392 7394//7394 7395//7395
f 7396//7396 7397//7397 7398//7398
f 7396//7396 7398//7398 7399//7399
f 7400//7400 7401//7401 7402//7402
f 7400//7400 7402//7402 7403//7403
f 7397//7397 7404//7404 7405//7405
f 7397//7397 7405//7405 7398//7398
f 7406//7406 7407//7407 7408//7408
f 7406//7406 7408//7408 7409//7409
f 7410//7410 7411//7411 7412//7412
f 7410//7410 7412//7412 7413//7413
f 7414//7414 7415//7415 7416//7416
f 7414//7414 7416//7416 7417//7417
f 7418//7418 7419//7419 7420//7420
f 7418//7418 7420//7420 7421//7421
f 7422//7422 7423//7423 7424//7424
f 7422//7422 7424//7424 7425//7425
f 7426//7426 7427//7427 7428//7428
f 7426//7426 7428//7428 7429//7429
f 7430//7430 7431//7431 7432//7432
f 7430//7430 7432//7432 7433//7433
f 7434//7434 7435//7435 7436//7436
f 7434//7434 7436//7436 7437//7437
f 7438//7438 7439//7439 7440//7440
f 7438//7438 7440//7440 7441//7441
f 7442//7442 7443//7443 7444//7444
f 7442//7442 7444//7444 7445//7445
f 7411//7411 7446//7446 7447//7447
f 7411//7411 7447//7447 7448//7448
f 7449//7449 7426//7426 7429//7429
f 7449//7449 7429//7429 7450//7450
f 7451//7451 7452//7452 7453//7453
f 7451//7451 7453//7453 7454//7454
f 7455//7455 7456//7456 7457//7457
f 7455//7455 7457//7457 7458//7458
f 7459//7459 7460//7460 7461//7461
f 7459//7459 7461//7461 7462//7462
f 7463//7463 7464//7464 7465//7465
f 7463//7463 7465//7465 7466//7466
f 7467//7467 7468//7468 7469//7469
f 7467//7467 7469//7469 7470//7470
f 7476//7476 7477//7477 7478//7478
f 7476//7476 7478//7478 7479//7479
f 7480//7480 7481//7481 7482//7482
f 7480//7480 7482//7482 7483//7483
f 7456//7456 7484//7484 7485//7485
f 7456//7456 7485//7485 7486//7486
f 7487//7487 7488//7488 7489//7489
f 7487//7487 7489//7489 7490//7490
f 7545//7545 7546//7546 7547//7547
f 7545//7545 7547//7547 7548//7548
f 7419//7419 7549//7549 7550//7550
f 7419//7419 7550//7550 7420//7420
f 7551//7551 7552//7552 7553//7553
f 7551//7551 7553//7553 7554//7554
f 7555//7555 7556//7556 7557//7557
f 7555//7555 7557//7557 7558//7558
f 7559//7559 7560//7560 7561//7561
f 7559//7559 7561//7561 7562//7562
f 7563//7563 7564//7564 7565//7565
f 7563//7563 7565//7565 7566//7566
f 7519//7519 7567//7567 7568//7568
f 7519//7519 7568//7568 7539//7539
f 7569//7569 7570//7570 7571//7571
f 7569//7569 7571//7571 7572//7572
f 7514//7514 7573//7573 7574//7574
f 7514//7514 7574//7574 7540//7540
f 7575//7575 7576//7576 7577//7577
f 7575//7575 7577//7577 7578//7578
f 7509//7509 7579//7579 7580//7580
f 7509//7509 7580//7580 7541//7541
f 7581//7581 7582//7582 7583//7583
f 7581//7581 7583//7583 7584//7584
f 7504//7504 7585//7585 7586//7586
f 7504//7504 7586//7586 7542//7542
f 7587//7587 7588//7588 7589//7589
f 7587//7587 7589//7589 7590//7590
f 7499//7499 7591//7591 7592//7592
f 7499//7499 7592//7592 7543//7543
f 7593//7593 7594//7594 7595//7595
f 7593//7593 7595//7595 7596//7596
f 7494//7494 7597//7597 7598//7598
f 7494//7494 7598//7598 7544//7544
f 7599//7599 7600//7600 7601//7601
f 7599//7599 7601//7601 7602//7602
f 7534//7534 7603//7603 7604//7604
f 7534//7534 7604//7604 7518//7518
f 7532//7532 7531//7531 7605//7605
f 7532//7532 7605//7605 7606//7606
f 7540//7540 7574//7574 7605//7605
f 7540//7540 7605//7605 7531//7531
f 7607//7607 7608//7608 7609//7609
f 7607//7607 7609//7609 7610//7610
f 7611//7611 7612//7612 7613//7613
f 7611//7611 7613//7613 7614//7614
f 7615//7615 7616//7616 7617//7617
f 7615//7615 7617//7617 7618//7618
f 7542//7542 7586//7586 7619//7619
f 7542//7542 7619//7619 7529//7529
f 7443//7443 7620//7620 7621//7621
f 7443//7443 7621//7621 7622//7622
f 7623//7623 7624//7624 7625//7625
f 7623//7623 7625//7625 7620//7620
f 7626//7626 7627//7627 7628//7628
f 7626//7626 7628//7628 7629//7629
f 7630//7630 7631//7631 7632//7632
f 7630//7630 7632//7632 7633//7633
f 7634//7634 7635//7635 7636//7636
f 7634//7634 7636//7636 7637//7637
f 7638//7638 7434//7434 7437//7437
f 7638//7638 7437//7437 7639//7639
f 7640//7640 7641//7641 7642//7642
f 7640//7640 7642//7642 7643//7643
f 7644//7644 7513//7513 7423//7423
f 7644//7644 7423//7423 7422//7422
f 7532//7532 7606//7606 7603//7603
f 7532//7532 7603//7603 7534//7534
f 7645//7645 7646//7646 7647//7647
f 7645//7645 7647//7647 7648//7648
f 7649//7649 7650//7650 7651//7651
f 7649//7649 7651//7651 7652//7652
f 7653//7653 7503//7503 7431//7431
f 7653//7653 7431//7431 7430//7430
f 7530//7530 7654//7654 7655//7655
f 7530//7530 7655//7655 7535//7535
f 7656//7656 7657//7657 7658//7658
f 7656//7656 7658//7658 7659//7659
f 7660//7660 7661//7661 7662//7662
f 7660//7660 7662//7662 7663//7663
f 7544//7544 7598//7598 7664//7664
f 7544//7544 7664//7664 7527//7527
f 7665//7665 7666//7666 7667//7667
f 7665//7665 7667//7667 7668//7668
f 7669//7669 7670//7670 7671//7671
f 7669//7669 7671//7671 7672//7672
f 7673//7673 7449//7449 7450//7450
f 7673//7673 7450//7450 7674//7674
f 7538//7538 7675//7675 7676//7676
f 7538//7538 7676//7676 7521//7521
f 7677//7677 7406//7406 7409//7409
f 7677//7677 7409//7409 7678//7678
f 7474//7474 7473//7473 7679//7679
f 7474//7474 7679//7679 7680//7680
f 7526//7526 7525//7525 7681//7681
f 7526//7526 7681//7681 7682//7682
f 7514//7514 7513//7513 7644//7644
f 7514//7514 7644//7644 7573//7573
f 7424//7424 7524//7524 7683//7683
f 7424//7424 7683//7683 7425//7425
f 7504//7504 7503//7503 7653//7653
f 7504//7504 7653//7653 7585//7585
f 7432//7432 7523//7523 7684//7684
f 7432//7432 7684//7684 7433//7433
f 7494//7494 7493//7493 7685//7685
f 7494//7494 7685//7685 7597//7597
f 7522//7522 7521//7521 7676//7676
f 7522//7522 7676//7676 7686//7686
f 7687//7687 7688//7688 7689//7689
f 7687//7687 7689//7689 7690//7690
f 7685//7685 7493//7493 7537//7537
f 7685//7685 7537//7537 7691//7691
f 7692//7692 7693//7693 7694//7694
f 7692//7692 7694//7694 7695//7695
f 7696//7696 7697//7697 7410//7410
f 7696//7696 7410//7410 7698//7698
f 7699//7699 7700//7700 7701//7701
f 7699//7699 7701//7701 7702//7702
f 7703//7703 7533//7533 7526//7526
f 7703//7703 7526//7526 7682//7682
f 7704//7704 7705//7705 7706//7706
f 7704//7704 7706//7706 7707//7707
f 7708//7708 7709//7709 7710//7710
f 7708//7708 7710//7710 7711//7711
f 7712//7712 7713//7713 7714//7714
f 7712//7712 7714//7714 7715//7715
f 7691//7691 7537//7537 7522//7522
f 7691//7691 7522//7522 7686//7686
f 7716//7716 7484//7484 7717//7717
f 7716//7716 7717//7717 7718//7718
f 7552//7552 7719//7719 7720//7720
f 7552//7552 7720//7720 7553//7553
f 7543//7543 7592//7592 7684//7684
f 7543//7543 7684//7684 7523//7523
f 7721//7721 7463//7463 7466//7466
f 7721//7721 7466//7466 7722//7722
f 7723//7723 7724//7724 7725//7725
f 7723//7723 7725//7725 7726//7726
f 7727//7727 7410//7410 7413//7413
f 7727//7727 7413//7413 7728//7728
f 7541//7541 7580//7580 7683//7683
f 7541//7541 7683//7683 7524//7524
f 7719//7719 7729//7729 7730//7730
f 7719//7719 7730//7730 7720//7720
f 7539//7539 7568//7568 7681//7681
f 7539//7539 7681//7681 7525//7525
f 7731//7731 7732//7732 7733//7733
f 7731//7731 7733//7733 7734//7734
f 7536//7536 7735//7735 7736//7736
f 7536//7536 7736//7736 7498//7498
f 7528//7528 7527//7527 7664//7664
f 7528//7528 7664//7664 7737//7737
f 7702//7702 7738//7738 7739//7739
f 7702//7702 7739//7739 7740//7740
f 7741//7741 7742//7742 7743//7743
f 7741//7741 7743//7743 7744//7744
f 7535//7535 7655//7655 7745//7745
f 7535//7535 7745//7745 7508//7508
f 7530//7530 7529//7529 7619//7619
f 7530//7530 7619//7619 7654//7654
f 7746//7746 7747//7747 7748//7748
f 7746//7746 7748//7748 7749//7749
f 7750//7750 7751//7751 7752//7752
f 7750//7750 7752//7752 7753//7753
f 7754//7754 7755//7755 7756//7756
f 7754//7754 7756//7756 7757//7757
f 7758//7758 7759//7759 7760//7760
f 7758//7758 7760//7760 7761//7761
f 7509//7509 7508//7508 7745//7745
f 7509//7509 7745//7745 7579//7579
f 7519//7519 7518//7518 7604//7604
f 7519//7519 7604//7604 7567//7567
f 7762//7762 7763//7763 7764//7764
f 7762//7762 7764//7764 7765//7765
f 7766//7766 7767//7767 7768//7768
f 7766//7766 7768//7768 7769//7769
f 7679//7679 7473//7473 7533//7533
f 7679//7679 7533//7533 7703//7703
f 7499//7499 7498//7498 7736//7736
f 7499//7499 7736//7736 7591//7591
f 7770//7770 7414//7414 7417//7417
f 7770//7770 7417//7417 7771//7771
f 7452//7452 7724//7724 7772//7772
f 7452//7452 7772//7772 7773//7773
f 7774//7774 7775//7775 7776//7776
f 7774//7774 7776//7776 7777//7777
f 7528//7528 7737//7737 7735//7735
f 7528//7528 7735//7735 7536//7536
f 7778//7778 7779//7779 7780//7780
f 7778//7778 7780//7780 7781//7781
f 7782//7782 7783//7783 7784//7784
f 7782//7782 7784//7784 7785//7785
f 7474//7474 7680//7680 7675//7675
f 7474//7474 7675//7675 7538//7538
f 7756//7756 7755//7755 7786//7786
f 7756//7756 7786//7786 7787//7787
f 7788//7788 7789//7789 7603//7603
f 7788//7788 7603//7603 7606//7606
f 7755//7755 7759//7759 7790//7790
f 7755//7755 7790//7790 7786//7786
f 7789//7789 7791//7791 7604//7604
f 7789//7789 7604//7604 7603//7603
f 7611//7611 7614//7614 7792//7792
f 7611//7611 7792//7792 7793//7793
f 7794//7794 7795//7795 7655//7655
f 7794//7794 7655//7655 7654//7654
f 7614//7614 7481//7481 7796//7796
f 7614//7614 7796//7796 7792//7792
f 7795//7795 7797//7797 7745//7745
f 7795//7795 7745//7745 7655//7655
f 7623//7623 7620//7620 7798//7798
f 7623//7623 7798//7798 7799//7799
f 7800//7800 7801//7801 7735//7735
f 7800//7800 7735//7735 7737//7737
f 7620//7620 7443//7443 7802//7802
f 7620//7620 7802//7802 7798//7798
f 7801//7801 7803//7803 7736//7736
f 7801//7801 7736//7736 7735//7735
f 7411//7411 7410//7410 7804//7804
f 7411//7411 7804//7804 7805//7805
f 7806//7806 7807//7807 7675//7675
f 7806//7806 7675//7675 7680//7680
f 7410//7410 7697//7697 7808//7808
f 7410//7410 7808//7808 7804//7804
f 7807//7807 7809//7809 7676//7676
f 7807//7807 7676//7676 7675//7675
f 7758//7758 7634//7634 7810//7810
f 7758//7758 7810//7810 7811//7811
f 7812//7812 7813//7813 7568//7568
f 7812//7812 7568//7568 7567//7567
f 7634//7634 7637//7637 7814//7814
f 7634//7634 7814//7814 7810//7810
f 7813//7813 7815//7815 7681//7681
f 7813//7813 7681//7681 7568//7568
f 7451//7451 7752//7752 7816//7816
f 7451//7451 7816//7816 7817//7817
f 7818//7818 7819//7819 7574//7574
f 7818//7818 7574//7574 7573//7573
f 7752//7752 7751//7751 7820//7820
f 7752//7752 7820//7820 7816//7816
f 7819//7819 7821//7821 7605//7605
f 7819//7819 7605//7605 7574//7574
f 7480//7480 7640//7640 7822//7822
f 7480//7480 7822//7822 7823//7823
f 7824//7824 7825//7825 7580//7580
f 7824//7824 7580//7580 7579//7579
f 7640//7640 7643//7643 7826//7826
f 7640//7640 7826//7826 7822//7822
f 7825//7825 7827//7827 7683//7683
f 7825//7825 7683//7683 7580//7580
f 7455//7455 7743//7743 7828//7828
f 7455//7455 7828//7828 7829//7829
f 7830//7830 7831//7831 7586//7586
f 7830//7830 7586//7586 7585//7585
f 7743//7743 7742//7742 7832//7832
f 7743//7743 7832//7832 7828//7828
f 7831//7831 7833//7833 7619//7619
f 7831//7831 7619//7619 7586//7586
f 7442//7442 7649//7649 7834//7834
f 7442//7442 7834//7834 7835//7835
f 7836//7836 7837//7837 7592//7592
f 7836//7836 7592//7592 7591//7591
f 7649//7649 7652//7652 7838//7838
f 7649//7649 7838//7838 7834//7834
f 7837//7837 7839//7839 7684//7684
f 7837//7837 7684//7684 7592//7592
f 7687//7687 7710//7710 7840//7840
f 7687//7687 7840//7840 7841//7841
f 7842//7842 7843//7843 7598//7598
f 7842//7842 7598//7598 7597//7597
f 7710//7710 7709//7709 7844//7844
f 7710//7710 7844//7844 7840//7840
f 7843//7843 7845//7845 7664//7664
f 7843//7843 7664//7664 7598//7598
f 7644//7644 7422//7422 7846//7846
f 7644//7644 7846//7846 7847//7847
f 7848//7848 7849//7849 7724//7724
f 7848//7848 7724//7724 7452//7452
f 7422//7422 7425//7425 7850//7850
f 7422//7422 7850//7850 7846//7846
f 7849//7849 7851//7851 7725//7725
f 7849//7849 7725//7725 7724//7724
f 7653//7653 7430//7430 7852//7852
f 7653//7653 7852//7852 7853//7853
f 7854//7854 7855//7855 7484//7484
f 7854//7854 7484//7484 7456//7456
f 7430//7430 7433//7433 7856//7856
f 7430//7430 7856//7856 7852//7852
f 7855//7855 7857//7857 7717//7717
f 7855//7855 7717//7717 7484//7484
f 7691//7691 7686//7686 7858//7858
f 7691//7691 7858//7858 7859//7859
f 7860//7860 7861//7861 7656//7656
f 7860//7860 7656//7656 7659//7659
f 7685//7685 7691//7691 7859//7859
f 7685//7685 7859//7859 7862//7862
f 7863//7863 7860//7860 7659//7659
f 7863//7863 7659//7659 7688//7688
f 7703//7703 7682//7682 7864//7864
f 7703//7703 7864//7864 7865//7865
f 7866//7866 7867//7867 7669//7669
f 7866//7866 7669//7669 7672//7672
f 7679//7679 7703//7703 7865//7865
f 7679//7679 7865//7865 7868//7868
f 7869//7869 7866//7866 7672//7672
f 7869//7869 7672//7672 7446//7446
f 7597//7597 7685//7685 7862//7862
f 7597//7597 7862//7862 7842//7842
f 7841//7841 7863//7863 7688//7688
f 7841//7841 7688//7688 7687//7687
f 7697//7697 7656//7656 7861//7861
f 7697//7697 7861//7861 7808//7808
f 7809//7809 7858//7858 7686//7686
f 7809//7809 7686//7686 7676//7676
f 7591//7591 7736//7736 7803//7803
f 7591//7591 7803//7803 7836//7836
f 7835//7835 7802//7802 7443//7443
f 7835//7835 7443//7443 7442//7442
f 7709//7709 7623//7623 7799//7799
f 7709//7709 7799//7799 7844//7844
f 7845//7845 7800//7800 7737//7737
f 7845//7845 7737//7737 7664//7664
f 7585//7585 7653//7653 7853//7853
f 7585//7585 7853//7853 7830//7830
f 7829//7829 7854//7854 7456//7456
f 7829//7829 7456//7456 7455//7455
f 7652//7652 7717//7717 7857//7857
f 7652//7652 7857//7857 7838//7838
f 7839//7839 7856//7856 7433//7433
f 7839//7839 7433//7433 7684//7684
f 7579//7579 7745//7745 7797//7797
f 7579//7579 7797//7797 7824//7824
f 7823//7823 7796//7796 7481//7481
f 7823//7823 7481//7481 7480//7480
f 7742//7742 7611//7611 7793//7793
f 7742//7742 7793//7793 7832//7832
f 7833//7833 7794//7794 7654//7654
f 7833//7833 7654//7654 7619//7619
f 7573//7573 7644//7644 7847//7847
f 7573//7573 7847//7847 7818//7818
f 7817//7817 7848//7848 7452//7452
f 7817//7817 7452//7452 7451//7451
f 7643//7643 7725//7725 7851//7851
f 7643//7643 7851//7851 7826//7826
f 7827//7827 7850//7850 7425//7425
f 7827//7827 7425//7425 7683//7683
f 7567//7567 7604//7604 7791//7791
f 7567//7567 7791//7791 7812//7812
f 7811//7811 7790//7790 7759//7759
f 7811//7811 7759//7759 7758//7758
f 7751//7751 7756//7756 7787//7787
f 7751//7751 7787//7787 7820//7820
f 7821//7821 7788//7788 7606//7606
f 7821//7821 7606//7606 7605//7605
f 7680//7680 7679//7679 7868//7868
f 7680//7680 7868//7868 7806//7806
f 7805//7805 7869//7869 7446//7446
f 7805//7805 7446//7446 7411//7411
f 7637//7637 7669//7669 7867//7867
f 7637//7637 7867//7867 7814//7814
f 7815//7815 7864//7864 7682//7682
f 7815//7815 7682//7682 7681//7681
f 7870//7870 7871//7871 7872//7872
f 7870//7870 7872//7872 7873//7873
f 7874//7874 7875//7875 7876//7876
f 7874//7874 7876//7876 7877//7877
f 7878//7878 7879//7879 7690//7690
f 7878//7878 7690//7690 7689//7689
f 7880//7880 7881//7881 7882//7882
f 7880//7880 7882//7882 7883//7883
f 7884//7884 7885//7885 7886//7886
f 7884//7884 7886//7886 7887//7887
f 7888//7888 7880//7880 7883//7883
f 7888//7888 7883//7883 7889//7889
f 7890//7890 7891//7891 7701//7701
f 7890//7890 7701//7701 7700//7700
f 7892//7892 7893//7893 7894//7894
f 7892//7892 7894//7894 7895//7895
f 7896//7896 7446//7446 7897//7897
f 7896//7896 7897//7897 7898//7898
f 7899//7899 7900//7900 7901//7901
f 7899//7899 7901//7901 7902//7902
f 7903//7903 7904//7904 7671//7671
f 7903//7903 7671//7671 7670//7670
f 7905//7905 7879//7879 7876//7876
f 7905//7905 7876//7876 7906//7906
f 7907//7907 7559//7559 7562//7562
f 7907//7907 7562//7562 7908//7908
f 7909//7909 7905//7905 7906//7906
f 7909//7909 7906//7906 7910//7910
f 7911//7911 7912//7912 7714//7714
f 7911//7911 7714//7714 7713//7713
f 7913//7913 7914//7914 7915//7915
f 7913//7913 7915//7915 7916//7916
f 7481//7481 7614//7614 7917//7917
f 7481//7481 7917//7917 7918//7918
f 7919//7919 7920//7920 7921//7921
f 7919//7919 7921//7921 7922//7922
f 7923//7923 7924//7924 7658//7658
f 7923//7923 7658//7658 7657//7657
f 7925//7925 7926//7926 7927//7927
f 7925//7925 7927//7927 7928//7928
f 7929//7929 7930//7930 7764//7764
f 7929//7929 7764//7764 7763//7763
f 7931//7931 7925//7925 7928//7928
f 7931//7931 7928//7928 7932//7932
f 7440//7440 7913//7913 7916//7916
f 7440//7440 7916//7916 7933//7933
f 7934//7934 7935//7935 7936//7936
f 7934//7934 7936//7936 7937//7937
f 7938//7938 7939//7939 7651//7651
f 7938//7938 7651//7651 7650//7650
f 7940//7940 7607//7607 7610//7610
f 7940//7940 7610//7610 7941//7941
f 7942//7942 7943//7943 7944//7944
f 7942//7942 7944//7944 7945//7945
f 7946//7946 7947//7947 7948//7948
f 7946//7946 7948//7948 7949//7949
f 7950//7950 7951//7951 7768//7768
f 7950//7950 7768//7768 7767//7767
f 7952//7952 7946//7946 7949//7949
f 7952//7952 7949//7949 7953//7953
f 7954//7954 7955//7955 7956//7956
f 7954//7954 7956//7956 7957//7957
f 7958//7958 7959//7959 7960//7960
f 7958//7958 7960//7960 7961//7961
f 7962//7962 7963//7963 7642//7642
f 7962//7962 7642//7642 7641//7641
f 7964//7964 7965//7965 7966//7966
f 7964//7964 7966//7966 7967//7967
f 7968//7968 7969//7969 7970//7970
f 7968//7968 7970//7970 7971//7971
f 7972//7972 7973//7973 7974//7974
f 7972//7972 7974//7974 7975//7975
f 7976//7976 7977//7977 7636//7636
f 7976//7976 7636//7636 7635//7635
f 7978//7978 7979//7979 7980//7980
f 7978//7978 7980//7980 7981//7981
f 7982//7982 7710//7710 7983//7983
f 7982//7982 7983//7983 7984//7984
f 7738//7738 7985//7985 7986//7986
f 7738//7738 7986//7986 7739//7739
f 7715//7715 7782//7782 7785//7785
f 7715//7715 7785//7785 7987//7987
f 7988//7988 7989//7989 7990//7990
f 7988//7988 7990//7990 7991//7991
f 7992//7992 7993//7993 7625//7625
f 7992//7992 7625//7625 7624//7624
f 7994//7994 7995//7995 7996//7996
f 7994//7994 7996//7996 7997//7997
f 7998//7998 7999//7999 8000//8000
f 7998//7998 8000//8000 8001//8001
f 8002//8002 7994//7994 7997//7997
f 8002//8002 7997//7997 8003//8003
f 8004//8004 8005//8005 7557//7557
f 8004//8004 7557//7557 7556//7556
f 8006//8006 8007//8007 8008//8008
f 8006//8006 8008//8008 8009//8009
f 8010//8010 8011//8011 8012//8012
f 8010//8010 8012//8012 8013//8013
f 8014//8014 8015//8015 8016//8016
f 8014//8014 8016//8016 8017//8017
f 8018//8018 8019//8019 7613//7613
f 8018//8018 7613//7613 7612//7612
f 8020//8020 8021//8021 8022//8022
f 8020//8020 8022//8022 8023//8023
f 8024//8024 8025//8025 8026//8026
f 8024//8024 8026//8026 8027//8027
f 8028//8028 8020//8020 8023//8023
f 8028//8028 8023//8023 8029//8029
f 8030//8030 8031//8031 7547//7547
f 8030//8030 7547//7547 7546//7546
f 8032//8032 8033//8033 8034//8034
f 8032//8032 8034//8034 8035//8035
f 8036//8036 8037//8037 7478//7478
f 8036//8036 7478//7478 7477//7477
f 8038//8038 8032//8032 8035//8035
f 8038//8038 8035//8035 8039//8039
f 8007//8007 8040//8040 8041//8041
f 8007//8007 8041//8041 8008//8008
f 8042//8042 8043//8043 8044//8044
f 8042//8042 8044//8044 8045//8045
f 8046//8046 8047//8047 7483//7483
f 8046//8046 7483//7483 7482//7482
f 8048//8048 8049//8049 8050//8050
f 8048//8048 8050//8050 8039//8039
f 8038//8038 8051//8051 7761//7761
f 8038//8038 7761//7761 7760//7760
f 8052//8052 8053//8053 7996//7996
f 8052//8052 7996//7996 7932//7932
f 7931//7931 7995//7995 7458//7458
f 7931//7931 7458//7458 7457//7457
f 8054//8054 8055//8055 8022//8022
f 8054//8054 8022//8022 7953//7953
f 7952//7952 8021//8021 7454//7454
f 7952//7952 7454//7454 7453//7453
f 8056//8056 8057//8057 7882//7882
f 8056//8056 7882//7882 8058//8058
f 8059//8059 7881//7881 7448//7448
f 8059//8059 7448//7448 7447//7447
f 8060//8060 8061//8061 8062//8062
f 8060//8060 8062//8062 8063//8063
f 8064//8064 8065//8065 7445//7445
f 8064//8064 7445//7445 7444//7444
f 7488//7488 7688//7688 8066//8066
f 7488//7488 8066//8066 7489//7489
f 7646//7646 8067//8067 8068//8068
f 7646//7646 8068//8068 7647//7647
f 8069//8069 8070//8070 8071//8071
f 8069//8069 8071//8071 8072//8072
f 7872//7872 8073//8073 8074//8074
f 7872//7872 8074//8074 8075//8075
f 8076//8076 8077//8077 8078//8078
f 8076//8076 8078//8078 8079//8079
f 7627//7627 8080//8080 8081//8081
f 7627//7627 8081//8081 7628//7628
f 8082//8082 8083//8083 8084//8084
f 8082//8082 8084//8084 8085//8085
f 7965//7965 8086//8086 8087//8087
f 7965//7965 8087//8087 7966//7966
f 8088//8088 8089//8089 8090//8090
f 8088//8088 8090//8090 8091//8091
f 8092//8092 8093//8093 8094//8094
f 8092//8092 8094//8094 8095//8095
f 8096//8096 8097//8097 8098//8098
f 8096//8096 8098//8098 8099//8099
f 7759//7759 7755//7755 8100//8100
f 7759//7759 8100//8100 8101//8101
f 8102//8102 7656//7656 8103//8103
f 8102//8102 8103//8103 8104//8104
f 8105//8105 8106//8106 8107//8107
f 8105//8105 8107//8107 8108//8108
f 8109//8109 8110//8110 8111//8111
f 8109//8109 8111//8111 8112//8112
f 7974//7974 7902//7902 7903//7903
f 7974//7974 7903//7903 7977//7977
f 7960//7960 7948//7948 7947//7947
f 7960//7960 7947//7947 7963//7963
f 7936//7936 7927//7927 7926//7926
f 7936//7936 7926//7926 7939//7939
f 7889//7889 7922//7922 7923//7923
f 7889//7889 7923//7923 7888//7888
f 8029//8029 8034//8034 8033//8033
f 8029//8029 8033//8033 8028//8028
f 8003//8003 8017//8017 8018//8018
f 8003//8003 8018//8018 8002//8002
f 7910//7910 7991//7991 7992//7992
f 7910//7910 7992//7992 7909//7909
f 8063//8063 8062//8062 8065//8065
f 8063//8063 8065//8065 8064//8064
f 8058//8058 7882//7882 7881//7881
f 8058//8058 7881//7881 8059//8059
f 7953//7953 8022//8022 8021//8021
f 7953//7953 8021//8021 7952//7952
f 7932//7932 7996//7996 7995//7995
f 7932//7932 7995//7995 7931//7931
f 8039//8039 8050//8050 8051//8051
f 8039//8039 8051//8051 8038//8038
f 8045//8045 8044//8044 8047//8047
f 8045//8045 8047//8047 8046//8046
f 7779//7779 8113//8113 8114//8114
f 7779//7779 8114//8114 8115//8115
f 7754//7754 7757//7757 8033//8033
f 7754//7754 8033//8033 8032//8032
f 7750//7750 7753//7753 8020//8020
f 7750//7750 8020//8020 8028//8028
f 7710//7710 7687//7687 8116//8116
f 7710//7710 8116//8116 7983//7983
f 8017//8017 8016//8016 8019//8019
f 8017//8017 8019//8019 8018//8018
f 8016//8016 8045//8045 8046//8046
f 8016//8016 8046//8046 8019//8019
f 7741//7741 7744//7744 7994//7994
f 7741//7741 7994//7994 8002//8002
f 8117//8117 7630//7630 7633//7633
f 8117//8117 7633//7633 8118//8118
f 7991//7991 7990//7990 7993//7993
f 7991//7991 7993//7993 7992//7992
f 7990//7990 8063//8063 8064//8064
f 7990//7990 8064//8064 7993//7993
f 8050//8050 7975//7975 7976//7976
f 8050//8050 7976//7976 8051//8051
f 7975//7975 7974//7974 7977//7977
f 7975//7975 7977//7977 7976//7976
f 8044//8044 7961//7961 7962//7962
f 8044//8044 7962//7962 8047//8047
f 7961//7961 7960//7960 7963//7963
f 7961//7961 7963//7963 7962//7962
f 8119//8119 8120//8120 8121//8121
f 8119//8119 8121//8121 8122//8122
f 7723//7723 7726//7726 7947//7947
f 7723//7723 7947//7947 7946//7946
f 8062//8062 7937//7937 7938//7938
f 8062//8062 7938//7938 8065//8065
f 7937//7937 7936//7936 7939//7939
f 7937//7937 7939//7939 7938//7938
f 8123//8123 8124//8124 8125//8125
f 8123//8123 8125//8125 8126//8126
f 7716//7716 7718//7718 7926//7926
f 7716//7716 7926//7926 7925//7925
f 7922//7922 7921//7921 7924//7924
f 7922//7922 7924//7924 7923//7923
f 7921//7921 7877//7877 7878//7878
f 7921//7921 7878//7878 7924//7924
f 7708//7708 7711//7711 7905//7905
f 7708//7708 7905//7905 7909//7909
f 8120//8120 8127//8127 8128//8128
f 8120//8120 8128//8128 8121//8121
f 7902//7902 7901//7901 7904//7904
f 7902//7902 7904//7904 7903//7903
f 7901//7901 8058//8058 8059//8059
f 7901//7901 8059//8059 7904//7904
f 7696//7696 7698//7698 7880//7880
f 7696//7696 7880//7880 7888//7888
f 7693//7693 8129//8129 8130//8130
f 7693//7693 8130//8130 7694//7694
f 7877//7877 7876//7876 7879//7879
f 7877//7877 7879//7879 7878//7878
f 8131//8131 7645//7645 7648//7648
f 8131//8131 7648//7648 8132//8132
f 8133//8133 8134//8134 8135//8135
f 8133//8133 8135//8135 8136//8136
f 8137//8137 7717//7717 8138//8138
f 8137//8137 8138//8138 8139//8139
f 8140//8140 8141//8141 8142//8142
f 8140//8140 8142//8142 8143//8143
f 7765//7765 8144//8144 8145//8145
f 7765//7765 8145//8145 8146//8146
f 7666//7666 8147//8147 8148//8148
f 7666//7666 8148//8148 7667//7667
f 8149//8149 8150//8150 8151//8151
f 8149//8149 8151//8151 8152//8152
f 7393//7393 7392//7392 8061//8061
f 7393//7393 8061//8061 8060//8060
f 7439//7439 7438//7438 8057//8057
f 7439//7439 8057//8057 8056//8056
f 7576//7576 7575//7575 8055//8055
f 7576//7576 8055//8055 8054//8054
f 7588//7588 7587//7587 8053//8053
f 7588//7588 8053//8053 8052//8052
f 7385//7385 7384//7384 8049//8049
f 7385//7385 8049//8049 8048//8048
f 7389//7389 7388//7388 8043//8043
f 7389//7389 8043//8043 8042//8042
f 8153//8153 8092//8092 8095//8095
f 8153//8153 8095//8095 8154//8154
f 8035//8035 8034//8034 8037//8037
f 8035//8035 8037//8037 8036//8036
f 8029//8029 8023//8023 8031//8031
f 8029//8029 8031//8031 8030//8030
f 8147//8147 8155//8155 8156//8156
f 8147//8147 8156//8156 8148//8148
f 7459//7459 7462//7462 8015//8015
f 7459//7459 8015//8015 8014//8014
f 8157//8157 8158//8158 8159//8159
f 8157//8157 8159//8159 8160//8160
f 8003//8003 7997//7997 8005//8005
f 8003//8003 8005//8005 8004//8004
f 7631//7631 8161//8161 8162//8162
f 7631//7631 8162//8162 7632//7632
f 7467//7467 7470//7470 7989//7989
f 7467//7467 7989//7989 7988//7988
f 7669//7669 7637//7637 8163//8163
f 7669//7669 8163//8163 8164//8164
f 8165//8165 8166//8166 8167//8167
f 8165//8165 8167//8167 8168//8168
f 7569//7569 7572//7572 7973//7973
f 7569//7569 7973//7973 7972//7972
f 8169//8169 8170//8170 8171//8171
f 8169//8169 8171//8171 8172//8172
f 7581//7581 7584//7584 7959//7959
f 7581//7581 7959//7959 7958//7958
f 8173//8173 7649//7649 8174//8174
f 8173//8173 8174//8174 8175//8175
f 7949//7949 7948//7948 7951//7951
f 7949//7949 7951//7951 7950//7950
f 8176//8176 8177//8177 8178//8178
f 8176//8176 8178//8178 8179//8179
f 7593//7593 7596//7596 7935//7935
f 7593//7593 7935//7935 7934//7934
f 7594//7594 8131//8131 8132//8132
f 7594//7594 8132//8132 8180//8180
f 7928//7928 7927//7927 7930//7930
f 7928//7928 7930//7930 7929//7929
f 7778//7778 7781//7781 7920//7920
f 7778//7778 7920//7920 7919//7919
f 8181//8181 8182//8182 8183//8183
f 8181//8181 8183//8183 8184//8184
f 7910//7910 7906//7906 7912//7912
f 7910//7910 7912//7912 7911//7911
f 8185//8185 7998//7998 8001//8001
f 8185//8185 8001//8001 8186//8186
f 7599//7599 7602//7602 7900//7900
f 7599//7599 7900//7900 7899//7899
f 8144//8144 7677//7677 7678//7678
f 8144//8144 7678//7678 8145//8145
f 7889//7889 7883//7883 7891//7891
f 7889//7889 7891//7891 7890//7890
f 7608//7608 8187//8187 8188//8188
f 7608//7608 8188//8188 7609//7609
f 7871//7871 7870//7870 7875//7875
f 7871//7871 7875//7875 7874//7874
f 8189//8189 8190//8190 8191//8191
f 8189//8189 8191//8191 8192//8192
f 8193//8193 8194//8194 8195//8195
f 8193//8193 8195//8195 8196//8196
f 8197//8197 8198//8198 8199//8199
f 8197//8197 8199//8199 8200//8200
f 8201//8201 8202//8202 8203//8203
f 8201//8201 8203//8203 8204//8204
f 8205//8205 8206//8206 8207//8207
f 8205//8205 8207//8207 8208//8208
f 8209//8209 8210//8210 8211//8211
f 8209//8209 8211//8211 8212//8212
f 8213//8213 8214//8214 8215//8215
f 8213//8213 8215//8215 8216//8216
f 8217//8217 8218//8218 8219//8219
f 8217//8217 8219//8219 8220//8220
f 8221//8221 8222//8222 8223//8223
f 8221//8221 8223//8223 8224//8224
f 8225//8225 8226//8226 8227//8227
f 8225//8225 8227//8227 8228//8228
f 8229//8229 8230//8230 8231//8231
f 8229//8229 8231//8231 8232//8232
f 8233//8233 8234//8234 8235//8235
f 8233//8233 8235//8235 8236//8236
f 8237//8237 8238//8238 8239//8239
f 8237//8237 8239//8239 8240//8240
f 8241//8241 8242//8242 8243//8243
f 8241//8241 8243//8243 8244//8244
f 8245//8245 8246//8246 8247//8247
f 8245//8245 8247//8247 8248//8248
f 8249//8249 8250//8250 8251//8251
f 8249//8249 8251//8251 8252//8252
f 8253//8253 8254//8254 8255//8255
f 8253//8253 8255//8255 8256//8256
f 8257//8257 8258//8258 8259//8259
f 8257//8257 8259//8259 8260//8260
f 8261//8261 8262//8262 8263//8263
f 8261//8261 8263//8263 8264//8264
f 8265//8265 8266//8266 8267//8267
f 8265//8265 8267//8267 8268//8268
f 8269//8269 8270//8270 8271//8271
f 8269//8269 8271//8271 8272//8272
f 8273//8273 8274//8274 8275//8275
f 8273//8273 8275//8275 8276//8276
f 8277//8277 8278//8278 8279//8279
f 8277//8277 8279//8279 8280//8280
f 8281//8281 8282//8282 8283//8283
f 8281//8281 8283//8283 8284//8284
f 8285//8285 8286//8286 8287//8287
f 8285//8285 8287//8287 8288//8288
f 8289//8289 8290//8290 8291//8291
f 8289//8289 8291//8291 8292//8292
f 8293//8293 8294//8294 8295//8295
f 8293//8293 8295//8295 8296//8296
f 8297//8297 8298//8298 8299//8299
f 8297//8297 8299//8299 8300//8300
f 8301//8301 8302//8302 8303//8303
f 8301//8301 8303//8303 8304//8304
f 8305//8305 8306//8306 8307//8307
f 8305//8305 8307//8307 8308//8308
f 8309//8309 8310//8310 8311//8311
f 8309//8309 8311//8311 8312//8312
f 8313//8313 8314//8314 8315//8315
f 8313//8313 8315//8315 8316//8316
f 8317//8317 8318//8318 8319//8319
f 8317//8317 8319//8319 8320//8320
f 8321//8321 8322//8322 8323//8323
f 8321//8321 8323//8323 8324//8324
f 8325//8325 8326//8326 8327//8327
f 8325//8325 8327//8327 8328//8328
f 8329//8329 8330//8330 8331//8331
f 8329//8329 8331//8331 8332//8332
f 8333//8333 8334//8334 8335//8335
f 8333//8333 8335//8335 8336//8336
f 8337//8337 8338//8338 8339//8339
f 8337//8337 8339//8339 8340//8340
f 8341//8341 8342//8342 8343//8343
f 8341//8341 8343//8343 8344//8344
f 8345//8345 8346//8346 8347//8347
f 8345//8345 8347//8347 8348//8348
f 8349//8349 8350//8350 8351//8351
f 8349//8349 8351//8351 8352//8352
f 8353//8353 8354//8354 8299//8299
f 8353//8353 8299//8299 8298//8298
f 8355//8355 8356//8356 8357//8357
f 8355//8355 8357//8357 8358//8358
f 8359//8359 8360//8360 8295//8295
f 8359//8359 8295//8295 8294//8294
f 8361//8361 8362//8362 8291//8291
f 8361//8361 8291//8291 8290//8290
f 8363//8363 8364//8364 8365//8365
f 8363//8363 8365//8365 8366//8366
f 8367//8367 8368//8368 8287//8287
f 8367//8367 8287//8287 8286//8286
f 8369//8369 8370//8370 8231//8231
f 8369//8369 8231//8231 8230//8230
f 8371//8371 8372//8372 8373//8373
f 8371//8371 8373//8373 8374//8374
f 8375//8375 8376//8376 8283//8283
f 8375//8375 8283//8283 8282//8282
f 8377//8377 8378//8378 8227//8227
f 8377//8377 8227//8227 8226//8226
f 8379//8379 8380//8380 8381//8381
f 8379//8379 8381//8381 8382//8382
f 8383//8383 8384//8384 8279//8279
f 8383//8383 8279//8279 8278//8278
f 8385//8385 8386//8386 8387//8387
f 8385//8385 8387//8387 8388//8388
f 8389//8389 8390//8390 8275//8275
f 8389//8389 8275//8275 8274//8274
f 8391//8391 8392//8392 8393//8393
f 8391//8391 8393//8393 8394//8394
f 8395//8395 8396//8396 8271//8271
f 8395//8395 8271//8271 8270//8270
f 8397//8397 8398//8398 8267//8267
f 8397//8397 8267//8267 8266//8266
f 8399//8399 8400//8400 8401//8401
f 8399//8399 8401//8401 8402//8402
f 8403//8403 8404//8404 8263//8263
f 8403//8403 8263//8263 8262//8262
f 8405//8405 8406//8406 8259//8259
f 8405//8405 8259//8259 8258//8258
f 8407//8407 8408//8408 8409//8409
f 8407//8407 8409//8409 8410//8410
f 8411//8411 8412//8412 8413//8413
f 8411//8411 8413//8413 8414//8414
f 8415//8415 8416//8416 8224//8224
f 8415//8415 8224//8224 8223//8223
f 8417//8417 8418//8418 8419//8419
f 8417//8417 8419//8419 8420//8420
f 8421//8421 8422//8422 8220//8220
f 8421//8421 8220//8220 8219//8219
f 8423//8423 8424//8424 8425//8425
f 8423//8423 8425//8425 8426//8426
f 8427//8427 8428//8428 8216//8216
f 8427//8427 8216//8216 8215//8215
f 8429//8429 8430//8430 8431//8431
f 8429//8429 8431//8431 8432//8432
f 8433//8433 8434//8434 8204//8204
f 8433//8433 8204//8204 8203//8203
f 8435//8435 8436//8436 8437//8437
f 8435//8435 8437//8437 8438//8438
f 8439//8439 8440//8440 8200//8200
f 8439//8439 8200//8200 8199//8199
f 8441//8441 8442//8442 8443//8443
f 8441//8441 8443//8443 8444//8444
f 8445//8445 8446//8446 8196//8196
f 8445//8445 8196//8196 8195//8195
f 8447//8447 8448//8448 8449//8449
f 8447//8447 8449//8449 8450//8450
f 8451//8451 8452//8452 8192//8192
f 8451//8451 8192//8192 8191//8191
f 8453//8453 8410//8410 8409//8409
f 8453//8453 8409//8409 8454//8454
f 8241//8241 8244//8244 8455//8455
f 8241//8241 8455//8455 8456//8456
f 8333//8333 8336//8336 8457//8457
f 8333//8333 8457//8457 8458//8458
f 8329//8329 8332//8332 8459//8459
f 8329//8329 8459//8459 8460//8460
f 8317//8317 8320//8320 8461//8461
f 8317//8317 8461//8461 8462//8462
f 8309//8309 8312//8312 8463//8463
f 8309//8309 8463//8463 8464//8464
f 8305//8305 8308//8308 8465//8465
f 8305//8305 8465//8465 8466//8466
f 8301//8301 8304//8304 8467//8467
f 8301//8301 8467//8467 8468//8468
f 8326//8326 8325//8325 8448//8448
f 8326//8326 8448//8448 8447//8447
f 8322//8322 8321//8321 8442//8442
f 8322//8322 8442//8442 8441//8441
f 8314//8314 8313//8313 8436//8436
f 8314//8314 8436//8436 8435//8435
f 8206//8206 8205//8205 8430//8430
f 8206//8206 8430//8430 8429//8429
f 8346//8346 8345//8345 8424//8424
f 8346//8346 8424//8424 8423//8423
f 8342//8342 8341//8341 8418//8418
f 8342//8342 8418//8418 8417//8417
f 8338//8338 8337//8337 8412//8412
f 8338//8338 8412//8412 8411//8411
f 8469//8469 8470//8470 8408//8408
f 8469//8469 8408//8408 8407//8407
f 8471//8471 8472//8472 8406//8406
f 8471//8471 8406//8406 8405//8405
f 8245//8245 8248//8248 8400//8400
f 8245//8245 8400//8400 8399//8399
f 8473//8473 8474//8474 8398//8398
f 8473//8473 8398//8398 8397//8397
f 8249//8249 8252//8252 8392//8392
f 8249//8249 8392//8392 8391//8391
f 8253//8253 8256//8256 8386//8386
f 8253//8253 8386//8386 8385//8385
f 8237//8237 8240//8240 8380//8380
f 8237//8237 8380//8380 8379//8379
f 8475//8475 8476//8476 8378//8378
f 8475//8475 8378//8378 8377//8377
f 8349//8349 8352//8352 8372//8372
f 8349//8349 8372//8372 8371//8371
f 8477//8477 8478//8478 8370//8370
f 8477//8477 8370//8370 8369//8369
f 8233//8233 8236//8236 8364//8364
f 8233//8233 8364//8364 8363//8363
f 8479//8479 8480//8480 8362//8362
f 8479//8479 8362//8362 8361//8361
f 8209//8209 8212//8212 8356//8356
f 8209//8209 8356//8356 8355//8355
f 8481//8481 8482//8482 8354//8354
f 8481//8481 8354//8354 8353//8353
f 7955//7955 8483//8483 8484//8484
f 7955//7955 8484//8484 7956//7956
f 8485//8485 8486//8486 8487//8487
f 8485//8485 8487//8487 8488//8488
f 7560//7560 8489//8489 8490//8490
f 7560//7560 8490//8490 7561//7561
f 8491//8491 8492//8492 8493//8493
f 8491//8491 8493//8493 8494//8494
f 8495//8495 7400//7400 7403//7403
f 8495//8495 7403//7403 8496//8496
f 8497//8497 8498//8498 8499//8499
f 8497//8497 8499//8499 8500//8500
f 7476//7476 7386//7386 8501//8501
f 7476//7476 8501//8501 8502//8502
f 8503//8503 8504//8504 8505//8505
f 8503//8503 8505//8505 8506//8506
f 8507//8507 7704//7704 7707//7707
f 8507//8507 7707//7707 8508//8508
f 7893//7893 8509//8509 8510//8510
f 7893//7893 8510//8510 7894//7894
f 8511//8511 8512//8512 8513//8513
f 8511//8511 8513//8513 8514//8514
f 8515//8515 8516//8516 8517//8517
f 8515//8515 8517//8517 8518//8518
f 8089//8089 8519//8519 8520//8520
f 8089//8089 8520//8520 8090//8090
f 8073//8073 8024//8024 8027//8027
f 8073//8073 8027//8027 8074//8074
f 7578//7578 7548//7548 8521//8521
f 7578//7578 8521//8521 8522//8522
f 8523//8523 8524//8524 8525//8525
f 8523//8523 8525//8525 8526//8526
f 8527//8527 8102//8102 8104//8104
f 8527//8527 8104//8104 8528//8528
f 7386//7386 8529//8529 8530//8530
f 7386//7386 8530//8530 8501//8501
f 8531//8531 8532//8532 8533//8533
f 8531//8531 8533//8533 8534//8534
f 8486//8486 8535//8535 8536//8536
f 8486//8486 8536//8536 8487//8487
f 8537//8537 8006//8006 8009//8009
f 8537//8537 8009//8009 8538//8538
f 8539//8539 8540//8540 8541//8541
f 8539//8539 8541//8541 8542//8542
f 7461//7461 7390//7390 8543//8543
f 7461//7461 8543//8543 8544//8544
f 8545//8545 8546//8546 8547//8547
f 8545//8545 8547//8547 8548//8548
f 8549//8549 8137//8137 8139//8139
f 8549//8549 8139//8139 8550//8550
f 8551//8551 8552//8552 8553//8553
f 8551//8551 8553//8553 8554//8554
f 8555//8555 8556//8556 8557//8557
f 8555//8555 8557//8557 8558//8558
f 7404//7404 8559//8559 8560//8560
f 7404//7404 8560//8560 7405//7405
f 8141//8141 7759//7759 8101//8101
f 8141//8141 8101//8101 8142//8142
f 7590//7590 7558//7558 8561//8561
f 7590//7590 8561//8561 8562//8562
f 8563//8563 7660//7660 7663//7663
f 8563//8563 7663//7663 8564//8564
f 8565//8565 8173//8173 8175//8175
f 8565//8565 8175//8175 8566//8566
f 8011//8011 8567//8567 8568//8568
f 8011//8011 8568//8568 8012//8012
f 7634//7634 7758//7758 8569//8569
f 7634//7634 8569//8569 8570//8570
f 8571//8571 8572//8572 8573//8573
f 8571//8571 8573//8573 8574//8574
f 8575//8575 8576//8576 8577//8577
f 8575//8575 8577//8577 8578//8578
f 8535//8535 8579//8579 8580//8580
f 8535//8535 8580//8580 8536//8536
f 7469//7469 7394//7394 8581//8581
f 7469//7469 8581//8581 8582//8582
f 8583//8583 8584//8584 8585//8585
f 8583//8583 8585//8585 8586//8586
f 8492//8492 8587//8587 8588//8588
f 8492//8492 8588//8588 8493//8493
f 8589//8589 8590//8590 8591//8591
f 8589//8589 8591//8591 8592//8592
f 8593//8593 7727//7727 7728//7728
f 8593//8593 7728//7728 8594//8594
f 7688//7688 7659//7659 8595//8595
f 7688//7688 8595//8595 8066//8066
f 7479//7479 8157//8157 8160//8160
f 7479//7479 8160//8160 8596//8596
f 7387//7387 7570//7570 8597//8597
f 7387//7387 8597//8597 8598//8598
f 8599//8599 8600//8600 8601//8601
f 8599//8599 8601//8601 8602//8602
f 8603//8603 7756//7756 8604//8604
f 8603//8603 8604//8604 8605//8605
f 8170//8170 8539//8539 8542//8542
f 8170//8170 8542//8542 8171//8171
f 8504//8504 8606//8606 8607//8607
f 8504//8504 8607//8607 8505//8505
f 8608//8608 8609//8609 8610//8610
f 8608//8608 8610//8610 8611//8611
f 8600//8600 8612//8612 8613//8613
f 8600//8600 8613//8613 8601//8601
f 7391//7391 7582//7582 8614//8614
f 7391//7391 8614//8614 8615//8615
f 8158//8158 7615//7615 7618//7618
f 8158//8158 7618//7618 8159//8159
f 8606//8606 8616//8616 8617//8617
f 8606//8606 8617//8617 8607//8607
f 8618//8618 8619//8619 8620//8620
f 8618//8618 8620//8620 8621//8621
f 8622//8622 8623//8623 8624//8624
f 8622//8622 8624//8624 8625//8625
f 8529//8529 8119//8119 8122//8122
f 8529//8529 8122//8122 8530//8530
f 8626//8626 8627//8627 8628//8628
f 8626//8626 8628//8628 8629//8629
f 7985//7985 8618//8618 8621//8621
f 7985//7985 8621//8621 7986//7986
f 7548//7548 8575//8575 8578//8578
f 7548//7548 8578//8578 8521//8521
f 7766//7766 7577//7577 8630//8630
f 7766//7766 8630//8630 8631//8631
f 8632//8632 8633//8633 8634//8634
f 8632//8632 8634//8634 8635//8635
f 7979//7979 7884//7884 7887//7887
f 7979//7979 7887//7887 7980//7980
f 8636//8636 7752//7752 8637//8637
f 8636//8636 8637//8637 8638//8638
f 8639//8639 8640//8640 8641//8641
f 8639//8639 8641//8641 8642//8642
f 8643//8643 8644//8644 8645//8645
f 8643//8643 8645//8645 8646//8646
f 7395//7395 7594//7594 8180//8180
f 7395//7395 8180//8180 8647//8647
f 8648//8648 8507//8507 8508//8508
f 8648//8648 8508//8508 8649//8649
f 8650//8650 8651//8651 8652//8652
f 8650//8650 8652//8652 8653//8653
f 8077//8077 8654//8654 8655//8655
f 8077//8077 8655//8655 8078//8078
f 8656//8656 8657//8657 8658//8658
f 8656//8656 8658//8658 8659//8659
f 7577//7577 7551//7551 7554//7554
f 7577//7577 7554//7554 8630//8630
f 7762//7762 7589//7589 8660//8660
f 7762//7762 8660//8660 8661//8661
f 8552//8552 8662//8662 8663//8663
f 8552//8552 8663//8663 8553//8553
f 7775//7775 7452//7452 7773//7773
f 7775//7775 7773//7773 7776//7776
f 8664//8664 8665//8665 8666//8666
f 8664//8664 8666//8666 8667//8667
f 8668//8668 7964//7964 7967//7967
f 8668//8668 7967//7967 8669//8669
f 7752//7752 7451//7451 8670//8670
f 7752//7752 8670//8670 8637//8637
f 7460//7460 8671//8671 8672//8672
f 7460//7460 8672//8672 8673//8673
f 8674//8674 8675//8675 8676//8676
f 8674//8674 8676//8676 8677//8677
f 7780//7780 7872//7872 8075//8075
f 7780//7780 8075//8075 8678//8678
f 8679//8679 8680//8680 8681//8681
f 8679//8679 8681//8681 8682//8682
f 8683//8683 8684//8684 8685//8685
f 8683//8683 8685//8685 8686//8686
f 7943//7943 7968//7968 7971//7971
f 7943//7943 7971//7971 7944//7944
f 7446//7446 7672//7672 8687//8687
f 7446//7446 8687//8687 7897//7897
f 8688//8688 7611//7611 8689//8689
f 8688//8688 8689//8689 8690//8690
f 8691//8691 8692//8692 8693//8693
f 8691//8691 8693//8693 8694//8694
f 7873//7873 7715//7715 7987//7987
f 7873//7873 7987//7987 8695//8695
f 8696//8696 8697//8697 8698//8698
f 8696//8696 8698//8698 8699//8699
f 7914//7914 8700//8700 8701//8701
f 7914//7914 8701//8701 7915//7915
f 8532//8532 8702//8702 8703//8703
f 8532//8532 8703//8703 8533//8533
f 8704//8704 8705//8705 8706//8706
f 8704//8704 8706//8706 8707//8707
f 8700//8700 8708//8708 8709//8709
f 8700//8700 8709//8709 8701//8701
f 8710//8710 8711//8711 8712//8712
f 8710//8710 8712//8712 8713//8713
f 7601//7601 7440//7440 7933//7933
f 7601//7601 7933//7933 8714//8714
f 8512//8512 8704//8704 8707//8707
f 8512//8512 8707//8707 8513//8513
f 8692//8692 8715//8715 8716//8716
f 8692//8692 8716//8716 8693//8693
f 7656//7656 7697//7697 8717//8717
f 7656//7656 8717//8717 8103//8103
f 7390//7390 8555//8555 8558//8558
f 7390//7390 8558//8558 8543//8543
f 8524//8524 8718//8718 8719//8719
f 8524//8524 8719//8719 8525//8525
f 8720//8720 7896//7896 7898//7898
f 8720//8720 7898//7898 8721//8721
f 8722//8722 7481//7481 7918//7918
f 8722//8722 7918//7918 8723//8723
f 7441//7441 7702//7702 7740//7740
f 7441//7441 7740//7740 8724//8724
f 8725//8725 8688//8688 8690//8690
f 8725//8725 8690//8690 8726//8726
f 7549//7549 8727//8727 8728//8728
f 7549//7549 8728//8728 7550//7550
f 8711//8711 8729//8729 8730//8730
f 8711//8711 8730//8730 8712//8712
f 8731//8731 7892//7892 7895//7895
f 8731//8731 7895//7895 8732//8732
f 8733//8733 8639//8639 8642//8642
f 8733//8733 8642//8642 8734//8734
f 8657//8657 8735//8735 8736//8736
f 8657//8657 8736//8736 8658//8658
f 7558//7558 8511//8511 8514//8514
f 7558//7558 8514//8514 8561//8561
f 8680//8680 7743//7743 8737//8737
f 8680//8680 8737//8737 8681//8681
f 7699//7699 7779//7779 8115//8115
f 7699//7699 8115//8115 8738//8738
f 8739//8739 8531//8531 8534//8534
f 8739//8739 8534//8534 8740//8740
f 7623//7623 7709//7709 8741//8741
f 7623//7623 8741//8741 8742//8742
f 7640//7640 7480//7480 8743//8743
f 7640//7640 8743//8743 8744//8744
f 8718//8718 8745//8745 8746//8746
f 8718//8718 8746//8746 8719//8719
f 8747//8747 8603//8603 8605//8605
f 8747//8747 8605//8605 8748//8748
f 8749//8749 8696//8696 8699//8699
f 8749//8749 8699//8699 8750//8750
f 8546//8546 8674//8674 8677//8677
f 8546//8546 8677//8677 8547//8547
f 8751//8751 7982//7982 7984//7984
f 8751//8751 7984//7984 8752//8752
f 7589//7589 7665//7665 7668//7668
f 7589//7589 7668//7668 8660//8660
f 8753//8753 8754//8754 8755//8755
f 8753//8753 8755//8755 8756//8756
f 8177//8177 7456//7456 7486//7486
f 8177//8177 7486//7486 8178//8178
f 7712//7712 7468//7468 8757//8757
f 7712//7712 8757//8757 8758//8758
f 8556//8556 8759//8759 8760//8760
f 8556//8556 8760//8760 8557//8557
f 8761//8761 8762//8762 8763//8763
f 8761//8761 8763//8763 8764//8764
f 8765//8765 8766//8766 8767//8767
f 8765//8765 8767//8767 8768//8768
f 7468//7468 8648//8648 8649//8649
f 7468//7468 8649//8649 8757//8757
f 8759//8759 8769//8769 8770//8770
f 8759//8759 8770//8770 8760//8760
f 8771//8771 8772//8772 8773//8773
f 8771//8771 8773//8773 8774//8774
f 7783//7783 8765//8765 8768//8768
f 7783//7783 8768//8768 7784//7784
f 8587//8587 8775//8775 8776//8776
f 8587//8587 8776//8776 8588//8588
f 8777//8777 8778//8778 8779//8779
f 8777//8777 8779//8779 8780//8780
f 7717//7717 7652//7652 8781//8781
f 7717//7717 8781//8781 8138//8138
f 8684//8684 7623//7623 8742//8742
f 8684//8684 8742//8742 8685//8685
f 8782//8782 8722//8722 8723//8723
f 8782//8782 8723//8723 8783//8783
f 8784//8784 8785//8785 8786//8786
f 8784//8784 8786//8786 8787//8787
f 8788//8788 8789//8789 8790//8790
f 8788//8788 8790//8790 8791//8791
f 8792//8792 8664//8664 8667//8667
f 8792//8792 8667//8667 8793//8793
f 7595//7595 7765//7765 8146//8146
f 7595//7595 8146//8146 8794//8794
f 8795//8795 8796//8796 8797//8797
f 8795//8795 8797//8797 8798//8798
f 7747//7747 8799//8799 8800//8800
f 7747//7747 8800//8800 7748//7748
f 8671//8671 8563//8563 8564//8564
f 8671//8671 8564//8564 8672//8672
f 8801//8801 8802//8802 8803//8803
f 8801//8801 8803//8803 8804//8804
f 8805//8805 8788//8788 8791//8791
f 8805//8805 8791//8791 8806//8806
f 8807//8807 7746//7746 7749//7749
f 8807//8807 7749//7749 8808//8808
f 7394//7394 8503//8503 8506//8506
f 7394//7394 8506//8506 8581//8581
f 8633//8633 7443//7443 7622//7622
f 8633//8633 7622//7622 8634//8634
f 7555//7555 7460//7460 8673//8673
f 7555//7555 8673//8673 8809//8809
f 7732//7732 8105//8105 8108//8108
f 7732//7732 8108//8108 7733//7733
f 7611//7611 7742//7742 8810//8810
f 7611//7611 8810//8810 8689//8689
f 7743//7743 7455//7455 8811//8811
f 7743//7743 8811//8811 8737//8737
f 8080//8080 8812//8812 8813//8813
f 8080//8080 8813//8813 8081//8081
f 8814//8814 8589//8589 8592//8592
f 8814//8814 8592//8592 8815//8815
f 8816//8816 8636//8636 8638//8638
f 8816//8816 8638//8638 8817//8817
f 8025//8025 8818//8818 8819//8819
f 8025//8025 8819//8819 8026//8026
f 7570//7570 7396//7396 7399//7399
f 7570//7570 7399//7399 8597//8597
f 7583//7583 7769//7769 8820//8820
f 7583//7583 8820//8820 8821//8821
f 8651//8651 7634//7634 8570//8570
f 8651//8651 8570//8570 8652//8652
f 8822//8822 8823//8823 8824//8824
f 8822//8822 8824//8824 8825//8825
f 7401//7401 8826//8826 8827//8827
f 7401//7401 8827//8827 7402//7402
f 8828//8828 8829//8829 8830//8830
f 8828//8828 8830//8830 8831//8831
f 8113//8113 7721//7721 7722//7722
f 8113//8113 7722//7722 8114//8114
f 8832//8832 8515//8515 8518//8518
f 8832//8832 8518//8518 8833//8833
f 8576//8576 8828//8828 8831//8831
f 8576//8576 8831//8831 8577//8577
f 7725//7725 7643//7643 8834//8834
f 7725//7725 8834//8834 8835//8835
f 7600//7600 8731//8731 8732//8732
f 7600//7600 8732//8732 8836//8836
f 8584//8584 8643//8643 8646//8646
f 8584//8584 8646//8646 8585//8585
f 8837//8837 8838//8838 8839//8839
f 8837//8837 8839//8839 8840//8840
f 7545//7545 7479//7479 8596//8596
f 7545//7545 8596//8596 8841//8841
f 8498//8498 7669//7669 8164//8164
f 8498//8498 8164//8164 8499//8499
f 7582//7582 7673//7673 7674//7674
f 7582//7582 7674//7674 8614//8614
f 8623//8623 8842//8842 8843//8843
f 8623//8623 8843//8843 8624//8624
f 8844//8844 8845//8845 8846//8846
f 8844//8844 8846//8846 8847//8847
f 8627//8627 7640//7640 8744//8744
f 8627//8627 8744//8744 8628//8628
f 8124//8124 8848//8848 8849//8849
f 8124//8124 8849//8849 8125//8125
f 7435//7435 8850//8850 8851//8851
f 7435//7435 8851//8851 7436//7436
f 8852//8852 8853//8853 8854//8854
f 8852//8852 8854//8854 8855//8855
f 8856//8856 7563//7563 7566//7566
f 8856//8856 7566//7566 8857//8857
f 7571//7571 7600//7600 8836//8836
f 7571//7571 8836//8836 8858//8858
f 8859//8859 8599//8599 8602//8602
f 8859//8859 8602//8602 8860//8860
f 7756//7756 7751//7751 8861//8861
f 7756//7756 8861//8861 8604//8604
f 7649//7649 7442//7442 8862//8862
f 7649//7649 8862//8862 8174//8174
f 7769//7769 7907//7907 7908//7908
f 7769//7769 7908//7908 8820//8820
f 8863//8863 8864//8864 8865//8865
f 8863//8863 8865//8865 8866//8866
f 8609//8609 7725//7725 8835//8835
f 8609//8609 8835//8835 8610//8610
f 8572//8572 8867//8867 8868//8868
f 8572//8572 8868//8868 8573//8573
f 8869//8869 8870//8870 8871//8871
f 8869//8869 8871//8871 8872//8872
f 8873//8873 7692//7692 7695//7695
f 8873//8873 7695//7695 8874//8874
f 7475//7475 7473//7473 7474//7474
f 7473//7473 7475//7475 7472//7472
f 7472//7472 7475//7475 7471//7471
f 7494//7494 7492//7492 7493//7493
f 7492//7492 7494//7494 7491//7491
f 7491//7491 7494//7494 7495//7495
f 7498//7498 7496//7496 7497//7497
f 7496//7496 7498//7498 7499//7499
f 7496//7496 7499//7499 7500//7500
f 7503//7503 7501//7501 7502//7502
f 7501//7501 7503//7503 7504//7504
f 7501//7501 7504//7504 7505//7505
f 7507//7507 7510//7510 7506//7506
f 7510//7510 7507//7507 7509//7509
f 7509//7509 7507//7507 7508//7508
f 7512//7512 7515//7515 7511//7511
f 7515//7515 7512//7512 7514//7514
f 7514//7514 7512//7512 7513//7513
f 7516//7516 7519//7519 7520//7520
f 7519//7519 7516//7516 7517//7517
f 7519//7519 7517//7517 7518//7518
f 7522//7522 7475//7475 7521//7521
f 7475//7475 7522//7522 7492//7492
f 7475//7475 7492//7492 7471//7471
f 7500//7500 7502//7502 7496//7496
f 7502//7502 7500//7500 7523//7523
f 7502//7502 7523//7523 7432//7432
f 7506//7506 7424//7424 7512//7512
f 7424//7424 7506//7506 7510//7510
f 7424//7424 7510//7510 7524//7524
f 7516//7516 7526//7526 7472//7472
f 7526//7526 7516//7516 7525//7525
f 7525//7525 7516//7516 7520//7520
f 7527//7527 7491//7491 7495//7495
f 7491//7491 7527//7527 7528//7528
f 7491//7491 7528//7528 7497//7497
f 7505//7505 7507//7507 7501//7501
f 7507//7507 7505//7505 7529//7529
f 7507//7507 7529//7529 7530//7530
f 7511//7511 7532//7532 7517//7517
f 7532//7532 7511//7511 7531//7531
f 7531//7531 7511//7511 7515//7515
f 7702//7702 7779//7779 7699//7699
f 7779//7779 7702//7702 7780//7780
f 7780//7780 7702//7702 7441//7441
f 7780//7780 7441//7441 7872//7872
f 7872//7872 7441//7441 7440//7440
f 7872//7872 7440//7440 7873//7873
f 7873//7873 7440//7440 7601//7601
f 7873//7873 7601//7601 7715//7715
f 7715//7715 7601//7601 7600//7600
f 7715//7715 7600//7600 7712//7712
f 7712//7712 7600//7600 7571//7571
f 7712//7712 7571//7571 7468//7468
f 7468//7468 7571//7571 7570//7570
f 7468//7468 7570//7570 7469//7469
f 7469//7469 7570//7570 7387//7387
f 7469//7469 7387//7387 7394//7394
f 7394//7394 7387//7387 7386//7386
f 7394//7394 7386//7386 7395//7395
f 7395//7395 7386//7386 7476//7476
f 7395//7395 7476//7476 7594//7594
f 7594//7594 7476//7476 7479//7479
f 7594//7594 7479//7479 7595//7595
f 7595//7595 7479//7479 7545//7545
f 7595//7595 7545//7545 7765//7765
f 7765//7765 7545//7545 7548//7548
f 7765//7765 7548//7548 7762//7762
f 7762//7762 7548//7548 7578//7578
f 7762//7762 7578//7578 7589//7589
f 7589//7589 7578//7578 7577//7577
f 7589//7589 7577//7577 7590//7590
f 7590//7590 7577//7577 7766//7766
f 7590//7590 7766//7766 7558//7558
f 7558//7558 7766//7766 7769//7769
f 7558//7558 7769//7769 7555//7555
f 7555//7555 7769//7769 7583//7583
f 7555//7555 7583//7583 7460//7460
f 7460//7460 7583//7583 7582//7582
f 7460//7460 7582//7582 7461//7461
f 7461//7461 7582//7582 7391//7391
f 7461//7461 7391//7391 7390//7390
#1454 polygons

g Object_21

#
# object Object_21
#

v -52.117195 48.065666 -98.31583
v -52.117195 48.05762 -99.53141
v -52.117195 48.04958 -100.74701
v -52.117195 47.094177 -101.49863
v -52.117195 46.138775 -102.25024
v -52.117195 44.955456 -101.97191
v -52.117195 43.77213 -101.69356
v -52.117195 43.251953 -100.594864
v -52.117195 42.731777 -99.49617
v -52.117195 43.26645 -98.40445
v -52.117195 43.801117 -97.312744
v -52.117195 44.98802 -97.05008
v -52.117195 46.174923 -96.78743
v -52.117195 47.120296 -97.55163
v -49.198532 51.184784 -92.52354
v -49.198532 47.818012 -89.80199
v -55.01511 49.561108 -82.39136
v -55.01511 55.496666 -87.1894
v -49.198532 54.52291 -99.574196
v -49.198532 54.551556 -95.24509
v -55.01511 61.43222 -91.98745
v -55.015114 61.381718 -99.61958
v -49.198536 51.09177 -106.580055
v -49.198536 54.494263 -103.903305
v -55.015114 61.331215 -107.25172
v -55.015114 55.33268 -111.970795
v -49.198532 43.475082 -108.265564
v -49.198536 47.689278 -109.25681
v -55.015114 49.33415 -116.689865
v -55.015114 41.904602 -114.94232
v -49.198532 37.40837 -103.3615
v -49.198532 39.26089 -107.274315
v -55.015114 34.47506 -113.19477
v -55.01511 31.2091 -106.29655
v -49.198532 37.459988 -95.56073
v -49.198532 35.55585 -99.448685
v -55.01511 27.943146 -99.39832
v -55.01511 31.300102 -92.54391
v -49.198532 43.591072 -90.73738
v -49.198532 39.364124 -91.672775
v -55.01511 34.657066 -85.689514
v -55.01511 42.109085 -84.04043
v -54.509 48.347317 -96.033714
v -54.509 46.67095 -94.67861
v -49.198532 47.818012 -89.80199
v -49.198532 51.184784 -92.52354
v -54.509003 50.00942 -99.54433
v -54.509003 50.02368 -97.3888
v -49.198532 54.551556 -95.24509
v -49.198532 54.52291 -99.574196
v -54.509003 48.301006 -103.03265
v -54.509003 49.995155 -101.69985
v -49.198536 54.494263 -103.903305
v -49.198536 51.09177 -106.580055
v -54.509003 44.508545 -103.87189
v -54.509003 46.606853 -104.36545
v -49.198536 47.689278 -109.25681
v -49.198532 43.475082 -108.265564
v -54.509003 41.487843 -101.430084
v -54.509003 42.41024 -103.378334
v -49.198532 39.26089 -107.274315
v -49.198532 37.40837 -103.3615
v -54.509 41.513546 -97.54597
v -54.509 40.56545 -99.481834
v -49.198532 35.55585 -99.448685
v -49.198532 37.459988 -95.56073
v -54.509 44.566296 -95.14435
v -54.509 42.46164 -95.61009
v -49.198532 39.364124 -91.672775
v -49.198532 43.591072 -90.73738
v -55.015114 41.904602 -114.94232
v -55.015114 49.33415 -116.689865
v -55.06767 49.60804 -117.92757
v -55.015114 41.67066 -115.93692
v -55.015114 61.381718 -99.61958
v -55.01511 61.43222 -91.98745
v -55.06767 62.57794 -91.44501
v -55.015114 62.40344 -99.62634
v -55.01511 42.109085 -84.04043
v -55.01511 34.657066 -85.689514
v -55.067665 33.873276 -84.69321
v -55.01511 41.888325 -83.04282
v -55.01511 31.2091 -106.29655
v -55.015114 34.47506 -113.19477
v -55.06767 33.678158 -114.1806
v -55.01511 30.285625 -106.733765
v -55.015114 55.33268 -111.970795
v -55.015114 61.331215 -107.25172
v -55.06767 62.469654 -107.80927
v -55.015114 55.964428 -112.77382
v -55.01511 55.496666 -87.1894
v -55.01511 49.561108 -82.39136
v -55.067665 49.851357 -81.15739
v -55.01511 56.138985 -86.3948
v -55.01511 31.300102 -92.54391
v -55.01511 27.943146 -99.39832
v -55.067665 26.675531 -99.38992
v -55.01511 30.382498 -92.09451
v -55.01511 41.888325 -83.04282
v -55.067665 33.873276 -84.69321
v -53.65629 34.24806 -85.16961
v -53.553623 42.042107 -83.73777
v -55.01511 30.285625 -106.733765
v -55.06767 33.678158 -114.1806
v -53.657307 34.058475 -113.71012
v -53.553623 30.928932 -106.42919
v -55.015114 55.964428 -112.77382
v -55.06767 62.469654 -107.80927
v -53.657307 61.92633 -107.54318
v -53.553627 55.524345 -112.21442
v -55.01511 56.138985 -86.3948
v -55.067665 49.851357 -81.15739
v -53.657303 49.712833 -81.7463
v -53.553623 55.691532 -86.948326
v -55.01511 30.382498 -92.09451
v -55.067665 26.675531 -99.38992
v -53.65629 27.281658 -99.393936
v -53.553623 31.021715 -92.40757
v -55.015114 41.67066 -115.93692
v -55.06767 49.60804 -117.92757
v -53.657307 49.477325 -117.336876
v -53.553627 41.833626 -115.244064
v -55.015114 62.40344 -99.62634
v -55.06767 62.57794 -91.44501
v -53.657307 62.031143 -91.70388
v -53.553627 61.691692 -99.62163
v -54.509 47.8535 -96.64459
v -54.509 46.471325 -95.527306
v -54.509 46.67095 -94.67861
v -54.509 48.347317 -96.033714
v -54.509003 49.22392 -99.53913
v -54.509003 49.23568 -97.76189
v -54.509003 50.02368 -97.3888
v -54.509003 50.00942 -99.54433
v -54.509003 47.815315 -102.415276
v -54.509003 49.21216 -101.31638
v -54.509003 49.995155 -101.69985
v -54.509003 48.301006 -103.03265
v -54.509003 44.688404 -103.10724
v -54.509003 46.418476 -103.51418
v -54.509003 46.606853 -104.36545
v -54.509003 44.508545 -103.87189
v -54.509003 42.19781 -101.09395
v -54.509003 42.958332 -102.7003
v -54.509003 42.41024 -103.378334
v -54.509003 41.487843 -101.430084
v -54.509 42.218998 -97.891464
v -54.509 41.437286 -99.4876
v -54.509 40.56545 -99.481834
v -54.509 41.513546 -97.54597
v -54.509 44.73602 -95.91131
v -54.509 43.000713 -96.29533
v -54.509 42.46164 -95.61009
v -54.509 44.566296 -95.14435
v -54.509 46.471325 -95.527306
v -54.509 47.8535 -96.64459
v -54.509003 49.23568 -97.76189
v -54.509003 49.22392 -99.53913
v -54.509003 49.21216 -101.31638
v -54.509003 47.815315 -102.415276
v -54.509003 46.418476 -103.51418
v -54.509003 44.688404 -103.10724
v -54.509003 42.958332 -102.7003
v -54.509003 42.19781 -101.09395
v -54.509 41.437286 -99.4876
v -54.509 42.218998 -97.891464
v -54.509 43.000713 -96.29533
v -54.509 44.73602 -95.91131
v -44.7128 47.782955 -99.80116
v -52.90993 36.971737 -83.735886
v -52.920784 32.226677 -87.07096
v -44.7128 44.98387 -101.79099
v -46.82174 44.027294 -100.27311
v -55.258823 31.98417 -86.141495
v -57.550205 34.51773 -89.05914
v -48.930676 43.108902 -98.709656
v -48.930676 43.108902 -98.709656
v -57.550205 34.51773 -89.05914
v -57.550205 38.179417 -86.4561
v -48.930676 45.283234 -97.16396
v -46.82174 46.514004 -98.50534
v -55.250267 36.197968 -83.16893
v -52.90993 36.971737 -83.735886
v -44.7128 47.782955 -99.80116
v -46.82174 44.027294 -100.27311
v -46.82174 46.514004 -98.50534
v -55.258823 31.98417 -86.141495
v -52.920784 32.226677 -87.07096
v -52.90993 36.971737 -83.735886
v -55.250267 36.197968 -83.16893
v -57.550205 34.51773 -89.05914
v -55.258823 31.98417 -86.141495
v -55.250267 36.197968 -83.16893
v -57.550205 38.179417 -86.4561
v -44.7128 44.98387 -101.79099
v -44.7128 47.782955 -99.80116
v -48.930676 45.283234 -97.16396
v -57.550205 38.179417 -86.4561
v -44.7128 44.98387 -101.79099
v -52.920784 32.226677 -87.07096
v -44.7128 44.761623 -101.64703
v -52.909847 62.803207 -94.61376
v -52.921127 60.58847 -89.25324
v -44.7128 43.432594 -98.48032
v -46.82174 45.123024 -97.87912
v -55.260002 61.549843 -89.21916
v -57.55021 58.146282 -91.0542
v -48.930676 46.849567 -97.32515
v -48.930676 46.849567 -97.32515
v -57.55021 58.146282 -91.0542
v -57.55021 59.88488 -95.196785
v -48.930676 47.881958 -99.78505
v -46.821735 46.303734 -100.69242
v -55.24967 63.524723 -93.98314
v -52.909847 62.803207 -94.61376
v -44.7128 44.761623 -101.64703
v -46.82174 45.123024 -97.87912
v -46.821735 46.303734 -100.69242
v -55.260002 61.549843 -89.21916
v -52.921127 60.58847 -89.25324
v -52.909847 62.803207 -94.61376
v -55.24967 63.524723 -93.98314
v -57.55021 58.146282 -91.0542
v -55.260002 61.549843 -89.21916
v -55.24967 63.524723 -93.98314
v -57.55021 59.88488 -95.196785
v -44.7128 43.432594 -98.48032
v -44.7128 44.761623 -101.64703
v -48.930676 47.881958 -99.78505
v -57.55021 59.88488 -95.196785
v -44.7128 43.432594 -98.48032
v -52.921127 60.58847 -89.25324
v -44.7128 46.73012 -101.44095
v -52.909645 52.37625 -82.918945
v -52.921513 46.795734 -81.33779
v -44.7128 43.42048 -100.524124
v -46.821735 43.9949 -98.8244
v -55.261597 47.364437 -80.55932
v -57.550205 46.697994 -84.37179
v -48.930676 44.628773 -97.12557
v -48.930676 44.628773 -97.12557
v -57.550205 46.697994 -84.37179
v -57.550205 51.027576 -85.571144
v -48.930676 47.199707 -97.83775
v -46.82174 46.935192 -99.63891
v -55.24864 52.32713 -81.96348
v -52.909645 52.37625 -82.918945
v -44.7128 46.73012 -101.44095
v -46.821735 43.9949 -98.8244
v -46.82174 46.935192 -99.63891
v -55.261597 47.364437 -80.55932
v -52.921513 46.795734 -81.33779
v -52.909645 52.37625 -82.918945
v -55.24864 52.32713 -81.96348
v -57.550205 46.697994 -84.37179
v -55.261597 47.364437 -80.55932
v -55.24864 52.32713 -81.96348
v -57.550205 51.027576 -85.571144
v -44.7128 43.42048 -100.524124
v -44.7128 46.73012 -101.44095
v -48.930676 47.199707 -97.83775
v -57.550205 51.027576 -85.571144
v -44.7128 43.42048 -100.524124
v -52.921513 46.795734 -81.33779
v -44.7128 47.14798 -97.92233
v -52.90972 27.836329 -96.504036
v -52.921402 27.526575 -102.295906
v -44.7128 46.984356 -101.352715
v -46.82174 45.199768 -101.16767
v -55.26109 26.64256 -101.912994
v -57.55021 30.506979 -101.72156
v -48.930676 43.402912 -100.92444
v -48.930676 43.402912 -100.92444
v -57.55021 30.506979 -101.72156
v -57.550205 30.721031 -97.23402
v -48.930676 43.53002 -98.25971
v -46.82174 45.345135 -98.12011
v -55.24899 26.914724 -96.762794
v -52.90972 27.836329 -96.504036
v -44.7128 47.14798 -97.92233
v -46.82174 45.199768 -101.16767
v -46.82174 45.345135 -98.12011
v -55.26109 26.64256 -101.912994
v -52.921402 27.526575 -102.295906
v -52.90972 27.836329 -96.504036
v -55.24899 26.914724 -96.762794
v -57.55021 30.506979 -101.72156
v -55.26109 26.64256 -101.912994
v -55.24899 26.914724 -96.762794
v -57.550205 30.721031 -97.23402
v -44.7128 46.984356 -101.352715
v -44.7128 47.14798 -97.92233
v -48.930676 43.53002 -98.25971
v -57.550205 30.721031 -97.23402
v -44.7128 46.984356 -101.352715
v -52.921402 27.526575 -102.295906
v -44.7128 45.214256 -97.269585
v -52.906776 32.589996 -111.94107
v -52.921097 37.055046 -115.6413
v -44.7128 47.873985 -99.44218
v -46.82174 46.66342 -100.76639
v -55.26721 36.214245 -116.13659
v -57.55021 38.36636 -112.904915
v -48.930676 45.3988 -102.06585
v -48.930676 45.3988 -102.06585
v -57.55021 38.36636 -112.904915
v -57.55021 34.88698 -110.06279
v -48.930676 43.33272 -100.378174
v -46.821735 44.300518 -98.836266
v -55.239956 32.2575 -112.82756
v -52.906776 32.589996 -111.94107
v -44.7128 45.214256 -97.269585
v -46.82174 46.66342 -100.76639
v -46.821735 44.300518 -98.836266
v -55.26721 36.214245 -116.13659
v -52.921097 37.055046 -115.6413
v -52.906776 32.589996 -111.94107
v -55.239956 32.2575 -112.82756
v -57.55021 38.36636 -112.904915
v -55.26721 36.214245 -116.13659
v -55.239956 32.2575 -112.82756
v -57.55021 34.88698 -110.06279
v -44.7128 47.873985 -99.44218
v -44.7128 45.214256 -97.269585
v -48.930676 43.33272 -100.378174
v -57.55021 34.88698 -110.06279
v -44.7128 47.873985 -99.44218
v -52.921097 37.055046 -115.6413
v -44.7128 43.589455 -98.34705
v -52.90777 47.019497 -117.39879
v -52.92168 52.70712 -116.26431
v -44.7128 46.9527 -97.65215
v -46.82174 47.217422 -99.42667
v -55.266495 52.560257 -117.22619
v -57.550213 51.409065 -113.51976
v -48.930676 47.42885 -101.22755
v -48.930676 47.42885 -101.22755
v -57.550213 51.409065 -113.51976
v -57.55021 47.00936 -114.4288
v -48.930676 44.816273 -101.76734
v -46.82174 44.22951 -100.04402
v -55.24254 47.498363 -118.21856
v -52.90777 47.019497 -117.39879
v -44.7128 43.589455 -98.34705
v -46.82174 47.217422 -99.42667
v -46.82174 44.22951 -100.04402
v -55.266495 52.560257 -117.22619
v -52.92168 52.70712 -116.26431
v -52.90777 47.019497 -117.39879
v -55.24254 47.498363 -118.21856
v -57.550213 51.409065 -113.51976
v -55.266495 52.560257 -117.22619
v -55.24254 47.498363 -118.21856
v -57.55021 47.00936 -114.4288
v -44.7128 46.9527 -97.65215
v -44.7128 43.589455 -98.34705
v -48.930676 44.816273 -101.76734
v -57.55021 47.00936 -114.4288
v -44.7128 46.9527 -97.65215
v -52.92168 52.70712 -116.26431
v -44.7128 43.41845 -100.33283
v -52.906364 60.5616 -109.31562
v -52.92079 63.15758 -104.1305
v -44.7128 44.93402 -97.25105
v -46.82174 46.497475 -98.131165
v -55.26734 63.83117 -104.83799
v -57.55021 60.196587 -103.471504
v -48.930676 48.049026 -99.069534
v -48.930676 48.049026 -99.069534
v -57.55021 60.196587 -103.471504
v -57.55021 58.21396 -107.503
v -48.930676 46.871727 -101.463455
v -46.821735 45.15104 -100.86901
v -55.238926 61.49935 -109.438705
v -52.906364 60.5616 -109.31562
v -44.7128 43.41845 -100.33283
v -46.82174 46.497475 -98.131165
v -46.821735 45.15104 -100.86901
v -55.26734 63.83117 -104.83799
v -52.92079 63.15758 -104.1305
v -52.906364 60.5616 -109.31562
v -55.238926 61.49935 -109.438705
v -57.55021 60.196587 -103.471504
v -55.26734 63.83117 -104.83799
v -55.238926 61.49935 -109.438705
v -57.55021 58.21396 -107.503
v -44.7128 44.93402 -97.25105
v -44.7128 43.41845 -100.33283
v -48.930676 46.871727 -101.463455
v -57.55021 58.21396 -107.503
v -44.7128 44.93402 -97.25105
v -52.92079 63.15758 -104.1305
# 392 vertices

vn -0.53335255 -0.8073232 0.25251597
vn -0.5172681 -0.8558166 -0.0034176917
vn -0.5299672 -0.8073266 -0.2595355
vn -0.319813 -0.85582584 -0.40654883
vn -0.1274789 -0.8073256 -0.57617235
vn 0.11841462 -0.85582054 -0.50353664
vn 0.37096283 -0.8073287 -0.4589195
vn 0.46752605 -0.8558237 -0.22132623
vn 0.590111 -0.80731285 0.0038759543
vn 0.46456084 -0.85581434 0.22751947
vn 0.3648566 -0.8073225 0.4637995
vn 0.111761324 -0.855817 0.5050612
vn -0.13510822 -0.8073244 0.57443285
vn -0.32518274 -0.8558218 0.40227512
vn -0.38896608 -0.7855929 0.4811956
vn -0.13248248 -0.8155276 0.56334984
vn -0.13248248 -0.8155276 0.56334984
vn -0.38896608 -0.7855929 0.4811956
vn -0.6187392 -0.78558594 -0.0040890686
vn -0.5230635 -0.81552655 0.24763092
vn -0.5230635 -0.81552655 0.24763092
vn -0.6187392 -0.78558594 -0.0040890686
vn -0.38256004 -0.7855987 -0.48629487
vn -0.5197385 -0.8155289 -0.25452802
vn -0.5197385 -0.8155289 -0.25452802
vn -0.38256004 -0.7855987 -0.48629487
vn 0.14166814 -0.7855842 -0.6023185
vn -0.12503557 -0.81552356 -0.56505525
vn -0.12503557 -0.81552356 -0.56505525
vn 0.14166814 -0.7855842 -0.6023185
vn 0.5592349 -0.78559625 -0.2647545
vn 0.36381572 -0.8155259 -0.45006195
vn 0.36381572 -0.8155259 -0.45006195
vn 0.5592349 -0.78559625 -0.2647545
vn 0.5556898 -0.7855889 0.27213788
vn 0.5787023 -0.8155299 0.003814958
vn 0.5787023 -0.8155299 0.003814958
vn 0.5556898 -0.7855889 0.27213788
vn 0.13367458 -0.78559536 0.6041284
vn 0.3578092 -0.815538 0.45483008
vn 0.3578092 -0.815538 0.45483008
vn 0.13367458 -0.78559536 0.6041284
vn 0.46376285 -0.6751054 -0.57372195
vn 0.16062413 -0.71260047 -0.6829352
vn 0.16062413 -0.71260047 -0.6829352
vn 0.46376285 -0.6751054 -0.57372195
vn 0.7377028 -0.6751083 0.004852483
vn 0.63409793 -0.7125933 -0.30021754
vn 0.63409793 -0.7125933 -0.30021754
vn 0.7377028 -0.6751083 0.004852483
vn 0.45613647 -0.6751094 0.579799
vn 0.6300702 -0.71259385 0.3085802
vn 0.6300702 -0.71259385 0.3085802
vn 0.45613647 -0.6751094 0.579799
vn -0.16889316 -0.67511606 0.71811813
vn 0.15158941 -0.7125935 0.68500453
vn 0.15158941 -0.7125935 0.68500453
vn -0.16889316 -0.67511606 0.71811813
vn -0.66677594 -0.67510784 0.31565708
vn -0.4410322 -0.71259195 0.54562205
vn -0.4410322 -0.71259195 0.54562205
vn -0.66677594 -0.67510784 0.31565708
vn -0.66253173 -0.67510575 -0.32447502
vn -0.70156896 -0.7125866 -0.004638416
vn -0.70156896 -0.7125866 -0.004638416
vn -0.66253173 -0.67510575 -0.32447502
vn -0.15936881 -0.6751046 -0.7203023
vn -0.43377474 -0.7126017 -0.5513967
vn -0.43377474 -0.7126017 -0.5513967
vn -0.15936881 -0.6751046 -0.7203023
vn 0.0049747126 -0.99976265 -0.021210184
vn -0.0045166924 -0.99978137 -0.020417076
vn -0.0045166924 -0.99978137 -0.020417076
vn 0.0049747126 -0.99976265 -0.021210184
vn -0.021790195 -0.99976265 -0.000121742
vn -0.018891273 -0.9997816 0.008942485
vn -0.018891273 -0.9997816 0.008942485
vn -0.021790195 -0.99976265 -0.000121742
vn 0.0047000586 -0.9997628 0.021271871
vn 0.012909839 -0.99978185 0.016419707
vn 0.012909839 -0.99978185 0.016419707
vn 0.0047000586 -0.9997628 0.021271871
vn 0.019684741 -0.9997629 -0.009307891
vn 0.01312346 -0.9997816 -0.016266461
vn 0.01312346 -0.9997816 -0.016266461
vn 0.019684741 -0.9997629 -0.009307891
vn -0.013458595 -0.9997629 -0.017120674
vn -0.018769205 -0.9997817 -0.009185977
vn -0.018769205 -0.9997817 -0.009185977
vn -0.013458595 -0.9997629 -0.017120674
vn -0.01370273 -0.99976265 0.016938219
vn -0.0047608344 -0.9997815 0.020356696
vn -0.0047608344 -0.9997815 0.020356696
vn -0.01370273 -0.99976265 0.016938219
vn 0.019562671 -0.9997628 0.0095831975
vn 0.020905884 -0.9997815 0.00012239613
vn 0.020905884 -0.9997815 0.00012239613
vn 0.019562671 -0.9997628 0.0095831975
vn -0.1955994 0.42479968 -0.8839039
vn -0.5471507 0.4657245 -0.6955048
vn -0.5471507 0.4657245 -0.6955048
vn -0.1955994 0.42479968 -0.8839039
vn -0.8182297 0.42480192 0.38735452
vn -0.5563695 0.46554384 0.6882747
vn -0.5563695 0.46554384 0.6882747
vn -0.8182297 0.42480192 0.38735452
vn 0.5597627 0.42471302 0.7115369
vn 0.79481727 0.4655435 0.38927478
vn 0.79481727 0.4655435 0.38927478
vn 0.5597627 0.42471302 0.7115369
vn 0.5691217 0.4247051 -0.70407826
vn 0.20261572 0.4655376 -0.861523
vn 0.20261572 0.4655376 -0.861523
vn 0.5691217 0.4247051 -0.70407826
vn -0.81300074 0.42485732 -0.3981532
vn -0.8849291 0.46568933 -0.0058289934
vn -0.8849291 0.46568933 -0.0058289934
vn -0.81300074 0.42485732 -0.3981532
vn -0.20728795 0.42470902 0.8812798
vn 0.19120394 0.4655425 0.8641246
vn 0.19120394 0.4655425 0.8641246
vn -0.20728795 0.42470902 0.8812798
vn 0.9053137 0.42470166 0.0059812777
vn 0.7999065 0.46553895 -0.37871242
vn 0.7999065 0.46553895 -0.37871242
vn 0.9053137 0.42470166 0.0059812777
vn 1.6858745E-07 -1 3.258413E-07
vn 1.6858745E-07 -1 3.258413E-07
vn 1.6858745E-07 -1 3.258413E-07
vn 1.6858745E-07 -1 3.258413E-07
vn 1.6858745E-07 -1 3.258413E-07
vn 1.6858745E-07 -1 3.258413E-07
vn 1.6858745E-07 -1 3.258413E-07
vn 1.6858745E-07 -1 3.258413E-07
vn 1.6858745E-07 -1 3.258413E-07
vn 1.6858745E-07 -1 3.258413E-07
vn 1.6858745E-07 -1 3.258413E-07
vn 1.6858745E-07 -1 3.258413E-07
vn 1.6858745E-07 -1 3.258413E-07
vn 1.6858745E-07 -1 3.258413E-07
vn 1.6858745E-07 -1 3.258413E-07
vn 1.6858745E-07 -1 3.258413E-07
vn 1.6858745E-07 -1 3.258413E-07
vn 1.6858745E-07 -1 3.258413E-07
vn 1.6858745E-07 -1 3.258413E-07
vn 1.6858745E-07 -1 3.258413E-07
vn 1.6858745E-07 -1 3.258413E-07
vn 1.6858745E-07 -1 3.258413E-07
vn 1.6858745E-07 -1 3.258413E-07
vn 1.6858745E-07 -1 3.258413E-07
vn 1.6858745E-07 -1 3.258413E-07
vn 1.6858745E-07 -1 3.258413E-07
vn 1.6858745E-07 -1 3.258413E-07
vn 1.6858745E-07 -1 3.258413E-07
vn -0.19782665 -0.503479 0.84105504
vn -0.55661434 -0.46484238 0.68855083
vn -0.78090674 -0.50348306 0.36971575
vn -0.8853734 -0.46484414 -0.005828803
vn -0.7759485 -0.50347406 -0.38002357
vn -0.5474288 -0.4648432 -0.6958753
vn -0.1866843 -0.5034706 -0.8436032
vn 0.20271122 -0.46484482 -0.86187446
vn 0.5431489 -0.50347424 -0.67193973
vn 0.8002425 -0.4648371 -0.3788648
vn 0.86399287 -0.5034718 0.005706935
vn 0.7951533 -0.46484113 0.38942778
vn 0.5342144 -0.5034806 0.67905986
vn 0.19129421 -0.4648364 0.86448467
vn -0.21186687 0.93063205 -0.29838976
vn -0.39732864 0.7251644 -0.56237584
vn -0.40123963 0.718672 -0.5679062
vn -0.21186687 0.93063205 -0.29838976
vn -0.68793106 -0.19648194 0.6986744
vn -0.7095174 -0.13749032 0.6911452
vn -0.7320491 -0.06457723 0.6781842
vn -0.7320491 -0.06457723 0.6781842
vn 0.36891663 -0.7710984 0.5189489
vn 0.3064719 -0.84864116 0.43114182
vn 0.3064719 -0.84864116 0.43114182
vn 0.37060007 -0.7686975 0.5213058
vn 0.85621524 -0.19330844 -0.47909018
vn 0.8556084 -0.14536344 -0.4967934
vn 0.85590124 -0.21006131 -0.4725542
vn 0.85590124 -0.21006131 -0.4725542
vn 0.42675048 -0.67636657 0.6003435
vn 0.42678523 -0.67631227 0.60038
vn -0.53200924 0.3842657 -0.7545237
vn -0.40123963 0.718672 -0.5679062
vn -0.39732864 0.7251644 -0.56237584
vn -0.53200924 0.3842657 -0.7545237
vn -0.2801068 -0.8740751 -0.39690408
vn -0.2801068 -0.8740751 -0.39690408
vn -0.2801068 -0.8740751 -0.39690408
vn -0.2801068 -0.8740751 -0.39690408
vn 0.4275488 -0.6748788 0.60144895
vn 0.4275488 -0.6748788 0.60144895
vn 0.85206306 -0.08890221 -0.51583433
vn 0.85206306 -0.08890221 -0.51583433
vn -0.67930406 -0.21800107 0.70072937
vn -0.67930406 -0.21800107 0.70072937
vn 0.33754474 0.9306291 -0.14139695
vn 0.63569474 0.72523975 -0.2644232
vn 0.64206475 0.7186378 -0.26704428
vn 0.33754474 0.9306291 -0.14139695
vn -0.53118414 -0.19645141 -0.8241665
vn -0.51912403 -0.13748729 -0.8435683
vn -0.50155044 -0.06460921 -0.8627125
vn -0.50155044 -0.06460921 -0.8627125
vn -0.58710355 -0.7711059 0.24638443
vn -0.48775545 -0.84864354 0.20469178
vn -0.48775545 -0.84864354 0.20469178
vn -0.5897874 -0.76869243 0.24751288
vn 0.28007957 -0.1933114 0.9403118
vn 0.29749957 -0.14539216 0.9435864
vn 0.2737614 -0.21009678 0.9385702
vn 0.2737614 -0.21009678 0.9385702
vn -0.6791733 -0.6763657 0.28504944
vn -0.67921776 -0.6763185 0.28505528
vn 0.8527793 0.38433373 -0.35363138
vn 0.64206475 0.7186378 -0.26704428
vn 0.63569474 0.72523975 -0.2644232
vn 0.8527793 0.38433373 -0.35363138
vn 0.44860545 -0.87413806 -0.18610746
vn 0.44860545 -0.87413806 -0.18610746
vn 0.44860545 -0.87413806 -0.18610746
vn 0.44860545 -0.87413806 -0.18610746
vn -0.6804325 -0.6748782 0.2855716
vn -0.6804325 -0.6748782 0.2855716
vn 0.31688058 -0.08887138 0.9442927
vn 0.31688058 -0.08887138 0.9442927
vn -0.53506815 -0.21794012 -0.81621337
vn -0.53506815 -0.21794012 -0.81621337
vn 0.09790618 0.9306299 -0.35262224
vn 0.18613821 0.7253267 -0.66276217
vn 0.18805613 0.7185941 -0.6695204
vn 0.09790618 0.9306299 -0.35262224
vn -0.97609144 -0.19642092 -0.09308278
vn -0.983859 -0.1374603 -0.11457005
vn -0.988013 -0.06466937 -0.14017212
vn -0.988013 -0.06466937 -0.14017212
vn -0.16996047 -0.7710951 0.61361706
vn -0.14120977 -0.8486337 0.5097849
vn -0.14120977 -0.8486337 0.5097849
vn -0.17075619 -0.7686941 0.6164023
vn 0.91183704 -0.19334199 0.36217695
vn 0.9252016 -0.14539509 0.35051727
vn 0.90654963 -0.21012607 0.36608046
vn 0.90654963 -0.21012607 0.36608046
vn -0.19663307 -0.67636013 0.7098398
vn -0.19663692 -0.6763123 0.7098842
vn 0.25071567 0.38445133 -0.8884474
vn 0.18805613 0.7185941 -0.6695204
vn 0.18613821 0.7253267 -0.66276217
vn 0.25071567 0.38445133 -0.8884474
vn 0.13205653 -0.8741918 -0.46727908
vn 0.13205653 -0.8741918 -0.46727908
vn 0.13205653 -0.8741918 -0.46727908
vn 0.13205653 -0.8741918 -0.46727908
vn -0.19700043 -0.6748687 0.7111563
vn -0.19700043 -0.6748687 0.7111563
vn 0.93775374 -0.08887071 0.33573794
vn 0.93775374 -0.08887071 0.33573794
vn -0.97225064 -0.21790738 -0.085117705
vn -0.97225064 -0.21790738 -0.085117705
vn -0.3655324 0.9306316 -0.017640466
vn -0.68754137 0.7252936 -0.03515837
vn -0.69450253 0.7186127 -0.035524737
vn -0.3655324 0.9306316 -0.017640466
vn 0.12464198 -0.19642314 0.9725649
vn 0.10541338 -0.13745777 0.9848824
vn 0.081333876 -0.06463923 0.9945887
vn 0.081333876 -0.06463923 0.9945887
vn 0.6359913 -0.77109987 0.030336203
vn 0.5283737 -0.8486386 0.025178187
vn 0.5283737 -0.8486386 0.025178187
vn 0.6388933 -0.76869214 0.03045841
vn 0.15195534 -0.1933401 -0.9692932
vn 0.13764061 -0.14539304 -0.979753
vn 0.15692751 -0.21009187 -0.9650053
vn 0.15692751 -0.21009187 -0.9650053
vn 0.7357285 -0.67636824 0.03506664
vn 0.7357869 -0.6763048 0.03506651
vn -0.9218962 0.38442078 -0.048250817
vn -0.69450253 0.7186127 -0.035524737
vn -0.68754137 0.7252936 -0.03515837
vn -0.9218962 0.38442078 -0.048250817
vn -0.48494083 -0.87417567 -0.02548261
vn -0.48494083 -0.87417567 -0.02548261
vn -0.48494083 -0.87417567 -0.02548261
vn -0.48494083 -0.87417567 -0.02548261
vn 0.7370987 -0.67486995 0.035158046
vn 0.7370987 -0.67486995 0.035158046
vn 0.12045918 -0.088872366 -0.98873216
vn 0.12045918 -0.088872366 -0.98873216
vn 0.13156846 -0.21790649 0.96706074
vn 0.13156846 -0.21790649 0.96706074
vn -0.23173387 0.9306281 0.28325033
vn -0.43817288 0.7257918 0.5303122
vn -0.4431404 0.7183943 0.53622425
vn -0.23173387 0.9306281 0.28325033
vn 0.8558447 -0.19614537 0.47859886
vn 0.8543056 -0.13727698 0.50131524
vn 0.8478228 -0.06482241 0.5263029
vn 0.8478228 -0.06482241 0.5263029
vn 0.40279636 -0.7711059 -0.49310347
vn 0.33464152 -0.8486436 -0.40965718
vn 0.33464152 -0.8486436 -0.40965718
vn 0.40462783 -0.7686954 -0.49536228
vn -0.6885821 -0.19349425 -0.6988667
vn -0.70558274 -0.1453652 -0.69355756
vn -0.68216443 -0.2103384 -0.7002924
vn -0.68216443 -0.2103384 -0.7002924
vn 0.46596888 -0.6763692 -0.5704365
vn 0.4660039 -0.6763147 -0.57047254
vn -0.5893541 0.38493747 0.710271
vn -0.4431404 0.7183943 0.53622425
vn -0.43817288 0.7257918 0.5303122
vn -0.5893541 0.38493747 0.710271
vn -0.31166103 -0.873854 0.3731577
vn -0.31166103 -0.873854 0.3731577
vn -0.31166103 -0.873854 0.3731577
vn -0.31166103 -0.873854 0.3731577
vn 0.4668243 -0.6748751 -0.5715058
vn 0.4668243 -0.6748751 -0.5715058
vn -0.72310865 -0.08865697 -0.68502104
vn -0.72310865 -0.08865697 -0.68502104
vn 0.8555495 -0.21757226 0.46978438
vn 0.8555495 -0.21757226 0.46978438
vn 0.07376549 0.93062985 0.35845068
vn 0.13571626 0.7257017 0.6744909
vn 0.13715346 0.7184226 0.6819516
vn 0.07376549 0.93062985 0.35845068
vn 0.9110365 -0.19624014 -0.3626325
vn 0.92772 -0.13733597 -0.34709418
vn 0.9430396 -0.06479196 -0.32631034
vn 0.9430396 -0.06479196 -0.32631034
vn -0.12882249 -0.7711035 -0.62354165
vn -0.107030004 -0.8486408 -0.51802844
vn -0.107030004 -0.8486408 -0.51802844
vn -0.12940332 -0.7686983 -0.6263847
vn -0.97660387 -0.19345927 0.093906954
vn -0.98319346 -0.14539169 0.11041737
vn -0.97367233 -0.2102748 0.08801666
vn -0.97367233 -0.2102748 0.08801666
vn -0.14902653 -0.676372 -0.7213266
vn -0.14902613 -0.6763091 -0.72138566
vn 0.18033893 0.38481852 0.90520304
vn 0.13715346 0.7184226 0.6819516
vn 0.13571626 0.7257017 0.6744909
vn 0.18033893 0.38481852 0.90520304
vn 0.093725644 -0.8740473 0.4767146
vn 0.093725644 -0.8740473 0.4767146
vn 0.093725644 -0.8740473 0.4767146
vn 0.093725644 -0.8740473 0.4767146
vn -0.14930117 -0.6748764 -0.7226693
vn -0.14930117 -0.6748764 -0.7226693
vn -0.9876158 -0.088718005 0.12939967
vn -0.9876158 -0.088718005 0.12939967
vn 0.9040039 -0.21766165 -0.3679681
vn 0.9040039 -0.21766165 -0.3679681
vn 0.32829523 0.9306229 0.16175148
vn 0.6155204 0.72581863 0.30711883
vn 0.6224456 0.7183686 0.3106577
vn 0.32829523 0.9306229 0.16175148
vn 0.2728708 -0.19611588 -0.94184935
vn 0.29536188 -0.13724387 -0.9454764
vn 0.321151 -0.064822584 -0.9448069
vn 0.321151 -0.064822584 -0.9448069
vn -0.5713532 -0.7711027 -0.28099144
vn -0.47468773 -0.8486335 -0.23343706
vn -0.47468773 -0.8486335 -0.23343706
vn -0.5739578 -0.7687057 -0.28224787
vn -0.5252362 -0.19352245 0.82865924
vn -0.5162024 -0.14536302 0.84404075
vn -0.52807355 -0.2103382 0.82273704
vn -0.52807355 -0.2103382 0.82273704
vn -0.6609621 -0.67637473 -0.3250329
vn -0.66101724 -0.6763076 -0.3250605
vn 0.8249418 0.38497308 0.41384387
vn 0.6224456 0.7183686 0.3106577
vn 0.6155204 0.72581863 0.30711883
vn 0.8249418 0.38497308 0.41384387
vn 0.43397805 -0.87375414 0.21958318
vn 0.43397805 -0.87375414 0.21958318
vn 0.43397805 -0.87375414 0.21958318
vn 0.43397805 -0.87375414 0.21958318
vn -0.66218567 -0.6748821 -0.3256446
vn -0.66218567 -0.6748821 -0.3256446
vn -0.5039359 -0.08862811 0.85918206
vn -0.5039359 -0.08862811 0.85918206
vn 0.26435843 -0.21754228 -0.93956906
vn 0.26435843 -0.21754228 -0.93956906
# 392 vertex normals

usemtl Material_007
s 8192
f 8889//8889 8890//8890 8891//8891
f 8889//8889 8891//8891 8892//8892
f 8893//8893 8894//8894 8895//8895
f 8893//8893 8895//8895 8896//8896
f 8897//8897 8898//8898 8899//8899
f 8897//8897 8899//8899 8900//8900
f 8901//8901 8902//8902 8903//8903
f 8901//8901 8903//8903 8904//8904
f 8905//8905 8906//8906 8907//8907
f 8905//8905 8907//8907 8908//8908
f 8909//8909 8910//8910 8911//8911
f 8909//8909 8911//8911 8912//8912
f 8913//8913 8914//8914 8915//8915
f 8913//8913 8915//8915 8916//8916
f 8917//8917 8918//8918 8919//8919
f 8917//8917 8919//8919 8920//8920
f 8921//8921 8922//8922 8923//8923
f 8921//8921 8923//8923 8924//8924
f 8925//8925 8926//8926 8927//8927
f 8925//8925 8927//8927 8928//8928
f 8929//8929 8930//8930 8931//8931
f 8929//8929 8931//8931 8932//8932
f 8933//8933 8934//8934 8935//8935
f 8933//8933 8935//8935 8936//8936
f 8937//8937 8938//8938 8939//8939
f 8937//8937 8939//8939 8940//8940
f 8941//8941 8942//8942 8943//8943
f 8941//8941 8943//8943 8944//8944
f 8945//8945 8946//8946 8947//8947
f 8945//8945 8947//8947 8948//8948
f 8949//8949 8950//8950 8951//8951
f 8949//8949 8951//8951 8952//8952
f 8953//8953 8954//8954 8955//8955
f 8953//8953 8955//8955 8956//8956
f 8957//8957 8958//8958 8959//8959
f 8957//8957 8959//8959 8960//8960
f 8961//8961 8962//8962 8963//8963
f 8961//8961 8963//8963 8964//8964
f 8965//8965 8966//8966 8967//8967
f 8965//8965 8967//8967 8968//8968
f 8969//8969 8970//8970 8971//8971
f 8969//8969 8971//8971 8972//8972
f 8973//8973 8974//8974 8975//8975
f 8973//8973 8975//8975 8976//8976
f 8977//8977 8978//8978 8979//8979
f 8977//8977 8979//8979 8980//8980
f 8981//8981 8982//8982 8983//8983
f 8981//8981 8983//8983 8984//8984
f 8985//8985 8986//8986 8987//8987
f 8985//8985 8987//8987 8988//8988
f 8989//8989 8990//8990 8991//8991
f 8989//8989 8991//8991 8992//8992
f 8993//8993 8994//8994 8995//8995
f 8993//8993 8995//8995 8996//8996
f 8997//8997 8998//8998 8999//8999
f 8997//8997 8999//8999 9000//9000
f 8986//8986 8973//8973 8976//8976
f 8986//8986 8976//8976 8987//8987
f 8966//8966 8953//8953 8956//8956
f 8966//8966 8956//8956 8967//8967
f 8918//8918 8941//8941 8944//8944
f 8918//8918 8944//8944 8919//8919
f 8890//8890 8913//8913 8916//8916
f 8890//8890 8916//8916 8891//8891
f 8974//8974 8989//8989 8992//8992
f 8974//8974 8992//8992 8975//8975
f 8954//8954 8969//8969 8972//8972
f 8954//8954 8972//8972 8955//8955
f 8942//8942 8937//8937 8940//8940
f 8942//8942 8940//8940 8943//8943
f 8914//8914 8909//8909 8912//8912
f 8914//8914 8912//8912 8915//8915
f 8990//8990 8977//8977 8980//8980
f 8990//8990 8980//8980 8991//8991
f 8970//8970 8957//8957 8960//8960
f 8970//8970 8960//8960 8971//8971
f 8938//8938 8933//8933 8936//8936
f 8938//8938 8936//8936 8939//8939
f 8910//8910 8905//8905 8908//8908
f 8910//8910 8908//8908 8911//8911
f 8978//8978 8993//8993 8996//8996
f 8978//8978 8996//8996 8979//8979
f 8958//8958 8945//8945 8948//8948
f 8958//8958 8948//8948 8959//8959
f 8934//8934 8929//8929 8932//8932
f 8934//8934 8932//8932 8935//8935
f 8906//8906 8901//8901 8904//8904
f 8906//8906 8904//8904 8907//8907
f 8994//8994 8981//8981 8984//8984
f 8994//8994 8984//8984 8995//8995
f 8946//8946 8961//8961 8964//8964
f 8946//8946 8964//8964 8947//8947
f 8930//8930 8925//8925 8928//8928
f 8930//8930 8928//8928 8931//8931
f 8902//8902 8897//8897 8900//8900
f 8902//8902 8900//8900 8903//8903
f 8982//8982 8997//8997 9000//9000
f 8982//8982 9000//9000 8983//8983
f 8962//8962 8949//8949 8952//8952
f 8962//8962 8952//8952 8963//8963
f 8926//8926 8921//8921 8924//8924
f 8926//8926 8924//8924 8927//8927
f 8898//8898 8893//8893 8896//8896
f 8898//8898 8896//8896 8899//8899
f 8998//8998 8985//8985 8988//8988
f 8998//8998 8988//8988 8999//8999
f 8950//8950 8965//8965 8968//8968
f 8950//8950 8968//8968 8951//8951
f 8922//8922 8917//8917 8920//8920
f 8922//8922 8920//8920 8923//8923
f 8894//8894 8889//8889 8892//8892
f 8894//8894 8892//8892 8895//8895
f 9001//9001 9002//9002 9003//9003
f 9001//9001 9003//9003 9004//9004
f 9005//9005 9006//9006 9007//9007
f 9005//9005 9007//9007 9008//9008
f 9009//9009 9010//9010 9011//9011
f 9009//9009 9011//9011 9012//9012
f 9013//9013 9014//9014 9015//9015
f 9013//9013 9015//9015 9016//9016
f 9017//9017 9018//9018 9019//9019
f 9017//9017 9019//9019 9020//9020
f 9021//9021 9022//9022 9023//9023
f 9021//9021 9023//9023 9024//9024
f 9025//9025 9026//9026 9027//9027
f 9025//9025 9027//9027 9028//9028
f 9002//9002 9025//9025 9028//9028
f 9002//9002 9028//9028 9003//9003
f 9026//9026 9021//9021 9024//9024
f 9026//9026 9024//9024 9027//9027
f 9022//9022 9017//9017 9020//9020
f 9022//9022 9020//9020 9023//9023
f 9018//9018 9013//9013 9016//9016
f 9018//9018 9016//9016 9019//9019
f 9014//9014 9009//9009 9012//9012
f 9014//9014 9012//9012 9015//9015
f 9010//9010 9005//9005 9008//9008
f 9010//9010 9008//9008 9011//9011
f 9006//9006 9001//9001 9004//9004
f 9006//9006 9004//9004 9007//9007
f 8888//8888 8887//8887 9029//9029
f 8888//8888 9029//9029 9030//9030
f 8876//8876 8875//8875 9031//9031
f 8876//8876 9031//9031 9032//9032
f 8878//8878 8877//8877 9033//9033
f 8878//8878 9033//9033 9034//9034
f 8880//8880 8879//8879 9035//9035
f 8880//8880 9035//9035 9036//9036
f 8882//8882 8881//8881 9037//9037
f 8882//8882 9037//9037 9038//9038
f 8884//8884 8883//8883 9039//9039
f 8884//8884 9039//9039 9040//9040
f 8886//8886 8885//8885 9041//9041
f 8886//8886 9041//9041 9042//9042
f 8887//8887 8886//8886 9042//9042
f 8887//8887 9042//9042 9029//9029
f 8885//8885 8884//8884 9040//9040
f 8885//8885 9040//9040 9041//9041
f 8883//8883 8882//8882 9038//9038
f 8883//8883 9038//9038 9039//9039
f 8881//8881 8880//8880 9036//9036
f 8881//8881 9036//9036 9037//9037
f 8879//8879 8878//8878 9034//9034
f 8879//8879 9034//9034 9035//9035
f 8877//8877 8876//8876 9032//9032
f 8877//8877 9032//9032 9033//9033
f 8875//8875 8888//8888 9030//9030
f 8875//8875 9030//9030 9031//9031
f 9043//9043 9044//9044 9045//9045
f 9043//9043 9045//9045 9046//9046
f 9047//9047 9048//9048 9049//9049
f 9047//9047 9049//9049 9050//9050
f 9051//9051 9052//9052 9053//9053
f 9051//9051 9053//9053 9054//9054
f 9055//9055 9056//9056 9057//9057
f 9055//9055 9057//9057 9058//9058
f 9059//9059 9051//9051 9054//9054
f 9059//9059 9054//9054 9060//9060
f 9061//9061 9062//9062 9063//9063
f 9061//9061 9063//9063 9064//9064
f 9065//9065 9066//9066 9067//9067
f 9065//9065 9067//9067 9068//9068
f 9069//9069 9059//9059 9060//9060
f 9069//9069 9060//9060 9070//9070
f 9071//9071 9072//9072 9056//9056
f 9071//9071 9056//9056 9055//9055
f 9073//9073 9074//9074 9048//9048
f 9073//9073 9048//9048 9047//9047
f 9075//9075 9076//9076 9077//9077
f 9075//9075 9077//9077 9078//9078
f 9079//9079 9080//9080 9081//9081
f 9079//9079 9081//9081 9082//9082
f 9083//9083 9084//9084 9085//9085
f 9083//9083 9085//9085 9086//9086
f 9087//9087 9088//9088 9089//9089
f 9087//9087 9089//9089 9090//9090
f 9091//9091 9083//9083 9086//9086
f 9091//9091 9086//9086 9092//9092
f 9093//9093 9094//9094 9095//9095
f 9093//9093 9095//9095 9096//9096
f 9097//9097 9098//9098 9099//9099
f 9097//9097 9099//9099 9100//9100
f 9101//9101 9091//9091 9092//9092
f 9101//9101 9092//9092 9102//9102
f 9103//9103 9104//9104 9088//9088
f 9103//9103 9088//9088 9087//9087
f 9105//9105 9106//9106 9080//9080
f 9105//9105 9080//9080 9079//9079
f 9107//9107 9108//9108 9109//9109
f 9107//9107 9109//9109 9110//9110
f 9111//9111 9112//9112 9113//9113
f 9111//9111 9113//9113 9114//9114
f 9115//9115 9116//9116 9117//9117
f 9115//9115 9117//9117 9118//9118
f 9119//9119 9120//9120 9121//9121
f 9119//9119 9121//9121 9122//9122
f 9123//9123 9115//9115 9118//9118
f 9123//9123 9118//9118 9124//9124
f 9125//9125 9126//9126 9127//9127
f 9125//9125 9127//9127 9128//9128
f 9129//9129 9130//9130 9131//9131
f 9129//9129 9131//9131 9132//9132
f 9133//9133 9123//9123 9124//9124
f 9133//9133 9124//9124 9134//9134
f 9135//9135 9136//9136 9120//9120
f 9135//9135 9120//9120 9119//9119
f 9137//9137 9138//9138 9112//9112
f 9137//9137 9112//9112 9111//9111
f 9139//9139 9140//9140 9141//9141
f 9139//9139 9141//9141 9142//9142
f 9143//9143 9144//9144 9145//9145
f 9143//9143 9145//9145 9146//9146
f 9147//9147 9148//9148 9149//9149
f 9147//9147 9149//9149 9150//9150
f 9151//9151 9152//9152 9153//9153
f 9151//9151 9153//9153 9154//9154
f 9155//9155 9147//9147 9150//9150
f 9155//9155 9150//9150 9156//9156
f 9157//9157 9158//9158 9159//9159
f 9157//9157 9159//9159 9160//9160
f 9161//9161 9162//9162 9163//9163
f 9161//9161 9163//9163 9164//9164
f 9165//9165 9155//9155 9156//9156
f 9165//9165 9156//9156 9166//9166
f 9167//9167 9168//9168 9152//9152
f 9167//9167 9152//9152 9151//9151
f 9169//9169 9170//9170 9144//9144
f 9169//9169 9144//9144 9143//9143
f 9171//9171 9172//9172 9173//9173
f 9171//9171 9173//9173 9174//9174
f 9175//9175 9176//9176 9177//9177
f 9175//9175 9177//9177 9178//9178
f 9179//9179 9180//9180 9181//9181
f 9179//9179 9181//9181 9182//9182
f 9183//9183 9184//9184 9185//9185
f 9183//9183 9185//9185 9186//9186
f 9187//9187 9179//9179 9182//9182
f 9187//9187 9182//9182 9188//9188
f 9189//9189 9190//9190 9191//9191
f 9189//9189 9191//9191 9192//9192
f 9193//9193 9194//9194 9195//9195
f 9193//9193 9195//9195 9196//9196
f 9197//9197 9187//9187 9188//9188
f 9197//9197 9188//9188 9198//9198
f 9199//9199 9200//9200 9184//9184
f 9199//9199 9184//9184 9183//9183
f 9201//9201 9202//9202 9176//9176
f 9201//9201 9176//9176 9175//9175
f 9203//9203 9204//9204 9205//9205
f 9203//9203 9205//9205 9206//9206
f 9207//9207 9208//9208 9209//9209
f 9207//9207 9209//9209 9210//9210
f 9211//9211 9212//9212 9213//9213
f 9211//9211 9213//9213 9214//9214
f 9215//9215 9216//9216 9217//9217
f 9215//9215 9217//9217 9218//9218
f 9219//9219 9211//9211 9214//9214
f 9219//9219 9214//9214 9220//9220
f 9221//9221 9222//9222 9223//9223
f 9221//9221 9223//9223 9224//9224
f 9225//9225 9226//9226 9227//9227
f 9225//9225 9227//9227 9228//9228
f 9229//9229 9219//9219 9220//9220
f 9229//9229 9220//9220 9230//9230
f 9231//9231 9232//9232 9216//9216
f 9231//9231 9216//9216 9215//9215
f 9233//9233 9234//9234 9208//9208
f 9233//9233 9208//9208 9207//9207
f 9235//9235 9236//9236 9237//9237
f 9235//9235 9237//9237 9238//9238
f 9239//9239 9240//9240 9241//9241
f 9239//9239 9241//9241 9242//9242
f 9243//9243 9244//9244 9245//9245
f 9243//9243 9245//9245 9246//9246
f 9247//9247 9248//9248 9249//9249
f 9247//9247 9249//9249 9250//9250
f 9251//9251 9243//9243 9246//9246
f 9251//9251 9246//9246 9252//9252
f 9253//9253 9254//9254 9255//9255
f 9253//9253 9255//9255 9256//9256
f 9257//9257 9258//9258 9259//9259
f 9257//9257 9259//9259 9260//9260
f 9261//9261 9251//9251 9252//9252
f 9261//9261 9252//9252 9262//9262
f 9263//9263 9264//9264 9248//9248
f 9263//9263 9248//9248 9247//9247
f 9265//9265 9266//9266 9240//9240
f 9265//9265 9240//9240 9239//9239
f 8888//8888 8886//8886 8887//8887
f 8886//8886 8888//8888 8885//8885
f 8885//8885 8888//8888 8884//8884
f 8884//8884 8888//8888 8875//8875
f 8884//8884 8875//8875 8876//8876
f 8884//8884 8876//8876 8883//8883
f 8883//8883 8876//8876 8882//8882
f 8882//8882 8876//8876 8877//8877
f 8882//8882 8877//8877 8881//8881
f 8881//8881 8877//8877 8878//8878
f 8881//8881 8878//8878 8879//8879
f 8881//8881 8879//8879 8880//8880
#320 polygons

